ma,ten,linhVuc,status,publishable,active_date,repeal_date,name_source,legacy_match,name_similarity,phi_dia_gioi,formalityId,decision_numbers,article_url,attachment_url,reason
1.000280,Công nhận trường tiểu học đạt Sở Giáo dục,GIÁO DỤC VÀ ĐÀO TẠO,repealed_by_official_city_decision,False,,2026-09-03,official_city_decision_pdf,True,,False,,3509/QĐ-UBND,https://namsach.haiphong.gov.vn/cong-khai-danh-muc-thu-tuc-hanh-chinh/cong-khai-quyet-dinh-so-3509-qd-ubnd-ngay-03-9-2026-cua-ubnd-thanh-pho-hai-phong-ve-viec-cong-bo-958459,https://cdn.haiphong.gov.vn/gov-hpg/6833/tintuc/2026/9/qd-3509-gd639240505714779683.pdf,Bị bãi bỏ theo 3509/QĐ-UBND
1.000288,Công nhận trường mầm non đạt chuẩn Quốc gia,GIÁO DỤC VÀ ĐÀO TẠO,repealed_by_official_city_decision,False,,2026-09-03,official_city_decision_pdf,True,,False,,3509/QĐ-UBND,https://namsach.haiphong.gov.vn/cong-khai-danh-muc-thu-tuc-hanh-chinh/cong-khai-quyet-dinh-so-3509-qd-ubnd-ngay-03-9-2026-cua-ubnd-thanh-pho-hai-phong-ve-viec-cong-bo-958459,https://cdn.haiphong.gov.vn/gov-hpg/6833/tintuc/2026/9/qd-3509-gd639240505714779683.pdf,Bị bãi bỏ theo 3509/QĐ-UBND
1.000302,"Cấp, cấp lại Giấy phép vận tải đường bộ",ĐƯỜNG BỘ,official_city_decision_commune_reception,True,2026-09-03,,official_city_decision_pdf,False,,False,019d2bfe-0b57-7260-91cf-fe65ccde6493,3508/QĐ-UBND,https://namsach.haiphong.gov.vn/cong-khai-danh-muc-thu-tuc-hanh-chinh/cong-khai-quyet-dinh-so-3508-qd-ubnd-ngay-03-9-2026-cua-ubnd-thanh-pho-hai-phong-ve-viec-cong-bo-958460,https://cdn.haiphong.gov.vn/gov-hpg/6833/tintuc/2026/9/qd-3508-xd639240506704881699.pdf,
1.000314,Chấp thuận vị trí nút giao đấu nối tạm vào đường bộ đang khai thác,XÂY DỰNG,official_city_decision_commune_reception,True,2026-07-06,,official_city_decision_pdf,True,,False,,2577/QĐ-UBND,https://cathai.haiphong.gov.vn/linh-vuc-xay-dung-93424/quyet-dinh-so-2577-qd-ubnd-ngay-06-7-2026-cua-uy-ban-nhan-dan-thanh-pho-hai-phong-ve-viec-cong-b-929122,https://cdn.haiphong.gov.vn/gov-hpg/5889/tintuc/2026/7/quyet-dinh-2026-cong-bo-dmtthc-moi-ban-hanh-.....signed639191891199638380.pdf,
1.000321,"Đăng ký khai thác tuyến, bổ sung hoặc thay thế phương tiện khai thác tuyến vận tải hành khách cố định giữa Việt Nam và Campuchia",ĐƯỜNG BỘ,official_city_decision_commune_reception,True,2026-09-03,,dvcqg_name_by_code_verified,False,,False,019d2bfe-0b69-7252-a9b1-c9126beb79f6,3508/QĐ-UBND,https://namsach.haiphong.gov.vn/cong-khai-danh-muc-thu-tuc-hanh-chinh/cong-khai-quyet-dinh-so-3508-qd-ubnd-ngay-03-9-2026-cua-ubnd-thanh-pho-hai-phong-ve-viec-cong-bo-958460,https://cdn.haiphong.gov.vn/gov-hpg/6833/tintuc/2026/9/qd-3508-xd639240506704881699.pdf,
1.000387,"Cấp lại Giấy chứng nhận đủ điều kiện thương nhân xuất khẩu, nhập khẩu CNG",CÔNG THƯƠNG,repealed_by_official_city_decision,False,,2026-06-06,official_city_decision_pdf,False,,False,,2127/QĐ-UBND,https://giavien.haiphong.gov.vn/so-cong-thuong-92280/quyet-dinh-so-2127-qd-ubnd-ngay-06-6-2026-ve-viec-cong-bo-danh-muc-thu-tuc-hanh-chinh-moi-ban-ha-921129,https://cdn.haiphong.gov.vn/gov-hpg/6798/tintuc/2026/6/qd-2127.2026-so-cong-thuong639179180236944152.pdf,Bị bãi bỏ theo 2127/QĐ-UBND
1.000389,Cấp giấy chứng nhận đăng ký bổ sung hoạt động giáo dục nghề nghiệp đối với trường trung cấp,GIÁO DỤC VÀ ĐÀO TẠO,official_city_decision_commune_reception,True,2026-05-09,,official_city_decision_pdf,False,,False,,1747/QĐ-UBND,https://giavien.haiphong.gov.vn/so-giao-duc-va-dao-tao-92279/quyet-dinh-so-1747-qd-ubnd-ngay-09-5-2026-cua-ubnd-thanh-pho-ve-viec-cong-khai-danh-muc-thu-tuc--900189,https://cdn.haiphong.gov.vn/gov-hpg/6798/tintuc/2026/5/qd-1747639146922033877627.pdf,
1.000414,Rút tiền ký quỹ của doanh nghiệp cho thuê lại lao động,LAO ĐỘNG - TIỀN LƯƠNG,official_city_decision_commune_reception,True,2026-06-26,,official_city_decision_pdf,False,,False,,2380/QĐ-UBND,https://giavien.haiphong.gov.vn/so-noi-vu-92287/quyet-dinh-so-2380-qd-ubnd-ngay-26-6-2026-ve-viec-cong-bo-danh-muc-thu-tuc-hanh-chinh-duoc-sua-d-933048,https://cdn.haiphong.gov.vn/gov-hpg/6798/tintuc/2026/7/2380-quyet-dinh-cong-bo-dm-tthc-sua-doi-bo-sung-va-bi-bai-bo-theo-qd-641-cua-bnv..signed639197960523919968.pdf,
1.000419,Thủ tục đăng ký khai tử lưu động,HỘ TỊCH,official_city_decision_commune_reception,True,2026-01-31,,official_attachment_snippet,True,,True,019d2bfd-380b-73c4-9566-9e8b26bbfec6,467/QĐ-UBND,https://giavien.haiphong.gov.vn/so-tu-phap-92285/quyet-dinh-so-467-qd-ubnd-ngay-31-01-2026-ve-viec-cong-bo-danh-muc-thu-tuc-hanh-chinh-duoc-sua-d-884412,https://cdn.haiphong.gov.vn/gov-hpg/6798/tintuc/2026/4/qd-467-cong-chung-chung-thuc-quan-tai-vien-ho-tich639057302800587100639116699603616818.pdf,
1.000421,"Thủ tục Cấp sửa đổi, bổ sung, cấp lại Giấy phép quá cảnh",XUẤT NHẬP KHẨU,official_city_decision_commune_reception,True,2026-09-08,,official_city_decision_pdf,False,,False,019d2bf7-d4f2-74cd-805f-b29c86ec415b,3584/QĐ-UBND,https://namsach.haiphong.gov.vn/cong-khai-danh-muc-thu-tuc-hanh-chinh/cong-khai-quyet-dinh-so-3584-qd-ubnd-ngay-08-9-2026-cua-ubnd-thanh-pho-hai-phong-ve-viec-cong-bo-961695,https://cdn.haiphong.gov.vn/gov-hpg/6833/tintuc/2026/9/qd-3548-ct639245592166822661.pdf,
1.000425,Cấp lại Giấy chứng nhận đủ điều kiện trạm nạp LPG vào phương tiện vận tải,CÔNG THƯƠNG,repealed_by_official_city_decision,False,,2026-06-06,official_city_decision_pdf,False,,False,,2127/QĐ-UBND,https://giavien.haiphong.gov.vn/so-cong-thuong-92280/quyet-dinh-so-2127-qd-ubnd-ngay-06-6-2026-ve-viec-cong-bo-danh-muc-thu-tuc-hanh-chinh-moi-ban-ha-921129,https://cdn.haiphong.gov.vn/gov-hpg/6798/tintuc/2026/6/qd-2127.2026-so-cong-thuong639179180236944152.pdf,Bị bãi bỏ theo 2127/QĐ-UBND
1.000436,Thu hồi Giấy phép hoạt động cho thuê lại lao động,NỘI VỤ,repealed_by_official_city_decision,False,,2026-06-26,official_city_decision_pdf,False,,False,,2380/QĐ-UBND,https://giavien.haiphong.gov.vn/so-noi-vu-92287/quyet-dinh-so-2380-qd-ubnd-ngay-26-6-2026-ve-viec-cong-bo-danh-muc-thu-tuc-hanh-chinh-duoc-sua-d-933048,https://cdn.haiphong.gov.vn/gov-hpg/6798/tintuc/2026/7/2380-quyet-dinh-cong-bo-dm-tthc-sua-doi-bo-sung-va-bi-bai-bo-theo-qd-641-cua-bnv..signed639197960523919968.pdf,Bị bãi bỏ theo 2380/QĐ-UBND
1.000444,Cấp lại Giấy chứng nhận đủ điều kiện trạm nạp CNG vào phương tiện vận tải,CÔNG THƯƠNG,repealed_by_official_city_decision,False,,2026-06-06,official_city_decision_pdf,False,,False,,2127/QĐ-UBND,https://giavien.haiphong.gov.vn/so-cong-thuong-92280/quyet-dinh-so-2127-qd-ubnd-ngay-06-6-2026-ve-viec-cong-bo-danh-muc-thu-tuc-hanh-chinh-moi-ban-ha-921129,https://cdn.haiphong.gov.vn/gov-hpg/6798/tintuc/2026/6/qd-2127.2026-so-cong-thuong639179180236944152.pdf,Bị bãi bỏ theo 2127/QĐ-UBND
1.000448,Cấp lại Giấy phép hoạt động cho thuê lại lao động,NỘI VỤ,repealed_by_official_city_decision,False,,2026-06-26,official_city_decision_pdf,False,,False,,2380/QĐ-UBND,https://giavien.haiphong.gov.vn/so-noi-vu-92287/quyet-dinh-so-2380-qd-ubnd-ngay-26-6-2026-ve-viec-cong-bo-danh-muc-thu-tuc-hanh-chinh-duoc-sua-d-933048,https://cdn.haiphong.gov.vn/gov-hpg/6798/tintuc/2026/7/2380-quyet-dinh-cong-bo-dm-tthc-sua-doi-bo-sung-va-bi-bai-bo-theo-qd-641-cua-bnv..signed639197960523919968.pdf,Bị bãi bỏ theo 2380/QĐ-UBND
1.000455,"Cấp lại Giấy chứng nhận đủ điều kiện sản xuất, sửa chữa chai chứa LPG",CÔNG THƯƠNG,repealed_by_official_city_decision,False,,2026-06-06,official_city_decision_pdf,False,,False,,2127/QĐ-UBND,https://giavien.haiphong.gov.vn/so-cong-thuong-92280/quyet-dinh-so-2127-qd-ubnd-ngay-06-6-2026-ve-viec-cong-bo-danh-muc-thu-tuc-hanh-chinh-moi-ban-ha-921129,https://cdn.haiphong.gov.vn/gov-hpg/6798/tintuc/2026/6/qd-2127.2026-so-cong-thuong639179180236944152.pdf,Bị bãi bỏ theo 2127/QĐ-UBND
1.000464,Gia hạn Giấy phép hoạt động cho thuê lại lao động,NỘI VỤ,repealed_by_official_city_decision,False,,2026-06-26,official_attachment_snippet,False,,False,019d2bfa-c550-7080-be08-6c5258ecff53,2380/QĐ-UBND,https://giavien.haiphong.gov.vn/so-noi-vu-92287/quyet-dinh-so-2380-qd-ubnd-ngay-26-6-2026-ve-viec-cong-bo-danh-muc-thu-tuc-hanh-chinh-duoc-sua-d-933048,https://cdn.haiphong.gov.vn/gov-hpg/6798/tintuc/2026/7/2380-quyet-dinh-cong-bo-dm-tthc-sua-doi-bo-sung-va-bi-bai-bo-theo-qd-641-cua-bnv..signed639197960523919968.pdf,Bị bãi bỏ theo 2380/QĐ-UBND
1.000475,"Cấp Giấy chứng nhận đủ điều kiện sản xuất, sửa chữa chai chứa LPG Nghị quyết số 66.18/2026/NQ -CP ngày 18 tháng 5 năm 2026 của Chính phủ về việc phân quyền, cắt giảm, đơn giản hóa thủ tục hành chính, điều kiện kinh doanh",CÔNG THƯƠNG,repealed_by_official_city_decision,False,,2026-06-06,official_city_decision_pdf,False,,False,,2127/QĐ-UBND,https://giavien.haiphong.gov.vn/so-cong-thuong-92280/quyet-dinh-so-2127-qd-ubnd-ngay-06-6-2026-ve-viec-cong-bo-danh-muc-thu-tuc-hanh-chinh-moi-ban-ha-921129,https://cdn.haiphong.gov.vn/gov-hpg/6798/tintuc/2026/6/qd-2127.2026-so-cong-thuong639179180236944152.pdf,Bị bãi bỏ theo 2127/QĐ-UBND
1.000477,"Thủ tục cấp Giấy phép quá cảnh hàng hóa cấm xuất khẩu, cấm nhập khẩu; hàng hóa tạm ngừng xuất khẩu, tạm ngừng nhập khẩu; hàng hóa cấm kinh doanh theo quy định pháp luật",XUẤT NHẬP KHẨU,official_city_decision_commune_reception,True,2026-09-08,,official_city_decision_pdf,False,,False,019d2bf7-d505-738e-ad58-669a5d741983,3584/QĐ-UBND,https://namsach.haiphong.gov.vn/cong-khai-danh-muc-thu-tuc-hanh-chinh/cong-khai-quyet-dinh-so-3584-qd-ubnd-ngay-08-9-2026-cua-ubnd-thanh-pho-hai-phong-ve-viec-cong-bo-961695,https://cdn.haiphong.gov.vn/gov-hpg/6833/tintuc/2026/9/qd-3548-ct639245592166822661.pdf,
1.000479,Cấp Giấy phép hoạt động cho thuê lại lao động,NỘI VỤ,repealed_by_official_city_decision,False,,2026-06-26,official_attachment_snippet,False,,False,019d2bfa-c558-71ff-9e1f-617634e8df47,2380/QĐ-UBND,https://giavien.haiphong.gov.vn/so-noi-vu-92287/quyet-dinh-so-2380-qd-ubnd-ngay-26-6-2026-ve-viec-cong-bo-danh-muc-thu-tuc-hanh-chinh-duoc-sua-d-933048,https://cdn.haiphong.gov.vn/gov-hpg/6798/tintuc/2026/7/2380-quyet-dinh-cong-bo-dm-tthc-sua-doi-bo-sung-va-bi-bai-bo-theo-qd-641-cua-bnv..signed639197960523919968.pdf,Bị bãi bỏ theo 2380/QĐ-UBND
1.000481,Cấp điều chỉnh Giấy chứng nhận đủ điều kiện thương nhân kinh doanh mua bán CNG,CÔNG THƯƠNG,repealed_by_official_city_decision,False,,2026-06-06,official_city_decision_pdf,False,,False,,2127/QĐ-UBND,https://giavien.haiphong.gov.vn/so-cong-thuong-92280/quyet-dinh-so-2127-qd-ubnd-ngay-06-6-2026-ve-viec-cong-bo-danh-muc-thu-tuc-hanh-chinh-moi-ban-ha-921129,https://cdn.haiphong.gov.vn/gov-hpg/6798/tintuc/2026/6/qd-2127.2026-so-cong-thuong639179180236944152.pdf,Bị bãi bỏ theo 2127/QĐ-UBND
1.000482,"Chuyển đổi trường trung học nghề tư thục, trường trung cấp tư thục",GIÁO DỤC VÀ ĐÀO TẠO,official_city_decision_commune_reception,True,2026-04-24,,official_city_decision_pdf,False,,False,,1635/QĐ-UBND,https://giavien.haiphong.gov.vn/so-giao-duc-va-dao-tao-92279/quyet-dinh-so-1635-qd-ubnd-ngay-24-4-2026-ve-viec-cong-bo-danh-muc-thu-tuc-hanh-chinh-duoc-sua-d-895607,https://cdn.haiphong.gov.vn/gov-hpg/6798/tintuc/2026/5/1635.qd-cong-bo-danh-muc-tthc-thuoc-pham-vi-chuc-nang-quan-ly-cua-so-gd-dt..signed639137600009151186.pdf,
1.000491,"Cấp điều chỉnh Giấy chứng nhận đủ điều kiện thương nhân xuất khẩu, nhập khẩu LPG",CÔNG THƯƠNG,repealed_by_official_city_decision,False,,2026-06-06,official_city_decision_pdf,False,,False,,2127/QĐ-UBND,https://giavien.haiphong.gov.vn/so-cong-thuong-92280/quyet-dinh-so-2127-qd-ubnd-ngay-06-6-2026-ve-viec-cong-bo-danh-muc-thu-tuc-hanh-chinh-moi-ban-ha-921129,https://cdn.haiphong.gov.vn/gov-hpg/6798/tintuc/2026/6/qd-2127.2026-so-cong-thuong639179180236944152.pdf,Bị bãi bỏ theo 2127/QĐ-UBND
1.000501,Thủ tục cấp Giấy chứng nhận đủ điều kiện kinh doanh hoạt động thể thao đối với môn Quần vợt,THỂ DỤC THỂ THAO,repealed_by_official_city_decision,False,,2026-01-31,official_city_decision_pdf,False,,False,,454/QĐ-UBND,https://cathai.haiphong.gov.vn/linh-vuc-the-duc-the-thao/quyet-dinh-so-454-qd-ubnd-ngay-31-01-2026-cua-ubnd-thanh-pho-hai-phong-ve-viec-cong-bo-danh-muc--856436,https://cdn.haiphong.gov.vn/gov-hpg/5889/tintuc/2026/2/qd-454-cong-bo-tthc-sua-doi-bo-sung-bai-bo-linh-vuc-tdtt639060121063071202.pdf,Bị bãi bỏ theo 454/QĐ-UBND
1.000510,"Cấp lại Giấy chứng nhận đủ điều kiện thương nhân xuất khẩu, nhập khẩu LPG",CÔNG THƯƠNG,repealed_by_official_city_decision,False,,2026-06-06,official_city_decision_pdf,False,,False,,2127/QĐ-UBND,https://giavien.haiphong.gov.vn/so-cong-thuong-92280/quyet-dinh-so-2127-qd-ubnd-ngay-06-6-2026-ve-viec-cong-bo-danh-muc-thu-tuc-hanh-chinh-moi-ban-ha-921129,https://cdn.haiphong.gov.vn/gov-hpg/6798/tintuc/2026/6/qd-2127.2026-so-cong-thuong639179180236944152.pdf,Bị bãi bỏ theo 2127/QĐ-UBND
1.000518,Thủ tục cấp Giấy chứng nhận đủ điều kiện kinh doanh hoạt động thể thao đối với môn Bóng đá,THỂ DỤC THỂ THAO,repealed_by_official_city_decision,False,,2026-01-31,official_city_decision_pdf,False,,False,,454/QĐ-UBND,https://cathai.haiphong.gov.vn/linh-vuc-the-duc-the-thao/quyet-dinh-so-454-qd-ubnd-ngay-31-01-2026-cua-ubnd-thanh-pho-hai-phong-ve-viec-cong-bo-danh-muc--856436,https://cdn.haiphong.gov.vn/gov-hpg/5889/tintuc/2026/2/qd-454-cong-bo-tthc-sua-doi-bo-sung-bai-bo-linh-vuc-tdtt639060121063071202.pdf,Bị bãi bỏ theo 454/QĐ-UBND
1.000593,Thủ tục đăng ký kết hôn lưu động,HỘ TỊCH,official_city_decision_commune_reception,True,2026-01-31,,official_attachment_snippet,True,,True,019d2bfd-382c-774c-bca0-e30c261d7be4,467/QĐ-UBND,https://giavien.haiphong.gov.vn/so-tu-phap-92285/quyet-dinh-so-467-qd-ubnd-ngay-31-01-2026-ve-viec-cong-bo-danh-muc-thu-tuc-hanh-chinh-duoc-sua-d-884412,https://cdn.haiphong.gov.vn/gov-hpg/6798/tintuc/2026/4/qd-467-cong-chung-chung-thuc-quan-tai-vien-ho-tich639057302800587100639116699603616818.pdf,
1.000594,Thủ tục cấp Giấy chứng nhận đủ điều kiện kinh doanh hoạt động thể thao đối với môn Vũ đạo thể thao giải trí,THỂ DỤC THỂ THAO,repealed_by_official_city_decision,False,,2026-01-31,official_city_decision_pdf,False,,False,,454/QĐ-UBND,https://cathai.haiphong.gov.vn/linh-vuc-the-duc-the-thao/quyet-dinh-so-454-qd-ubnd-ngay-31-01-2026-cua-ubnd-thanh-pho-hai-phong-ve-viec-cong-bo-danh-muc--856436,https://cdn.haiphong.gov.vn/gov-hpg/5889/tintuc/2026/2/qd-454-cong-bo-tthc-sua-doi-bo-sung-bai-bo-linh-vuc-tdtt639060121063071202.pdf,Bị bãi bỏ theo 454/QĐ-UBND
1.000644,Thủ tục cấp Giấy chứng nhận đủ điều kiện kinh doanh hoạt động thể thao đối với môn Thể dục thẩm mỹ,THỂ DỤC THỂ THAO,repealed_by_official_city_decision,False,,2026-01-31,official_city_decision_pdf,False,,False,,454/QĐ-UBND,https://cathai.haiphong.gov.vn/linh-vuc-the-duc-the-thao/quyet-dinh-so-454-qd-ubnd-ngay-31-01-2026-cua-ubnd-thanh-pho-hai-phong-ve-viec-cong-bo-danh-muc--856436,https://cdn.haiphong.gov.vn/gov-hpg/5889/tintuc/2026/2/qd-454-cong-bo-tthc-sua-doi-bo-sung-bai-bo-linh-vuc-tdtt639060121063071202.pdf,Bị bãi bỏ theo 454/QĐ-UBND
1.000649,"Cấp điều chỉnh Giấy chứng nhận đủ điều kiện thương nhân xuất khẩu, nhập khẩu LNG",CÔNG THƯƠNG,repealed_by_official_city_decision,False,,2026-06-06,official_city_decision_pdf,False,,False,,2127/QĐ-UBND,https://giavien.haiphong.gov.vn/so-cong-thuong-92280/quyet-dinh-so-2127-qd-ubnd-ngay-06-6-2026-ve-viec-cong-bo-danh-muc-thu-tuc-hanh-chinh-moi-ban-ha-921129,https://cdn.haiphong.gov.vn/gov-hpg/6798/tintuc/2026/6/qd-2127.2026-so-cong-thuong639179180236944152.pdf,Bị bãi bỏ theo 2127/QĐ-UBND
1.000656,"Đăng ký khai tử Ngay trong ngày, trường hợp nhận hồ sơ sau 15 giờ thì trả kết Ngay trong ngày, trường hợp nhận hồ sơ sau Trung tâm Phục vụ hành chính",HỘ TỊCH,official_city_decision_commune_reception,True,2026-01-31,,official_city_decision_pdf,True,,False,019d2bfd-3fac-7489-b53b-9c6c958f2da4,467/QĐ-UBND,https://giavien.haiphong.gov.vn/so-tu-phap-92285/quyet-dinh-so-467-qd-ubnd-ngay-31-01-2026-ve-viec-cong-bo-danh-muc-thu-tuc-hanh-chinh-duoc-sua-d-884412,https://cdn.haiphong.gov.vn/gov-hpg/6798/tintuc/2026/4/qd-467-cong-chung-chung-thuc-quan-tai-vien-ho-tich639057302800587100639116699603616818.pdf,
1.000658,Thủ tục cấp Giấy chứng nhận KP đối với kim cương thô xuất khẩu theo Quy chế Chứng nhận KP,XUẤT NHẬP KHẨU,official_city_decision_commune_reception,True,2026-09-19,,official_city_decision_pdf,False,,False,,3856/QĐ-UBND,https://namsach.haiphong.gov.vn/cong-khai-danh-muc-thu-tuc-hanh-chinh/cong-khai-quyet-dinh-so-3856-qd-ubnd-ngay-19-9-2026-cua-ubnd-thanh-pho-hai-phong-ve-viec-cong-bo-968427,https://cdn.haiphong.gov.vn/gov-hpg/6833/tintuc/2026/9/qd-3856-ct-xuat-nhap-khau639256036951182130.pdf,
1.000660,Công bố đưa bến xe khách vào khai thác,XÂY DỰNG,official_city_decision_commune_reception,True,2026-03-03,,official_city_decision_pdf,False,,False,,777/QĐ-UBND,https://cathai.haiphong.gov.vn/linh-vuc-duong-bo/quyet-dinh-so-777-qd-ubnd-ngay-3-3-2026-cua-ubnd-thanh-pho-hai-phong-v-v-cong-bo-danh-muc-thu-tu-868508,https://cdn.haiphong.gov.vn/gov-hpg/5889/tintuc/2026/3/quyet-dinh-2026-cong-bo-dmtthc-so-xay-dung-ttr82-qdbxd2503-..signed639086047367131030.pdf,
1.000672,Công bố lại bến xe khách,XÂY DỰNG,official_city_decision_commune_reception,True,2026-03-03,,official_city_decision_pdf,False,,False,,777/QĐ-UBND,https://cathai.haiphong.gov.vn/linh-vuc-duong-bo/quyet-dinh-so-777-qd-ubnd-ngay-3-3-2026-cua-ubnd-thanh-pho-hai-phong-v-v-cong-bo-danh-muc-thu-tu-868508,https://cdn.haiphong.gov.vn/gov-hpg/5889/tintuc/2026/3/quyet-dinh-2026-cong-bo-dmtthc-so-xay-dung-ttr82-qdbxd2503-..signed639086047367131030.pdf,
1.000689,"Đăng ký khai sinh kết hợp đăng ký nhận cha, mẹ, con",HỘ TỊCH,official_city_decision_commune_reception,True,2026-01-31,,official_city_decision_pdf,True,,False,019d2bfd-3faf-768a-9224-9cb889436133,467/QĐ-UBND,https://giavien.haiphong.gov.vn/so-tu-phap-92285/quyet-dinh-so-467-qd-ubnd-ngay-31-01-2026-ve-viec-cong-bo-danh-muc-thu-tuc-hanh-chinh-duoc-sua-d-884412,https://cdn.haiphong.gov.vn/gov-hpg/6798/tintuc/2026/4/qd-467-cong-chung-chung-thuc-quan-tai-vien-ho-tich639057302800587100639116699603616818.pdf,
1.000691,Công nhận trường trung học đạt chuẩn Quốc gia Sở Giáo dục và Đào tạo,GIÁO DỤC VÀ ĐÀO TẠO,repealed_by_official_city_decision,False,,2026-09-03,official_city_decision_pdf,True,,False,,3509/QĐ-UBND,https://namsach.haiphong.gov.vn/cong-khai-danh-muc-thu-tuc-hanh-chinh/cong-khai-quyet-dinh-so-3509-qd-ubnd-ngay-03-9-2026-cua-ubnd-thanh-pho-hai-phong-ve-viec-cong-bo-958459,https://cdn.haiphong.gov.vn/gov-hpg/6833/tintuc/2026/9/qd-3509-gd639240505714779683.pdf,Bị bãi bỏ theo 3509/QĐ-UBND
1.000703,"Cấp Giấy phép kinh doanh vận tải bằng xe ô tô, bằng xe bốn bánh có gắn động cơ",ĐƯỜNG BỘ,official_city_decision_commune_reception,True,2026-09-03,,official_city_decision_pdf,False,,False,,3508/QĐ-UBND,https://namsach.haiphong.gov.vn/cong-khai-danh-muc-thu-tuc-hanh-chinh/cong-khai-quyet-dinh-so-3508-qd-ubnd-ngay-03-9-2026-cua-ubnd-thanh-pho-hai-phong-ve-viec-cong-bo-958460,https://cdn.haiphong.gov.vn/gov-hpg/6833/tintuc/2026/9/qd-3508-xd639240506704881699.pdf,
1.000704,Cấp điều chỉnh Giấy chứng nhận đủ điều kiện sản xuất chai LPG mini,CÔNG THƯƠNG,repealed_by_official_city_decision,False,,2026-06-06,official_city_decision_pdf,False,,False,,2127/QĐ-UBND,https://giavien.haiphong.gov.vn/so-cong-thuong-92280/quyet-dinh-so-2127-qd-ubnd-ngay-06-6-2026-ve-viec-cong-bo-danh-muc-thu-tuc-hanh-chinh-moi-ban-ha-921129,https://cdn.haiphong.gov.vn/gov-hpg/6798/tintuc/2026/6/qd-2127.2026-so-cong-thuong639179180236944152.pdf,Bị bãi bỏ theo 2127/QĐ-UBND
1.000706,"Cấp Giấy chứng nhận đủ điều kiện thương nhân xuất khẩu, nhập khẩu CNG",CÔNG THƯƠNG,repealed_by_official_city_decision,False,,2026-06-06,official_city_decision_pdf,False,,False,,2127/QĐ-UBND,https://giavien.haiphong.gov.vn/so-cong-thuong-92280/quyet-dinh-so-2127-qd-ubnd-ngay-06-6-2026-ve-viec-cong-bo-danh-muc-thu-tuc-hanh-chinh-moi-ban-ha-921129,https://cdn.haiphong.gov.vn/gov-hpg/6798/tintuc/2026/6/qd-2127.2026-so-cong-thuong639179180236944152.pdf,Bị bãi bỏ theo 2127/QĐ-UBND
1.000709,Cấp lại Giấy chứng nhận đủ điều kiện sản xuất chai LPG mini,CÔNG THƯƠNG,repealed_by_official_city_decision,False,,2026-06-06,official_city_decision_pdf,False,,False,,2127/QĐ-UBND,https://giavien.haiphong.gov.vn/so-cong-thuong-92280/quyet-dinh-so-2127-qd-ubnd-ngay-06-6-2026-ve-viec-cong-bo-danh-muc-thu-tuc-hanh-chinh-moi-ban-ha-921129,https://cdn.haiphong.gov.vn/gov-hpg/6798/tintuc/2026/6/qd-2127.2026-so-cong-thuong639179180236944152.pdf,Bị bãi bỏ theo 2127/QĐ-UBND
1.000711,Cấp Chứng nhận trường trung học đ ạt ki ểm định chất lượng giáo dục Sở Giáo dục và Đào tạo II LĨNH VỰC GIÁO DỤC VÀ ĐÀO TẠO THUỘC HỆ THỐNG GIÁO DỤC QUỐC DÂN,GIÁO DỤC VÀ ĐÀO TẠO,repealed_by_official_city_decision,False,,2026-09-03,official_city_decision_pdf,False,,False,,3509/QĐ-UBND,https://namsach.haiphong.gov.vn/cong-khai-danh-muc-thu-tuc-hanh-chinh/cong-khai-quyet-dinh-so-3509-qd-ubnd-ngay-03-9-2026-cua-ubnd-thanh-pho-hai-phong-ve-viec-cong-bo-958459,https://cdn.haiphong.gov.vn/gov-hpg/6833/tintuc/2026/9/qd-3509-gd639240505714779683.pdf,Bị bãi bỏ theo 3509/QĐ-UBND
1.000713,Cấp Ch ứng nhận trường tiểu học đ ạt ki ểm định chất lượng giáo dục Sở Giáo dục và Đào tạo,GIÁO DỤC VÀ ĐÀO TẠO,repealed_by_official_city_decision,False,,2026-09-03,official_city_decision_pdf,False,,False,,3509/QĐ-UBND,https://namsach.haiphong.gov.vn/cong-khai-danh-muc-thu-tuc-hanh-chinh/cong-khai-quyet-dinh-so-3509-qd-ubnd-ngay-03-9-2026-cua-ubnd-thanh-pho-hai-phong-ve-viec-cong-bo-958459,https://cdn.haiphong.gov.vn/gov-hpg/6833/tintuc/2026/9/qd-3509-gd639240505714779683.pdf,Bị bãi bỏ theo 3509/QĐ-UBND
1.000715,Cấp Chứng nhận trường mầm non đ ạt ki ểm định chất lượng giáo dục,GIÁO DỤC VÀ ĐÀO TẠO,repealed_by_official_city_decision,False,,2026-09-03,official_city_decision_pdf,False,,False,,3509/QĐ-UBND,https://namsach.haiphong.gov.vn/cong-khai-danh-muc-thu-tuc-hanh-chinh/cong-khai-quyet-dinh-so-3509-qd-ubnd-ngay-03-9-2026-cua-ubnd-thanh-pho-hai-phong-ve-viec-cong-bo-958459,https://cdn.haiphong.gov.vn/gov-hpg/6833/tintuc/2026/9/qd-3509-gd639240505714779683.pdf,Bị bãi bỏ theo 3509/QĐ-UBND
1.000742,"Cấp điều chỉnh Giấy chứng nhận đủ điều kiện sản xuất, sửa chữa chai chứa LPG",CÔNG THƯƠNG,repealed_by_official_city_decision,False,,2026-06-06,official_city_decision_pdf,False,,False,,2127/QĐ-UBND,https://giavien.haiphong.gov.vn/so-cong-thuong-92280/quyet-dinh-so-2127-qd-ubnd-ngay-06-6-2026-ve-viec-cong-bo-danh-muc-thu-tuc-hanh-chinh-moi-ban-ha-921129,https://cdn.haiphong.gov.vn/gov-hpg/6798/tintuc/2026/6/qd-2127.2026-so-cong-thuong639179180236944152.pdf,Bị bãi bỏ theo 2127/QĐ-UBND
1.000814,Thủ tục cấp Giấy chứng nhận đủ điều kiện kinh doanh hoạt động thể thao đối với môn Khiêu vũ thể thao,THỂ DỤC THỂ THAO,repealed_by_official_city_decision,False,,2026-01-31,official_city_decision_pdf,False,,False,,454/QĐ-UBND,https://cathai.haiphong.gov.vn/linh-vuc-the-duc-the-thao/quyet-dinh-so-454-qd-ubnd-ngay-31-01-2026-cua-ubnd-thanh-pho-hai-phong-ve-viec-cong-bo-danh-muc--856436,https://cdn.haiphong.gov.vn/gov-hpg/5889/tintuc/2026/2/qd-454-cong-bo-tthc-sua-doi-bo-sung-bai-bo-linh-vuc-tdtt639060121063071202.pdf,Bị bãi bỏ theo 454/QĐ-UBND
1.000824,"Cấp lại giấy phép thăm dò nước dưới đất, giấy phép khai thác tài nguyên nước Nghị quyết số 66.19/2026/NQ-CP ngày 18/5/2026 của Chính phủ về cắt giảm, phân quyền, đơn giản hóa thủ tục hành chính và cắt giảm, đơn giản hóa điều kiện kinh doanh",NÔNG NGHIỆP VÀ MÔI TRƯỜNG,repealed_by_official_city_decision,False,,2026-05-25,official_city_decision_pdf,False,,False,,1897/QĐ-UBND,https://giavien.haiphong.gov.vn/so-nong-nghiep-va-moi-truong-92289/quyet-dinh-so-1897-qd-ubnd-ngay-25-5-2026-ve-viec-cong-bo-danh-muc-thu-tuc-hanh-chinh-moi-ban-ha-904676,https://cdn.haiphong.gov.vn/gov-hpg/6798/tintuc/2026/5/qd-1897-ngay-25.5.2026-ubnd-hp-cong-bo-dm-tthc-moi-sua-doi-bo-sung-bai-bo-lvuc-bdkh-cnty-qldd-va-pctt-tl-tnn-mt-dat-dai639153846685150604.pdf,Bị bãi bỏ theo 1897/QĐ-UBND
1.000847,Thủ tục cấp Giấy chứng nhận đủ điều kiện kinh doanh hoạt động thể thao đối với môn Bóng bàn,THỂ DỤC THỂ THAO,repealed_by_official_city_decision,False,,2026-01-31,official_city_decision_pdf,False,,False,,454/QĐ-UBND,https://cathai.haiphong.gov.vn/linh-vuc-the-duc-the-thao/quyet-dinh-so-454-qd-ubnd-ngay-31-01-2026-cua-ubnd-thanh-pho-hai-phong-ve-viec-cong-bo-danh-muc--856436,https://cdn.haiphong.gov.vn/gov-hpg/5889/tintuc/2026/2/qd-454-cong-bo-tthc-sua-doi-bo-sung-bai-bo-linh-vuc-tdtt639060121063071202.pdf,Bị bãi bỏ theo 454/QĐ-UBND
1.000863,Thủ tục cấp Giấy chứng nhận đủ điều kiện kinh doanh hoạt động thể thao đối với môn Billiards & Snooker,THỂ DỤC THỂ THAO,repealed_by_official_city_decision,False,,2026-01-31,official_city_decision_pdf,False,,False,,454/QĐ-UBND,https://cathai.haiphong.gov.vn/linh-vuc-the-duc-the-thao/quyet-dinh-so-454-qd-ubnd-ngay-31-01-2026-cua-ubnd-thanh-pho-hai-phong-ve-viec-cong-bo-danh-muc--856436,https://cdn.haiphong.gov.vn/gov-hpg/5889/tintuc/2026/2/qd-454-cong-bo-tthc-sua-doi-bo-sung-bai-bo-linh-vuc-tdtt639060121063071202.pdf,Bị bãi bỏ theo 454/QĐ-UBND
1.000890,Thủ tục cấp Giấy phép kinh doanh chuyển khẩu,XUẤT NHẬP KHẨU,official_city_decision_commune_reception,True,2026-09-08,,official_city_decision_pdf,False,,False,019d2bf7-dceb-705b-8213-9d269e6d2457,3584/QĐ-UBND,https://namsach.haiphong.gov.vn/cong-khai-danh-muc-thu-tuc-hanh-chinh/cong-khai-quyet-dinh-so-3584-qd-ubnd-ngay-08-9-2026-cua-ubnd-thanh-pho-hai-phong-ve-viec-cong-bo-961695,https://cdn.haiphong.gov.vn/gov-hpg/6833/tintuc/2026/9/qd-3548-ct639245592166822661.pdf,
1.000893,"Đăng ký khai sinh có yếu tố nước ngoài cho người đã có hồ sơ, giấy tờ cá nhân",HỘ TỊCH,official_city_decision_commune_reception,True,2026-01-31,,official_city_decision_pdf,False,,False,,467/QĐ-UBND,https://giavien.haiphong.gov.vn/so-tu-phap-92285/quyet-dinh-so-467-qd-ubnd-ngay-31-01-2026-ve-viec-cong-bo-danh-muc-thu-tuc-hanh-chinh-duoc-sua-d-884412,https://cdn.haiphong.gov.vn/gov-hpg/6798/tintuc/2026/4/qd-467-cong-chung-chung-thuc-quan-tai-vien-ho-tich639057302800587100639116699603616818.pdf,
1.000894,Thủ tục đăng ký kết hôn,HỘ TỊCH,official_city_decision_commune_reception,True,2026-01-31,,official_attachment_snippet,True,,True,019d2bfd-3fac-7489-b53b-a15eb239a6fe,467/QĐ-UBND,https://giavien.haiphong.gov.vn/so-tu-phap-92285/quyet-dinh-so-467-qd-ubnd-ngay-31-01-2026-ve-viec-cong-bo-danh-muc-thu-tuc-hanh-chinh-duoc-sua-d-884412,https://cdn.haiphong.gov.vn/gov-hpg/6798/tintuc/2026/4/qd-467-cong-chung-chung-thuc-quan-tai-vien-ho-tich639057302800587100639116699603616818.pdf,
1.000905,"Thủ tục cấp Giấy phép tạm xuất, tái nhập",CÔNG THƯƠNG,official_city_decision_commune_reception,True,2026-09-08,,official_city_decision_pdf,False,,False,019d2bf7-dcee-748a-83b5-28ce715b2524,2127/QĐ-UBND; 3584/QĐ-UBND,https://namsach.haiphong.gov.vn/cong-khai-danh-muc-thu-tuc-hanh-chinh/cong-khai-quyet-dinh-so-3584-qd-ubnd-ngay-08-9-2026-cua-ubnd-thanh-pho-hai-phong-ve-viec-cong-bo-961695,https://cdn.haiphong.gov.vn/gov-hpg/6833/tintuc/2026/9/qd-3548-ct639245592166822661.pdf,
1.000920,Thủ tục cấp Giấy chứng nhận đủ điều kiện kinh doanh hoạt động thể thao đối với môn Cầu lông,THỂ DỤC THỂ THAO,repealed_by_official_city_decision,False,,2026-01-31,official_city_decision_pdf,False,,False,,454/QĐ-UBND,https://cathai.haiphong.gov.vn/linh-vuc-the-duc-the-thao/quyet-dinh-so-454-qd-ubnd-ngay-31-01-2026-cua-ubnd-thanh-pho-hai-phong-ve-viec-cong-bo-danh-muc--856436,https://cdn.haiphong.gov.vn/gov-hpg/5889/tintuc/2026/2/qd-454-cong-bo-tthc-sua-doi-bo-sung-bai-bo-linh-vuc-tdtt639060121063071202.pdf,Bị bãi bỏ theo 454/QĐ-UBND
1.000922,000.00.00.H24 Thủ tục cấp Giấy phép điều chỉnh Giấy phép đủ điều kiện kinh doanh dịch vụ vũ trường II LĨNH VỰC BÁO CHÍ (Bị bãi bỏ từ ngày 20/5/2026 đến ngày 28/02/2027),VĂN HÓA,repealed_by_official_city_decision,False,,2026-05-29,official_city_decision_pdf,False,,False,,2032/QĐ-UBND,https://giavien.haiphong.gov.vn/so-van-hoa-the-thao-va-du-lich-92284/qd-2032-ve-viec-cong-bo-danh-muc-thu-tuc-hanh-chinh-moi-ban-hanh-duoc-sua-doi-bo-sung-va-bi-bai--910186,https://cdn.haiphong.gov.vn/gov-hpg/6798/tintuc/2026/6/qd-2032639161842299651591.pdf,Bị bãi bỏ theo 2032/QĐ-UBND
1.000936,Thủ tục cấp Giấy chứng nhận đủ điều kiện kinh doanh hoạt động thể thao đối với môn Golf,THỂ DỤC THỂ THAO,repealed_by_official_city_decision,False,,2026-01-31,official_city_decision_pdf,False,,False,,454/QĐ-UBND,https://cathai.haiphong.gov.vn/linh-vuc-the-duc-the-thao/quyet-dinh-so-454-qd-ubnd-ngay-31-01-2026-cua-ubnd-thanh-pho-hai-phong-ve-viec-cong-bo-danh-muc--856436,https://cdn.haiphong.gov.vn/gov-hpg/5889/tintuc/2026/2/qd-454-cong-bo-tthc-sua-doi-bo-sung-bai-bo-linh-vuc-tdtt639060121063071202.pdf,Bị bãi bỏ theo 454/QĐ-UBND
1.000953,Thủ tục cấp Giấy chứng nhận đủ điều kiện kinh doanh hoạt động thể thao đối với môn Yoga,THỂ DỤC THỂ THAO,repealed_by_official_city_decision,False,,2026-01-31,official_city_decision_pdf,False,,False,,454/QĐ-UBND,https://cathai.haiphong.gov.vn/linh-vuc-the-duc-the-thao/quyet-dinh-so-454-qd-ubnd-ngay-31-01-2026-cua-ubnd-thanh-pho-hai-phong-ve-viec-cong-bo-danh-muc--856436,https://cdn.haiphong.gov.vn/gov-hpg/5889/tintuc/2026/2/qd-454-cong-bo-tthc-sua-doi-bo-sung-bai-bo-linh-vuc-tdtt639060121063071202.pdf,Bị bãi bỏ theo 454/QĐ-UBND
1.000957,"Thủ tục cấp Giấy phép tạm nhập, tái xuất theo hình thức khác",CÔNG THƯƠNG,official_city_decision_commune_reception,True,2026-09-08,,official_city_decision_pdf,False,,False,019d2bf7-dd1d-75ab-bdf6-89e02bba754b,2127/QĐ-UBND; 3584/QĐ-UBND,https://namsach.haiphong.gov.vn/cong-khai-danh-muc-thu-tuc-hanh-chinh/cong-khai-quyet-dinh-so-3584-qd-ubnd-ngay-08-9-2026-cua-ubnd-thanh-pho-hai-phong-ve-viec-cong-bo-961695,https://cdn.haiphong.gov.vn/gov-hpg/6833/tintuc/2026/9/qd-3548-ct639245592166822661.pdf,
1.000963,000.00.00.H24 Thủ tục cấp giấy phép điều chỉnh Giấy phép đủ điều kiện kinh doanh dịch vụ karaoke - Nghị quyết số 66.18/2026/NQ- CP ngày 18 tháng 5 năm 2026 của Chính phủ,VĂN HÓA,repealed_by_official_city_decision,False,,2026-05-29,official_city_decision_pdf,False,,False,,2032/QĐ-UBND,https://giavien.haiphong.gov.vn/so-van-hoa-the-thao-va-du-lich-92284/qd-2032-ve-viec-cong-bo-danh-muc-thu-tuc-hanh-chinh-moi-ban-hanh-duoc-sua-doi-bo-sung-va-bi-bai--910186,https://cdn.haiphong.gov.vn/gov-hpg/6798/tintuc/2026/6/qd-2032639161842299651591.pdf,Bị bãi bỏ theo 2032/QĐ-UBND
1.001008,000.00.00.H24 Thủ tục cấp giấy phép đủ điều kiện kinh doanh dịch vụ vũ trường,VĂN HÓA,repealed_by_official_city_decision,False,,2026-05-29,official_city_decision_pdf,False,,False,,2032/QĐ-UBND,https://giavien.haiphong.gov.vn/so-van-hoa-the-thao-va-du-lich-92284/qd-2032-ve-viec-cong-bo-danh-muc-thu-tuc-hanh-chinh-moi-ban-hanh-duoc-sua-doi-bo-sung-va-bi-bai--910186,https://cdn.haiphong.gov.vn/gov-hpg/6798/tintuc/2026/6/qd-2032639161842299651591.pdf,Bị bãi bỏ theo 2032/QĐ-UBND
1.001022,"Đăng ký nhận cha, mẹ, con",HỘ TỊCH,official_city_decision_commune_reception,True,2026-01-31,,official_city_decision_pdf,True,,False,,467/QĐ-UBND,https://giavien.haiphong.gov.vn/so-tu-phap-92285/quyet-dinh-so-467-qd-ubnd-ngay-31-01-2026-ve-viec-cong-bo-danh-muc-thu-tuc-hanh-chinh-duoc-sua-d-884412,https://cdn.haiphong.gov.vn/gov-hpg/6798/tintuc/2026/4/qd-467-cong-chung-chung-thuc-quan-tai-vien-ho-tich639057302800587100639116699603616818.pdf,
1.001023,"Cấp, cấp lại Giấy phép liên vận giữa Việt Nam và Campuchia",ĐƯỜNG BỘ,official_city_decision_commune_reception,True,2026-09-03,,official_city_decision_pdf,False,,False,019d2bfe-0b80-7196-9c72-3f681c1b011b,3508/QĐ-UBND,https://namsach.haiphong.gov.vn/cong-khai-danh-muc-thu-tuc-hanh-chinh/cong-khai-quyet-dinh-so-3508-qd-ubnd-ngay-03-9-2026-cua-ubnd-thanh-pho-hai-phong-ve-viec-cong-bo-958460,https://cdn.haiphong.gov.vn/gov-hpg/6833/tintuc/2026/9/qd-3508-xd639240506704881699.pdf,
1.001029,000.00.00.H24 Thủ tục cấp giấy phép đủ điều kiện kinh doanh dịch vụ karaoke,VĂN HÓA,repealed_by_official_city_decision,False,,2026-05-29,official_city_decision_pdf,False,,False,,2032/QĐ-UBND,https://giavien.haiphong.gov.vn/so-van-hoa-the-thao-va-du-lich-92284/qd-2032-ve-viec-cong-bo-danh-muc-thu-tuc-hanh-chinh-moi-ban-hanh-duoc-sua-doi-bo-sung-va-bi-bai--910186,https://cdn.haiphong.gov.vn/gov-hpg/6798/tintuc/2026/6/qd-2032639161842299651591.pdf,Bị bãi bỏ theo 2032/QĐ-UBND
1.001046,Chấp thuận thiết kế nút giao đấu nối vào đường quốc lộ đang khai thác,XÂY DỰNG,official_city_decision_commune_reception,True,2026-03-03,,official_city_decision_pdf,False,,False,,777/QĐ-UBND,https://cathai.haiphong.gov.vn/linh-vuc-duong-bo/quyet-dinh-so-777-qd-ubnd-ngay-3-3-2026-cua-ubnd-thanh-pho-hai-phong-v-v-cong-bo-danh-muc-thu-tu-868508,https://cdn.haiphong.gov.vn/gov-hpg/5889/tintuc/2026/3/quyet-dinh-2026-cong-bo-dmtthc-so-xay-dung-ttr82-qdbxd2503-..signed639086047367131030.pdf,
1.001061,Cấp phép thi công nút giao đấu nối vào đường quốc lộ đang khai thác,XÂY DỰNG,official_city_decision_commune_reception,True,2026-03-03,,official_city_decision_pdf,False,,False,,777/QĐ-UBND,https://cathai.haiphong.gov.vn/linh-vuc-duong-bo/quyet-dinh-so-777-qd-ubnd-ngay-3-3-2026-cua-ubnd-thanh-pho-hai-phong-v-v-cong-bo-danh-muc-thu-tu-868508,https://cdn.haiphong.gov.vn/gov-hpg/5889/tintuc/2026/3/quyet-dinh-2026-cong-bo-dmtthc-so-xay-dung-ttr82-qdbxd2503-..signed639086047367131030.pdf,
1.001062,"Thủ tục cấp Giấy phép kinh doanh tạm nhập, tái xuất",XUẤT NHẬP KHẨU,official_city_decision_commune_reception,True,2026-09-08,,official_city_decision_pdf,False,,False,019d2bf7-e487-7096-8f09-6a37f71e94bf,3584/QĐ-UBND,https://namsach.haiphong.gov.vn/cong-khai-danh-muc-thu-tuc-hanh-chinh/cong-khai-quyet-dinh-so-3584-qd-ubnd-ngay-08-9-2026-cua-ubnd-thanh-pho-hai-phong-ve-viec-cong-bo-961695,https://cdn.haiphong.gov.vn/gov-hpg/6833/tintuc/2026/9/qd-3548-ct639245592166822661.pdf,
1.001088,Xin học lại tại trường khác đối với học sinh trung học -Việc xin học lại được thực hiện trong thời gian ngh ỉ hè trước khi khai giảng năm học mới. - Trong thời gian không quá,GIÁO DỤC VÀ ĐÀO TẠO,repealed_by_official_city_decision,False,,2026-05-19,official_city_decision_pdf,False,,False,,1847/QĐ-UBND,https://giavien.haiphong.gov.vn/so-giao-duc-va-dao-tao-92279/qd-1877-ve-viec-cong-bo-danh-muc-thu-tuc-hanh-chinh-moi-ban-hanh-bi-bai-bo-thuoc-pham-vi-chuc-na-906998,https://cdn.haiphong.gov.vn/gov-hpg/6798/tintuc/2026/5/qd-1847639156687053039888.pdf,Bị bãi bỏ theo 1847/QĐ-UBND
1.001117,Cấp lại Giấy đăng ký hoạt động của văn phòng giám định tư pháp trong trường hợp Giấy đăng ký hoạt động bị hư hỏng hoặc bị mất,GIÁM ĐỊNH TƯ PHÁP,official_city_decision_commune_reception,True,2026-09-21,,official_city_decision_pdf,False,,False,,3904/QĐ-UBND,https://namsach.haiphong.gov.vn/cong-khai-danh-muc-thu-tuc-hanh-chinh/cong-khai-quyet-dinh-so-3904-qd-ubnd-ngay-21-9-2026-cua-ubnd-thanh-pho-hai-phong-ve-viec-cong-bo-969347,https://cdn.haiphong.gov.vn/gov-hpg/6833/tintuc/2026/9/qd-3904-tp-bai-bo-giam-dinh639256935655766164.pdf,
1.001122,Bổ nhiệm và cấp thẻ giám định viên tư pháp,GIÁM ĐỊNH TƯ PHÁP,official_city_decision_commune_reception,True,2026-09-21,,official_city_decision_pdf,False,,False,,3904/QĐ-UBND,https://namsach.haiphong.gov.vn/cong-khai-danh-muc-thu-tuc-hanh-chinh/cong-khai-quyet-dinh-so-3904-qd-ubnd-ngay-21-9-2026-cua-ubnd-thanh-pho-hai-phong-ve-viec-cong-bo-969347,https://cdn.haiphong.gov.vn/gov-hpg/6833/tintuc/2026/9/qd-3904-tp-bai-bo-giam-dinh639256935655766164.pdf,
1.001131,Cấp giấy chứng nhận an toàn kỹ thuật và bảo vệ môi trường cho phương tiện nhập khẩu,XÂY DỰNG,official_city_decision_commune_reception,True,2026-06-18,,official_city_decision_pdf,False,,False,,2281/QĐ-UBND,https://cathai.haiphong.gov.vn/linh-vuc-xay-dung/quyet-dinh-so-2281-qd-ubnd-ngay-18-6-2026-cua-ubnd-thanh-pho-hai-phong-v-v-cong-bo-danh-muc-thu--920826,https://cdn.haiphong.gov.vn/gov-hpg/5889/tintuc/2026/6/quyet-dinh-2026-cong-bo-dmtthc-sua-doi-bo.....signed639178946021802879.pdf,
1.001138,Cấp Giấy phép hoạt động đối với trạm sơ cấp cứu chữ thập đỏ,KHÁM CHỮA BỆNH,official_city_decision_commune_reception,True,2026-09-11,,official_source_name_verified,False,,False,019d2bfe-afd6-7185-966d-d8a934e828a3,3643/QĐ-UBND,https://namsach.haiphong.gov.vn/cong-khai-danh-muc-thu-tuc-hanh-chinh/cong-khai-quyet-dinh-so-3643-qd-ubnd-ngay-11-9-2026-cua-ubnd-thanh-pho-hai-phong-ve-viec-cong-bo-965145,https://cdn.haiphong.gov.vn/gov-hpg/6833/tintuc/2026/9/3643_2026639250767815599938.pdf,
1.001193,"Đăng ký khai sinh Ngay trong ngày tiếp nhận hồ sơ, trường hợp nhận hồ sơ sau 15 giờ thì trả kết quả trong ngày làm việc tiếp theo Ngay trong ngày tiếp nhận hồ sơ",HỘ TỊCH,official_city_decision_commune_reception,True,2026-01-31,,official_city_decision_pdf,True,,False,019d2bfd-3fe0-70ac-b9d6-5e9e20d6eef7,467/QĐ-UBND,https://giavien.haiphong.gov.vn/so-tu-phap-92285/quyet-dinh-so-467-qd-ubnd-ngay-31-01-2026-ve-viec-cong-bo-danh-muc-thu-tuc-hanh-chinh-duoc-sua-d-884412,https://cdn.haiphong.gov.vn/gov-hpg/6798/tintuc/2026/4/qd-467-cong-chung-chung-thuc-quan-tai-vien-ho-tich639057302800587100639116699603616818.pdf,
1.001216,Chuyển đổi loại hình văn phòng giám định tư pháp,GIÁM ĐỊNH TƯ PHÁP,official_city_decision_commune_reception,True,2026-09-21,,official_city_decision_pdf,False,,False,,3904/QĐ-UBND,https://namsach.haiphong.gov.vn/cong-khai-danh-muc-thu-tuc-hanh-chinh/cong-khai-quyet-dinh-so-3904-qd-ubnd-ngay-21-9-2026-cua-ubnd-thanh-pho-hai-phong-ve-viec-cong-bo-969347,https://cdn.haiphong.gov.vn/gov-hpg/6833/tintuc/2026/9/qd-3904-tp-bai-bo-giam-dinh639256935655766164.pdf,
1.001238,Thủ tục cấp Giấy chứng nhận lưu hành tự do (CFS) đối với hàng hóa xuất khẩu,XUẤT NHẬP KHẨU,official_city_decision_commune_reception,True,2026-09-08,,official_city_decision_pdf,False,,False,019d2bf7-e48f-71ac-8243-a8783c74ac6f,3584/QĐ-UBND,https://namsach.haiphong.gov.vn/cong-khai-danh-muc-thu-tuc-hanh-chinh/cong-khai-quyet-dinh-so-3584-qd-ubnd-ngay-08-9-2026-cua-ubnd-thanh-pho-hai-phong-ve-viec-cong-bo-961695,https://cdn.haiphong.gov.vn/gov-hpg/6833/tintuc/2026/9/qd-3548-ct639245592166822661.pdf,
1.001266,Chấm dứt hoạt động hộ kinh doanh,TÀI CHÍNH,official_city_decision_commune_reception,True,2026-08-05,,official_city_decision_pdf,True,,False,019d2bfb-d748-72d1-848f-3607bc86e647,3091/QĐ-UBND,https://cathai.haiphong.gov.vn/linh-vuc-so-tai-chinh/quyet-dinh-so-3091-qd-ubnd-ngay-05-8-2026-cua-uy-ban-nhan-dan-thanh-pho-hai-phong-ve-viec-cong-b-945019,https://cdn.haiphong.gov.vn/gov-hpg/5889/tintuc/2026/8/quyet-dinh-2026-cong-bo-dmtthc-moi-ban-hanh-.....signed639216293287582914.pdf,
1.001279,Cấp lại Giấy phép sản xuất rượu thủ công nhằm mục đích kinh doanh,CÔNG THƯƠNG,repealed_by_official_city_decision,False,,2026-06-06,official_city_decision_pdf,True,,False,,2127/QĐ-UBND,https://giavien.haiphong.gov.vn/so-cong-thuong-92280/quyet-dinh-so-2127-qd-ubnd-ngay-06-6-2026-ve-viec-cong-bo-danh-muc-thu-tuc-hanh-chinh-moi-ban-ha-921129,https://cdn.haiphong.gov.vn/gov-hpg/6798/tintuc/2026/6/qd-2127.2026-so-cong-thuong639179180236944152.pdf,Bị bãi bỏ theo 2127/QĐ-UBND
1.001284,Cấp Giấy chứng nhận an toàn kỹ thuật và bảo vệ môi trường cho phương tiện thủy nội địa,XÂY DỰNG,official_city_decision_commune_reception,True,2026-06-18,,official_city_decision_pdf,False,,False,,2281/QĐ-UBND,https://cathai.haiphong.gov.vn/linh-vuc-xay-dung/quyet-dinh-so-2281-qd-ubnd-ngay-18-6-2026-cua-ubnd-thanh-pho-hai-phong-v-v-cong-bo-danh-muc-thu--920826,https://cdn.haiphong.gov.vn/gov-hpg/5889/tintuc/2026/6/quyet-dinh-2026-cong-bo-dmtthc-sua-doi-bo.....signed639178946021802879.pdf,
1.001323,"Cấp sửa đổi, bổ sung Giấy phép phân phối sản phẩm thuốc lá",LƯU THÔNG HÀNG HÓA TRONG NƯỚC,official_city_decision_commune_reception,True,2026-04-08,,official_city_decision_pdf,False,,False,,1349/QĐ-UBND,https://giavien.haiphong.gov.vn/so-cong-thuong-92280/quyet-dinh-so-1349-qd-ubnd-ngay-08-4-2026-ve-viec-cong-bo-danh-muc-thu-tuc-hanh-chinh-moi-ban-ha-883539,https://cdn.haiphong.gov.vn/gov-hpg/6798/tintuc/2026/4/qd-cong-bo-danh-muc-tthc_so-cong-thuong..signed639114098220839371.pdf,
1.001500,Thủ tục cấp giấy chứng nhận đủ điều kiện kinh doanh hoạt động thể thao đối với môn Bóng ném,THỂ DỤC THỂ THAO,repealed_by_official_city_decision,False,,2026-01-31,official_city_decision_pdf,False,,False,,454/QĐ-UBND,https://cathai.haiphong.gov.vn/linh-vuc-the-duc-the-thao/quyet-dinh-so-454-qd-ubnd-ngay-31-01-2026-cua-ubnd-thanh-pho-hai-phong-ve-viec-cong-bo-danh-muc--856436,https://cdn.haiphong.gov.vn/gov-hpg/5889/tintuc/2026/2/qd-454-cong-bo-tthc-sua-doi-bo-sung-bai-bo-linh-vuc-tdtt639060121063071202.pdf,Bị bãi bỏ theo 454/QĐ-UBND
1.001527,Thủ tục cấp Giấy chứng nhận đủ điều kiện kinh doanh hoạt động thể thao đối với môn Bóng rổ,THỂ DỤC THỂ THAO,repealed_by_official_city_decision,False,,2026-01-31,official_city_decision_pdf,False,,False,,454/QĐ-UBND,https://cathai.haiphong.gov.vn/linh-vuc-the-duc-the-thao/quyet-dinh-so-454-qd-ubnd-ngay-31-01-2026-cua-ubnd-thanh-pho-hai-phong-ve-viec-cong-bo-danh-muc--856436,https://cdn.haiphong.gov.vn/gov-hpg/5889/tintuc/2026/2/qd-454-cong-bo-tthc-sua-doi-bo-sung-bai-bo-linh-vuc-tdtt639060121063071202.pdf,Bị bãi bỏ theo 454/QĐ-UBND
1.001570,"Đăng ký t ạm ngừng kinh doanh, ti ếp t ục kinh doanh trước thời hạn đã đăng ký của hộ kinh doanh",TÀI CHÍNH,official_city_decision_commune_reception,True,2026-08-05,,official_city_decision_pdf,True,,False,019d2bfb-d768-7446-bd77-3bb11051041c,3091/QĐ-UBND,https://cathai.haiphong.gov.vn/linh-vuc-so-tai-chinh/quyet-dinh-so-3091-qd-ubnd-ngay-05-8-2026-cua-uy-ban-nhan-dan-thanh-pho-hai-phong-ve-viec-cong-b-945019,https://cdn.haiphong.gov.vn/gov-hpg/5889/tintuc/2026/8/quyet-dinh-2026-cong-bo-dmtthc-moi-ban-hanh-.....signed639216293287582914.pdf,
1.001577,Gia hạn thời gian lưu hành tại Việt Nam cho phương tiện của Campuchia,ĐƯỜNG BỘ,official_city_decision_commune_reception,True,2026-09-03,,official_city_decision_pdf,False,,False,019d2bfe-1328-7415-ac90-3266159156d9,3508/QĐ-UBND,https://namsach.haiphong.gov.vn/cong-khai-danh-muc-thu-tuc-hanh-chinh/cong-khai-quyet-dinh-so-3508-qd-ubnd-ngay-03-9-2026-cua-ubnd-thanh-pho-hai-phong-ve-viec-cong-bo-958460,https://cdn.haiphong.gov.vn/gov-hpg/6833/tintuc/2026/9/qd-3508-xd639240506704881699.pdf,
1.001612,Đăng ký thành lập hộ kinh doanh,TÀI CHÍNH,official_city_decision_commune_reception,True,2026-08-05,,official_city_decision_pdf,False,,False,019d2bfc-d9ca-768c-a8f4-cc0dff5f41ed,3091/QĐ-UBND,https://cathai.haiphong.gov.vn/linh-vuc-so-tai-chinh/quyet-dinh-so-3091-qd-ubnd-ngay-05-8-2026-cua-uy-ban-nhan-dan-thanh-pho-hai-phong-ve-viec-cong-b-945019,https://cdn.haiphong.gov.vn/gov-hpg/5889/tintuc/2026/8/quyet-dinh-2026-cong-bo-dmtthc-moi-ban-hanh-.....signed639216293287582914.pdf,
1.001622,Hỗ trợ ăn trưa đối với trẻ em mẫu giáo,GIÁO DỤC VÀ ĐÀO TẠO,official_city_decision_commune_reception,True,2026-05-09,,official_city_decision_pdf,True,,False,,1747/QĐ-UBND,https://giavien.haiphong.gov.vn/so-giao-duc-va-dao-tao-92279/quyet-dinh-so-1747-qd-ubnd-ngay-09-5-2026-cua-ubnd-thanh-pho-ve-viec-cong-khai-danh-muc-thu-tuc--900189,https://cdn.haiphong.gov.vn/gov-hpg/6798/tintuc/2026/5/qd-1747639146922033877627.pdf,
1.001662,"Đăng ký khai thác, sử dụng nước dưới đất",TÀI NGUYÊN NƯỚC,official_city_decision_commune_reception,True,2026-01-29,,official_city_decision_pdf,True,,False,,394/QĐ-UBND,https://sonnmt.haiphong.gov.vn/thu-tuc-hanh-chinh/quyet-dinh-so-394-qd-ubnd-ngay-29-01-2026-cua-uy-ban-nhan-dan-thanh-pho-hai-phong-cong-bo-danh-m-854758,https://cdn.haiphong.gov.vn/gov-hpg/5892/tintuc/2026/2/qd-394-ngay-29.01.2026-ubnd-hp-cong-bo-dm-tthc-sua-doi-bo-sung-thay-the-lvuc-tai-nguyen-nuoc639057127055571579.pdf,
1.001666,"Chấp thuận cơ sở kinh doanh đào tạo thẩm tra viên an toàn giao thông đường bộ Nghị quyết số 66.18/2026/NQ CP ngày 18 tháng 5 năm 2026 về phân quyền, cắt giảm, đơn giản hóa thủ tục hành chính, điều kiện kinh doanh",XÂY DỰNG,official_city_decision_commune_reception,True,2026-06-18,,official_city_decision_pdf,False,,False,,2281/QĐ-UBND,https://cathai.haiphong.gov.vn/linh-vuc-xay-dung/quyet-dinh-so-2281-qd-ubnd-ngay-18-6-2026-cua-ubnd-thanh-pho-hai-phong-v-v-cong-bo-danh-muc-thu--920826,https://cdn.haiphong.gov.vn/gov-hpg/5889/tintuc/2026/6/quyet-dinh-2026-cong-bo-dmtthc-sua-doi-bo.....signed639178946021802879.pdf,
1.001669,Đăng ký giám hộ có yếu tố nước ngoài,HỘ TỊCH,official_city_decision_commune_reception,True,2026-01-31,,official_city_decision_pdf,False,,False,,467/QĐ-UBND,https://giavien.haiphong.gov.vn/so-tu-phap-92285/quyet-dinh-so-467-qd-ubnd-ngay-31-01-2026-ve-viec-cong-bo-danh-muc-thu-tuc-hanh-chinh-duoc-sua-d-884412,https://cdn.haiphong.gov.vn/gov-hpg/6798/tintuc/2026/4/qd-467-cong-chung-chung-thuc-quan-tai-vien-ho-tich639057302800587100639116699603616818.pdf,
1.001692,Cấp chứng chỉ thẩm tra viên an toàn giao thông đường bộ,XÂY DỰNG,official_city_decision_commune_reception,True,2026-06-18,,official_city_decision_pdf,False,,False,,2281/QĐ-UBND,https://cathai.haiphong.gov.vn/linh-vuc-xay-dung/quyet-dinh-so-2281-qd-ubnd-ngay-18-6-2026-cua-ubnd-thanh-pho-hai-phong-v-v-cong-bo-danh-muc-thu--920826,https://cdn.haiphong.gov.vn/gov-hpg/5889/tintuc/2026/6/quyet-dinh-2026-cong-bo-dmtthc-sua-doi-bo.....signed639178946021802879.pdf,
1.001695,"Đăng ký khai sinh kết hợp đăng ký nhận cha, mẹ, con có yếu tố nước ngoài",HỘ TỊCH,official_city_decision_commune_reception,True,2026-01-31,,official_city_decision_pdf,False,,False,,467/QĐ-UBND,https://giavien.haiphong.gov.vn/so-tu-phap-92285/quyet-dinh-so-467-qd-ubnd-ngay-31-01-2026-ve-viec-cong-bo-danh-muc-thu-tuc-hanh-chinh-duoc-sua-d-884412,https://cdn.haiphong.gov.vn/gov-hpg/6798/tintuc/2026/4/qd-467-cong-chung-chung-thuc-quan-tai-vien-ho-tich639057302800587100639116699603616818.pdf,
1.001699,"Xác định, xác định lại mức độ khuyết tật và cấp Giấy xác nhận khuyết tật",BẢO TRỢ XÃ HỘI,priority51_current_official_commune_evidence,True,2025-07-16,,priority51_official_legal_verification,True,,False,019d2bfe-b7cd-76e9-b909-bcf437629cb8,2874/QĐ-UBND,https://cdn.haiphong.gov.vn/gov-hpg/6819/tintuc/2025/7/dm-tthc-chuan-hoa-syt638893087955858786.pdf,https://cdn.haiphong.gov.vn/gov-hpg/6819/tintuc/2025/7/dm-tthc-chuan-hoa-syt638893087955858786.pdf,
1.001717,Cấp lại chứng chỉ thẩm tra viên an toàn giao thông đường bộ II LĨNH VỰC ĐĂNG KIỂM,XÂY DỰNG,official_city_decision_commune_reception,True,2026-06-18,,official_city_decision_pdf,False,,False,,2281/QĐ-UBND,https://cathai.haiphong.gov.vn/linh-vuc-xay-dung/quyet-dinh-so-2281-qd-ubnd-ngay-18-6-2026-cua-ubnd-thanh-pho-hai-phong-v-v-cong-bo-danh-muc-thu--920826,https://cdn.haiphong.gov.vn/gov-hpg/5889/tintuc/2026/6/quyet-dinh-2026-cong-bo-dmtthc-sua-doi-bo.....signed639178946021802879.pdf,
1.001725,Cấp đổi chứng chỉ thẩm tra viên an toàn giao thông đường bộ,XÂY DỰNG,official_city_decision_commune_reception,True,2026-06-18,,official_city_decision_pdf,False,,False,,2281/QĐ-UBND,https://cathai.haiphong.gov.vn/linh-vuc-xay-dung/quyet-dinh-so-2281-qd-ubnd-ngay-18-6-2026-cua-ubnd-thanh-pho-hai-phong-v-v-cong-bo-danh-muc-thu--920826,https://cdn.haiphong.gov.vn/gov-hpg/5889/tintuc/2026/6/quyet-dinh-2026-cong-bo-dmtthc-sua-doi-bo.....signed639178946021802879.pdf,
1.001731,Hỗ trợ chi phí mai táng cho đối tượng bảo trợ xã hội,BẢO TRỢ XÃ HỘI,priority51_current_official_commune_evidence,True,2025-07-16,,priority51_official_legal_verification,True,,False,019d2bfe-b7dd-7239-b166-b6cd79d326b8,2874/QĐ-UBND,https://cdn.haiphong.gov.vn/gov-hpg/6819/tintuc/2025/7/dm-tthc-chuan-hoa-syt638893087955858786.pdf,https://cdn.haiphong.gov.vn/gov-hpg/6819/tintuc/2025/7/dm-tthc-chuan-hoa-syt638893087955858786.pdf,
1.001737,Gia hạn thời gian lưu hành tại Việt Nam cho phương tiện của Trung Quốc,ĐƯỜNG BỘ,official_city_decision_commune_reception,True,2026-09-03,,official_city_decision_pdf,False,,False,019d2bfe-133b-730e-a86f-3d8a645340fb,3508/QĐ-UBND,https://namsach.haiphong.gov.vn/cong-khai-danh-muc-thu-tuc-hanh-chinh/cong-khai-quyet-dinh-so-3508-qd-ubnd-ngay-03-9-2026-cua-ubnd-thanh-pho-hai-phong-ve-viec-cong-bo-958460,https://cdn.haiphong.gov.vn/gov-hpg/6833/tintuc/2026/9/qd-3508-xd639240506704881699.pdf,
1.001766,Đăng ký khai tử có yếu tố nước ngoài,HỘ TỊCH,official_city_decision_commune_reception,True,2026-01-31,,official_city_decision_pdf,True,,False,,467/QĐ-UBND,https://giavien.haiphong.gov.vn/so-tu-phap-92285/quyet-dinh-so-467-qd-ubnd-ngay-31-01-2026-ve-viec-cong-bo-danh-muc-thu-tuc-hanh-chinh-duoc-sua-d-884412,https://cdn.haiphong.gov.vn/gov-hpg/6798/tintuc/2026/4/qd-467-cong-chung-chung-thuc-quan-tai-vien-ho-tich639057302800587100639116699603616818.pdf,
1.001776,"Thực hiện, điều chỉnh, thôi hưởng trợ cấp xã hội hàng tháng, hỗ trợ kinh phí chăm sóc, nuôi dưỡng hàng tháng",BẢO TRỢ XÃ HỘI,priority51_current_official_commune_evidence,True,2025-07-16,,priority51_official_legal_verification,True,,False,019d2bfe-b7e6-740b-9573-24f800e8664d,2874/QĐ-UBND,https://cdn.haiphong.gov.vn/gov-hpg/6819/tintuc/2025/7/dm-tthc-chuan-hoa-syt638893087955858786.pdf,https://cdn.haiphong.gov.vn/gov-hpg/6819/tintuc/2025/7/dm-tthc-chuan-hoa-syt638893087955858786.pdf,
1.002046,Gia hạn thời gian lưu hành tại Việt Nam cho phương tiện của các nước thực hiện Hiệp định GMS,ĐƯỜNG BỘ,official_city_decision_commune_reception,True,2026-09-03,,official_city_decision_pdf,False,,False,019d2bfe-1340-73e0-a1b4-a5fa7268d14f,3508/QĐ-UBND,https://namsach.haiphong.gov.vn/cong-khai-danh-muc-thu-tuc-hanh-chinh/cong-khai-quyet-dinh-so-3508-qd-ubnd-ngay-03-9-2026-cua-ubnd-thanh-pho-hai-phong-ve-viec-cong-bo-958460,https://cdn.haiphong.gov.vn/gov-hpg/6833/tintuc/2026/9/qd-3508-xd639240506704881699.pdf,
1.002063,Gia hạn thời gian lưu hành tại Việt Nam cho phương tiện của Lào,ĐƯỜNG BỘ,official_city_decision_commune_reception,True,2026-09-03,,official_city_decision_pdf,False,,False,019d2bfe-134f-7491-9d27-d7049d4567a6,3508/QĐ-UBND,https://namsach.haiphong.gov.vn/cong-khai-danh-muc-thu-tuc-hanh-chinh/cong-khai-quyet-dinh-so-3508-qd-ubnd-ngay-03-9-2026-cua-ubnd-thanh-pho-hai-phong-ve-viec-cong-bo-958460,https://cdn.haiphong.gov.vn/gov-hpg/6833/tintuc/2026/9/qd-3508-xd639240506704881699.pdf,
1.002268,"Đăng ký khai thác tuyến, bổ sung hoặc thay thế phương tiện khai thác tuyến vận tải hành khách cố định giữa Việt Nam, Lào và Campuchia",ĐƯỜNG BỘ,official_city_decision_commune_reception,True,2026-09-03,,official_city_decision_pdf,False,,False,019d2bfe-1353-7548-9f2a-a6688c5ed391,3508/QĐ-UBND,https://namsach.haiphong.gov.vn/cong-khai-danh-muc-thu-tuc-hanh-chinh/cong-khai-quyet-dinh-so-3508-qd-ubnd-ngay-03-9-2026-cua-ubnd-thanh-pho-hai-phong-ve-viec-cong-bo-958460,https://cdn.haiphong.gov.vn/gov-hpg/6833/tintuc/2026/9/qd-3508-xd639240506704881699.pdf,
1.002286,"Gia hạn thời gian lưu hành tại Việt Nam cho phương tiện của Lào, Campuchia",ĐƯỜNG BỘ,official_city_decision_commune_reception,True,2026-09-03,,official_city_decision_pdf,False,,False,019d2bfe-1355-74ad-bf6f-121ef25a68a0,3508/QĐ-UBND,https://namsach.haiphong.gov.vn/cong-khai-danh-muc-thu-tuc-hanh-chinh/cong-khai-quyet-dinh-so-3508-qd-ubnd-ngay-03-9-2026-cua-ubnd-thanh-pho-hai-phong-ve-viec-cong-bo-958460,https://cdn.haiphong.gov.vn/gov-hpg/6833/tintuc/2026/9/qd-3508-xd639240506704881699.pdf,
1.002334,"Đăng ký khai thác tuyến, bổ sung hoặc thay thế phương tiện khai thác tuyến vận tải hành khách định kỳ giữa Việt Nam và Trung Quốc",ĐƯỜNG BỘ,official_city_decision_commune_reception,True,2026-09-03,,official_city_decision_pdf,False,,False,019d2bfe-136c-704a-9334-e6e3bed1defc,3508/QĐ-UBND,https://namsach.haiphong.gov.vn/cong-khai-danh-muc-thu-tuc-hanh-chinh/cong-khai-quyet-dinh-so-3508-qd-ubnd-ngay-03-9-2026-cua-ubnd-thanh-pho-hai-phong-ve-viec-cong-bo-958460,https://cdn.haiphong.gov.vn/gov-hpg/6833/tintuc/2026/9/qd-3508-xd639240506704881699.pdf,
1.002407,"Xét, cấp học bổng chính sách",GIÁO DỤC VÀ ĐÀO TẠO,official_city_decision_commune_reception,True,2026-04-24,,official_city_decision_pdf,True,,False,,1635/QĐ-UBND,https://giavien.haiphong.gov.vn/so-giao-duc-va-dao-tao-92279/quyet-dinh-so-1635-qd-ubnd-ngay-24-4-2026-ve-viec-cong-bo-danh-muc-thu-tuc-hanh-chinh-duoc-sua-d-895607,https://cdn.haiphong.gov.vn/gov-hpg/6798/tintuc/2026/5/1635.qd-cong-bo-danh-muc-tthc-thuoc-pham-vi-chuc-nang-quan-ly-cua-so-gd-dt..signed639137600009151186.pdf,
1.002571,"Đăng ký, cấp giấy chứng nhận kiểm dịch động vật trên cạn tham gia hội chợ, triển lãm, thi đấu thể thao, biểu diễn nghệ thuật; sản phẩm động vật trên cạn tham gia hội chợ, triển lãm",NÔNG NGHIỆP VÀ MÔI TRƯỜNG,official_city_decision_commune_reception,True,2026-05-25,,official_city_decision_pdf,False,,False,,1897/QĐ-UBND,https://giavien.haiphong.gov.vn/so-nong-nghiep-va-moi-truong-92289/quyet-dinh-so-1897-qd-ubnd-ngay-25-5-2026-ve-viec-cong-bo-danh-muc-thu-tuc-hanh-chinh-moi-ban-ha-904676,https://cdn.haiphong.gov.vn/gov-hpg/6798/tintuc/2026/5/qd-1897-ngay-25.5.2026-ubnd-hp-cong-bo-dm-tthc-moi-sua-doi-bo-sung-bai-bo-lvuc-bdkh-cnty-qldd-va-pctt-tl-tnn-mt-dat-dai639153846685150604.pdf,
1.002626,"Đăng ký hành nghề quản lý, thanh lý tài sản với tư cách cá nhân",QUẢN TÀI VIÊN,official_city_decision_commune_reception,True,2026-01-31,,official_city_decision_pdf,False,,False,,467/QĐ-UBND,https://giavien.haiphong.gov.vn/so-tu-phap-92285/quyet-dinh-so-467-qd-ubnd-ngay-31-01-2026-ve-viec-cong-bo-danh-muc-thu-tuc-hanh-chinh-duoc-sua-d-884412,https://cdn.haiphong.gov.vn/gov-hpg/6798/tintuc/2026/4/qd-467-cong-chung-chung-thuc-quan-tai-vien-ho-tich639057302800587100639116699603616818.pdf,
1.002808,"Thủ tục sửa đổi, bổ sung/ cấp lại Giấy phép gia công quân phục và Giấy phép nhập khẩu quân phục để làm mẫu",XUẤT NHẬP KHẨU,official_city_decision_commune_reception,True,2026-09-08,,official_city_decision_pdf,False,,False,019d2bf7-e4fa-7548-a212-814f15e2bb46,3584/QĐ-UBND,https://namsach.haiphong.gov.vn/cong-khai-danh-muc-thu-tuc-hanh-chinh/cong-khai-quyet-dinh-so-3584-qd-ubnd-ngay-08-9-2026-cua-ubnd-thanh-pho-hai-phong-ve-viec-cong-bo-961695,https://cdn.haiphong.gov.vn/gov-hpg/6833/tintuc/2026/9/qd-3548-ct639245592166822661.pdf,
1.002817,"Cấp, cấp lại Giấy phép liên vận GMS hoặc sổ TAD",ĐƯỜNG BỘ,official_city_decision_commune_reception,True,2026-09-03,,official_city_decision_pdf,False,,False,019d2bfe-2aa9-77fa-9090-baf67d4d4d33,3508/QĐ-UBND,https://namsach.haiphong.gov.vn/cong-khai-danh-muc-thu-tuc-hanh-chinh/cong-khai-quyet-dinh-so-3508-qd-ubnd-ngay-03-9-2026-cua-ubnd-thanh-pho-hai-phong-ve-viec-cong-bo-958460,https://cdn.haiphong.gov.vn/gov-hpg/6833/tintuc/2026/9/qd-3508-xd639240506704881699.pdf,
1.002829,"Cấp, cấp lại Giấy phép vận tải đường bộ quốc tế GMS",ĐƯỜNG BỘ,official_city_decision_commune_reception,True,2026-09-03,,official_city_decision_pdf,False,,False,019d2bfe-2a9d-724e-8d96-b122b6fc0dc1,3508/QĐ-UBND,https://namsach.haiphong.gov.vn/cong-khai-danh-muc-thu-tuc-hanh-chinh/cong-khai-quyet-dinh-so-3508-qd-ubnd-ngay-03-9-2026-cua-ubnd-thanh-pho-hai-phong-ve-viec-cong-bo-958460,https://cdn.haiphong.gov.vn/gov-hpg/6833/tintuc/2026/9/qd-3508-xd639240506704881699.pdf,
1.002847,"Đăng ký khai thác tuyến, bổ sung, thay thế phương tiện khai thác tuyến vận tải hành khách cố định giữa Việt Nam và Lào",ĐƯỜNG BỘ,official_city_decision_commune_reception,True,2026-09-03,,official_city_decision_pdf,False,,False,019d2bfe-2aa4-729b-a914-63a3df6aa3b6,3508/QĐ-UBND,https://namsach.haiphong.gov.vn/cong-khai-danh-muc-thu-tuc-hanh-chinh/cong-khai-quyet-dinh-so-3508-qd-ubnd-ngay-03-9-2026-cua-ubnd-thanh-pho-hai-phong-ve-viec-cong-bo-958460,https://cdn.haiphong.gov.vn/gov-hpg/6833/tintuc/2026/9/qd-3508-xd639240506704881699.pdf,
1.002856,"Cấp, cấp lại Giấy phép liên vận giữa Việt Nam và Lào",ĐƯỜNG BỘ,official_city_decision_commune_reception,True,2026-09-03,,official_city_decision_pdf,False,,False,019d2bfe-2aa0-754f-9f94-b2b89ed0f198,3508/QĐ-UBND,https://namsach.haiphong.gov.vn/cong-khai-danh-muc-thu-tuc-hanh-chinh/cong-khai-quyet-dinh-so-3508-qd-ubnd-ngay-03-9-2026-cua-ubnd-thanh-pho-hai-phong-ve-viec-cong-bo-958460,https://cdn.haiphong.gov.vn/gov-hpg/6833/tintuc/2026/9/qd-3508-xd639240506704881699.pdf,
1.002861,"Cấp, cấp lại Giấy phép vận tải đường bộ quốc tế giữa Việt Nam và Lào",ĐƯỜNG BỘ,official_city_decision_commune_reception,True,2026-09-03,,official_city_decision_pdf,False,,False,019d2bfe-2aa3-76c6-a679-3eabcf288d24,3508/QĐ-UBND,https://namsach.haiphong.gov.vn/cong-khai-danh-muc-thu-tuc-hanh-chinh/cong-khai-quyet-dinh-so-3508-qd-ubnd-ngay-03-9-2026-cua-ubnd-thanh-pho-hai-phong-ve-viec-cong-bo-958460,https://cdn.haiphong.gov.vn/gov-hpg/6833/tintuc/2026/9/qd-3508-xd639240506704881699.pdf,
1.002877,"Cấp, cấp lại Giấy phép liên vận giữa Việt Nam, Lào và Campuchia",ĐƯỜNG BỘ,official_city_decision_commune_reception,True,2026-09-03,,official_city_decision_pdf,False,,False,019d2bfe-2abc-701d-ba41-05871a46a2dc,3508/QĐ-UBND,https://namsach.haiphong.gov.vn/cong-khai-danh-muc-thu-tuc-hanh-chinh/cong-khai-quyet-dinh-so-3508-qd-ubnd-ngay-03-9-2026-cua-ubnd-thanh-pho-hai-phong-ve-viec-cong-bo-958460,https://cdn.haiphong.gov.vn/gov-hpg/6833/tintuc/2026/9/qd-3508-xd639240506704881699.pdf,
1.003005,Giải quyết việc người nước ngoài cư trú ở khu vực biên giới nước láng giềng nhận trẻ em Việt Nam làm con nuôi,NUÔI CON NUÔI,official_city_decision_commune_reception,True,2026-02-09,,official_city_decision_pdf,True,,False,,556/QĐ-UBND,https://giavien.haiphong.gov.vn/so-tu-phap-92285/quyet-dinh-so-556-qd-ubnd-ngay-09-2-2026-ve-viec-cong-bo-danh-muc-thu-tuc-hanh-chinh-duoc-sua-do-884409,https://cdn.haiphong.gov.vn/gov-hpg/6798/tintuc/2026/4/qd-556-nuoi-con-nuoi639065875510491063639116698920797829.pdf,
1.003101,Cấp lại Giấy phép phân phối rượu,CÔNG THƯƠNG,repealed_by_official_city_decision,False,,2026-06-06,official_city_decision_pdf,False,,False,,2127/QĐ-UBND,https://giavien.haiphong.gov.vn/so-cong-thuong-92280/quyet-dinh-so-2127-qd-ubnd-ngay-06-6-2026-ve-viec-cong-bo-danh-muc-thu-tuc-hanh-chinh-moi-ban-ha-921129,https://cdn.haiphong.gov.vn/gov-hpg/6798/tintuc/2026/6/qd-2127.2026-so-cong-thuong639179180236944152.pdf,Bị bãi bỏ theo 2127/QĐ-UBND
1.003114,000.00.00.H24 Thủ tục cấp giấy xác nhận đăng ký hoạt động phát hành xuất bản phẩm Nghị quyết số 66.18/2026/NQ- CP ngày 18 tháng 5 năm 2026 của Chính phủ,VĂN HÓA,repealed_by_official_city_decision,False,,2026-05-29,official_city_decision_pdf,False,,False,,2032/QĐ-UBND,https://giavien.haiphong.gov.vn/so-van-hoa-the-thao-va-du-lich-92284/qd-2032-ve-viec-cong-bo-danh-muc-thu-tuc-hanh-chinh-moi-ban-hanh-duoc-sua-doi-bo-sung-va-bi-bai--910186,https://cdn.haiphong.gov.vn/gov-hpg/6798/tintuc/2026/6/qd-2032639161842299651591.pdf,Bị bãi bỏ theo 2032/QĐ-UBND
1.003160,Giải quyết việc người nước ngoài thường trú ở Việt Nam nhận trẻ em Việt Nam làm con nuôi,NUÔI CON NUÔI,official_city_decision_commune_reception,True,2026-02-09,,official_city_decision_pdf,False,,False,,556/QĐ-UBND,https://giavien.haiphong.gov.vn/so-tu-phap-92285/quyet-dinh-so-556-qd-ubnd-ngay-09-2-2026-ve-viec-cong-bo-danh-muc-thu-tuc-hanh-chinh-duoc-sua-do-884409,https://cdn.haiphong.gov.vn/gov-hpg/6798/tintuc/2026/4/qd-556-nuoi-con-nuoi639065875510491063639116698920797829.pdf,
1.003198,Cấp giấy xác nhận công dân Việt Namở trong nước đủ điều kiện nhận trẻ em nước ngoài làm con nuôi,NUÔI CON NUÔI,official_city_decision_commune_reception,True,2026-02-09,,official_city_decision_pdf,False,,False,,556/QĐ-UBND,https://giavien.haiphong.gov.vn/so-tu-phap-92285/quyet-dinh-so-556-qd-ubnd-ngay-09-2-2026-ve-viec-cong-bo-danh-muc-thu-tuc-hanh-chinh-duoc-sua-do-884409,https://cdn.haiphong.gov.vn/gov-hpg/6798/tintuc/2026/4/qd-556-nuoi-con-nuoi639065875510491063639116698920797829.pdf,
1.003583,Thủ tục đăng ký khai sinh lưu động,HỘ TỊCH,official_city_decision_commune_reception,True,2026-01-31,,official_attachment_snippet,True,,True,019d2bfd-66dc-714a-90a8-11942739ea86,467/QĐ-UBND,https://giavien.haiphong.gov.vn/so-tu-phap-92285/quyet-dinh-so-467-qd-ubnd-ngay-31-01-2026-ve-viec-cong-bo-danh-muc-thu-tuc-hanh-chinh-duoc-sua-d-884412,https://cdn.haiphong.gov.vn/gov-hpg/6798/tintuc/2026/4/qd-467-cong-chung-chung-thuc-quan-tai-vien-ho-tich639057302800587100639116699603616818.pdf,
1.003593,Cấp giấy xác nhận nguyên liệu thủy sản khai thác (theo yêu cầu),THỦY SẢN VÀ KIỂM NGƯ,official_city_decision_commune_reception,True,2026-09-28,,official_city_decision_pdf,False,,False,,4016/QĐ-UBND,https://sonnmt.haiphong.gov.vn/thu-tuc-hanh-chinh/quyet-dinh-so-4016-qd-ubnd-ngay-28-9-2026-cua-uy-ban-nhan-dan-thanh-pho-hai-phong-ve-viec-cong-b-972671,https://cdn.haiphong.gov.vn/gov-hpg/5892/tintuc/2026/9/qd-4016-ngay-28.9.2026-ubnd-hp-cong-bo-dm-tthc-sua-doi-bo-sung-lvuc-tskn639262055665128821.pdf,
1.003596,Phê duyệt kế hoạch khuyến nông địa phương (cấp xã) Nghị định số 268/2026/NĐ-CP,NÔNG NGHIỆP,repealed_official_evidence,False,,2026-08-20,official_attachment_snippet,True,0.781,False,,1646/QĐ-UBND; 3259/QĐ-BNNMT,https://vinhbao.haiphong.gov.vn/linh-vuc-nong-nghiep-va-moi-truong/quyet-dinh-cong-bo-danh-muc-thu-tuc-hanh-chinh-bi-bai-bo-linh-vuc-nong-nghiep-thuoc-pham-vi-chuc-951511,https://cdn.haiphong.gov.vn/gov-hpg/6874/tintuc/2026/8/quyet-dinh-2026-cong-bo-dmtthc-bi-bai-bo-linh-vuc-nn-so-nnmt-ttr778-..signed639228154734203566.pdf,Bị bãi bỏ theo bằng chứng chính thức mới nhất trong snapshot
1.003622,Thông báo tổ chức lễ hội cấp xã,VĂN HÓA,priority51_current_official_commune_evidence,True,2026-09-07,,priority51_official_legal_verification,True,,False,019d2bfd-c4cb-734d-bb80-29723a707c08,,https://cdn.haiphong.gov.vn/gov-hpg/6815/tintuc/2025/7/dm-tthc-chuan-hoa-so-van-hoa-tt-trang-2638883643696552431.pdf,https://cdn.haiphong.gov.vn/gov-hpg/6815/tintuc/2025/7/dm-tthc-chuan-hoa-so-van-hoa-tt-trang-2638883643696552431.pdf,
1.003666,"Cấp, cấp lại Giấy chứng nhận nguồn gốc thủy sản khai thác (theo yêu cầu)",THỦY SẢN VÀ KIỂM NGƯ,official_city_decision_commune_reception,True,2026-09-28,,official_city_decision_pdf,False,,False,,4016/QĐ-UBND,https://sonnmt.haiphong.gov.vn/thu-tuc-hanh-chinh/quyet-dinh-so-4016-qd-ubnd-ngay-28-9-2026-cua-uy-ban-nhan-dan-thanh-pho-hai-phong-ve-viec-cong-b-972671,https://cdn.haiphong.gov.vn/gov-hpg/5892/tintuc/2026/9/qd-4016-ngay-28.9.2026-ubnd-hp-cong-bo-dm-tthc-sua-doi-bo-sung-lvuc-tskn639262055665128821.pdf,
1.003705,Công nhận chương trình đào tạo kiến thức pháp luật về bán hàng đa cấp,QUẢN LÝ BÁN HÀNG ĐA CẤP,official_commune_evidence_no_later_repeal_in_snapshot,True,2026-06-08,,dvcqg_name_by_code_verified,False,1.0,False,019d2bf7-ed52-70cb-9f41-32753554ef86,1298/QĐ-BCT,https://vinhbao.haiphong.gov.vn/linh-vuc-bao-ve-quyen-loi-nguoi-tieu-dung/danh-muc-thu-tuc-hanh-chinh-duoc-sua-doi-bo-sung-va-bi-bai-bo-trong-linh-vuc-quan-ly-ban-hang-da-911878,https://cdn.haiphong.gov.vn/gov-hpg/6874/tintuc/2026/6/qd-cong-bo-dm-tthc-theo-qd-1289-cua-bo-ct..signed639165256172474387.pdf,
1.003725,000.00.00.H24 Cấp giấy phép nhập khẩu xuất bản phẩm không kinh doanh (địa phương) Nghị quyết số 66.18/2026/NQ- CP ngày 18 tháng 5 năm 2026 của Chính phủ,VĂN HÓA,repealed_by_official_city_decision,False,,2026-05-29,official_city_decision_pdf,False,,False,,2032/QĐ-UBND,https://giavien.haiphong.gov.vn/so-van-hoa-the-thao-va-du-lich-92284/qd-2032-ve-viec-cong-bo-danh-muc-thu-tuc-hanh-chinh-moi-ban-hanh-duoc-sua-doi-bo-sung-va-bi-bai--910186,https://cdn.haiphong.gov.vn/gov-hpg/6798/tintuc/2026/6/qd-2032639161842299651591.pdf,Bị bãi bỏ theo 2032/QĐ-UBND
1.003726,Cấp lại Giấy chứng nhận cơ sở đủ điều kiện đăng kiểm tàu cá (đối với cơ sở đăng kiểm tàu cá trên địa bàn quản lý trừ cơ sở đăng kiểm tàu cá thuộc Bộ Nông nghiệp và Môi trường quản lý) Điều 42 Ngh ị định số 41/2026/NĐ-CP ngày 25/01/2026 của,NÔNG NGHIỆP VÀ MÔI TRƯỜNG,repealed_by_official_city_decision,False,,2026-02-07,official_city_decision_pdf,False,,False,,541/QĐ-UBND,https://cathai.haiphong.gov.vn/bao-ton-thien-nhien-va-da-dang-sinh-hoc/quyet-dinh-so-541-qd-ubnd-ngay-7-2-2026-cua-ubnd-thanh-pho-v-v-cong-khai-thu-tuc-hanh-chinh-moi--859548,https://cdn.haiphong.gov.vn/gov-hpg/5889/tintuc/2026/2/quyet-dinh-2026-cong-bo-dmttc-so-nn-va-mt-ttr87-qdbnnmt-339-364-375-379-..signed639065923231925699.pdf,Bị bãi bỏ theo 541/QĐ-UBND
1.003814,Kiểm tra nhà nước về an toàn thực phẩm nhập khẩu theo phương thức kiểm tra thông thường thuộc thẩm quyền quản lý của Bộ Nông nghiệp và Môi trường,NÔNG NGHIỆP VÀ MÔI TRƯỜNG,official_commune_evidence_no_later_repeal_in_snapshot,True,2026-05-30,,official_attachment_snippet,False,,False,019d2bfa-2897-77dc-a097-44a2ea53fd09,1646/QĐ-UBND; 1858/QĐ-BNNMT; 1869/QĐ-BNNMT; 1877/QĐ-BNNMT; 1878/QĐ-BNNMT; 1883/QĐ-BNNMT; 1897/QĐ-BNNMT; 1908/QĐ-BNNMT; 1931/QĐ-BNNMT; 2198/QĐ-UBND; 2881/QĐ-UBND; 519/QĐ-UBND; 684/QĐ-UBND,https://vinhbao.haiphong.gov.vn/linh-vuc-nong-nghiep-va-moi-truong/danh-muc-thu-tuc-hanh-chinh-moi-ban-hanh-sua-doi-bo-sung-thay-the-bi-bai-bo-thuoc-pham-vi-chuc-n-911934,https://cdn.haiphong.gov.vn/gov-hpg/6874/tintuc/2026/6/qd-2037-ngay-30.5.2026-ubnd-hp-cong-bo-dm-tthc-moi-sua-doi-thay-the-bai-bo-lvuc-kttv-khcn-dcks-cnty-ttbvtv-qlcl-639165286498031603.pdf,
1.003893,"Cấp lại giấy phép cho các hoạt động trong phạm vi bảo vệ công trình thủy lợi trong trường hợp tên chủ giấy phép đã được cấp bị thay đổi do chuyển nhượng, sáp nhập, chia tách, cơ cấu lại tổ chức thuộc thẩm quyền cấp phép của Chủ",NÔNG NGHIỆP VÀ MÔI TRƯỜNG,repealed_by_official_city_decision,False,,2026-05-25,official_city_decision_pdf,False,,False,,1897/QĐ-UBND,https://giavien.haiphong.gov.vn/so-nong-nghiep-va-moi-truong-92289/quyet-dinh-so-1897-qd-ubnd-ngay-25-5-2026-ve-viec-cong-bo-danh-muc-thu-tuc-hanh-chinh-moi-ban-ha-904676,https://cdn.haiphong.gov.vn/gov-hpg/6798/tintuc/2026/5/qd-1897-ngay-25.5.2026-ubnd-hp-cong-bo-dm-tthc-moi-sua-doi-bo-sung-bai-bo-lvuc-bdkh-cnty-qldd-va-pctt-tl-tnn-mt-dat-dai639153846685150604.pdf,Bị bãi bỏ theo 1897/QĐ-UBND
1.003915,Thủ tục cấp Chứng chỉ hành nghề đấu giá,TƯ PHÁP,official_commune_evidence_no_later_repeal_in_snapshot,True,2026-06-25,,dvcqg_name_by_code_verified,False,1.0,False,019d2bfd-66ed-7278-a70a-2d6bcb6ba95c,1444/QĐ-BTP; 1458/QĐ-BTP,https://vinhbao.haiphong.gov.vn/linh-vuc-tu-phap/quyet-dinh-ve-viec-cong-bo-danh-muc-thu-tuc-hanh-chinh-duoc-sua-doi-bo-sung-va-bi-bai-bo-linh-vu-921702,https://cdn.haiphong.gov.vn/gov-hpg/6874/tintuc/2026/6/quyet-dinh-so-2320-cong-bo-dm-tthc-sua-doi-bo-sung-va-bai-bo-thuoc-quan-ly-cua-so-tu-phap639178246917435630639180044385831717.pdf,
1.003976,Giải quyết việc nuôi con nuôi có yếu tố nước ngoài đối với trẻ em sống ở cơ sở nuôi dưỡng,NUÔI CON NUÔI,official_city_decision_commune_reception,True,2026-02-09,,official_city_decision_pdf,False,,False,,556/QĐ-UBND,https://giavien.haiphong.gov.vn/so-tu-phap-92285/quyet-dinh-so-556-qd-ubnd-ngay-09-2-2026-ve-viec-cong-bo-danh-muc-thu-tuc-hanh-chinh-duoc-sua-do-884409,https://cdn.haiphong.gov.vn/gov-hpg/6798/tintuc/2026/4/qd-556-nuoi-con-nuoi639065875510491063639116698920797829.pdf,
1.003977,Cấp Giấy phép phân phối rượu,CÔNG THƯƠNG,repealed_by_official_city_decision,False,,2026-06-06,official_city_decision_pdf,False,,False,,2127/QĐ-UBND,https://giavien.haiphong.gov.vn/so-cong-thuong-92280/quyet-dinh-so-2127-qd-ubnd-ngay-06-6-2026-ve-viec-cong-bo-danh-muc-thu-tuc-hanh-chinh-moi-ban-ha-921129,https://cdn.haiphong.gov.vn/gov-hpg/6798/tintuc/2026/6/qd-2127.2026-so-cong-thuong639179180236944152.pdf,Bị bãi bỏ theo 2127/QĐ-UBND
1.003992,"Cấp lại Giấy phép sản xuất rượu công nghiệp (quy mô từ 3 triệu lít/năm trở lên) Nghị quyết số 66.18/2026/NQ -CP ngày 18 tháng 5 năm 2026 của Chính phủ về việc phân quyền, cắt giảm, đơn giản hóa thủ tục hành chính, điều kiện kinh doanh",CÔNG THƯƠNG,repealed_by_official_city_decision,False,,2026-06-06,official_city_decision_pdf,False,,False,,2127/QĐ-UBND,https://giavien.haiphong.gov.vn/so-cong-thuong-92280/quyet-dinh-so-2127-qd-ubnd-ngay-06-6-2026-ve-viec-cong-bo-danh-muc-thu-tuc-hanh-chinh-moi-ban-ha-921129,https://cdn.haiphong.gov.vn/gov-hpg/6798/tintuc/2026/6/qd-2127.2026-so-cong-thuong639179180236944152.pdf,Bị bãi bỏ theo 2127/QĐ-UBND
1.004007,"Cấp sửa đổi, bổ sung Giấy phép sản xuất rượu công nghiệp (quy mô từ 3 triệu lít/năm trở lên) A4. LĨNH VỰC LƯU THÔNG HÀNG HÓA TRONG NƯỚC (39 TTHC)",CÔNG THƯƠNG,repealed_by_official_city_decision,False,,2026-06-06,official_city_decision_pdf,False,,False,,2127/QĐ-UBND,https://giavien.haiphong.gov.vn/so-cong-thuong-92280/quyet-dinh-so-2127-qd-ubnd-ngay-06-6-2026-ve-viec-cong-bo-danh-muc-thu-tuc-hanh-chinh-moi-ban-ha-921129,https://cdn.haiphong.gov.vn/gov-hpg/6798/tintuc/2026/6/qd-2127.2026-so-cong-thuong639179180236944152.pdf,Bị bãi bỏ theo 2127/QĐ-UBND
1.004021,Cấp Giấy phép sản xuất rượu công nghiệp (quy mô từ 3 triệu lít/năm trở lên),CÔNG THƯƠNG,repealed_by_official_city_decision,False,,2026-06-06,official_city_decision_pdf,False,,False,,2127/QĐ-UBND,https://giavien.haiphong.gov.vn/so-cong-thuong-92280/quyet-dinh-so-2127-qd-ubnd-ngay-06-6-2026-ve-viec-cong-bo-danh-muc-thu-tuc-hanh-chinh-moi-ban-ha-921129,https://cdn.haiphong.gov.vn/gov-hpg/6798/tintuc/2026/6/qd-2127.2026-so-cong-thuong639179180236944152.pdf,Bị bãi bỏ theo 2127/QĐ-UBND
1.004056,"Hỗ trợ một lần sau đầu tư đóng mới tàu cá Khoản 19 Điều 1 Nghị định số 17/2018/NĐ-CP N gày 02/02/2018 của Chính phủ sửa đổi, bổ sung một số điều của Nghị định số 67/2014/NĐ-CP ngày 07 tháng 7 năm 2014 của Chính phủ về một số chính sách phát triển thủy sản",NÔNG NGHIỆP VÀ MÔI TRƯỜNG,repealed_by_official_city_decision,False,,2026-02-07,official_city_decision_pdf,False,,False,,541/QĐ-UBND,https://cathai.haiphong.gov.vn/bao-ton-thien-nhien-va-da-dang-sinh-hoc/quyet-dinh-so-541-qd-ubnd-ngay-7-2-2026-cua-ubnd-thanh-pho-v-v-cong-khai-thu-tuc-hanh-chinh-moi--859548,https://cdn.haiphong.gov.vn/gov-hpg/5889/tintuc/2026/2/quyet-dinh-2026-cong-bo-dmttc-so-nn-va-mt-ttr87-qdbnnmt-339-364-375-379-..signed639065923231925699.pdf,Bị bãi bỏ theo 541/QĐ-UBND
1.004082,"Xác nhận Hợp đồng tiếp cận nguồn gen và chia sẻ lợi ích Điểm đ, khoản 2 Điều 40 Nghị định số 43/2026/NĐ-CP ngày 26/01/2026 của Chính phủ sửa đổi, bổ sung một số điều của các nghị định trong lĩnh vực bảo tồn thiên nhiên và đa d ạng",NÔNG NGHIỆP VÀ MÔI TRƯỜNG,repealed_by_official_city_decision,False,,2026-02-07,official_city_decision_pdf,True,,False,,541/QĐ-UBND,https://cathai.haiphong.gov.vn/bao-ton-thien-nhien-va-da-dang-sinh-hoc/quyet-dinh-so-541-qd-ubnd-ngay-7-2-2026-cua-ubnd-thanh-pho-v-v-cong-khai-thu-tuc-hanh-chinh-moi--859548,https://cdn.haiphong.gov.vn/gov-hpg/5889/tintuc/2026/2/quyet-dinh-2026-cong-bo-dmttc-so-nn-va-mt-ttr87-qdbnnmt-339-364-375-379-..signed639065923231925699.pdf,Bị bãi bỏ theo 541/QĐ-UBND
1.004117,"Đưa nguồn gen ra nước ngoài phục vụ học tập, nghiên cứu",NÔNG NGHIỆP VÀ MÔI TRƯỜNG,official_city_decision_commune_reception,True,2026-02-07,,official_city_decision_pdf,False,,False,,541/QĐ-UBND,https://cathai.haiphong.gov.vn/bao-ton-thien-nhien-va-da-dang-sinh-hoc/quyet-dinh-so-541-qd-ubnd-ngay-7-2-2026-cua-ubnd-thanh-pho-v-v-cong-khai-thu-tuc-hanh-chinh-moi--859548,https://cdn.haiphong.gov.vn/gov-hpg/5889/tintuc/2026/2/quyet-dinh-2026-cong-bo-dmttc-so-nn-va-mt-ttr87-qdbnnmt-339-364-375-379-..signed639065923231925699.pdf,
1.004150,Cấp Giấy phép tiếp cận nguồn gen,NÔNG NGHIỆP VÀ MÔI TRƯỜNG,official_city_decision_commune_reception,True,2026-02-07,,official_city_decision_pdf,False,,False,,541/QĐ-UBND,https://cathai.haiphong.gov.vn/bao-ton-thien-nhien-va-da-dang-sinh-hoc/quyet-dinh-so-541-qd-ubnd-ngay-7-2-2026-cua-ubnd-thanh-pho-v-v-cong-khai-thu-tuc-hanh-chinh-moi--859548,https://cdn.haiphong.gov.vn/gov-hpg/5889/tintuc/2026/2/quyet-dinh-2026-cong-bo-dmttc-so-nn-va-mt-ttr87-qdbnnmt-339-364-375-379-..signed639065923231925699.pdf,
1.004160,"Đăng ký tiếp cận nguồn gen Điểm đ, khoản 2 Điều 40 Nghị định số 43/2026/NĐ-CP ngày 26/01/2026 của Chính phủ sửa đổi, bổ sung một số điều của các nghị định trong lĩnh vực bảo tồn thiên nhiên và đa d ạng sinh học III LĨNH VỰC BIỂN VÀ HẢI ĐẢO",NÔNG NGHIỆP VÀ MÔI TRƯỜNG,repealed_by_official_city_decision,False,,2026-02-07,official_city_decision_pdf,False,,False,,541/QĐ-UBND,https://cathai.haiphong.gov.vn/bao-ton-thien-nhien-va-da-dang-sinh-hoc/quyet-dinh-so-541-qd-ubnd-ngay-7-2-2026-cua-ubnd-thanh-pho-v-v-cong-khai-thu-tuc-hanh-chinh-moi--859548,https://cdn.haiphong.gov.vn/gov-hpg/5889/tintuc/2026/2/quyet-dinh-2026-cong-bo-dmttc-so-nn-va-mt-ttr87-qdbnnmt-339-364-375-379-..signed639065923231925699.pdf,Bị bãi bỏ theo 541/QĐ-UBND
1.004191,"Thủ tục sửa đổi, bổ sung/cấp lại Giấy phép: kinh doanh tạm nhập, tái xuất; tạm nhập, tái xuất theo hình thức khác; tạm xuất, tái nhập; kinh doanh chuyển khẩu",XUẤT NHẬP KHẨU,official_city_decision_commune_reception,True,2026-09-08,,official_city_decision_pdf,False,,False,019d2bf7-f43c-7175-aa4c-bc5d8c48e39c,3584/QĐ-UBND,https://namsach.haiphong.gov.vn/cong-khai-danh-muc-thu-tuc-hanh-chinh/cong-khai-quyet-dinh-so-3584-qd-ubnd-ngay-08-9-2026-cua-ubnd-thanh-pho-hai-phong-ve-viec-cong-bo-961695,https://cdn.haiphong.gov.vn/gov-hpg/6833/tintuc/2026/9/qd-3548-ct639245592166822661.pdf,
1.004260,000.00.00.H24 Cấp lại giấy phép hoạt động kinh doanh nhập khẩu xuất bản phẩm IV LĨNH VỰC PHÁT THANH TRUYỀN HÌNH VÀ THÔNG TIN ĐIỆN TỬ (Bị bãi bỏ từ ngày 20/5/2026 đến ngày 28/02/2027),VĂN HÓA,repealed_by_official_city_decision,False,,2026-05-29,official_city_decision_pdf,False,,False,,2032/QĐ-UBND,https://giavien.haiphong.gov.vn/so-van-hoa-the-thao-va-du-lich-92284/qd-2032-ve-viec-cong-bo-danh-muc-thu-tuc-hanh-chinh-moi-ban-hanh-duoc-sua-doi-bo-sung-va-bi-bai--910186,https://cdn.haiphong.gov.vn/gov-hpg/6798/tintuc/2026/6/qd-2032639161842299651591.pdf,Bị bãi bỏ theo 2032/QĐ-UBND
1.004337,"Cấp Giấy chứng nhận chất lượng an toàn kỹ thuật, an toàn lao động thiết bị xếp dỡ trong khai thác sử dụng",XÂY DỰNG,official_city_decision_commune_reception,True,2026-06-18,,official_city_decision_pdf,False,,False,,2281/QĐ-UBND,https://cathai.haiphong.gov.vn/linh-vuc-xay-dung/quyet-dinh-so-2281-qd-ubnd-ngay-18-6-2026-cua-ubnd-thanh-pho-hai-phong-v-v-cong-bo-danh-muc-thu--920826,https://cdn.haiphong.gov.vn/gov-hpg/5889/tintuc/2026/6/quyet-dinh-2026-cong-bo-dmtthc-sua-doi-bo.....signed639178946021802879.pdf,
1.004385,Cấp giấy phép cho các hoạt động trồng cây lâu năm trong phạm vi bảo vệ công trình thủy lợi thuộc thẩm quyền cấp phép của Chủ tịch UBND cấp tỉnh,NÔNG NGHIỆP VÀ MÔI TRƯỜNG,official_city_decision_commune_reception,True,2026-05-20,,official_city_decision_pdf,False,,False,,1857/QĐ-UBND,https://cathai.haiphong.gov.vn/linh-vuc-moi-truong/quyet-dinh-so-1857-qd-ubnd-ngay-20-5-2026-cua-ubnd-thanh-pho-hai-phong-v-v-cong-bo-danh-muc-thu--908004,https://cdn.haiphong.gov.vn/gov-hpg/5889/tintuc/2026/6/quyet-dinh-so-1857-2026-cong-bo-dmtthc-so-nn-va-mt-linh-vuc-ts-tl-ttr368-qd-bnnmt-1750-1763-..signed639159290848491178.pdf,
1.004669,"Cấp, cấp lại, gia hạn Giấy phép nuôi trồng thuỷ sản trên biển đối với nhà đầu tư nước ngoài, tổ chức kinh tế có vốn đầu tư nước ngoài Điểm a khoản 20 Điều 14 Luật 146/2025/QH15",NÔNG NGHIỆP VÀ MÔI TRƯỜNG,repealed_by_official_city_decision,False,,2026-02-07,official_city_decision_pdf,False,,False,,541/QĐ-UBND,https://cathai.haiphong.gov.vn/bao-ton-thien-nhien-va-da-dang-sinh-hoc/quyet-dinh-so-541-qd-ubnd-ngay-7-2-2026-cua-ubnd-thanh-pho-v-v-cong-khai-thu-tuc-hanh-chinh-moi--859548,https://cdn.haiphong.gov.vn/gov-hpg/5889/tintuc/2026/2/quyet-dinh-2026-cong-bo-dmttc-so-nn-va-mt-ttr87-qdbnnmt-339-364-375-379-..signed639065923231925699.pdf,Bị bãi bỏ theo 541/QĐ-UBND
1.004678,"Cấp, cấp lại, gia hạn Giấy phép nuôi trồng thuỷ sản trên biển cho tổ chức, cá nhân Việt Nam (đối với khu vực biển ngoài 06 h ải lý, khu vực biển giáp ranh giữa các tỉnh, thành phố trực thuộc trung ương, khu vực biển nằm đồng thời trong và ngoài",NÔNG NGHIỆP VÀ MÔI TRƯỜNG,repealed_by_official_city_decision,False,,2026-02-07,official_city_decision_pdf,False,,False,,541/QĐ-UBND,https://cathai.haiphong.gov.vn/bao-ton-thien-nhien-va-da-dang-sinh-hoc/quyet-dinh-so-541-qd-ubnd-ngay-7-2-2026-cua-ubnd-thanh-pho-v-v-cong-khai-thu-tuc-hanh-chinh-moi--859548,https://cdn.haiphong.gov.vn/gov-hpg/5889/tintuc/2026/2/quyet-dinh-2026-cong-bo-dmttc-so-nn-va-mt-ttr87-qdbnnmt-339-364-375-379-..signed639065923231925699.pdf,Bị bãi bỏ theo 541/QĐ-UBND
1.004684,"Cấp, cấp lại, gia hạn Giấy phép nuôi trồng thuỷ sản trên biển cho tổ chức, cá nhân Việt Nam (trong phạm vi 06 hải lý) Điểm a khoản 20 Điều 14 Luật 146/2025/QH15",NÔNG NGHIỆP VÀ MÔI TRƯỜNG,repealed_by_official_city_decision,False,,2026-02-07,official_city_decision_pdf,False,,False,,541/QĐ-UBND,https://cathai.haiphong.gov.vn/bao-ton-thien-nhien-va-da-dang-sinh-hoc/quyet-dinh-so-541-qd-ubnd-ngay-7-2-2026-cua-ubnd-thanh-pho-v-v-cong-khai-thu-tuc-hanh-chinh-moi--859548,https://cdn.haiphong.gov.vn/gov-hpg/5889/tintuc/2026/2/quyet-dinh-2026-cong-bo-dmttc-so-nn-va-mt-ttr87-qdbnnmt-339-364-375-379-..signed639065923231925699.pdf,Bị bãi bỏ theo 541/QĐ-UBND
1.004746,Thủ tục đăng ký lại kết hôn,HỘ TỊCH,official_city_decision_commune_reception,True,2026-01-31,,official_attachment_snippet,True,,True,019d2bfd-6711-733d-b674-f82cb6606242,467/QĐ-UBND,https://giavien.haiphong.gov.vn/so-tu-phap-92285/quyet-dinh-so-467-qd-ubnd-ngay-31-01-2026-ve-viec-cong-bo-danh-muc-thu-tuc-hanh-chinh-duoc-sua-d-884412,https://cdn.haiphong.gov.vn/gov-hpg/6798/tintuc/2026/4/qd-467-cong-chung-chung-thuc-quan-tai-vien-ho-tich639057302800587100639116699603616818.pdf,
1.004772,"Đăng ký khai sinh cho người đã có hồ sơ, giấy tờ cá nhân",HỘ TỊCH,official_city_decision_commune_reception,True,2026-01-31,,official_city_decision_pdf,True,,False,019d2bfd-6711-733d-b674-fc3d805e70c8,467/QĐ-UBND,https://giavien.haiphong.gov.vn/so-tu-phap-92285/quyet-dinh-so-467-qd-ubnd-ngay-31-01-2026-ve-viec-cong-bo-danh-muc-thu-tuc-hanh-chinh-duoc-sua-d-884412,https://cdn.haiphong.gov.vn/gov-hpg/6798/tintuc/2026/4/qd-467-cong-chung-chung-thuc-quan-tai-vien-ho-tich639057302800587100639116699603616818.pdf,
1.004837,Đăng ký giám hộ,HỘ TỊCH,official_city_decision_commune_reception,True,2026-01-31,,official_city_decision_pdf,True,,False,019d2bfd-671b-75fa-82fb-8ad05a37f638,467/QĐ-UBND,https://giavien.haiphong.gov.vn/so-tu-phap-92285/quyet-dinh-so-467-qd-ubnd-ngay-31-01-2026-ve-viec-cong-bo-danh-muc-thu-tuc-hanh-chinh-duoc-sua-d-884412,https://cdn.haiphong.gov.vn/gov-hpg/6798/tintuc/2026/4/qd-467-cong-chung-chung-thuc-quan-tai-vien-ho-tich639057302800587100639116699603616818.pdf,
1.004845,Đăng ký chấm dứt giám hộ,HỘ TỊCH,official_city_decision_commune_reception,True,2026-01-31,,official_city_decision_pdf,True,,False,,467/QĐ-UBND,https://giavien.haiphong.gov.vn/so-tu-phap-92285/quyet-dinh-so-467-qd-ubnd-ngay-31-01-2026-ve-viec-cong-bo-danh-muc-thu-tuc-hanh-chinh-duoc-sua-d-884412,https://cdn.haiphong.gov.vn/gov-hpg/6798/tintuc/2026/4/qd-467-cong-chung-chung-thuc-quan-tai-vien-ho-tich639057302800587100639116699603616818.pdf,
1.004859,"Thay đổi, cải chính, bổ sung thông tin hộ tịch, xác định lại dân tộc - Ngay trong ngày làm việc đối với việc bổ sung thông tin hộ tịch, trường hợp nhận hồ sơ sau 15 giờ mà không giải quyết",HỘ TỊCH,official_city_decision_commune_reception,True,2026-01-31,,official_city_decision_pdf,True,,False,019d2bfd-671e-714b-8fd6-8230c82f7867,467/QĐ-UBND,https://giavien.haiphong.gov.vn/so-tu-phap-92285/quyet-dinh-so-467-qd-ubnd-ngay-31-01-2026-ve-viec-cong-bo-danh-muc-thu-tuc-hanh-chinh-duoc-sua-d-884412,https://cdn.haiphong.gov.vn/gov-hpg/6798/tintuc/2026/4/qd-467-cong-chung-chung-thuc-quan-tai-vien-ho-tich639057302800587100639116699603616818.pdf,
1.004873,Cấp Giấy xác nhận tình trạng hôn nhân,HỘ TỊCH,official_city_decision_commune_reception,True,2026-01-31,,official_city_decision_pdf,True,,False,019d2bfd-6eb3-7019-bf3f-fc58c9ee44b9,467/QĐ-UBND,https://giavien.haiphong.gov.vn/so-tu-phap-92285/quyet-dinh-so-467-qd-ubnd-ngay-31-01-2026-ve-viec-cong-bo-danh-muc-thu-tuc-hanh-chinh-duoc-sua-d-884412,https://cdn.haiphong.gov.vn/gov-hpg/6798/tintuc/2026/4/qd-467-cong-chung-chung-thuc-quan-tai-vien-ho-tich639057302800587100639116699603616818.pdf,
1.004878,"Giải quyết việc nuôi con nuôi có yếu tố nước ngoài đối với trường hợp cha dượng, mẹ kế nhận con riêng của vợ hoặc chồng; cô, cậu, dì, chú, bác ruột nhận cháu làm con nuôi",TƯ PHÁP,official_city_decision_commune_reception,True,2026-02-09,,dvcqg_name_by_code_verified,False,,True,019d2bfd-6ead-70b8-a046-0ac594e78f99,556/QĐ-UBND,https://giavien.haiphong.gov.vn/so-tu-phap-92285/quyet-dinh-so-556-qd-ubnd-ngay-09-2-2026-ve-viec-cong-bo-danh-muc-thu-tuc-hanh-chinh-duoc-sua-do-884409,https://cdn.haiphong.gov.vn/gov-hpg/6798/tintuc/2026/4/qd-556-nuoi-con-nuoi639065875510491063639116698920797829.pdf,
1.004884,Đăng ký lại khai sinh,HỘ TỊCH,official_city_decision_commune_reception,True,2026-01-31,,official_city_decision_pdf,True,,False,019d2bfd-6eac-7598-b88b-15f8a61b366a,467/QĐ-UBND,https://giavien.haiphong.gov.vn/so-tu-phap-92285/quyet-dinh-so-467-qd-ubnd-ngay-31-01-2026-ve-viec-cong-bo-danh-muc-thu-tuc-hanh-chinh-duoc-sua-d-884412,https://cdn.haiphong.gov.vn/gov-hpg/6798/tintuc/2026/4/qd-467-cong-chung-chung-thuc-quan-tai-vien-ho-tich639057302800587100639116699603616818.pdf,
1.004889,"Công nhận bằng tốt nghiệp trung học cơ sở, bằng tốt nghiệp trung học phổ thông, giấy chứng nhận hoàn thành chương trình giáo dục phổ thông do cơ sở giáo dục nước ngoài cấp để sử dụng tại Việt Nam","VĂN BẰNG, CHỨNG CHỈ",official_city_decision_commune_reception,True,2026-09-20,,official_city_decision_pdf,False,,False,,3879/QĐ-UBND,https://namsach.haiphong.gov.vn/cong-khai-danh-muc-thu-tuc-hanh-chinh/cong-khai-quyet-dinh-3879-qd-ubnd-ngay-20-9-2026-cua-ubnd-thanh-pho-hai-phong-ve-viec-cong-bo-da-968412,https://cdn.haiphong.gov.vn/gov-hpg/6833/tintuc/2026/9/qd-3879-gd-van-bang-chung-chi639256030085386845.pdf,
1.004901,"Cấp đổi Giấy chứng nhận đăng ký hợp tác xã, liên hiệp hợp tác xã",TÀI CHÍNH,official_city_decision_commune_reception,True,2026-08-11,,official_city_decision_pdf,True,,False,,3204/QĐ-UBND,https://cathai.haiphong.gov.vn/linh-vuc-so-tai-chinh/quyet-dinh-so-3204-qd-ubnd-ngay-11-8-2026-cua-ubnd-dac-khu-ve-viec-cong-bo-thu-tuc-hanh-chinh-du-948822,https://cdn.haiphong.gov.vn/gov-hpg/5889/tintuc/2026/8/quyet-dinh-2026-cong-bo-dmtthc-linh-vuc-dkdn-.....signed639222987278176853.pdf,
1.004913,Cấp Giấy chứng nhận cơ sở đủ điều kiện nuôi trồng thuỷ sản (theo yêu cầu),NÔNG NGHIỆP VÀ MÔI TRƯỜNG,official_city_decision_commune_reception,True,2026-02-07,,official_city_decision_pdf,False,,False,,541/QĐ-UBND,https://cathai.haiphong.gov.vn/bao-ton-thien-nhien-va-da-dang-sinh-hoc/quyet-dinh-so-541-qd-ubnd-ngay-7-2-2026-cua-ubnd-thanh-pho-v-v-cong-khai-thu-tuc-hanh-chinh-moi--859548,https://cdn.haiphong.gov.vn/gov-hpg/5889/tintuc/2026/2/quyet-dinh-2026-cong-bo-dmttc-so-nn-va-mt-ttr87-qdbnnmt-339-364-375-379-..signed639065923231925699.pdf,
1.004979,"Thông báo thay đổi nội dung đăng ký hợp tác xã, liên hiệp hợp tác xã; Thông báo thay đổi nội dung đăng ký đối với hợp tác xã, liên hiệp hợp tác xã bị tách, nhận sáp nhập; Thông báo thay đổi nội dung đăng ký hợp tác xã, liên hiệp hợp tác xã",TÀI CHÍNH,official_city_decision_commune_reception,True,2026-08-11,,official_city_decision_pdf,True,,False,,3204/QĐ-UBND,https://cathai.haiphong.gov.vn/linh-vuc-so-tai-chinh/quyet-dinh-so-3204-qd-ubnd-ngay-11-8-2026-cua-ubnd-dac-khu-ve-viec-cong-bo-thu-tuc-hanh-chinh-du-948822,https://cdn.haiphong.gov.vn/gov-hpg/5889/tintuc/2026/8/quyet-dinh-2026-cong-bo-dmtthc-linh-vuc-dkdn-.....signed639222987278176853.pdf,
1.004982,"Đăng ký giải thể hợp tác xã, liên hiệp hợp tác xã",TÀI CHÍNH,official_city_decision_commune_reception,True,2026-08-11,,official_city_decision_pdf,True,,False,,3204/QĐ-UBND,https://cathai.haiphong.gov.vn/linh-vuc-so-tai-chinh/quyet-dinh-so-3204-qd-ubnd-ngay-11-8-2026-cua-ubnd-dac-khu-ve-viec-cong-bo-thu-tuc-hanh-chinh-du-948822,https://cdn.haiphong.gov.vn/gov-hpg/5889/tintuc/2026/8/quyet-dinh-2026-cong-bo-dmtthc-linh-vuc-dkdn-.....signed639222987278176853.pdf,
1.004988,"Cho phép trường trung học phổ thông chuyên hoạt động trở lại Nghị quyết số 66.18/2026/NQ-CP ngày 18/5/2026 của Chính phủ về phân quyền, cắt giảm, đơn giản hóa thủ tục hành",GIÁO DỤC VÀ ĐÀO TẠO,repealed_by_official_city_decision,False,,2026-06-19,official_city_decision_pdf,False,,False,,2295/QĐ-UBND,https://cathai.haiphong.gov.vn/giao-duc-va-dao-tao/quyet-dinh-so-2295-qd-ubnd-ngay-19-6-2026-cua-ubnd-thanh-pho-hai-phong-ve-viec-cong-bo-danh-muc--921113,https://cdn.haiphong.gov.vn/gov-hpg/5889/tintuc/2026/6/23.qd-cong-bo-dm-tthc-duoc-thay-the-va-bi-bai-bo-theo-qd-1425-cua-bo-gd-dt..signed639179168711137700.pdf,Bị bãi bỏ theo 2295/QĐ-UBND
1.004991,"Giải thể trường trung học phổ thông chuyên (theo đề nghị của tổ chức, cá nhân thành lập trường) Giải thể trường trung học phổ thông, trường phổ thông có nhiều cấp học có cấp học cao nhất là trung học phổ thông (theo đề",GIÁO DỤC VÀ ĐÀO TẠO,repealed_by_official_city_decision,False,,2026-06-19,official_city_decision_pdf,False,,False,,2295/QĐ-UBND,https://cathai.haiphong.gov.vn/giao-duc-va-dao-tao/quyet-dinh-so-2295-qd-ubnd-ngay-19-6-2026-cua-ubnd-thanh-pho-hai-phong-ve-viec-cong-bo-danh-muc--921113,https://cdn.haiphong.gov.vn/gov-hpg/5889/tintuc/2026/6/23.qd-cong-bo-dm-tthc-duoc-thay-the-va-bi-bai-bo-theo-qd-1425-cua-bo-gd-dt..signed639179168711137700.pdf,Bị bãi bỏ theo 2295/QĐ-UBND
1.004999,"Sáp nhập, chia, tách trường trung học phổ thông chuyên Sáp nhập, chia, tách trường trung học phổ thông, trường phổ thông có nhiều cấp học có cấp học cao nhất là trung học phổ thông",GIÁO DỤC VÀ ĐÀO TẠO,repealed_by_official_city_decision,False,,2026-06-19,official_city_decision_pdf,False,,False,,2295/QĐ-UBND,https://cathai.haiphong.gov.vn/giao-duc-va-dao-tao/quyet-dinh-so-2295-qd-ubnd-ngay-19-6-2026-cua-ubnd-thanh-pho-hai-phong-ve-viec-cong-bo-danh-muc--921113,https://cdn.haiphong.gov.vn/gov-hpg/5889/tintuc/2026/6/23.qd-cong-bo-dm-tthc-duoc-thay-the-va-bi-bai-bo-theo-qd-1425-cua-bo-gd-dt..signed639179168711137700.pdf,Bị bãi bỏ theo 2295/QĐ-UBND
1.005008,Cho phép trường trung học phổ thông chuyên hoạt động giáo dục,GIÁO DỤC VÀ ĐÀO TẠO,repealed_by_official_city_decision,False,,2026-06-19,official_city_decision_pdf,False,,False,,2295/QĐ-UBND,https://cathai.haiphong.gov.vn/giao-duc-va-dao-tao/quyet-dinh-so-2295-qd-ubnd-ngay-19-6-2026-cua-ubnd-thanh-pho-hai-phong-ve-viec-cong-bo-danh-muc--921113,https://cdn.haiphong.gov.vn/gov-hpg/5889/tintuc/2026/6/23.qd-cong-bo-dm-tthc-duoc-thay-the-va-bi-bai-bo-theo-qd-1425-cua-bo-gd-dt..signed639179168711137700.pdf,Bị bãi bỏ theo 2295/QĐ-UBND
1.005010,"Chấm dứt hoạt động chi nhánh, văn phòng đại diện, địa điểm kinh doanh của hợp tác xã, liên hiệp hợp tác xã",TÀI CHÍNH,official_city_decision_commune_reception,True,2026-08-11,,official_city_decision_pdf,True,,False,,3204/QĐ-UBND,https://cathai.haiphong.gov.vn/linh-vuc-so-tai-chinh/quyet-dinh-so-3204-qd-ubnd-ngay-11-8-2026-cua-ubnd-dac-khu-ve-viec-cong-bo-thu-tuc-hanh-chinh-du-948822,https://cdn.haiphong.gov.vn/gov-hpg/5889/tintuc/2026/8/quyet-dinh-2026-cong-bo-dmtthc-linh-vuc-dkdn-.....signed639222987278176853.pdf,
1.005021,"Phê duyệt quy trình vận hành, khai thác bến phà, bến khách ngang sông sử dụng phà một lưỡi chở hành khách và xe ô tô",XÂY DỰNG,official_city_decision_commune_reception,True,2026-03-03,,official_city_decision_pdf,False,,False,,777/QĐ-UBND,https://cathai.haiphong.gov.vn/linh-vuc-duong-bo/quyet-dinh-so-777-qd-ubnd-ngay-3-3-2026-cua-ubnd-thanh-pho-hai-phong-v-v-cong-bo-danh-muc-thu-tu-868508,https://cdn.haiphong.gov.vn/gov-hpg/5889/tintuc/2026/3/quyet-dinh-2026-cong-bo-dmtthc-so-xay-dung-ttr82-qdbxd2503-..signed639086047367131030.pdf,
1.005024,"Phê duyệt điều chỉnh quy trình vận hành, khai thác bến phà, bến khách ngang sông sử dụng phà m ột lưỡi chở hành khách và xe ô tô",XÂY DỰNG,repealed_by_official_city_decision,False,,2026-03-03,official_city_decision_pdf,False,,False,,777/QĐ-UBND,https://cathai.haiphong.gov.vn/linh-vuc-duong-bo/quyet-dinh-so-777-qd-ubnd-ngay-3-3-2026-cua-ubnd-thanh-pho-hai-phong-v-v-cong-bo-danh-muc-thu-tu-868508,https://cdn.haiphong.gov.vn/gov-hpg/5889/tintuc/2026/3/quyet-dinh-2026-cong-bo-dmtthc-so-xay-dung-ttr82-qdbxd2503-..signed639086047367131030.pdf,Bị bãi bỏ theo 777/QĐ-UBND
1.005091,Cấp giấy chứng nhận sản phẩm công nghiệp sử dụng cho phương tiện thủy nội địa,XÂY DỰNG,official_city_decision_commune_reception,True,2026-06-18,,official_city_decision_pdf,False,,False,,2281/QĐ-UBND,https://cathai.haiphong.gov.vn/linh-vuc-xay-dung/quyet-dinh-so-2281-qd-ubnd-ngay-18-6-2026-cua-ubnd-thanh-pho-hai-phong-v-v-cong-bo-danh-muc-thu--920826,https://cdn.haiphong.gov.vn/gov-hpg/5889/tintuc/2026/6/quyet-dinh-2026-cong-bo-dmtthc-sua-doi-bo.....signed639178946021802879.pdf,
1.005099,000.00.00.H24 Chuyển trường đối với học sinh tiểu học,GIÁO DỤC VÀ ĐÀO TẠO,repealed_by_official_city_decision,False,,2026-05-19,official_city_decision_pdf,True,,False,,1847/QĐ-UBND,https://giavien.haiphong.gov.vn/so-giao-duc-va-dao-tao-92279/qd-1877-ve-viec-cong-bo-danh-muc-thu-tuc-hanh-chinh-moi-ban-hanh-bi-bai-bo-thuoc-pham-vi-chuc-na-906998,https://cdn.haiphong.gov.vn/gov-hpg/6798/tintuc/2026/5/qd-1847639156687053039888.pdf,Bị bãi bỏ theo 1847/QĐ-UBND
1.005114,"Đăng ký thay đổi chủ sở hữu công ty trách nhiệm hữu hạn một thành viên Quyết định số 4166/QĐ-BTC ngày 15/12/2025 về việc công bố thủ tục hành chính được sửa đổi bổ sung, bị bãi bỏ trong thành lập và hoạt động của doanh nghiệp thuộc phạm vi chức",TÀI CHÍNH,repealed_by_official_city_decision,False,,2026-02-15,official_city_decision_pdf,False,,False,,676/QĐ-UBND,https://daison.haiphong.gov.vn/thu-tuc-hanh-chinh/ubnd-xa-dai-son-ban-hanh-thong-bao-so-41-tb-ubnd-cong-khai-thu-tuc-hanh-chinh-moi-ban-hanh-sua-d-866283,https://cdn.haiphong.gov.vn/gov-hpg/6792/tintuc/2026/3/quyet-dinh-2026-676-stc-cong-bo-dm-tthc-so-tai-chinh-ttr32-33-qd-92-94-..signed639083028924780394.pdf,Bị bãi bỏ theo 676/QĐ-UBND
1.005163,Thủ tục cấp Giấy chứng nhận đủ điều kiện kinh doanh hoạt động thể thao đối với môn Thể dục thể hình và Fitness,THỂ DỤC THỂ THAO,repealed_by_official_city_decision,False,,2026-01-31,official_city_decision_pdf,False,,False,,454/QĐ-UBND,https://cathai.haiphong.gov.vn/linh-vuc-the-duc-the-thao/quyet-dinh-so-454-qd-ubnd-ngay-31-01-2026-cua-ubnd-thanh-pho-hai-phong-ve-viec-cong-bo-danh-muc--856436,https://cdn.haiphong.gov.vn/gov-hpg/5889/tintuc/2026/2/qd-454-cong-bo-tthc-sua-doi-bo-sung-bai-bo-linh-vuc-tdtt639060121063071202.pdf,Bị bãi bỏ theo 454/QĐ-UBND
1.005169,"Đề nghị doanh nghiệp, chi nhánh , văn phòng đại diện , địa điểm kinh doanh có tên xâm phạm quyền sở hữu công nghiệp thay đổi tên doanh nghiệp",TÀI CHÍNH,official_city_decision_commune_reception,True,2026-08-11,,official_city_decision_pdf,False,,False,,3204/QĐ-UBND,https://cathai.haiphong.gov.vn/linh-vuc-so-tai-chinh/quyet-dinh-so-3204-qd-ubnd-ngay-11-8-2026-cua-ubnd-dac-khu-ve-viec-cong-bo-thu-tuc-hanh-chinh-du-948822,https://cdn.haiphong.gov.vn/gov-hpg/5889/tintuc/2026/8/quyet-dinh-2026-cong-bo-dmtthc-linh-vuc-dkdn-.....signed639222987278176853.pdf,
1.005184,"Cấp Giấy chứng nhận đủ điều kiện thương nhân xuất khẩu, nhập khẩu LNG",CÔNG THƯƠNG,repealed_by_official_city_decision,False,,2026-06-06,official_city_decision_pdf,False,,False,,2127/QĐ-UBND,https://giavien.haiphong.gov.vn/so-cong-thuong-92280/quyet-dinh-so-2127-qd-ubnd-ngay-06-6-2026-ve-viec-cong-bo-danh-muc-thu-tuc-hanh-chinh-moi-ban-ha-921129,https://cdn.haiphong.gov.vn/gov-hpg/6798/tintuc/2026/6/qd-2127.2026-so-cong-thuong639179180236944152.pdf,Bị bãi bỏ theo 2127/QĐ-UBND
1.005210,"Cấp lại Giấy phép đào tạo lái xe ô tô khi bị mất, bị hỏng, có sự thay đổi về tên của cơ sở đào tạo",XÂY DỰNG,official_city_decision_commune_reception,True,2026-06-18,,official_city_decision_pdf,False,,False,,2281/QĐ-UBND,https://cathai.haiphong.gov.vn/linh-vuc-xay-dung/quyet-dinh-so-2281-qd-ubnd-ngay-18-6-2026-cua-ubnd-thanh-pho-hai-phong-v-v-cong-bo-danh-muc-thu--920826,https://cdn.haiphong.gov.vn/gov-hpg/5889/tintuc/2026/6/quyet-dinh-2026-cong-bo-dmtthc-sua-doi-bo.....signed639178946021802879.pdf,
1.005277,"Đăng ký thay đổi nội dung đăng ký hợp tác xã, liên hiệp hợp tác xã; Đăng ký thay đổi nội dung đối với trường hợp hợp tác xã, liên hiệp hợp tác xã bị tách, nhận sáp nhập; Đăng ký thay đổi nội dung Giấy chứng nhận đăng ký hợp tác xã",TÀI CHÍNH,official_city_decision_commune_reception,True,2026-08-11,,official_city_decision_pdf,True,,False,,3204/QĐ-UBND,https://cathai.haiphong.gov.vn/linh-vuc-so-tai-chinh/quyet-dinh-so-3204-qd-ubnd-ngay-11-8-2026-cua-ubnd-dac-khu-ve-viec-cong-bo-thu-tuc-hanh-chinh-du-948822,https://cdn.haiphong.gov.vn/gov-hpg/5889/tintuc/2026/8/quyet-dinh-2026-cong-bo-dmtthc-linh-vuc-dkdn-.....signed639222987278176853.pdf,
1.005280,"Đăng ký thành lập hợp tác xã, liên hiệp hợp tác xã; đăng ký chuyển đổi tổ hợp tác thành hợp tác xã; đăng ký khi hợp tác xã, liên hiệp hợp tác xã chia, tách, hợp nhất",TÀI CHÍNH,official_city_decision_commune_reception,True,2026-08-11,,official_city_decision_pdf,True,,False,,3204/QĐ-UBND,https://cathai.haiphong.gov.vn/linh-vuc-so-tai-chinh/quyet-dinh-so-3204-qd-ubnd-ngay-11-8-2026-cua-ubnd-dac-khu-ve-viec-cong-bo-thu-tuc-hanh-chinh-du-948822,https://cdn.haiphong.gov.vn/gov-hpg/5889/tintuc/2026/8/quyet-dinh-2026-cong-bo-dmtthc-linh-vuc-dkdn-.....signed639222987278176853.pdf,
1.005372,"Cấp lại Giấy chứng nhận đủ điều kiện thương nhân xuất khẩu, nhập khẩu LNG",CÔNG THƯƠNG,repealed_by_official_city_decision,False,,2026-06-06,official_city_decision_pdf,False,,False,,2127/QĐ-UBND,https://giavien.haiphong.gov.vn/so-cong-thuong-92280/quyet-dinh-so-2127-qd-ubnd-ngay-06-6-2026-ve-viec-cong-bo-danh-muc-thu-tuc-hanh-chinh-moi-ban-ha-921129,https://cdn.haiphong.gov.vn/gov-hpg/6798/tintuc/2026/6/qd-2127.2026-so-cong-thuong639179180236944152.pdf,Bị bãi bỏ theo 2127/QĐ-UBND
1.005376,"Cấp sửa đổi, bổ sung Giấy phép phân phối rượu",CÔNG THƯƠNG,repealed_by_official_city_decision,False,,2026-06-06,official_city_decision_pdf,False,,False,,2127/QĐ-UBND,https://giavien.haiphong.gov.vn/so-cong-thuong-92280/quyet-dinh-so-2127-qd-ubnd-ngay-06-6-2026-ve-viec-cong-bo-danh-muc-thu-tuc-hanh-chinh-moi-ban-ha-921129,https://cdn.haiphong.gov.vn/gov-hpg/6798/tintuc/2026/6/qd-2127.2026-so-cong-thuong639179180236944152.pdf,Bị bãi bỏ theo 2127/QĐ-UBND
1.005378,"Đăng ký thay đổi nội dung đăng ký hoạt động của chi nhánh, văn phòng đại diện, địa điểm kinh doanh của hợp tác xã, liên hiệp hợp tác xã",TÀI CHÍNH,official_city_decision_commune_reception,True,2026-08-11,,official_city_decision_pdf,False,,False,,3204/QĐ-UBND,https://cathai.haiphong.gov.vn/linh-vuc-so-tai-chinh/quyet-dinh-so-3204-qd-ubnd-ngay-11-8-2026-cua-ubnd-dac-khu-ve-viec-cong-bo-thu-tuc-hanh-chinh-du-948822,https://cdn.haiphong.gov.vn/gov-hpg/5889/tintuc/2026/8/quyet-dinh-2026-cong-bo-dmtthc-linh-vuc-dkdn-.....signed639222987278176853.pdf,
1.005449,"Cấp mới Giấy chứng nhận đủ điều kiện hoạ t động huấn luyện an toàn, vệ sinh lao động hạng B (trừ tổ chức huấn luyện do các Bộ, ngành, cơ quan trung ương, các tập đoàn, tổng công ty nhà nước thuộc Bộ, ngành, cơ quan trung ương quyết định thành lập); Cấp Giấy chứng nhận doanh",NỘI VỤ,repealed_by_official_city_decision,False,,2026-06-26,official_city_decision_pdf,False,,False,,2380/QĐ-UBND,https://giavien.haiphong.gov.vn/so-noi-vu-92287/quyet-dinh-so-2380-qd-ubnd-ngay-26-6-2026-ve-viec-cong-bo-danh-muc-thu-tuc-hanh-chinh-duoc-sua-d-933048,https://cdn.haiphong.gov.vn/gov-hpg/6798/tintuc/2026/7/2380-quyet-dinh-cong-bo-dm-tthc-sua-doi-bo-sung-va-bi-bai-bo-theo-qd-641-cua-bnv..signed639197960523919968.pdf,Bị bãi bỏ theo 2380/QĐ-UBND
1.005450,"Gia hạn, sửa đổi, bổ sun g, cấp lại, đổi tên Giấy chứng nhận đủ điều kiện hoạt động huấn luyện an toàn, vệ sinh lao động hạng B (trừ tổ chức huấn luyện do các Bộ, ngành, cơ quan trung ương, các tập đoàn, tổng công ty nhà nước thuộc Bộ, ngành, cơ quan trung ương quyết định",NỘI VỤ,repealed_by_official_city_decision,False,,2026-06-26,official_city_decision_pdf,False,,False,,2380/QĐ-UBND,https://giavien.haiphong.gov.vn/so-noi-vu-92287/quyet-dinh-so-2380-qd-ubnd-ngay-26-6-2026-ve-viec-cong-bo-danh-muc-thu-tuc-hanh-chinh-duoc-sua-d-933048,https://cdn.haiphong.gov.vn/gov-hpg/6798/tintuc/2026/7/2380-quyet-dinh-cong-bo-dm-tthc-sua-doi-bo-sung-va-bi-bai-bo-theo-qd-641-cua-bnv..signed639197960523919968.pdf,Bị bãi bỏ theo 2380/QĐ-UBND
1.005461,Đăng ký lại khai tử,HỘ TỊCH,official_city_decision_commune_reception,True,2026-01-31,,official_city_decision_pdf,True,,False,019d2bfd-6ebc-709e-8678-a9f8b66738f2,467/QĐ-UBND,https://giavien.haiphong.gov.vn/so-tu-phap-92285/quyet-dinh-so-467-qd-ubnd-ngay-31-01-2026-ve-viec-cong-bo-danh-muc-thu-tuc-hanh-chinh-duoc-sua-d-884412,https://cdn.haiphong.gov.vn/gov-hpg/6798/tintuc/2026/4/qd-467-cong-chung-chung-thuc-quan-tai-vien-ho-tich639057302800587100639116699603616818.pdf,
1.006390,"Cho phép trường mẫu giáo, trường mầm non, nhà trẻ hoạt động giáo dục",GIÁO DỤC VÀ ĐÀO TẠO,official_city_decision_commune_reception,True,2026-05-09,,official_city_decision_pdf,True,,False,,1747/QĐ-UBND,https://giavien.haiphong.gov.vn/so-giao-duc-va-dao-tao-92279/quyet-dinh-so-1747-qd-ubnd-ngay-09-5-2026-cua-ubnd-thanh-pho-ve-viec-cong-khai-danh-muc-thu-tuc--900189,https://cdn.haiphong.gov.vn/gov-hpg/6798/tintuc/2026/5/qd-1747639146922033877627.pdf,
1.006780,"Cấp lại Giấy phép hoạt động đối với trạm, điểm sơ cấp cứu chữ thập đỏ do mất, rách, hỏng hoặc sai sót thông tin",KHÁM CHỮA BỆNH,official_city_decision_commune_reception,True,2026-09-11,,official_city_decision_pdf,False,,False,019d2bff-0656-73e8-84dc-be214b7bea55,3643/QĐ-UBND,https://namsach.haiphong.gov.vn/cong-khai-danh-muc-thu-tuc-hanh-chinh/cong-khai-quyet-dinh-so-3643-qd-ubnd-ngay-11-9-2026-cua-ubnd-thanh-pho-hai-phong-ve-viec-cong-bo-965145,https://cdn.haiphong.gov.vn/gov-hpg/6833/tintuc/2026/9/3643_2026639250767815599938.pdf,
1.007916,Nộp tiền trồng rừng thay thế,NÔNG NGHIỆP VÀ MÔI TRƯỜNG,official_commune_evidence_no_later_repeal_in_snapshot,True,2026-01-10,,official_attachment_snippet,False,,False,019d2bfa-47ed-725f-9881-5cb6112be9e7,01/QĐ-BNNMT; 04/QĐ-BNNMT; 2168/QĐ-UBND; 2787/QĐ-UBND; 5891/QĐ-BNNMT,https://vinhbao.haiphong.gov.vn/linh-vuc-nong-nghiep-va-moi-truong/danh-muc-thu-tuc-hanh-chinh-moi-ban-hanh-sua-doi-bo-sung-bi-bai-bo-thuoc-pham-vi-chuc-nang-cua-s-843171,https://cdn.haiphong.gov.vn/gov-hpg/6874/tintuc/2026/1/08.01-quyet-dinh-2026-cong-bo-dmtthc-so-nn-va-mt-ttr13-..signed639036307820508049.pdf,
1.007919,"Thẩm định thiết kế, dự toán công trình lâm sinh",NÔNG NGHIỆP VÀ MÔI TRƯỜNG,official_city_decision_commune_reception,True,2026-02-07,,official_city_decision_pdf,True,,False,,541/QĐ-UBND,https://cathai.haiphong.gov.vn/bao-ton-thien-nhien-va-da-dang-sinh-hoc/quyet-dinh-so-541-qd-ubnd-ngay-7-2-2026-cua-ubnd-thanh-pho-v-v-cong-khai-thu-tuc-hanh-chinh-moi--859548,https://cdn.haiphong.gov.vn/gov-hpg/5889/tintuc/2026/2/quyet-dinh-2026-cong-bo-dmttc-so-nn-va-mt-ttr87-qdbnnmt-339-364-375-379-..signed639065923231925699.pdf,
1.008127,Cấp lại Giấy chứng nhận đủ điều kiện sản xuất thức ăn chăn nuôi đối với cơ sở sản xuất thức ăn chăn nuôi trên địa bàn (trừ trường hợp cơ sở sản xuất thức ăn chăn nuôi xuất khẩu theo yêu cầu của nước nhập khẩu) Mục VII Phần A Phụ lục II Nghị quyết số 66.19/2026/NQ,NÔNG NGHIỆP VÀ MÔI TRƯỜNG,repealed_by_official_city_decision,False,,2026-05-25,official_city_decision_pdf,False,,False,,1897/QĐ-UBND,https://giavien.haiphong.gov.vn/so-nong-nghiep-va-moi-truong-92289/quyet-dinh-so-1897-qd-ubnd-ngay-25-5-2026-ve-viec-cong-bo-danh-muc-thu-tuc-hanh-chinh-moi-ban-ha-904676,https://cdn.haiphong.gov.vn/gov-hpg/6798/tintuc/2026/5/qd-1897-ngay-25.5.2026-ubnd-hp-cong-bo-dm-tthc-moi-sua-doi-bo-sung-bai-bo-lvuc-bdkh-cnty-qldd-va-pctt-tl-tnn-mt-dat-dai639153846685150604.pdf,Bị bãi bỏ theo 1897/QĐ-UBND
1.008129,"Cấp lại Giấy chứng nhận đủ điều kiện chăn nuôi đối với chăn nuôi trang trại quy mô lớn Mục VIII Ph ần A Ph ụ lục II Ngh ị quyết số 66.19/2026/NQ-CP ngày 18/5/2026 của Chính phủ về cắt giảm, phân quyền, đơn giản hóa thủ tục hành chính và cắt",NÔNG NGHIỆP VÀ MÔI TRƯỜNG,repealed_by_official_city_decision,False,,2026-05-25,official_city_decision_pdf,False,,False,,1897/QĐ-UBND,https://giavien.haiphong.gov.vn/so-nong-nghiep-va-moi-truong-92289/quyet-dinh-so-1897-qd-ubnd-ngay-25-5-2026-ve-viec-cong-bo-danh-muc-thu-tuc-hanh-chinh-moi-ban-ha-904676,https://cdn.haiphong.gov.vn/gov-hpg/6798/tintuc/2026/5/qd-1897-ngay-25.5.2026-ubnd-hp-cong-bo-dm-tthc-moi-sua-doi-bo-sung-bai-bo-lvuc-bdkh-cnty-qldd-va-pctt-tl-tnn-mt-dat-dai639153846685150604.pdf,Bị bãi bỏ theo 1897/QĐ-UBND
1.008201,000.00.00.H24 Cấp lại giấy xác nhận đăng ký hoạt động phát hành xuất bản phẩm,VĂN HÓA,repealed_by_official_city_decision,False,,2026-05-29,official_city_decision_pdf,False,,False,,2032/QĐ-UBND,https://giavien.haiphong.gov.vn/so-van-hoa-the-thao-va-du-lich-92284/qd-2032-ve-viec-cong-bo-danh-muc-thu-tuc-hanh-chinh-moi-ban-hanh-duoc-sua-doi-bo-sung-va-bi-bai--910186,https://cdn.haiphong.gov.vn/gov-hpg/6798/tintuc/2026/6/qd-2032639161842299651591.pdf,Bị bãi bỏ theo 2032/QĐ-UBND
1.008408,"Phê duyệt việc tiếp nhận viện trợ quốc tế khẩn cấp để cứu trợ thuộc thẩm quyền của Ủy ban nhân dân cấp tỉnh, Uỷ ban Mặt trận Tổ quốc Việt Nam cấp tỉnh - Nghị định số 50/2020/NĐ-CP ngày 20/4/2020 của Chính phủ Quy định về tiếp nhận, quản lý và sử dụng viện trợ",NÔNG NGHIỆP VÀ MÔI TRƯỜNG,repealed_by_official_city_decision,False,,2026-05-25,official_city_decision_pdf,False,,False,,1897/QĐ-UBND,https://giavien.haiphong.gov.vn/so-nong-nghiep-va-moi-truong-92289/quyet-dinh-so-1897-qd-ubnd-ngay-25-5-2026-ve-viec-cong-bo-danh-muc-thu-tuc-hanh-chinh-moi-ban-ha-904676,https://cdn.haiphong.gov.vn/gov-hpg/6798/tintuc/2026/5/qd-1897-ngay-25.5.2026-ubnd-hp-cong-bo-dm-tthc-moi-sua-doi-bo-sung-bai-bo-lvuc-bdkh-cnty-qldd-va-pctt-tl-tnn-mt-dat-dai639153846685150604.pdf,Bị bãi bỏ theo 1897/QĐ-UBND
1.008675,"Cấp giấy phép trao đổi, tặng cho mẫu vật của loài nguy cấp, quý, hiếm được ưu tiên bảo vệ",NÔNG NGHIỆP VÀ MÔI TRƯỜNG,official_commune_evidence_no_later_repeal_in_snapshot,True,2026-01-10,,dvcqg_name_by_code_verified,False,1.0,False,019d2bfa-4fec-7318-8e0a-5e81442eb55d,01/QĐ-BNNMT; 04/QĐ-BNNMT; 2168/QĐ-UBND; 2787/QĐ-UBND; 5891/QĐ-BNNMT,https://vinhbao.haiphong.gov.vn/linh-vuc-nong-nghiep-va-moi-truong/danh-muc-thu-tuc-hanh-chinh-moi-ban-hanh-sua-doi-bo-sung-bi-bai-bo-thuoc-pham-vi-chuc-nang-cua-s-843171,https://cdn.haiphong.gov.vn/gov-hpg/6874/tintuc/2026/1/08.01-quyet-dinh-2026-cong-bo-dmtthc-so-nn-va-mt-ttr13-..signed639036307820508049.pdf,
1.008720,"Chuyển đổi cơ sở giáo dục mầm non tư thục do cơ quan đại diện ngoại giao nước ngoài, tổ chức quốc tế liên chính phủ đề nghị sang cơ sở giáo dục mầm non tư thục hoạt động không vì lợi nhuận",GIÁO DỤC VÀ ĐÀO TẠO,official_city_decision_commune_reception,True,2026-05-09,,official_city_decision_pdf,False,,False,,1635/QĐ-UBND; 1747/QĐ-UBND,https://giavien.haiphong.gov.vn/so-giao-duc-va-dao-tao-92279/quyet-dinh-so-1747-qd-ubnd-ngay-09-5-2026-cua-ubnd-thanh-pho-ve-viec-cong-khai-danh-muc-thu-tuc--900189,https://cdn.haiphong.gov.vn/gov-hpg/6798/tintuc/2026/5/qd-1747639146922033877627.pdf,
1.008721,"Chuyển đổi cơ sở giáo dục phổ thông tư thục do cơ quan đại diện ngoại giao nước ngoài, tổ chức quốc tế liên chính phủ đề nghị sang cơ sở giáo dục phổ thông tư thục hoạt động không vì lợi nhuận",GIÁO DỤC VÀ ĐÀO TẠO,official_city_decision_commune_reception,True,2026-04-24,,official_city_decision_pdf,False,,False,,1635/QĐ-UBND,https://giavien.haiphong.gov.vn/so-giao-duc-va-dao-tao-92279/quyet-dinh-so-1635-qd-ubnd-ngay-24-4-2026-ve-viec-cong-bo-danh-muc-thu-tuc-hanh-chinh-duoc-sua-d-895607,https://cdn.haiphong.gov.vn/gov-hpg/6798/tintuc/2026/5/1635.qd-cong-bo-danh-muc-tthc-thuoc-pham-vi-chuc-nang-quan-ly-cua-so-gd-dt..signed639137600009151186.pdf,
1.008722,"Chuyển đổi nhà trẻ, trường mẫu giáo, trường mầm non tư thục do nhà đầu tư nước ngoài đầu tư sang nhà trẻ, trường mẫu giáo, trường mầm non tư thục hoạt động không vì lợi nhuận",GIÁO DỤC VÀ ĐÀO TẠO,official_city_decision_commune_reception,True,2026-04-24,,official_city_decision_pdf,False,,False,,1635/QĐ-UBND,https://giavien.haiphong.gov.vn/so-giao-duc-va-dao-tao-92279/quyet-dinh-so-1635-qd-ubnd-ngay-24-4-2026-ve-viec-cong-bo-danh-muc-thu-tuc-hanh-chinh-duoc-sua-d-895607,https://cdn.haiphong.gov.vn/gov-hpg/6798/tintuc/2026/5/1635.qd-cong-bo-danh-muc-tthc-thuoc-pham-vi-chuc-nang-quan-ly-cua-so-gd-dt..signed639137600009151186.pdf,
1.008723,"Chuyển đổi trường trung học phổ thông tư thục, trường phổ thông tư thục có nhiều cấp học có cấp học cao nhất là trung học phổ thông do nhà đầu tư trong nước đầu tư và bảo đảm điều kiện hoạt động; cơ sở giáo dục phổ thông tư thục do nhà đầu tư nước ngoài đầu tư sang trường trung học phổ thông tư thục, trường phổ thông tư thục có nhiều cấp học có cấp học cao nhất là trung học phổ thông hoạt động không vì lợi nhuận",GIÁO DỤC VÀ ĐÀO TẠO,official_city_decision_commune_reception,True,2026-04-24,,official_city_decision_pdf,False,,False,,1635/QĐ-UBND,https://giavien.haiphong.gov.vn/so-giao-duc-va-dao-tao-92279/quyet-dinh-so-1635-qd-ubnd-ngay-24-4-2026-ve-viec-cong-bo-danh-muc-thu-tuc-hanh-chinh-duoc-sua-d-895607,https://cdn.haiphong.gov.vn/gov-hpg/6798/tintuc/2026/5/1635.qd-cong-bo-danh-muc-tthc-thuoc-pham-vi-chuc-nang-quan-ly-cua-so-gd-dt..signed639137600009151186.pdf,
1.008724,"Chuyển đổi nhà trẻ, trường mẫu giáo, trường mầm non tư thục do nhà đầu tư trong nước đầu tư sang nhà trẻ, trường mẫu giáo, trường mầm non tư thục hoạt động không vì lợi nhuận",GIÁO DỤC VÀ ĐÀO TẠO,official_city_decision_commune_reception,True,2026-04-24,,official_city_decision_pdf,True,,False,,1635/QĐ-UBND,https://giavien.haiphong.gov.vn/so-giao-duc-va-dao-tao-92279/quyet-dinh-so-1635-qd-ubnd-ngay-24-4-2026-ve-viec-cong-bo-danh-muc-thu-tuc-hanh-chinh-duoc-sua-d-895607,https://cdn.haiphong.gov.vn/gov-hpg/6798/tintuc/2026/5/1635.qd-cong-bo-danh-muc-tthc-thuoc-pham-vi-chuc-nang-quan-ly-cua-so-gd-dt..signed639137600009151186.pdf,
1.008725,"Chuyển đổi trường tiểu học tư thục, trường trung học cơ sở tư thục, trường phổ thông tư thục có nhiều cấp học có cấp học cao nhất là trung học cơ sở do nhà đầu tư trong nước đầu tư sang trường tiểu học tư thục, trường trung học cơ sở tư thục, trường phổ thông tư thục có nhiều cấp học có cấp học cao nhất là trung học cơ sở hoạt động không vì lợi nhuận",GIÁO DỤC VÀ ĐÀO TẠO,official_city_decision_commune_reception,True,2026-04-24,,dvcqg_name_by_code_verified,True,,False,019d2bf8-b0a7-718d-8f7b-94d61cfa622b,1635/QĐ-UBND,https://giavien.haiphong.gov.vn/so-giao-duc-va-dao-tao-92279/quyet-dinh-so-1635-qd-ubnd-ngay-24-4-2026-ve-viec-cong-bo-danh-muc-thu-tuc-hanh-chinh-duoc-sua-d-895607,https://cdn.haiphong.gov.vn/gov-hpg/6798/tintuc/2026/5/1635.qd-cong-bo-danh-muc-tthc-thuoc-pham-vi-chuc-nang-quan-ly-cua-so-gd-dt..signed639137600009151186.pdf,
1.008925,Đăng ký tập sự hành nghề Thừa hành viên,TƯ PHÁP,official_commune_evidence_no_later_repeal_in_snapshot,True,2026-06-25,,official_attachment_snippet,False,,False,019d2bfd-767a-726b-b52f-ac28df238195,1444/QĐ-BTP; 1458/QĐ-BTP,https://vinhbao.haiphong.gov.vn/linh-vuc-tu-phap/quyet-dinh-ve-viec-cong-bo-danh-muc-thu-tuc-hanh-chinh-duoc-sua-doi-bo-sung-va-bi-bai-bo-linh-vu-921702,https://cdn.haiphong.gov.vn/gov-hpg/6874/tintuc/2026/6/quyet-dinh-so-2320-cong-bo-dm-tthc-sua-doi-bo-sung-va-bai-bo-thuoc-quan-ly-cua-so-tu-phap639178246917435630639180044385831717.pdf,
1.008926,Thay đổi nơi tập sự hành nghề Thừa hành viên,TƯ PHÁP,official_commune_evidence_no_later_repeal_in_snapshot,True,2026-06-25,,official_attachment_snippet,False,,False,019d2bfd-7681-72c8-aa78-1cae07ba970d,1444/QĐ-BTP; 1458/QĐ-BTP,https://vinhbao.haiphong.gov.vn/linh-vuc-tu-phap/quyet-dinh-ve-viec-cong-bo-danh-muc-thu-tuc-hanh-chinh-duoc-sua-doi-bo-sung-va-bi-bai-bo-linh-vu-921702,https://cdn.haiphong.gov.vn/gov-hpg/6874/tintuc/2026/6/quyet-dinh-so-2320-cong-bo-dm-tthc-sua-doi-bo-sung-va-bai-bo-thuoc-quan-ly-cua-so-tu-phap639178246917435630639180044385831717.pdf,
1.008927,Đăng ký hành nghề và cấp Thẻ Thừa hành viên,TƯ PHÁP,official_commune_evidence_no_later_repeal_in_snapshot,True,2026-06-25,,official_attachment_snippet,False,,False,019d2bfd-7681-7299-9638-dea78c659f18,1444/QĐ-BTP; 1458/QĐ-BTP,https://vinhbao.haiphong.gov.vn/linh-vuc-tu-phap/quyet-dinh-ve-viec-cong-bo-danh-muc-thu-tuc-hanh-chinh-duoc-sua-doi-bo-sung-va-bi-bai-bo-linh-vu-921702,https://cdn.haiphong.gov.vn/gov-hpg/6874/tintuc/2026/6/quyet-dinh-so-2320-cong-bo-dm-tthc-sua-doi-bo-sung-va-bai-bo-thuoc-quan-ly-cua-so-tu-phap639178246917435630639180044385831717.pdf,
1.008928,Cấp lại Thẻ Thừa hành viên,TƯ PHÁP,official_commune_evidence_no_later_repeal_in_snapshot,True,2026-06-25,,official_attachment_snippet,False,,False,019d2bfd-768f-72c8-b0c0-2a4a8469fef9,1444/QĐ-BTP; 1458/QĐ-BTP,https://vinhbao.haiphong.gov.vn/linh-vuc-tu-phap/quyet-dinh-ve-viec-cong-bo-danh-muc-thu-tuc-hanh-chinh-duoc-sua-doi-bo-sung-va-bi-bai-bo-linh-vu-921702,https://cdn.haiphong.gov.vn/gov-hpg/6874/tintuc/2026/6/quyet-dinh-so-2320-cong-bo-dm-tthc-sua-doi-bo-sung-va-bai-bo-thuoc-quan-ly-cua-so-tu-phap639178246917435630639180044385831717.pdf,
1.008950,"Trợ cấp đối với trẻ em mầm non là con công nhân, người lao động làm việc tại khu công nghiệp",GIÁO DỤC VÀ ĐÀO TẠO,official_city_decision_commune_reception,True,2026-05-09,,official_city_decision_pdf,True,,False,,1747/QĐ-UBND,https://giavien.haiphong.gov.vn/so-giao-duc-va-dao-tao-92279/quyet-dinh-so-1747-qd-ubnd-ngay-09-5-2026-cua-ubnd-thanh-pho-ve-viec-cong-khai-danh-muc-thu-tuc--900189,https://cdn.haiphong.gov.vn/gov-hpg/6798/tintuc/2026/5/qd-1747639146922033877627.pdf,
1.008990,Cấp lại chứng chỉ hành nghề kiến trúc bị ghi sai do lỗi của cơ quan cấp,XÂY DỰNG,official_city_decision_commune_reception,True,2026-02-14,,official_city_decision_pdf,False,,False,,669/QĐ-UBND,https://cathai.haiphong.gov.vn/linh-vuc-hoat-dong-xay-dung-va-kien-truc/quyet-dinh-so-669-qd-ubnd-ngay-14-2-2026-cua-ubnd-thanh-pho-hai-phong-v-v-cong-khai-danh-muc-thu-862422,https://cdn.haiphong.gov.vn/gov-hpg/5889/tintuc/2026/2/quyet-dinh-2026-cong-bo-dmttc-so-xay-dung-ttr50-73-qd-56-164-..signed639076511498221013.pdf,
1.008991,Gia hạn chứng chỉ hành nghề kiến trúc,XÂY DỰNG,official_city_decision_commune_reception,True,2026-02-14,,official_city_decision_pdf,False,,False,,669/QĐ-UBND,https://cathai.haiphong.gov.vn/linh-vuc-hoat-dong-xay-dung-va-kien-truc/quyet-dinh-so-669-qd-ubnd-ngay-14-2-2026-cua-ubnd-thanh-pho-hai-phong-v-v-cong-khai-danh-muc-thu-862422,https://cdn.haiphong.gov.vn/gov-hpg/5889/tintuc/2026/2/quyet-dinh-2026-cong-bo-dmttc-so-xay-dung-ttr50-73-qd-56-164-..signed639076511498221013.pdf,
1.009374,Cấp giấy phép xuất bản bản tin (địa phương),BÁO CHÍ,official_city_decision_commune_reception,True,2026-09-04,,dvcqg_name_by_code_verified,False,,False,019d2bfd-e429-77dc-839b-6cd1c196064f,3523/QĐ-UBND,https://namsach.haiphong.gov.vn/cong-khai-danh-muc-thu-tuc-hanh-chinh/cong-khai-quyet-dinh-so-3523-qd-ubnd-ngay-04-9-2026-cua-ubnd-thanh-pho-hai-phong-ve-viec-cong-bo-959292,https://cdn.haiphong.gov.vn/gov-hpg/6833/tintuc/2026/9/qd-3523-vh639241356960920960.pdf,
1.009386,Văn bản chấp thuận thay đổi nội dung ghi trong giấy phép xuất bản bản tin (địa phương),BÁO CHÍ,official_city_decision_commune_reception,True,2026-09-04,,dvcqg_name_by_code_verified,False,,False,019d2bfd-e43d-7457-b6ee-dabe91da41ec,3523/QĐ-UBND,https://namsach.haiphong.gov.vn/cong-khai-danh-muc-thu-tuc-hanh-chinh/cong-khai-quyet-dinh-so-3523-qd-ubnd-ngay-04-9-2026-cua-ubnd-thanh-pho-hai-phong-ve-viec-cong-bo-959292,https://cdn.haiphong.gov.vn/gov-hpg/6833/tintuc/2026/9/qd-3523-vh639241356960920960.pdf,
1.009394,Đăng ký xét tuyển học theo chế độ cử tuyển,GIÁO DỤC VÀ ĐÀO TẠO,official_city_decision_commune_reception,True,2026-05-09,,official_city_decision_pdf,False,,False,,1747/QĐ-UBND,https://giavien.haiphong.gov.vn/so-giao-duc-va-dao-tao-92279/quyet-dinh-so-1747-qd-ubnd-ngay-09-5-2026-cua-ubnd-thanh-pho-ve-viec-cong-khai-danh-muc-thu-tuc--900189,https://cdn.haiphong.gov.vn/gov-hpg/6798/tintuc/2026/5/qd-1747639146922033877627.pdf,
1.009444,"Gia hạn hoạt động cảng, bến thủy nội địa",HÀNG HẢI VÀ ĐƯỜNG THỦY NỘI ĐỊA,repealed_by_official_city_decision,False,,2026-09-20,official_city_decision_pdf,False,,False,,3878/QĐ-UBND,https://namsach.haiphong.gov.vn/cong-khai-danh-muc-thu-tuc-hanh-chinh/cong-khai-quyet-dinh-so-3878-qd-ubnd-ngay-20-9-2026-cua-ubnd-thanh-pho-hai-phong-ve-viec-cong-bo-968417,https://cdn.haiphong.gov.vn/gov-hpg/6833/tintuc/2026/9/qd-3838-xd-hang-hai-duong-thuy639256032077834970.pdf,Bị bãi bỏ theo 3878/QĐ-UBND
1.009449,Công bố hoạt động khu neo đậu,XÂY DỰNG,official_city_decision_commune_reception,True,2026-05-19,,official_city_decision_pdf,False,,False,,1846/QĐ-UBND,https://cathai.haiphong.gov.vn/linh-vuc-xay-dung/quyet-dinh-so-1846-qd-ubnd-ngay-19-5-2026-cua-ubnd-thanh-pho-hai-phong-v-v-cong-bo-danh-muc-thu--905913,https://cdn.haiphong.gov.vn/gov-hpg/5889/tintuc/2026/5/1846.quyet-dinh-2026-cong-bo-dm-tthc-so-xay-dung-ttr-152-153-154639155106213893753.pdf,
1.009452,Thỏa thuận thông số kỹ thuật xây dựng bến thủy nội địa,XÂY DỰNG,official_city_decision_commune_reception,True,2026-05-19,,official_city_decision_pdf,True,,False,,1846/QĐ-UBND,https://cathai.haiphong.gov.vn/linh-vuc-xay-dung/quyet-dinh-so-1846-qd-ubnd-ngay-19-5-2026-cua-ubnd-thanh-pho-hai-phong-v-v-cong-bo-danh-muc-thu--905913,https://cdn.haiphong.gov.vn/gov-hpg/5889/tintuc/2026/5/1846.quyet-dinh-2026-cong-bo-dm-tthc-so-xay-dung-ttr-152-153-154639155106213893753.pdf,
1.009453,"Thỏa thuận thông số kỹ thuật xây dựng bến khách ngang sông, bến thủy nội địa phục vụ thi công công trình chính",HÀNG HẢI VÀ ĐƯỜNG THỦY,official_city_decision_commune_reception,True,2026-05-19,,official_city_decision_pdf,True,,False,019d2bfe-6969-7309-beb8-559700c3087e,1136/QĐ-BXD; 1846/QĐ-UBND,https://cathai.haiphong.gov.vn/linh-vuc-xay-dung/quyet-dinh-so-1846-qd-ubnd-ngay-19-5-2026-cua-ubnd-thanh-pho-hai-phong-v-v-cong-bo-danh-muc-thu--905913,https://cdn.haiphong.gov.vn/gov-hpg/5889/tintuc/2026/5/1846.quyet-dinh-2026-cong-bo-dm-tthc-so-xay-dung-ttr-152-153-154639155106213893753.pdf,
1.009454,Công bố hoạt động bến thủy nội địa,HÀNG HẢI VÀ ĐƯỜNG THỦY,official_commune_evidence_no_later_repeal_in_snapshot,True,2026-08-05,,legacy_match_needs_name_recheck,True,,False,019d2bfe-698f-702b-8d82-1bd9fb9d8c8f,1136/QĐ-BXD,https://vinhbao.haiphong.gov.vn/linh-vuc-xay-dung-va-cong-thuong/quyet-dinh-cong-bo-danh-muc-thu-tuc-hanh-chinh-duoc-sua-doi-bo-sung-thay-the-bi-bai-bo-thuoc-pha-945437,https://cdn.haiphong.gov.vn/gov-hpg/6874/tintuc/2026/8/3095.quyet-dinh-2026-cong-bo-dmtthc-sua-doi-bo-sung-thay-the-bai-bo-so-xd-ttr252-..signed639217002722341280.pdf,
1.009455,"Công bố hoạt động bến khách ngang sông, bến thủy nội địa phục vụ thi công công trình chính",XÂY DỰNG,official_city_decision_commune_reception,True,2026-05-19,,official_city_decision_pdf,True,,False,,1846/QĐ-UBND,https://cathai.haiphong.gov.vn/linh-vuc-xay-dung/quyet-dinh-so-1846-qd-ubnd-ngay-19-5-2026-cua-ubnd-thanh-pho-hai-phong-v-v-cong-bo-danh-muc-thu--905913,https://cdn.haiphong.gov.vn/gov-hpg/5889/tintuc/2026/5/1846.quyet-dinh-2026-cong-bo-dm-tthc-so-xay-dung-ttr-152-153-154639155106213893753.pdf,
1.009456,Công bố hoạt động cảng thủy nội địa,XÂY DỰNG,official_city_decision_commune_reception,True,2026-05-19,,official_city_decision_pdf,False,,False,,1846/QĐ-UBND,https://cathai.haiphong.gov.vn/linh-vuc-xay-dung/quyet-dinh-so-1846-qd-ubnd-ngay-19-5-2026-cua-ubnd-thanh-pho-hai-phong-v-v-cong-bo-danh-muc-thu--905913,https://cdn.haiphong.gov.vn/gov-hpg/5889/tintuc/2026/5/1846.quyet-dinh-2026-cong-bo-dm-tthc-so-xay-dung-ttr-152-153-154639155106213893753.pdf,
1.009460,"Công bố đóng luồng đường thủy nội địa khi không có nhu cầu khai thác, sử dụng",XÂY DỰNG,official_city_decision_commune_reception,True,2026-05-19,,official_city_decision_pdf,False,,False,,1846/QĐ-UBND,https://cathai.haiphong.gov.vn/linh-vuc-xay-dung/quyet-dinh-so-1846-qd-ubnd-ngay-19-5-2026-cua-ubnd-thanh-pho-hai-phong-v-v-cong-bo-danh-muc-thu--905913,https://cdn.haiphong.gov.vn/gov-hpg/5889/tintuc/2026/5/1846.quyet-dinh-2026-cong-bo-dm-tthc-so-xay-dung-ttr-152-153-154639155106213893753.pdf,
1.009464,Công bố hạn chế giao thông đường thủy nội địa,XÂY DỰNG,official_city_decision_commune_reception,True,2026-05-19,,official_city_decision_pdf,False,,False,,1846/QĐ-UBND,https://cathai.haiphong.gov.vn/linh-vuc-xay-dung/quyet-dinh-so-1846-qd-ubnd-ngay-19-5-2026-cua-ubnd-thanh-pho-hai-phong-v-v-cong-bo-danh-muc-thu--905913,https://cdn.haiphong.gov.vn/gov-hpg/5889/tintuc/2026/5/1846.quyet-dinh-2026-cong-bo-dm-tthc-so-xay-dung-ttr-152-153-154639155106213893753.pdf,
1.009669,Tính tiền cấp quyền khai thác tài nguyên nước đối với công trình chưa vận hành được cấp giấy phép khai thác tài nguyên nước nhưng chưa được phê duyệt tiền cấp quyền,TÀI NGUYÊN NƯỚC,repealed_by_official_city_decision,False,,2026-01-29,official_city_decision_pdf,False,,False,,394/QĐ-UBND,https://sonnmt.haiphong.gov.vn/thu-tuc-hanh-chinh/quyet-dinh-so-394-qd-ubnd-ngay-29-01-2026-cua-uy-ban-nhan-dan-thanh-pho-hai-phong-cong-bo-danh-m-854758,https://cdn.haiphong.gov.vn/gov-hpg/5892/tintuc/2026/2/qd-394-ngay-29.01.2026-ubnd-hp-cong-bo-dm-tthc-sua-doi-bo-sung-thay-the-lvuc-tai-nguyen-nuoc639057127055571579.pdf,Bị bãi bỏ theo 394/QĐ-UBND
1.009788,Cho ý ki ến về kết qu ả đánh giá an toàn công trình đối với công trình xây dựng n ằm trên địa bàn tỉnh Nghị định số 207/2026/NĐ-CP ngày 15 tháng 6 năm 2026 của Chính phủ quy định chi tiết một số điều của Luật Xây dựng về quản lý,XÂY DỰNG,repealed_by_official_city_decision,False,,2026-07-06,official_city_decision_pdf,False,,False,,2577/QĐ-UBND,https://cathai.haiphong.gov.vn/linh-vuc-xay-dung-93424/quyet-dinh-so-2577-qd-ubnd-ngay-06-7-2026-cua-uy-ban-nhan-dan-thanh-pho-hai-phong-ve-viec-cong-b-929122,https://cdn.haiphong.gov.vn/gov-hpg/5889/tintuc/2026/7/quyet-dinh-2026-cong-bo-dmtthc-moi-ban-hanh-.....signed639191891199638380.pdf,Bị bãi bỏ theo 2577/QĐ-UBND
1.009832,Cấp lại thẻ giám định viên tư pháp,GIÁM ĐỊNH TƯ PHÁP,official_city_decision_commune_reception,True,2026-09-21,,official_city_decision_pdf,False,,False,,3904/QĐ-UBND,https://namsach.haiphong.gov.vn/cong-khai-danh-muc-thu-tuc-hanh-chinh/cong-khai-quyet-dinh-so-3904-qd-ubnd-ngay-21-9-2026-cua-ubnd-thanh-pho-hai-phong-ve-viec-cong-bo-969347,https://cdn.haiphong.gov.vn/gov-hpg/6833/tintuc/2026/9/qd-3904-tp-bai-bo-giam-dinh639256935655766164.pdf,
1.010010,"Đề nghị dừng thực hiện thủ tục đăng ký doanh nghiệp; thông báo hủy bỏ nghị quyết, quyết định giải thể doanh nghiệp",TÀI CHÍNH,official_city_decision_commune_reception,True,2026-08-11,,official_city_decision_pdf,False,,False,,676/QĐ-UBND; 3204/QĐ-UBND,https://cathai.haiphong.gov.vn/linh-vuc-so-tai-chinh/quyet-dinh-so-3204-qd-ubnd-ngay-11-8-2026-cua-ubnd-dac-khu-ve-viec-cong-bo-thu-tuc-hanh-chinh-du-948822,https://cdn.haiphong.gov.vn/gov-hpg/5889/tintuc/2026/8/quyet-dinh-2026-cong-bo-dmtthc-linh-vuc-dkdn-.....signed639222987278176853.pdf,
1.010023,"Thông báo hủy bỏ nghị quyết, quyết định giải thể doanh nghiệp Quyết định số 4166/QĐ-BTC ngày 15/12/2025 về việc công bố thủ tục hành chính được sửa đổi bổ sung, bị bãi bỏ trong thành lập và hoạt động của doanh nghiệp thuộc phạm vi chức",TÀI CHÍNH,repealed_by_official_city_decision,False,,2026-02-15,official_city_decision_pdf,False,,False,,676/QĐ-UBND,https://daison.haiphong.gov.vn/thu-tuc-hanh-chinh/ubnd-xa-dai-son-ban-hanh-thong-bao-so-41-tb-ubnd-cong-khai-thu-tuc-hanh-chinh-moi-ban-hanh-sua-d-866283,https://cdn.haiphong.gov.vn/gov-hpg/6792/tintuc/2026/3/quyet-dinh-2026-676-stc-cong-bo-dm-tthc-so-tai-chinh-ttr32-33-qd-92-94-..signed639083028924780394.pdf,Bị bãi bỏ theo 676/QĐ-UBND
1.010026,"Thông báo: thay đổi thông tin cổ đông là nhà đầu tư nước ngoài, cho thuê doanh nghiệp tư nhân, thay đổi người đại diện theo ủy quyền của chủ sở hữu, thành viên công ty TNHH là tổ chức, cổ đông là tổ chức nước ngoài",TÀI CHÍNH,official_city_decision_commune_reception,True,2026-08-11,,official_city_decision_pdf,False,,False,,3204/QĐ-UBND,https://cathai.haiphong.gov.vn/linh-vuc-so-tai-chinh/quyet-dinh-so-3204-qd-ubnd-ngay-11-8-2026-cua-ubnd-dac-khu-ve-viec-cong-bo-thu-tuc-hanh-chinh-du-948822,https://cdn.haiphong.gov.vn/gov-hpg/5889/tintuc/2026/8/quyet-dinh-2026-cong-bo-dmtthc-linh-vuc-dkdn-.....signed639222987278176853.pdf,
1.010029,"Thông báo về việc sáp nhập công ty trong trường hợp sau sáp nhập công ty, công ty nhận sáp nhập không thay đổi nội dung đăng ký doanh nghiệp",TÀI CHÍNH,official_city_decision_commune_reception,True,2026-08-11,,official_city_decision_pdf,False,,False,,3204/QĐ-UBND,https://cathai.haiphong.gov.vn/linh-vuc-so-tai-chinh/quyet-dinh-so-3204-qd-ubnd-ngay-11-8-2026-cua-ubnd-dac-khu-ve-viec-cong-bo-thu-tuc-hanh-chinh-du-948822,https://cdn.haiphong.gov.vn/gov-hpg/5889/tintuc/2026/8/quyet-dinh-2026-cong-bo-dmtthc-linh-vuc-dkdn-.....signed639222987278176853.pdf,
1.010091,"Hỗ trợ khám chữa bệnh, trợ cấp tai nạn cho lực lượng xung kích phòng chống thiên tai cấp xã trong trường hợp chưa tham gia bảo hiểm y tế, bảo hiểm xã hội",NÔNG NGHIỆP VÀ MÔI TRƯỜNG,official_city_decision_commune_reception,True,2026-05-25,,official_city_decision_pdf,True,,False,,1897/QĐ-UBND,https://giavien.haiphong.gov.vn/so-nong-nghiep-va-moi-truong-92289/quyet-dinh-so-1897-qd-ubnd-ngay-25-5-2026-ve-viec-cong-bo-danh-muc-thu-tuc-hanh-chinh-moi-ban-ha-904676,https://cdn.haiphong.gov.vn/gov-hpg/6798/tintuc/2026/5/qd-1897-ngay-25.5.2026-ubnd-hp-cong-bo-dm-tthc-moi-sua-doi-bo-sung-bai-bo-lvuc-bdkh-cnty-qldd-va-pctt-tl-tnn-mt-dat-dai639153846685150604.pdf,
1.010092,"Trợ cấp tiền tuất, tai nạn (đối với trường hợp tai nạn suy giảm khả năng lao động từ 5% trở lên) cho lực lượng xung kích phòng chống thiên tai cấp xã chưa tham gia bảo hiểm xã hội",NÔNG NGHIỆP VÀ MÔI TRƯỜNG,official_city_decision_commune_reception,True,2026-05-25,,official_city_decision_pdf,True,,False,,1897/QĐ-UBND,https://giavien.haiphong.gov.vn/so-nong-nghiep-va-moi-truong-92289/quyet-dinh-so-1897-qd-ubnd-ngay-25-5-2026-ve-viec-cong-bo-danh-muc-thu-tuc-hanh-chinh-moi-ban-ha-904676,https://cdn.haiphong.gov.vn/gov-hpg/6798/tintuc/2026/5/qd-1897-ngay-25.5.2026-ubnd-hp-cong-bo-dm-tthc-moi-sua-doi-bo-sung-bai-bo-lvuc-bdkh-cnty-qldd-va-pctt-tl-tnn-mt-dat-dai639153846685150604.pdf,
1.010595,Công nhận hiệu trưởng trường trung cấp tư thục Nghị định số 66/2026/NĐ-CP ngày 02/3/2026 của Chính phủ quy định chi ti ết m ột số điều của Luật,GIÁO DỤC VÀ ĐÀO TẠO,repealed_by_official_city_decision,False,,2026-04-24,official_city_decision_pdf,False,,False,,1635/QĐ-UBND,https://giavien.haiphong.gov.vn/so-giao-duc-va-dao-tao-92279/quyet-dinh-so-1635-qd-ubnd-ngay-24-4-2026-ve-viec-cong-bo-danh-muc-thu-tuc-hanh-chinh-duoc-sua-d-895607,https://cdn.haiphong.gov.vn/gov-hpg/6798/tintuc/2026/5/1635.qd-cong-bo-danh-muc-tthc-thuoc-pham-vi-chuc-nang-quan-ly-cua-so-gd-dt..signed639137600009151186.pdf,Bị bãi bỏ theo 1635/QĐ-UBND
1.010596,Thôi công nhận hiệu trưởng trường trung cấp tư thục,GIÁO DỤC VÀ ĐÀO TẠO,repealed_by_official_city_decision,False,,2026-04-24,official_city_decision_pdf,False,,False,,1635/QĐ-UBND,https://giavien.haiphong.gov.vn/so-giao-duc-va-dao-tao-92279/quyet-dinh-so-1635-qd-ubnd-ngay-24-4-2026-ve-viec-cong-bo-danh-muc-thu-tuc-hanh-chinh-duoc-sua-d-895607,https://cdn.haiphong.gov.vn/gov-hpg/6798/tintuc/2026/5/1635.qd-cong-bo-danh-muc-tthc-thuoc-pham-vi-chuc-nang-quan-ly-cua-so-gd-dt..signed639137600009151186.pdf,Bị bãi bỏ theo 1635/QĐ-UBND
1.010702,"Cấp, cấp lại Giấy phép vận tải đường bộ quốc tế ASEAN",ĐƯỜNG BỘ,official_city_decision_commune_reception,True,2026-09-03,,official_city_decision_pdf,False,,False,019d2bfe-7931-709f-811a-339f46af92a8,3508/QĐ-UBND,https://namsach.haiphong.gov.vn/cong-khai-danh-muc-thu-tuc-hanh-chinh/cong-khai-quyet-dinh-so-3508-qd-ubnd-ngay-03-9-2026-cua-ubnd-thanh-pho-hai-phong-ve-viec-cong-bo-958460,https://cdn.haiphong.gov.vn/gov-hpg/6833/tintuc/2026/9/qd-3508-xd639240506704881699.pdf,
1.010704,"Cấp, cấp lại Giấy phép liên vận ASEAN",ĐƯỜNG BỘ,official_city_decision_commune_reception,True,2026-09-03,,official_city_decision_pdf,False,,False,019d2bfe-7935-74de-b13c-0195ecae8a46,3508/QĐ-UBND,https://namsach.haiphong.gov.vn/cong-khai-danh-muc-thu-tuc-hanh-chinh/cong-khai-quyet-dinh-so-3508-qd-ubnd-ngay-03-9-2026-cua-ubnd-thanh-pho-hai-phong-ve-viec-cong-bo-958460,https://cdn.haiphong.gov.vn/gov-hpg/6833/tintuc/2026/9/qd-3508-xd639240506704881699.pdf,
1.010707,Gia hạn thời gian lưu hành tại Việt Nam cho phương tiện của các nước thực hiện các Hiệp định khung ASEAN về vận tải đường bộ qua biên giới,ĐƯỜNG BỘ,official_city_decision_commune_reception,True,2026-09-03,,official_city_decision_pdf,False,,False,019d2bfe-7933-74eb-b7fe-b6bd1c4d27ce,3508/QĐ-UBND,https://namsach.haiphong.gov.vn/cong-khai-danh-muc-thu-tuc-hanh-chinh/cong-khai-quyet-dinh-so-3508-qd-ubnd-ngay-03-9-2026-cua-ubnd-thanh-pho-hai-phong-ve-viec-cong-bo-958460,https://cdn.haiphong.gov.vn/gov-hpg/6833/tintuc/2026/9/qd-3508-xd639240506704881699.pdf,
1.010730,"Cấp lại giấy phép môi trường Nghị quyết số 66.19/2026/NQ-CP ngày 18/5/2026 của Chính phủ về cắt giảm, phân quyền, đơn giản hóa thủ tục hành chính và cắt giảm, đơn giản hóa điều kiện kinh doanh thuộc phạm vi quản lý của Bộ Nông nghiệp và Môi trường",NÔNG NGHIỆP VÀ MÔI TRƯỜNG,repealed_by_official_city_decision,False,,2026-05-25,official_city_decision_pdf,False,,False,,1897/QĐ-UBND,https://giavien.haiphong.gov.vn/so-nong-nghiep-va-moi-truong-92289/quyet-dinh-so-1897-qd-ubnd-ngay-25-5-2026-ve-viec-cong-bo-danh-muc-thu-tuc-hanh-chinh-moi-ban-ha-904676,https://cdn.haiphong.gov.vn/gov-hpg/6798/tintuc/2026/5/qd-1897-ngay-25.5.2026-ubnd-hp-cong-bo-dm-tthc-moi-sua-doi-bo-sung-bai-bo-lvuc-bdkh-cnty-qldd-va-pctt-tl-tnn-mt-dat-dai639153846685150604.pdf,Bị bãi bỏ theo 1897/QĐ-UBND
1.010733,Thẩm định báo cáo đánh giá tác động môi trường,NÔNG NGHIỆP VÀ MÔI TRƯỜNG,official_city_decision_commune_reception,True,2026-05-25,,official_city_decision_pdf,False,,False,,1897/QĐ-UBND,https://giavien.haiphong.gov.vn/so-nong-nghiep-va-moi-truong-92289/quyet-dinh-so-1897-qd-ubnd-ngay-25-5-2026-ve-viec-cong-bo-danh-muc-thu-tuc-hanh-chinh-moi-ban-ha-904676,https://cdn.haiphong.gov.vn/gov-hpg/6798/tintuc/2026/5/qd-1897-ngay-25.5.2026-ubnd-hp-cong-bo-dm-tthc-moi-sua-doi-bo-sung-bai-bo-lvuc-bdkh-cnty-qldd-va-pctt-tl-tnn-mt-dat-dai639153846685150604.pdf,
1.010735,"Thẩm định phương án cải tạo, phục hồi môi trường trong hoạt động khai thác khoáng sản (báo cáo riêng theo quy định tại khoản 2 Điều 36 Nghị định số 08/2022/NĐ-CP) Nghị quyết số 66.19/2026/NQ-CP ngày 18/5/2026 của",NÔNG NGHIỆP VÀ MÔI TRƯỜNG,repealed_by_official_city_decision,False,,2026-05-25,official_city_decision_pdf,False,,False,,1897/QĐ-UBND,https://giavien.haiphong.gov.vn/so-nong-nghiep-va-moi-truong-92289/quyet-dinh-so-1897-qd-ubnd-ngay-25-5-2026-ve-viec-cong-bo-danh-muc-thu-tuc-hanh-chinh-moi-ban-ha-904676,https://cdn.haiphong.gov.vn/gov-hpg/6798/tintuc/2026/5/qd-1897-ngay-25.5.2026-ubnd-hp-cong-bo-dm-tthc-moi-sua-doi-bo-sung-bai-bo-lvuc-bdkh-cnty-qldd-va-pctt-tl-tnn-mt-dat-dai639153846685150604.pdf,Bị bãi bỏ theo 1897/QĐ-UBND
1.010803,Giải quyết chế độ trợ cấp thờ cúng liệt sĩ,NGƯỜI CÓ CÔNG,priority51_current_official_commune_evidence,True,2026-09-07,,priority51_official_legal_verification,False,,False,019d2bfa-fc0c-7046-b5dc-04303a18608d,,https://cdn.haiphong.gov.vn/gov-hpg/6856/tintuc/2025/11/13.11.dmtthc.signed638989743120385193.pdf,https://cdn.haiphong.gov.vn/gov-hpg/6856/tintuc/2025/11/13.11.dmtthc.signed638989743120385193.pdf,
1.010824,Hưởng trợ cấp khi người có công đang hưởng trợ cấp ưu đãi từ trần,NGƯỜI CÓ CÔNG,priority51_current_official_commune_evidence,True,2026-09-07,,priority51_official_legal_verification,False,,False,019d2bfa-fc36-7611-9219-adb6dee5774f,,https://cdn.haiphong.gov.vn/gov-hpg/6856/tintuc/2025/11/13.11.dmtthc.signed638989743120385193.pdf,https://cdn.haiphong.gov.vn/gov-hpg/6856/tintuc/2025/11/13.11.dmtthc.signed638989743120385193.pdf,
1.010833,Cấp giấy xác nhận thân nhân của người có công,NGƯỜI CÓ CÔNG,priority51_current_official_commune_evidence,True,2026-09-07,,priority51_official_legal_verification,True,,False,019d2bfb-03d5-700b-9bb5-d92070224137,,https://cdn.haiphong.gov.vn/gov-hpg/6823/tintuc/2026/4/danh_muc_tthc_bo_noi_vu639109961034637945.pdf,https://cdn.haiphong.gov.vn/gov-hpg/6823/tintuc/2026/4/danh_muc_tthc_bo_noi_vu639109961034637945.pdf,
1.011441,"Đăng ký biện pháp bảo đảm bằng quyền sử dụng đất, tài sản gắn liền với đất",ĐẤT ĐAI,official_commune_evidence_no_later_repeal_in_snapshot,True,2025-08-19,,official_attachment_snippet,False,,False,019d2bfd-7e5d-7318-a451-84198f210213,2003/QĐ-TTG; 2021/QĐ-TTG; 2025/QĐ-TTG; 1334/QĐ-BTP; 1478/QĐ-UBND; 1582/QĐ-UBND; 2021/QĐ-UBND; 2128/QĐ-BNNMT; 2304/QĐ-BNNMT; 34/QĐ-BTP; 6225/QĐ-BQP,https://vinhbao.haiphong.gov.vn/linh-vuc-dat-dai/cong-khai-thu-tuc-hanh-chinh-moi-ban-hanh-duoc-sua-doi-bo-sung-linh-vuc-lam-nghiep-kiem-lam-ung--773283,https://cdn.haiphong.gov.vn/gov-hpg/6874/tintuc/2025/8/qd-3266-danh-muc-kem-theo638912181889816666.doc,
1.011442,"Đăng ký thay đổi biện pháp bảo đảm bằng quyền sử dụng đất, tài sản gắn liền với đất",ĐẤT ĐAI,official_commune_evidence_no_later_repeal_in_snapshot,True,2025-08-19,,official_attachment_snippet,False,,False,019d2bfd-7e5b-760d-9c8b-955bb35491f2,2003/QĐ-TTG; 2021/QĐ-TTG; 2025/QĐ-TTG; 1334/QĐ-BTP; 1478/QĐ-UBND; 1582/QĐ-UBND; 2021/QĐ-UBND; 2128/QĐ-BNNMT; 2304/QĐ-BNNMT; 34/QĐ-BTP; 6225/QĐ-BQP,https://vinhbao.haiphong.gov.vn/linh-vuc-dat-dai/cong-khai-thu-tuc-hanh-chinh-moi-ban-hanh-duoc-sua-doi-bo-sung-linh-vuc-lam-nghiep-kiem-lam-ung--773283,https://cdn.haiphong.gov.vn/gov-hpg/6874/tintuc/2025/8/qd-3266-danh-muc-kem-theo638912181889816666.doc,
1.011443,"Xoá Đăng ký biện pháp bảo đảm bằng quyền sử dụng đất, tài sản gắn liền với đất",ĐẤT ĐAI,official_commune_evidence_no_later_repeal_in_snapshot,True,2025-08-19,,official_attachment_snippet,False,,False,019d2bfd-7e53-77ba-aa3f-086a9b9717ba,2003/QĐ-TTG; 2021/QĐ-TTG; 2025/QĐ-TTG; 1334/QĐ-BTP; 1478/QĐ-UBND; 1582/QĐ-UBND; 2021/QĐ-UBND; 2128/QĐ-BNNMT; 2304/QĐ-BNNMT; 34/QĐ-BTP; 6225/QĐ-BQP,https://vinhbao.haiphong.gov.vn/linh-vuc-dat-dai/cong-khai-thu-tuc-hanh-chinh-moi-ban-hanh-duoc-sua-doi-bo-sung-linh-vuc-lam-nghiep-kiem-lam-ung--773283,https://cdn.haiphong.gov.vn/gov-hpg/6874/tintuc/2025/8/qd-3266-danh-muc-kem-theo638912181889816666.doc,
1.011444,"Đăng ký thông báo xử lý tài sản bảo đảm, đăng ký thay đổi, xoá Đăng ký thông báo xử lý tài sản bảo đảm là quyền sử dụng đất, tài sản gắn liền với đất",ĐẤT ĐAI,official_commune_evidence_no_later_repeal_in_snapshot,True,2025-08-19,,official_attachment_snippet,False,,False,019d2bfd-7e59-756f-b4da-ad3f815615c3,2003/QĐ-TTG; 2021/QĐ-TTG; 2025/QĐ-TTG; 1334/QĐ-BTP; 1478/QĐ-UBND; 1582/QĐ-UBND; 2021/QĐ-UBND; 2128/QĐ-BNNMT; 2304/QĐ-BNNMT; 34/QĐ-BTP; 6225/QĐ-BQP,https://vinhbao.haiphong.gov.vn/linh-vuc-dat-dai/cong-khai-thu-tuc-hanh-chinh-moi-ban-hanh-duoc-sua-doi-bo-sung-linh-vuc-lam-nghiep-kiem-lam-ung--773283,https://cdn.haiphong.gov.vn/gov-hpg/6874/tintuc/2025/8/qd-3266-danh-muc-kem-theo638912181889816666.doc,
1.011445,Chuyển tiếp đăng ký thế chấp quyền tài sản phát sinh từ hợp đồng mua bán nhà ở hoặc từ hợp đồng mua bán tài sản khác gắn liền với đất,ĐẤT ĐAI,official_commune_evidence_no_later_repeal_in_snapshot,True,2025-08-19,,official_attachment_snippet,False,,False,019d2bfd-7e52-718c-9fef-4531b08962b3,2003/QĐ-TTG; 2021/QĐ-TTG; 2025/QĐ-TTG; 1334/QĐ-BTP; 1478/QĐ-UBND; 1582/QĐ-UBND; 2021/QĐ-UBND; 2128/QĐ-BNNMT; 2304/QĐ-BNNMT; 34/QĐ-BTP; 6225/QĐ-BQP,https://vinhbao.haiphong.gov.vn/linh-vuc-dat-dai/cong-khai-thu-tuc-hanh-chinh-moi-ban-hanh-duoc-sua-doi-bo-sung-linh-vuc-lam-nghiep-kiem-lam-ung--773283,https://cdn.haiphong.gov.vn/gov-hpg/6874/tintuc/2025/8/qd-3266-danh-muc-kem-theo638912181889816666.doc,
1.011516,"Đăng ký khai thác, sử dụng nước mặt, nước biển hồ, ao, sông, suối, kênh, mương, rạch",TÀI NGUYÊN NƯỚC,repealed_by_official_city_decision,False,,2026-01-29,official_city_decision_pdf,False,,False,,394/QĐ-UBND,https://sonnmt.haiphong.gov.vn/thu-tuc-hanh-chinh/quyet-dinh-so-394-qd-ubnd-ngay-29-01-2026-cua-uy-ban-nhan-dan-thanh-pho-hai-phong-cong-bo-danh-m-854758,https://cdn.haiphong.gov.vn/gov-hpg/5892/tintuc/2026/2/qd-394-ngay-29.01.2026-ubnd-hp-cong-bo-dm-tthc-sua-doi-bo-sung-thay-the-lvuc-tai-nguyen-nuoc639057127055571579.pdf,Bị bãi bỏ theo 394/QĐ-UBND
1.011606,"Công nhận hộ nghèo, hộ cận nghèo; hộ thoát nghèo, hộ thoát cận nghèo định kỳ hằng năm",GIẢM NGHÈO,priority51_current_official_commune_evidence,True,2026-09-07,,priority51_official_legal_verification,False,,True,019d2bfa-5f68-74c6-89e9-78c8819cef86,,https://cdn.haiphong.gov.vn/gov-hpg/6812/tintuc/2025/8/quyet-dinh-2025-cong-bo-dmttc-thuc-hien-phi-dia-gioi-so-nn-va-moi-truong-ttr443-..signed638917970880695305.pdf,https://cdn.haiphong.gov.vn/gov-hpg/6812/tintuc/2025/8/quyet-dinh-2025-cong-bo-dmttc-thuc-hien-phi-dia-gioi-so-nn-va-moi-truong-ttr443-..signed638917970880695305.pdf,
1.011607,"Công nhận hộ nghèo, hộ cận nghèo thường xuyên hằng năm - Điều 2 Nghị định số 351/2025/NĐ -CP ngày 30/12/2025 của Chính phủ quy định về chuẩn nghèo đa chiều quốc gia giai đoạn 2026-2030 quy định thực hiện trong năm 2026. - Khoản 2 Điều 10",GIẢM NGHÈO,future_effective_official_decision,False,,,official_city_decision_pdf,False,,False,,3249/QĐ-UBND,https://cathai.haiphong.gov.vn/linh-vuc-giam-ngheo-93737/quyet-dinh-so-3249-qd-ubnd-ngay-14-8-2026-cua-ubnd-thanh-pho-hai-phong-ve-viec-cong-bo-danh-muc--950142,https://cdn.haiphong.gov.vn/gov-hpg/5889/tintuc/2026/8/quyet-dinh-3249-2026-cong-bo-dmtthc-linh-vuc-giam-ngheo-so-nnmt-ttr759-qd3121-.giam-ngheo.signed639226384730507031.pdf,Quyết định có hiệu lực từ 2027-01-01
1.011608,"Công nhận hộ thoát nghèo, hộ thoát c ận nghèo thường xuyên hằng năm - Điều 2 Nghị định số 351/2025/NĐ -CP ngày 30/12/2025 của Chính phủ quy định về chuẩn nghèo đa chiều quốc gia giai đoạn 2026-2030 quy định thực hiện trong năm 2026",GIẢM NGHÈO,future_effective_official_decision,False,,,official_city_decision_pdf,False,,False,,3249/QĐ-UBND,https://cathai.haiphong.gov.vn/linh-vuc-giam-ngheo-93737/quyet-dinh-so-3249-qd-ubnd-ngay-14-8-2026-cua-ubnd-thanh-pho-hai-phong-ve-viec-cong-bo-danh-muc--950142,https://cdn.haiphong.gov.vn/gov-hpg/5889/tintuc/2026/8/quyet-dinh-3249-2026-cong-bo-dmtthc-linh-vuc-giam-ngheo-so-nnmt-ttr759-qd3121-.giam-ngheo.signed639226384730507031.pdf,Quyết định có hiệu lực từ 2027-01-01
1.011609,"Công nhận hộ làm nông nghiệp, lâm nghiệp, ngư nghiệp và diêm nghiệp có mức sống trung bình",GIẢM NGHÈO,priority51_current_official_commune_evidence,True,2026-09-07,,priority51_official_legal_verification,True,,True,019d2bfa-5f79-70bf-bc74-661346debe8c,,https://cdn.haiphong.gov.vn/gov-hpg/6812/tintuc/2025/8/quyet-dinh-2025-cong-bo-dmttc-thuc-hien-phi-dia-gioi-so-nn-va-moi-truong-ttr443-..signed638917970880695305.pdf,https://cdn.haiphong.gov.vn/gov-hpg/6812/tintuc/2025/8/quyet-dinh-2025-cong-bo-dmttc-thuc-hien-phi-dia-gioi-so-nn-va-moi-truong-ttr443-..signed638917970880695305.pdf,
1.012500,"Tạm dừng hi ệu lực giấy phép thăm dò nước dưới đất, giấy phép khai thác tài nguyên nước Nghị quyết số 66.19/2026/NQ-CP ngày 18/5/2026 của Chính phủ về cắt giảm, phân quyền, đơn giản hóa thủ tục hành chính và cắt giảm, đơn giản hóa điều kiện kinh doanh",NÔNG NGHIỆP VÀ MÔI TRƯỜNG,repealed_by_official_city_decision,False,,2026-05-25,official_city_decision_pdf,False,,False,,1897/QĐ-UBND,https://giavien.haiphong.gov.vn/so-nong-nghiep-va-moi-truong-92289/quyet-dinh-so-1897-qd-ubnd-ngay-25-5-2026-ve-viec-cong-bo-danh-muc-thu-tuc-hanh-chinh-moi-ban-ha-904676,https://cdn.haiphong.gov.vn/gov-hpg/6798/tintuc/2026/5/qd-1897-ngay-25.5.2026-ubnd-hp-cong-bo-dm-tthc-moi-sua-doi-bo-sung-bai-bo-lvuc-bdkh-cnty-qldd-va-pctt-tl-tnn-mt-dat-dai639153846685150604.pdf,Bị bãi bỏ theo 1897/QĐ-UBND
1.012531,"Hỗ trợ tín dụng đầu tư trồng rừng gỗ lớn đối với chủ rừng là hộ gia đình, cá nhân",LÂM NGHIỆP,official_commune_evidence_no_later_repeal_in_snapshot,True,2026-05-14,,legacy_match_needs_name_recheck,True,,False,019d2bfa-675f-7649-b8b2-b92e5c359abf,,https://vinhbao.haiphong.gov.vn/linh-vuc-nong-nghiep-va-moi-truong/danh-muc-thu-tuc-hanh-chinh-moi-ban-hanh-sua-doi-bo-sung-bi-bai-bo-thuoc-pham-vi-chuc-nang-cua-s-899192,https://cdn.haiphong.gov.vn/gov-hpg/6874/tintuc/2026/5/noi-dung-lvuc-lam-nghiep-cap-xa639143765990263755.docx,
1.012537,"Giải quyết chế độ, chính sách cho người tham gia lực lượng tham gia bảo vệ an ninh, trật tự ở cơ sở chưa tham gia bảo hiểm y tế mà bị ốm đau, bị tai nạn, bị thương khi t",CÔNG AN,official_commune_evidence_no_later_repeal_in_snapshot,True,2025-11-07,,official_attachment_snippet,False,,False,,,https://vinhbao.haiphong.gov.vn/linh-vuc-cong-an-cap-xa/danh-muc-thu-tuc-hanh-chinh-sua-doi-bo-sung-linh-vuc-chinh-sach-thuoc-pham-vi-chuc-nang-quan-ly--807379,https://cdn.haiphong.gov.vn/gov-hpg/6874/tintuc/2025/11/danh-muc-tthc_8211_bca638981022025106572.docx,
1.012538,"Giải quyết chế độ, chính sách cho người tham gia lực lượng tham gia bảo vệ an ninh, trật tự ở cơ sở chưa tham gia bảo hiểm xã hội mà bị tai nạn, chết khi thực hiện nhiệm",CÔNG AN,official_commune_evidence_no_later_repeal_in_snapshot,True,2025-11-07,,official_attachment_snippet,False,,False,,,https://vinhbao.haiphong.gov.vn/linh-vuc-cong-an-cap-xa/danh-muc-thu-tuc-hanh-chinh-sua-doi-bo-sung-linh-vuc-chinh-sach-thuoc-pham-vi-chuc-nang-quan-ly--807379,https://cdn.haiphong.gov.vn/gov-hpg/6874/tintuc/2025/11/danh-muc-tthc_8211_bca638981022025106572.docx,
1.012605,"Thủ tục đề nghị giảng đạo ngoài địa bàn phụ trách, cơ sở tôn giáo, địa điểm hợp pháp đã đăng ký có quy mô tổ chức ở nhiều xã thuộc một tỉnh hoặc ở nhiều tỉnh",NỘI VỤ,official_commune_evidence_no_later_repeal_in_snapshot,True,2025-11-26,,official_attachment_snippet,False,,True,019d2bf8-5a12-717d-a868-c58dc882fff0,,https://vinhbao.haiphong.gov.vn/linh-vuc-noi-vu/danh-muc-thu-tuc-hanh-chinh-thuc-hien-khong-phu-thuoc-vao-dia-gioi-hanh-chinh-trong-pham-vi-than-824426,https://cdn.haiphong.gov.vn/gov-hpg/6874/tintuc/2025/11/phu-luc_sonoivu.signed639000425212465648.pdf,
1.012606,"Thủ tục đề nghị tổ chức cuộc lễ ngoài cơ sở tôn giáo, địa điểm hợp pháp đã đăng ký có quy mô tổ chức ở nhiều xã thuộc",NỘI VỤ,official_commune_evidence_no_later_repeal_in_snapshot,True,2025-11-26,,official_attachment_snippet,False,,True,019d2bf8-5a0f-70a9-b580-7cc204633442,,https://vinhbao.haiphong.gov.vn/linh-vuc-noi-vu/danh-muc-thu-tuc-hanh-chinh-thuc-hien-khong-phu-thuoc-vao-dia-gioi-hanh-chinh-trong-pham-vi-than-824426,https://cdn.haiphong.gov.vn/gov-hpg/6874/tintuc/2025/11/phu-luc_sonoivu.signed639000425212465648.pdf,
1.012607,"Thủ tục đề nghị tổ chức đại hội của tổ chức tôn giáo, tổ chức tôn giáo trực thuộc, tổ chức được cấp chứng nhận đăng ký hoạt động tôn giáo có địa bàn hoạt động ở nhiều xã",NỘI VỤ,official_commune_evidence_no_later_repeal_in_snapshot,True,2025-11-26,,official_attachment_snippet,False,,True,019d2bf8-5a0c-768d-82fb-1320736f1b61,,https://vinhbao.haiphong.gov.vn/linh-vuc-noi-vu/danh-muc-thu-tuc-hanh-chinh-thuc-hien-khong-phu-thuoc-vao-dia-gioi-hanh-chinh-trong-pham-vi-than-824426,https://cdn.haiphong.gov.vn/gov-hpg/6874/tintuc/2025/11/phu-luc_sonoivu.signed639000425212465648.pdf,
1.012629,"Thủ tục đăng ký người được bổ nhiệm, bầu cử, suy cử làm chức việc đối với các trường hợp quy định tại khoản 2 điều 34 của luật tín ngưỡng, tôn giáo",NỘI VỤ,official_commune_evidence_no_later_repeal_in_snapshot,True,2025-11-26,,official_attachment_snippet,False,,True,019d2bf8-5a4f-7549-a9ab-eae57eb5e27e,,https://vinhbao.haiphong.gov.vn/linh-vuc-noi-vu/danh-muc-thu-tuc-hanh-chinh-thuc-hien-khong-phu-thuoc-vao-dia-gioi-hanh-chinh-trong-pham-vi-than-824426,https://cdn.haiphong.gov.vn/gov-hpg/6874/tintuc/2025/11/phu-luc_sonoivu.signed639000425212465648.pdf,
1.012632,Thủ tục đề nghị cấp chứng nhận đăng ký hoạt động tôn giáo cho tổ chức có địa bàn hoạt động ở một tỉnh,NỘI VỤ,official_commune_evidence_no_later_repeal_in_snapshot,True,2025-11-26,,official_attachment_snippet,False,,True,019d2bf8-5a4e-71a3-97e1-af6865d60dbd,,https://vinhbao.haiphong.gov.vn/linh-vuc-noi-vu/danh-muc-thu-tuc-hanh-chinh-thuc-hien-khong-phu-thuoc-vao-dia-gioi-hanh-chinh-trong-pham-vi-than-824426,https://cdn.haiphong.gov.vn/gov-hpg/6874/tintuc/2025/11/phu-luc_sonoivu.signed639000425212465648.pdf,
1.012637,Thủ tục đề nghị giải thể tổ chức tôn giáo trực thuộc có địa bàn hoạt động ở một tỉnh theo quy định của hiến chương của tổ chức,NỘI VỤ,official_commune_evidence_no_later_repeal_in_snapshot,True,2025-11-26,,official_attachment_snippet,False,,True,019d2bf8-5a5c-76a9-bfdf-4f5ccfee45e3,,https://vinhbao.haiphong.gov.vn/linh-vuc-noi-vu/danh-muc-thu-tuc-hanh-chinh-thuc-hien-khong-phu-thuoc-vao-dia-gioi-hanh-chinh-trong-pham-vi-than-824426,https://cdn.haiphong.gov.vn/gov-hpg/6874/tintuc/2025/11/phu-luc_sonoivu.signed639000425212465648.pdf,
1.012639,Thủ tục đề nghị tự giải thể của tổ chức tôn giáo có địa bàn hoạt động ở một tỉnh theo quy định của hiến chương,NỘI VỤ,official_commune_evidence_no_later_repeal_in_snapshot,True,2025-11-26,,official_attachment_snippet,False,,True,019d2bf8-5a58-751a-970f-134806c407ad,,https://vinhbao.haiphong.gov.vn/linh-vuc-noi-vu/danh-muc-thu-tuc-hanh-chinh-thuc-hien-khong-phu-thuoc-vao-dia-gioi-hanh-chinh-trong-pham-vi-than-824426,https://cdn.haiphong.gov.vn/gov-hpg/6874/tintuc/2025/11/phu-luc_sonoivu.signed639000425212465648.pdf,
1.012641,Thủ tục đề nghị cấp đăng ký pháp nhân phi thương mại cho tổ chức tôn giáo trực thuộc có địa bàn hoạt động ở một tỉnh,NỘI VỤ,official_commune_evidence_no_later_repeal_in_snapshot,True,2025-11-26,,official_attachment_snippet,False,,True,019d2bf8-61e4-76fb-bfe9-167791356c9b,,https://vinhbao.haiphong.gov.vn/linh-vuc-noi-vu/danh-muc-thu-tuc-hanh-chinh-thuc-hien-khong-phu-thuoc-vao-dia-gioi-hanh-chinh-trong-pham-vi-than-824426,https://cdn.haiphong.gov.vn/gov-hpg/6874/tintuc/2025/11/phu-luc_sonoivu.signed639000425212465648.pdf,
1.012644,"Thủ tục đề nghị thay đổi trụ sở của tổ chức tôn giáo, tổ chức tôn giáo trực thuộc",NỘI VỤ,official_commune_evidence_no_later_repeal_in_snapshot,True,2025-11-26,,official_attachment_snippet,False,,True,,,https://vinhbao.haiphong.gov.vn/linh-vuc-noi-vu/danh-muc-thu-tuc-hanh-chinh-thuc-hien-khong-phu-thuoc-vao-dia-gioi-hanh-chinh-trong-pham-vi-than-824426,https://cdn.haiphong.gov.vn/gov-hpg/6874/tintuc/2025/11/phu-luc_sonoivu.signed639000425212465648.pdf,
1.012645,"Thủ tục đề nghị thay đổi tên của tổ chức tôn giáo, tổ chức tôn giáo trực thuộc có địa bàn hoạt động ở một tỉnh",NỘI VỤ,official_commune_evidence_no_later_repeal_in_snapshot,True,2025-11-26,,official_attachment_snippet,False,,True,019d2bf8-61e6-74ac-b07a-5e0c0ceafb10,,https://vinhbao.haiphong.gov.vn/linh-vuc-noi-vu/danh-muc-thu-tuc-hanh-chinh-thuc-hien-khong-phu-thuoc-vao-dia-gioi-hanh-chinh-trong-pham-vi-than-824426,https://cdn.haiphong.gov.vn/gov-hpg/6874/tintuc/2025/11/phu-luc_sonoivu.signed639000425212465648.pdf,
1.012646,"Thủ tục đề nghị mời chức sắc, nhà tu hành là người nước ngoài đến giảng đạo cho tổ chức được cấp chứng nhận đăng ký hoạt động tôn giáo ở một tỉnh",NỘI VỤ,official_commune_evidence_no_later_repeal_in_snapshot,True,2025-11-26,,official_attachment_snippet,False,,True,019d2bf8-61e4-7219-b4d5-8e363bc91efd,,https://vinhbao.haiphong.gov.vn/linh-vuc-noi-vu/danh-muc-thu-tuc-hanh-chinh-thuc-hien-khong-phu-thuoc-vao-dia-gioi-hanh-chinh-trong-pham-vi-than-824426,https://cdn.haiphong.gov.vn/gov-hpg/6874/tintuc/2025/11/phu-luc_sonoivu.signed639000425212465648.pdf,
1.012648,"Thủ tục đề nghị mời tổ chức, cá nhân nước ngoài vào Việt Nam thực hiện hoạt động tôn giáo ở một tỉnh",NỘI VỤ,official_commune_evidence_no_later_repeal_in_snapshot,True,2025-11-26,,official_attachment_snippet,False,,True,019d2bf8-61e1-72d9-90fc-600b1bf93660,,https://vinhbao.haiphong.gov.vn/linh-vuc-noi-vu/danh-muc-thu-tuc-hanh-chinh-thuc-hien-khong-phu-thuoc-vao-dia-gioi-hanh-chinh-trong-pham-vi-than-824426,https://cdn.haiphong.gov.vn/gov-hpg/6874/tintuc/2025/11/phu-luc_sonoivu.signed639000425212465648.pdf,
1.012653,Thủ tục đề nghị thay đổi địa điểm sinh hoạt tôn giáo tập trung của người nước ngoài cư trú hợp pháp tại Việt Nam đến địa bàn tỉnh khác,NỘI VỤ,official_commune_evidence_no_later_repeal_in_snapshot,True,2025-11-26,,official_attachment_snippet,False,,True,019d2bf8-61e8-7716-80eb-1806c7de5898,,https://vinhbao.haiphong.gov.vn/linh-vuc-noi-vu/danh-muc-thu-tuc-hanh-chinh-thuc-hien-khong-phu-thuoc-vao-dia-gioi-hanh-chinh-trong-pham-vi-than-824426,https://cdn.haiphong.gov.vn/gov-hpg/6874/tintuc/2025/11/phu-luc_sonoivu.signed639000425212465648.pdf,
1.012655,"Thủ tục đề nghị mời chức sắc, nhà tu hành là người nước ngoài đến giảng đạo cho nhóm người nước ngoài sinh hoạt tôn giáo tập trung",NỘI VỤ,official_commune_evidence_no_later_repeal_in_snapshot,True,2025-11-26,,official_attachment_snippet,False,,True,019d2bf8-61df-7214-8cb3-c0b86d7a65fa,,https://vinhbao.haiphong.gov.vn/linh-vuc-noi-vu/danh-muc-thu-tuc-hanh-chinh-thuc-hien-khong-phu-thuoc-vao-dia-gioi-hanh-chinh-trong-pham-vi-than-824426,https://cdn.haiphong.gov.vn/gov-hpg/6874/tintuc/2025/11/phu-luc_sonoivu.signed639000425212465648.pdf,
1.012656,Thủ tục đề nghị thay đổi địa điểm sinh hoạt tôn giáo tập trung của người nước ngoài cư trú hợp pháp tại Việt Nam trong địa bàn một tỉnh,NỘI VỤ,official_commune_evidence_no_later_repeal_in_snapshot,True,2025-11-26,,official_attachment_snippet,False,,True,019d2bf8-61f5-76fe-abd6-1d28d4763df7,,https://vinhbao.haiphong.gov.vn/linh-vuc-noi-vu/danh-muc-thu-tuc-hanh-chinh-thuc-hien-khong-phu-thuoc-vao-dia-gioi-hanh-chinh-trong-pham-vi-than-824426,https://cdn.haiphong.gov.vn/gov-hpg/6874/tintuc/2025/11/phu-luc_sonoivu.signed639000425212465648.pdf,
1.012657,Thủ tục đăng ký thay đổi người đại diện của nhóm sinh hoạt tôn giáo tập trung của người nước ngoài cư trú hợp pháp tại Việt Nam,NỘI VỤ,official_commune_evidence_no_later_repeal_in_snapshot,True,2025-11-26,,official_attachment_snippet,False,,True,019d2bf8-61f6-77e8-a1db-574066abf644,,https://vinhbao.haiphong.gov.vn/linh-vuc-noi-vu/danh-muc-thu-tuc-hanh-chinh-thuc-hien-khong-phu-thuoc-vao-dia-gioi-hanh-chinh-trong-pham-vi-than-824426,https://cdn.haiphong.gov.vn/gov-hpg/6874/tintuc/2025/11/phu-luc_sonoivu.signed639000425212465648.pdf,
1.012658,Thủ tục đề nghị sinh hoạt tôn giáo tập trung của người nước ngoài cư trú hợp pháp tại Việt Nam,NỘI VỤ,official_commune_evidence_no_later_repeal_in_snapshot,True,2025-11-26,,official_attachment_snippet,False,,True,019d2bf8-61f8-778a-9cd3-345974eeb7d7,,https://vinhbao.haiphong.gov.vn/linh-vuc-noi-vu/danh-muc-thu-tuc-hanh-chinh-thuc-hien-khong-phu-thuoc-vao-dia-gioi-hanh-chinh-trong-pham-vi-than-824426,https://cdn.haiphong.gov.vn/gov-hpg/6874/tintuc/2025/11/phu-luc_sonoivu.signed639000425212465648.pdf,
1.012659,"Thủ tục đăng ký thuyên chuyển chức sắc, chức việc, nhà tu hành là người đang bị buộc tội hoặc người chưa được xóa án tích",NỘI VỤ,official_commune_evidence_no_later_repeal_in_snapshot,True,2025-11-26,,official_attachment_snippet,False,,True,019d2bf8-6214-7533-b0ec-7fd6b46b2a84,,https://vinhbao.haiphong.gov.vn/linh-vuc-noi-vu/danh-muc-thu-tuc-hanh-chinh-thuc-hien-khong-phu-thuoc-vao-dia-gioi-hanh-chinh-trong-pham-vi-than-824426,https://cdn.haiphong.gov.vn/gov-hpg/6874/tintuc/2025/11/phu-luc_sonoivu.signed639000425212465648.pdf,
1.012660,Thủ tục đề nghị cho người nước ngoài học tại cơ sở đào tạo tôn giáo ở Việt Nam,NỘI VỤ,official_commune_evidence_no_later_repeal_in_snapshot,True,2025-11-26,,official_attachment_snippet,False,,True,019d2bf8-6203-75c6-8626-9519010a4ff1,,https://vinhbao.haiphong.gov.vn/linh-vuc-noi-vu/danh-muc-thu-tuc-hanh-chinh-thuc-hien-khong-phu-thuoc-vao-dia-gioi-hanh-chinh-trong-pham-vi-than-824426,https://cdn.haiphong.gov.vn/gov-hpg/6874/tintuc/2025/11/phu-luc_sonoivu.signed639000425212465648.pdf,
1.012661,"Thủ tục đề nghị thành lập, chia, tách, sáp nhập, hợp nhất tổ chức tôn giáo trực thuộc có địa bàn hoạt động ở một tỉnh",NỘI VỤ,official_commune_evidence_no_later_repeal_in_snapshot,True,2025-11-26,,official_attachment_snippet,False,,True,019d2bf8-6203-72af-99dc-037f855a0a02,,https://vinhbao.haiphong.gov.vn/linh-vuc-noi-vu/danh-muc-thu-tuc-hanh-chinh-thuc-hien-khong-phu-thuoc-vao-dia-gioi-hanh-chinh-trong-pham-vi-than-824426,https://cdn.haiphong.gov.vn/gov-hpg/6874/tintuc/2025/11/phu-luc_sonoivu.signed639000425212465648.pdf,
1.012664,Thủ tục đăng ký sửa đổi hiến chương của tổ chức tôn giáo có địa bàn hoạt động ở một tỉnh,NỘI VỤ,official_commune_evidence_no_later_repeal_in_snapshot,True,2025-11-26,,official_attachment_snippet,False,,True,019d2bf8-6208-73ab-9e84-44ffbea4fadb,,https://vinhbao.haiphong.gov.vn/linh-vuc-noi-vu/danh-muc-thu-tuc-hanh-chinh-thuc-hien-khong-phu-thuoc-vao-dia-gioi-hanh-chinh-trong-pham-vi-than-824426,https://cdn.haiphong.gov.vn/gov-hpg/6874/tintuc/2025/11/phu-luc_sonoivu.signed639000425212465648.pdf,
1.012672,Thủ tục đề nghị công nhận tổ chức tôn giáo có địa bàn hoạt động ở một tỉnh,NỘI VỤ,official_commune_evidence_no_later_repeal_in_snapshot,True,2025-11-26,,official_attachment_snippet,False,,True,019d2bf8-622a-704b-929b-0e9b8f54343f,,https://vinhbao.haiphong.gov.vn/linh-vuc-noi-vu/danh-muc-thu-tuc-hanh-chinh-thuc-hien-khong-phu-thuoc-vao-dia-gioi-hanh-chinh-trong-pham-vi-than-824426,https://cdn.haiphong.gov.vn/gov-hpg/6874/tintuc/2025/11/phu-luc_sonoivu.signed639000425212465648.pdf,
1.012687,Điều chỉnh phân khu chức năng của khu rừng đặc dụng thuộc địa phương quản lý,NÔNG NGHIỆP VÀ MÔI TRƯỜNG,official_city_decision_commune_reception,True,2026-02-07,,official_city_decision_pdf,False,,False,,541/QĐ-UBND,https://cathai.haiphong.gov.vn/bao-ton-thien-nhien-va-da-dang-sinh-hoc/quyet-dinh-so-541-qd-ubnd-ngay-7-2-2026-cua-ubnd-thanh-pho-v-v-cong-khai-thu-tuc-hanh-chinh-moi--859548,https://cdn.haiphong.gov.vn/gov-hpg/5889/tintuc/2026/2/quyet-dinh-2026-cong-bo-dmttc-so-nn-va-mt-ttr87-qdbnnmt-339-364-375-379-..signed639065923231925699.pdf,
1.012689,Quyết định chuyển mục đích sử dụng rừng sang mục đích khác đối với tổ chức,NÔNG NGHIỆP VÀ MÔI TRƯỜNG,official_city_decision_commune_reception,True,2026-02-07,,official_city_decision_pdf,False,,False,,541/QĐ-UBND,https://cathai.haiphong.gov.vn/bao-ton-thien-nhien-va-da-dang-sinh-hoc/quyet-dinh-so-541-qd-ubnd-ngay-7-2-2026-cua-ubnd-thanh-pho-v-v-cong-khai-thu-tuc-hanh-chinh-moi--859548,https://cdn.haiphong.gov.vn/gov-hpg/5889/tintuc/2026/2/quyet-dinh-2026-cong-bo-dmttc-so-nn-va-mt-ttr87-qdbnnmt-339-364-375-379-..signed639065923231925699.pdf,
1.012690,Phê duyệt phương án sử dụng rừng để xây dựng các công trình kết cấu hạ tầng phục vụ bảo vệ và phát triển rừng thuộc địa phương quản lý,NÔNG NGHIỆP VÀ MÔI TRƯỜNG,official_city_decision_commune_reception,True,2026-02-07,,official_city_decision_pdf,False,,False,,541/QĐ-UBND,https://cathai.haiphong.gov.vn/bao-ton-thien-nhien-va-da-dang-sinh-hoc/quyet-dinh-so-541-qd-ubnd-ngay-7-2-2026-cua-ubnd-thanh-pho-v-v-cong-khai-thu-tuc-hanh-chinh-moi--859548,https://cdn.haiphong.gov.vn/gov-hpg/5889/tintuc/2026/2/quyet-dinh-2026-cong-bo-dmttc-so-nn-va-mt-ttr87-qdbnnmt-339-364-375-379-..signed639065923231925699.pdf,
1.012694,Chuyển mục đích sử dụng rừng sang mục đích khác đối với cá nhân,NÔNG NGHIỆP VÀ MÔI TRƯỜNG,official_city_decision_commune_reception,True,2026-02-07,,official_city_decision_pdf,True,,False,,541/QĐ-UBND,https://cathai.haiphong.gov.vn/bao-ton-thien-nhien-va-da-dang-sinh-hoc/quyet-dinh-so-541-qd-ubnd-ngay-7-2-2026-cua-ubnd-thanh-pho-v-v-cong-khai-thu-tuc-hanh-chinh-moi--859548,https://cdn.haiphong.gov.vn/gov-hpg/5889/tintuc/2026/2/quyet-dinh-2026-cong-bo-dmttc-so-nn-va-mt-ttr87-qdbnnmt-339-364-375-379-..signed639065923231925699.pdf,
1.012753,"Đăng ký đất đai, tài sản gắn liền với đất, cấp Giấy chứng nhận quyền sử dụng đất, quyền sở hữu tài sản gắn liền với đất lần đầu đối với tổ chức đang sử dụng đất",ĐẤT ĐAI,official_commune_evidence_no_later_repeal_in_snapshot,True,2025-08-19,,dvcqg_name_by_code_verified,True,1.0,False,019d2bfa-6eeb-7460-9097-1804edf38aec,15/QĐ-UBND,https://vinhbao.haiphong.gov.vn/linh-vuc-dat-dai/cong-khai-thu-tuc-hanh-chinh-moi-ban-hanh-duoc-sua-doi-bo-sung-linh-vuc-lam-nghiep-kiem-lam-ung--773283,https://cdn.haiphong.gov.vn/gov-hpg/6874/tintuc/2025/8/noi-dung-linh-vuc-dat-dai-cap-xa638912181802758696.docx,
1.012756,Đăng ký đất đai lần đầu đối với trường hợp được Nhà nước giao đất để quản lý,ĐẤT ĐAI,official_commune_evidence_no_later_repeal_in_snapshot,True,2025-08-19,,official_attachment_snippet,False,,False,019d2bfa-6ef6-721c-8d2f-7fca1fdbfa3c,2003/QĐ-TTG; 2021/QĐ-TTG; 2025/QĐ-TTG; 1334/QĐ-BTP; 1478/QĐ-UBND; 1582/QĐ-UBND; 2021/QĐ-UBND; 2128/QĐ-BNNMT; 2304/QĐ-BNNMT; 34/QĐ-BTP; 6225/QĐ-BQP,https://vinhbao.haiphong.gov.vn/linh-vuc-dat-dai/cong-khai-thu-tuc-hanh-chinh-moi-ban-hanh-duoc-sua-doi-bo-sung-linh-vuc-lam-nghiep-kiem-lam-ung--773283,https://cdn.haiphong.gov.vn/gov-hpg/6874/tintuc/2025/8/qd-3266-danh-muc-kem-theo638912181889816666.doc,
1.012766,"Xóa đăng ký thuê, cho thuê lại quyền sử dụng đất trong dự án xây dựng kinh doanh kết cấu hạ tầng",ĐẤT ĐAI,official_commune_evidence_no_later_repeal_in_snapshot,True,2025-08-19,,official_attachment_snippet,False,,False,019d2bfa-6f11-772a-8dda-5bf1a8d83029,2003/QĐ-TTG; 2021/QĐ-TTG; 2025/QĐ-TTG; 1334/QĐ-BTP; 1478/QĐ-UBND; 1582/QĐ-UBND; 2021/QĐ-UBND; 2128/QĐ-BNNMT; 2304/QĐ-BNNMT; 34/QĐ-BTP; 6225/QĐ-BQP,https://vinhbao.haiphong.gov.vn/linh-vuc-dat-dai/cong-khai-thu-tuc-hanh-chinh-moi-ban-hanh-duoc-sua-doi-bo-sung-linh-vuc-lam-nghiep-kiem-lam-ung--773283,https://cdn.haiphong.gov.vn/gov-hpg/6874/tintuc/2025/8/qd-3266-danh-muc-kem-theo638912181889816666.doc,
1.012781,"Đăng ký, cấp Giấy chứng nhận đối với thửa đất có diện tích tăng thêm do thay đổi ranh giới so với Giấy chứng nhận đã cấp",ĐẤT ĐAI,official_commune_evidence_no_later_repeal_in_snapshot,True,2025-08-19,,official_attachment_snippet,False,,False,019d2bfa-6f56-7319-be2d-b8dad4668ce3,2003/QĐ-TTG; 2021/QĐ-TTG; 2025/QĐ-TTG; 1334/QĐ-BTP; 1478/QĐ-UBND; 1582/QĐ-UBND; 2021/QĐ-UBND; 2128/QĐ-BNNMT; 2304/QĐ-BNNMT; 34/QĐ-BTP; 6225/QĐ-BQP,https://vinhbao.haiphong.gov.vn/linh-vuc-dat-dai/cong-khai-thu-tuc-hanh-chinh-moi-ban-hanh-duoc-sua-doi-bo-sung-linh-vuc-lam-nghiep-kiem-lam-ung--773283,https://cdn.haiphong.gov.vn/gov-hpg/6874/tintuc/2025/8/qd-3266-danh-muc-kem-theo638912181889816666.doc,
1.012782,"Đăng ký, cấp Giấy chứng nhận đối với trường hợp cá nhân, hộ gia đình đã được cấp Giấy chứng nhận một phần diện tích vào loại đất ở trước",ĐẤT ĐAI,official_commune_evidence_no_later_repeal_in_snapshot,True,2025-08-19,,official_attachment_snippet,False,,False,019d2bfa-6f6c-7009-bce8-877375012f82,2003/QĐ-TTG; 2021/QĐ-TTG; 2025/QĐ-TTG; 1334/QĐ-BTP; 1478/QĐ-UBND; 1582/QĐ-UBND; 2021/QĐ-UBND; 2128/QĐ-BNNMT; 2304/QĐ-BNNMT; 34/QĐ-BTP; 6225/QĐ-BQP,https://vinhbao.haiphong.gov.vn/linh-vuc-dat-dai/cong-khai-thu-tuc-hanh-chinh-moi-ban-hanh-duoc-sua-doi-bo-sung-linh-vuc-lam-nghiep-kiem-lam-ung--773283,https://cdn.haiphong.gov.vn/gov-hpg/6874/tintuc/2025/8/qd-3266-danh-muc-kem-theo638912181889816666.doc,
1.012783,"Cấp đổi Giấy chứng nhận quyền sử dụng đất, quyền sở hữu tài sản gắn liền với đất",ĐẤT ĐAI,official_commune_evidence_no_later_repeal_in_snapshot,True,2025-08-19,,official_attachment_snippet,False,,False,019d2bfa-6f3b-7238-9e41-307101b01795,2003/QĐ-TTG; 2021/QĐ-TTG; 2025/QĐ-TTG; 1334/QĐ-BTP; 1478/QĐ-UBND; 1582/QĐ-UBND; 2021/QĐ-UBND; 2128/QĐ-BNNMT; 2304/QĐ-BNNMT; 34/QĐ-BTP; 6225/QĐ-BQP,https://vinhbao.haiphong.gov.vn/linh-vuc-dat-dai/cong-khai-thu-tuc-hanh-chinh-moi-ban-hanh-duoc-sua-doi-bo-sung-linh-vuc-lam-nghiep-kiem-lam-ung--773283,https://cdn.haiphong.gov.vn/gov-hpg/6874/tintuc/2025/8/qd-3266-danh-muc-kem-theo638912181889816666.doc,
1.012784,Tách thửa hoặc hợp thửa đất,ĐẤT ĐAI,official_commune_evidence_no_later_repeal_in_snapshot,True,2025-08-19,,official_attachment_snippet,False,,False,019d2bfa-6f5d-72e6-9a68-ab8e3ba11c8b,2003/QĐ-TTG; 2021/QĐ-TTG; 2025/QĐ-TTG; 1334/QĐ-BTP; 1478/QĐ-UBND; 1582/QĐ-UBND; 2021/QĐ-UBND; 2128/QĐ-BNNMT; 2304/QĐ-BNNMT; 34/QĐ-BTP; 6225/QĐ-BQP,https://vinhbao.haiphong.gov.vn/linh-vuc-dat-dai/cong-khai-thu-tuc-hanh-chinh-moi-ban-hanh-duoc-sua-doi-bo-sung-linh-vuc-lam-nghiep-kiem-lam-ung--773283,https://cdn.haiphong.gov.vn/gov-hpg/6874/tintuc/2025/8/qd-3266-danh-muc-kem-theo638912181889816666.doc,
1.012785,"Đăng ký, cấp Giấy chứng nhận đối với trường hợp đã chuyển quyền sử dụng đất trước",ĐẤT ĐAI,official_commune_evidence_no_later_repeal_in_snapshot,True,2025-08-19,,official_attachment_snippet,False,,False,019d2bfa-76ca-737a-845d-2e8fff8a93ed,2003/QĐ-TTG; 2021/QĐ-TTG; 2025/QĐ-TTG; 1334/QĐ-BTP; 1478/QĐ-UBND; 1582/QĐ-UBND; 2021/QĐ-UBND; 2128/QĐ-BNNMT; 2304/QĐ-BNNMT; 34/QĐ-BTP; 6225/QĐ-BQP,https://vinhbao.haiphong.gov.vn/linh-vuc-dat-dai/cong-khai-thu-tuc-hanh-chinh-moi-ban-hanh-duoc-sua-doi-bo-sung-linh-vuc-lam-nghiep-kiem-lam-ung--773283,https://cdn.haiphong.gov.vn/gov-hpg/6874/tintuc/2025/8/qd-3266-danh-muc-kem-theo638912181889816666.doc,
1.012786,Cấp lại Giấy chứng nhận do bị mất,ĐẤT ĐAI,official_commune_evidence_no_later_repeal_in_snapshot,True,2025-08-19,,official_attachment_snippet,False,,False,019d2bfa-76c7-75db-b936-ff88fe49d880,2003/QĐ-TTG; 2021/QĐ-TTG; 2025/QĐ-TTG; 1334/QĐ-BTP; 1478/QĐ-UBND; 1582/QĐ-UBND; 2021/QĐ-UBND; 2128/QĐ-BNNMT; 2304/QĐ-BNNMT; 34/QĐ-BTP; 6225/QĐ-BQP,https://vinhbao.haiphong.gov.vn/linh-vuc-dat-dai/cong-khai-thu-tuc-hanh-chinh-moi-ban-hanh-duoc-sua-doi-bo-sung-linh-vuc-lam-nghiep-kiem-lam-ung--773283,https://cdn.haiphong.gov.vn/gov-hpg/6874/tintuc/2025/8/qd-3266-danh-muc-kem-theo638912181889816666.doc,
1.012787,"Đăng ký, cấp Giấy chứng nhận quyền sử dụng đất, quyền sở hữu tài sản gắn liền với đất cho người nhận chuyển nhượng quyền sử dụng đất, quyền sở hữu nhà ở, công trình xây",ĐẤT ĐAI,official_commune_evidence_no_later_repeal_in_snapshot,True,2025-08-19,,official_attachment_snippet,False,,False,019d2bfa-76cb-741b-996e-2b45f564b292,2003/QĐ-TTG; 2021/QĐ-TTG; 2025/QĐ-TTG; 1334/QĐ-BTP; 1478/QĐ-UBND; 1582/QĐ-UBND; 2021/QĐ-UBND; 2128/QĐ-BNNMT; 2304/QĐ-BNNMT; 34/QĐ-BTP; 6225/QĐ-BQP,https://vinhbao.haiphong.gov.vn/linh-vuc-dat-dai/cong-khai-thu-tuc-hanh-chinh-moi-ban-hanh-duoc-sua-doi-bo-sung-linh-vuc-lam-nghiep-kiem-lam-ung--773283,https://cdn.haiphong.gov.vn/gov-hpg/6874/tintuc/2025/8/qd-3266-danh-muc-kem-theo638912181889816666.doc,
1.012789,"Cung cấp thông tin, dữ liệu đất đai",ĐẤT ĐAI,repealed_by_official_city_decision,False,,2026-05-25,dvcqg_name_by_code_verified,False,,False,,1897/QĐ-UBND,https://giavien.haiphong.gov.vn/so-nong-nghiep-va-moi-truong-92289/quyet-dinh-so-1897-qd-ubnd-ngay-25-5-2026-ve-viec-cong-bo-danh-muc-thu-tuc-hanh-chinh-moi-ban-ha-904676,https://cdn.haiphong.gov.vn/gov-hpg/6798/tintuc/2026/5/qd-1897-ngay-25.5.2026-ubnd-hp-cong-bo-dm-tthc-moi-sua-doi-bo-sung-bai-bo-lvuc-bdkh-cnty-qldd-va-pctt-tl-tnn-mt-dat-dai639153846685150604.pdf,Bị bãi bỏ theo 1897/QĐ-UBND
1.012790,Đính chính Giấy chứng nhận đã cấp,ĐẤT ĐAI,official_commune_evidence_no_later_repeal_in_snapshot,True,2025-08-19,,official_attachment_snippet,False,,False,019d2bfa-76cb-741b-996e-2fec707cd623,2003/QĐ-TTG; 2021/QĐ-TTG; 2025/QĐ-TTG; 1334/QĐ-BTP; 1478/QĐ-UBND; 1582/QĐ-UBND; 2021/QĐ-UBND; 2128/QĐ-BNNMT; 2304/QĐ-BNNMT; 34/QĐ-BTP; 6225/QĐ-BQP,https://vinhbao.haiphong.gov.vn/linh-vuc-dat-dai/cong-khai-thu-tuc-hanh-chinh-moi-ban-hanh-duoc-sua-doi-bo-sung-linh-vuc-lam-nghiep-kiem-lam-ung--773283,https://cdn.haiphong.gov.vn/gov-hpg/6874/tintuc/2025/8/qd-3266-danh-muc-kem-theo638912181889816666.doc,
1.012791,"Thu hồi Giấy chứng nhận đã cấp không đúng quy định của pháp luật đất đai do người sử dụng đất, chủ sở hữu tài sản gắn liền với đất phát hiện và cấp lại Giấy chứng nhận s",ĐẤT ĐAI,official_commune_evidence_no_later_repeal_in_snapshot,True,2025-08-19,,official_attachment_snippet,False,,False,019d2bfa-76ca-737a-845d-335f0de1a543,2003/QĐ-TTG; 2021/QĐ-TTG; 2025/QĐ-TTG; 1334/QĐ-BTP; 1478/QĐ-UBND; 1582/QĐ-UBND; 2021/QĐ-UBND; 2128/QĐ-BNNMT; 2304/QĐ-BNNMT; 34/QĐ-BTP; 6225/QĐ-BQP,https://vinhbao.haiphong.gov.vn/linh-vuc-dat-dai/cong-khai-thu-tuc-hanh-chinh-moi-ban-hanh-duoc-sua-doi-bo-sung-linh-vuc-lam-nghiep-kiem-lam-ung--773283,https://cdn.haiphong.gov.vn/gov-hpg/6874/tintuc/2025/8/qd-3266-danh-muc-kem-theo638912181889816666.doc,
1.012793,Đăng ký biến động đối với trường hợp thành viên của hộ gia đình hoặc cá nhân đang sử dụng đất thành lập doanh nghiệp tư nhân và sử dụng đất vào hoạt động sản xuất kinh d,ĐẤT ĐAI,official_commune_evidence_no_later_repeal_in_snapshot,True,2025-08-19,,official_attachment_snippet,False,,False,019d2bfa-76c2-7591-be46-1d313830b2e4,2003/QĐ-TTG; 2021/QĐ-TTG; 2025/QĐ-TTG; 1334/QĐ-BTP; 1478/QĐ-UBND; 1582/QĐ-UBND; 2021/QĐ-UBND; 2128/QĐ-BNNMT; 2304/QĐ-BNNMT; 34/QĐ-BTP; 6225/QĐ-BQP,https://vinhbao.haiphong.gov.vn/linh-vuc-dat-dai/cong-khai-thu-tuc-hanh-chinh-moi-ban-hanh-duoc-sua-doi-bo-sung-linh-vuc-lam-nghiep-kiem-lam-ung--773283,https://cdn.haiphong.gov.vn/gov-hpg/6874/tintuc/2025/8/qd-3266-danh-muc-kem-theo638912181889816666.doc,
1.012796,Đính chính Giấy chứng nhận đã cấp lần đầu có sai sót,ĐẤT ĐAI,official_commune_evidence_no_later_repeal_in_snapshot,True,2025-08-19,,official_attachment_snippet,True,1.0,False,019d2bfa-76cb-741b-996e-33d1ef50be50,15/QĐ-UBND; 1334/QĐ-BTP; 1478/QĐ-UBND; 1582/QĐ-UBND; 2021/QĐ-TTG; 2021/QĐ-UBND; 2128/QĐ-BNNMT; 2304/QĐ-BNNMT; 34/QĐ-BTP; 6225/QĐ-BQP,https://vinhbao.haiphong.gov.vn/linh-vuc-dat-dai/cong-khai-thu-tuc-hanh-chinh-moi-ban-hanh-duoc-sua-doi-bo-sung-linh-vuc-lam-nghiep-kiem-lam-ung--773283,https://cdn.haiphong.gov.vn/gov-hpg/6874/tintuc/2025/8/noi-dung-linh-vuc-dat-dai-cap-xa638912181802758696.docx,
1.012805,Giải quyết tranh chấp đất đai thuộc thẩm quyền của Chủ tịch Ủy ban nhân cấp tỉnh,ĐẤT ĐAI,official_commune_evidence_no_later_repeal_in_snapshot,True,2025-08-19,,official_attachment_snippet,False,,False,019d2bfa-76e1-75b6-8e78-65c96f208837,2003/QĐ-TTG; 2021/QĐ-TTG; 2025/QĐ-TTG; 1334/QĐ-BTP; 1478/QĐ-UBND; 1582/QĐ-UBND; 2021/QĐ-UBND; 2128/QĐ-BNNMT; 2304/QĐ-BNNMT; 34/QĐ-BTP; 6225/QĐ-BQP,https://vinhbao.haiphong.gov.vn/linh-vuc-dat-dai/cong-khai-thu-tuc-hanh-chinh-moi-ban-hanh-duoc-sua-doi-bo-sung-linh-vuc-lam-nghiep-kiem-lam-ung--773283,https://cdn.haiphong.gov.vn/gov-hpg/6874/tintuc/2025/8/qd-3266-danh-muc-kem-theo638912181889816666.doc,
1.012812,Hòa giải tranh chấp đất đai,ĐẤT ĐAI,official_commune_evidence_no_later_repeal_in_snapshot,True,2025-08-19,,dvcqg_name_by_code_verified,True,1.0,False,019d2bfa-76e6-7468-b6f2-3d412e902b88,15/QĐ-UBND; 2003/QĐ-TTG; 2021/QĐ-TTG; 2025/QĐ-TTG,https://vinhbao.haiphong.gov.vn/linh-vuc-dat-dai/cong-khai-thu-tuc-hanh-chinh-moi-ban-hanh-duoc-sua-doi-bo-sung-linh-vuc-lam-nghiep-kiem-lam-ung--773283,https://cdn.haiphong.gov.vn/gov-hpg/6874/tintuc/2025/8/noi-dung-linh-vuc-dat-dai-cap-xa638912181802758696.docx,
1.012817,"Xác định lại diện tích đất ở của hộ gia đình, cá nhân đã được cấp Giấy chứng nhận trước ngày 01 tháng 7 năm 2004",ĐẤT ĐAI,official_commune_evidence_no_later_repeal_in_snapshot,True,2025-08-19,,dvcqg_name_by_code_verified,True,1.0,False,019d2bfa-76ef-752f-a5e5-ff4ce5737bb1,15/QĐ-UBND; 1334/QĐ-BTP; 1478/QĐ-UBND; 1582/QĐ-UBND; 2021/QĐ-TTG; 2021/QĐ-UBND; 2128/QĐ-BNNMT; 2304/QĐ-BNNMT; 34/QĐ-BTP; 6225/QĐ-BQP,https://vinhbao.haiphong.gov.vn/linh-vuc-dat-dai/cong-khai-thu-tuc-hanh-chinh-moi-ban-hanh-duoc-sua-doi-bo-sung-linh-vuc-lam-nghiep-kiem-lam-ung--773283,https://cdn.haiphong.gov.vn/gov-hpg/6874/tintuc/2025/8/noi-dung-linh-vuc-dat-dai-cap-xa638912181802758696.docx,
1.012818,"Thu hồi Giấy chứng nhận đã cấp lần đầu không đúng quy định của pháp luật đất đai do người sử dụng đất, chủ sở hữu tài sản gắn liền với đất phát hiện và cấp lại Giấy chứng nhận sau khi thu hồi",ĐẤT ĐAI,official_commune_evidence_no_later_repeal_in_snapshot,True,2025-08-19,,dvcqg_name_by_code_verified,True,1.0,False,019d2bfa-76e6-7468-b6f2-417e588578f5,15/QĐ-UBND,https://vinhbao.haiphong.gov.vn/linh-vuc-dat-dai/cong-khai-thu-tuc-hanh-chinh-moi-ban-hanh-duoc-sua-doi-bo-sung-linh-vuc-lam-nghiep-kiem-lam-ung--773283,https://cdn.haiphong.gov.vn/gov-hpg/6874/tintuc/2025/8/noi-dung-linh-vuc-dat-dai-cap-xa638912181802758696.docx,
1.012821,"Thẩm định, phê duyệt phương án sử dụng đất",ĐẤT ĐAI,official_commune_evidence_no_later_repeal_in_snapshot,True,2025-08-19,,official_attachment_snippet,False,,False,019d2bfa-76f0-7068-baca-7e6fa3fe5598,2003/QĐ-TTG; 2021/QĐ-TTG; 2025/QĐ-TTG; 1334/QĐ-BTP; 1478/QĐ-UBND; 1582/QĐ-UBND; 2021/QĐ-UBND; 2128/QĐ-BNNMT; 2304/QĐ-BNNMT; 34/QĐ-BTP; 6225/QĐ-BQP,https://vinhbao.haiphong.gov.vn/linh-vuc-dat-dai/cong-khai-thu-tuc-hanh-chinh-moi-ban-hanh-duoc-sua-doi-bo-sung-linh-vuc-lam-nghiep-kiem-lam-ung--773283,https://cdn.haiphong.gov.vn/gov-hpg/6874/tintuc/2025/8/qd-3266-danh-muc-kem-theo638912181889816666.doc,
1.012884,"Thủ tục thông báo đơn vị đủ điều kiện quản lý vận hành nhà chung cư. Nghị quyết số 66.18/2026/NQ CP ngày 18/5/2026 của Chính phủ về phân quyền, cắt giảm, đơn giản hoá thủ tục hành chính, điều kiện kinh doanh",XÂY DỰNG,official_city_decision_commune_reception,True,2026-06-18,,official_city_decision_pdf,False,,False,,1846/QĐ-UBND; 2281/QĐ-UBND,https://cathai.haiphong.gov.vn/linh-vuc-xay-dung/quyet-dinh-so-2281-qd-ubnd-ngay-18-6-2026-cua-ubnd-thanh-pho-hai-phong-v-v-cong-bo-danh-muc-thu--920826,https://cdn.haiphong.gov.vn/gov-hpg/5889/tintuc/2026/6/quyet-dinh-2026-cong-bo-dmtthc-sua-doi-bo.....signed639178946021802879.pdf,
1.012885,"Thủ tục chấp thuận chủ trương đầu tư đồng thời với chấp thuận nhà đầu tư dự án cải tạo, xây dựng lại nhà chung cư",XÂY DỰNG,official_city_decision_commune_reception,True,2026-05-19,,official_city_decision_pdf,False,,False,,1846/QĐ-UBND,https://cathai.haiphong.gov.vn/linh-vuc-xay-dung/quyet-dinh-so-1846-qd-ubnd-ngay-19-5-2026-cua-ubnd-thanh-pho-hai-phong-v-v-cong-bo-danh-muc-thu--905913,https://cdn.haiphong.gov.vn/gov-hpg/5889/tintuc/2026/5/1846.quyet-dinh-2026-cong-bo-dm-tthc-so-xay-dung-ttr-152-153-154639155106213893753.pdf,
1.012887,Thủ tục đề xuất cơ chế ưu đãi đầu tư theo quy định tại điểm c khoản 2 Điều 198 của Luật Nhà ở 2023,XÂY DỰNG,official_city_decision_commune_reception,True,2026-05-19,,official_city_decision_pdf,False,,False,,1846/QĐ-UBND,https://cathai.haiphong.gov.vn/linh-vuc-xay-dung/quyet-dinh-so-1846-qd-ubnd-ngay-19-5-2026-cua-ubnd-thanh-pho-hai-phong-v-v-cong-bo-danh-muc-thu--905913,https://cdn.haiphong.gov.vn/gov-hpg/5889/tintuc/2026/5/1846.quyet-dinh-2026-cong-bo-dm-tthc-so-xay-dung-ttr-152-153-154639155106213893753.pdf,
1.012890,"Thủ tục gia hạn thời hạn sở hữu nhà ở tại Việt Nam cho cá nhân, tổ chức nước ngoài",XÂY DỰNG,official_city_decision_commune_reception,True,2026-05-19,,official_city_decision_pdf,False,,False,,1846/QĐ-UBND,https://cathai.haiphong.gov.vn/linh-vuc-xay-dung/quyet-dinh-so-1846-qd-ubnd-ngay-19-5-2026-cua-ubnd-thanh-pho-hai-phong-v-v-cong-bo-danh-muc-thu--905913,https://cdn.haiphong.gov.vn/gov-hpg/5889/tintuc/2026/5/1846.quyet-dinh-2026-cong-bo-dm-tthc-so-xay-dung-ttr-152-153-154639155106213893753.pdf,
1.012893,Thủ tục bán nhà ở cũ thuộc tài sản công,XÂY DỰNG,official_city_decision_commune_reception,True,2026-05-19,,official_city_decision_pdf,False,,False,,1846/QĐ-UBND,https://cathai.haiphong.gov.vn/linh-vuc-xay-dung/quyet-dinh-so-1846-qd-ubnd-ngay-19-5-2026-cua-ubnd-thanh-pho-hai-phong-v-v-cong-bo-danh-muc-thu--905913,https://cdn.haiphong.gov.vn/gov-hpg/5889/tintuc/2026/5/1846.quyet-dinh-2026-cong-bo-dm-tthc-so-xay-dung-ttr-152-153-154639155106213893753.pdf,
1.012898,Thủ tục cho thuê nhà ở cũ thuộc tài sản công đối với trường hợp ký lại hợp đồng thuê,XÂY DỰNG,official_city_decision_commune_reception,True,2026-05-19,,official_city_decision_pdf,False,,False,,1846/QĐ-UBND,https://cathai.haiphong.gov.vn/linh-vuc-xay-dung/quyet-dinh-so-1846-qd-ubnd-ngay-19-5-2026-cua-ubnd-thanh-pho-hai-phong-v-v-cong-bo-danh-muc-thu--905913,https://cdn.haiphong.gov.vn/gov-hpg/5889/tintuc/2026/5/1846.quyet-dinh-2026-cong-bo-dm-tthc-so-xay-dung-ttr-152-153-154639155106213893753.pdf,
1.012905,"Thủ tục thông báo nhà ở hình thành trong tương lai đủ điều kiện được bán, cho thuê mua",KINH DOANH BẤT ĐỘNG SẢN,official_city_decision_commune_reception,True,2026-09-24,,official_city_decision_pdf,False,,False,,3981/QĐ-UBND,https://giavien.haiphong.gov.vn/so-xay-dung-92283/quyet-dinh-so-3981-qd-ubnd-ngay-24-9-2026-ve-viec-cong-bo-danh-muc-thu-tuc-hanh-chinh-duoc-sua-d-975849,https://cdn.haiphong.gov.vn/gov-hpg/6798/tintuc/2026/10/quyet-dinh-2026-cong-bo-dmtthc-sua-doi-bo-sung-so-xay-dung-ttr346-qdbxd1649-..signed639264604045423969.pdf,
1.012921,Thanh lý rừng trồng thuộc thẩm quyền quyết định của Chủ tịch Ủy ban nhân dân cấp tỉnh,NÔNG NGHIỆP VÀ MÔI TRƯỜNG,official_city_decision_commune_reception,True,2026-02-07,,official_city_decision_pdf,False,,False,,541/QĐ-UBND,https://cathai.haiphong.gov.vn/bao-ton-thien-nhien-va-da-dang-sinh-hoc/quyet-dinh-so-541-qd-ubnd-ngay-7-2-2026-cua-ubnd-thanh-pho-v-v-cong-khai-thu-tuc-hanh-chinh-moi--859548,https://cdn.haiphong.gov.vn/gov-hpg/5889/tintuc/2026/2/quyet-dinh-2026-cong-bo-dmttc-so-nn-va-mt-ttr87-qdbnnmt-339-364-375-379-..signed639065923231925699.pdf,
1.012922,Kiểm tra hiện trường rừng trồng bị thiệt hại,NÔNG NGHIỆP VÀ MÔI TRƯỜNG,official_city_decision_commune_reception,True,2026-02-07,,official_city_decision_pdf,True,,False,,541/QĐ-UBND,https://cathai.haiphong.gov.vn/bao-ton-thien-nhien-va-da-dang-sinh-hoc/quyet-dinh-so-541-qd-ubnd-ngay-7-2-2026-cua-ubnd-thanh-pho-v-v-cong-khai-thu-tuc-hanh-chinh-moi--859548,https://cdn.haiphong.gov.vn/gov-hpg/5889/tintuc/2026/2/quyet-dinh-2026-cong-bo-dmttc-so-nn-va-mt-ttr87-qdbnnmt-339-364-375-379-..signed639065923231925699.pdf,
1.012929,Thủ tục thành lập hội,NỘI VỤ,official_commune_evidence_no_later_repeal_in_snapshot,True,2025-11-26,,official_attachment_snippet,False,,True,019d2bfb-137f-7087-a6e6-e0c8bf6263e3,,https://vinhbao.haiphong.gov.vn/linh-vuc-noi-vu/danh-muc-thu-tuc-hanh-chinh-thuc-hien-khong-phu-thuoc-vao-dia-gioi-hanh-chinh-trong-pham-vi-than-824426,https://cdn.haiphong.gov.vn/gov-hpg/6874/tintuc/2025/11/phu-luc_sonoivu.signed639000425212465648.pdf,
1.012942,"Thủ tục báo cáo tổ chức đại hội thành lập, đại hội nhiệm kỳ, đại hội bất thường của hội",NỘI VỤ,official_commune_evidence_no_later_repeal_in_snapshot,True,2025-11-26,,official_attachment_snippet,False,,True,019d2bfb-137c-7669-b668-60277b1a9cb7,,https://vinhbao.haiphong.gov.vn/linh-vuc-noi-vu/danh-muc-thu-tuc-hanh-chinh-thuc-hien-khong-phu-thuoc-vao-dia-gioi-hanh-chinh-trong-pham-vi-than-824426,https://cdn.haiphong.gov.vn/gov-hpg/6874/tintuc/2025/11/phu-luc_sonoivu.signed639000425212465648.pdf,
1.012943,"Thủ tục thông báo kết quả đại hội và phê duyệt đổi tên hội, phê duyệt điều lệ hội",NỘI VỤ,official_commune_evidence_no_later_repeal_in_snapshot,True,2025-11-26,,official_attachment_snippet,False,,True,019d2bfb-138a-761e-a8e5-014dbed4f2be,,https://vinhbao.haiphong.gov.vn/linh-vuc-noi-vu/danh-muc-thu-tuc-hanh-chinh-thuc-hien-khong-phu-thuoc-vao-dia-gioi-hanh-chinh-trong-pham-vi-than-824426,https://cdn.haiphong.gov.vn/gov-hpg/6874/tintuc/2025/11/phu-luc_sonoivu.signed639000425212465648.pdf,
1.012944,"Thành lập hoặc cho phép thành lập trường trung học phổ thông, trường phổ thông có nhiều cấp học có cấp học cao nhất là trung học phổ thông",GIÁO DỤC VÀ ĐÀO TẠO,official_city_decision_commune_reception,True,2026-06-19,,official_city_decision_pdf,False,,False,,2295/QĐ-UBND,https://cathai.haiphong.gov.vn/giao-duc-va-dao-tao/quyet-dinh-so-2295-qd-ubnd-ngay-19-6-2026-cua-ubnd-thanh-pho-hai-phong-ve-viec-cong-bo-danh-muc--921113,https://cdn.haiphong.gov.vn/gov-hpg/5889/tintuc/2026/6/23.qd-cong-bo-dm-tthc-duoc-thay-the-va-bi-bai-bo-theo-qd-1425-cua-bo-gd-dt..signed639179168711137700.pdf,
1.012945,"Thủ tục chia, tách; sáp nhập; hợp nhất hội",NỘI VỤ,official_commune_evidence_no_later_repeal_in_snapshot,True,2025-11-26,,official_attachment_snippet,False,,True,019d2bfb-138e-725c-a0d7-46a5f07bc45b,,https://vinhbao.haiphong.gov.vn/linh-vuc-noi-vu/danh-muc-thu-tuc-hanh-chinh-thuc-hien-khong-phu-thuoc-vao-dia-gioi-hanh-chinh-trong-pham-vi-than-824426,https://cdn.haiphong.gov.vn/gov-hpg/6874/tintuc/2025/11/phu-luc_sonoivu.signed639000425212465648.pdf,
1.012946,Thủ tục hội tự giải thể,NỘI VỤ,official_commune_evidence_no_later_repeal_in_snapshot,True,2025-11-26,,official_attachment_snippet,False,,True,019d2bfb-1390-7407-b418-acc5a90281b8,,https://vinhbao.haiphong.gov.vn/linh-vuc-noi-vu/danh-muc-thu-tuc-hanh-chinh-thuc-hien-khong-phu-thuoc-vao-dia-gioi-hanh-chinh-trong-pham-vi-than-824426,https://cdn.haiphong.gov.vn/gov-hpg/6874/tintuc/2025/11/phu-luc_sonoivu.signed639000425212465648.pdf,
1.012947,Thủ tục cho phép hội đặt chi nhánh hoặc văn phòng đại diện,NỘI VỤ,official_commune_evidence_no_later_repeal_in_snapshot,True,2025-11-26,,official_attachment_snippet,False,,True,019d2bfb-139b-77f8-a996-a592d5066922,,https://vinhbao.haiphong.gov.vn/linh-vuc-noi-vu/danh-muc-thu-tuc-hanh-chinh-thuc-hien-khong-phu-thuoc-vao-dia-gioi-hanh-chinh-trong-pham-vi-than-824426,https://cdn.haiphong.gov.vn/gov-hpg/6874/tintuc/2025/11/phu-luc_sonoivu.signed639000425212465648.pdf,
1.012948,Thủ tục cho phép hội hoạt động trở lại sau khi bị đình chỉ có thời hạn,NỘI VỤ,official_commune_evidence_no_later_repeal_in_snapshot,True,2025-11-26,,official_attachment_snippet,False,,True,019d2bfb-139d-746e-949d-867d9dfc27e9,,https://vinhbao.haiphong.gov.vn/linh-vuc-noi-vu/danh-muc-thu-tuc-hanh-chinh-thuc-hien-khong-phu-thuoc-vao-dia-gioi-hanh-chinh-trong-pham-vi-than-824426,https://cdn.haiphong.gov.vn/gov-hpg/6874/tintuc/2025/11/phu-luc_sonoivu.signed639000425212465648.pdf,
1.012953,"Cho phép trường trung học phổ thông, trường phổ thông có nhiều cấp học có cấp học cao nhất là trung học phổ thông hoạt động giáo dục",GIÁO DỤC VÀ ĐÀO TẠO,official_city_decision_commune_reception,True,2026-05-09,,official_city_decision_pdf,False,,False,,1747/QĐ-UBND,https://giavien.haiphong.gov.vn/so-giao-duc-va-dao-tao-92279/quyet-dinh-so-1747-qd-ubnd-ngay-09-5-2026-cua-ubnd-thanh-pho-ve-viec-cong-khai-danh-muc-thu-tuc--900189,https://cdn.haiphong.gov.vn/gov-hpg/6798/tintuc/2026/5/qd-1747639146922033877627.pdf,
1.012954,"Cho phép trường trung học phổ thông, trường phổ thông có nhiều cấp học có cấp học cao nhất là trung học phổ thông hoạt động giáo dục",GIÁO DỤC VÀ ĐÀO TẠO,official_city_decision_commune_reception,True,2026-06-19,,official_city_decision_pdf,False,,False,,2295/QĐ-UBND,https://cathai.haiphong.gov.vn/giao-duc-va-dao-tao/quyet-dinh-so-2295-qd-ubnd-ngay-19-6-2026-cua-ubnd-thanh-pho-hai-phong-ve-viec-cong-bo-danh-muc--921113,https://cdn.haiphong.gov.vn/gov-hpg/5889/tintuc/2026/6/23.qd-cong-bo-dm-tthc-duoc-thay-the-va-bi-bai-bo-theo-qd-1425-cua-bo-gd-dt..signed639179168711137700.pdf,
1.012955,"Sáp nhập, chia, tách trường trung học phổ thông, trường phổ thông có nhiều cấp học có cấp học cao nhất là trung học phổ thông",GIÁO DỤC VÀ ĐÀO TẠO,official_city_decision_commune_reception,True,2026-06-19,,official_city_decision_pdf,False,,False,,2295/QĐ-UBND,https://cathai.haiphong.gov.vn/giao-duc-va-dao-tao/quyet-dinh-so-2295-qd-ubnd-ngay-19-6-2026-cua-ubnd-thanh-pho-hai-phong-ve-viec-cong-bo-danh-muc--921113,https://cdn.haiphong.gov.vn/gov-hpg/5889/tintuc/2026/6/23.qd-cong-bo-dm-tthc-duoc-thay-the-va-bi-bai-bo-theo-qd-1425-cua-bo-gd-dt..signed639179168711137700.pdf,
1.012956,"Giải thể trường trung học phổ thông, trường phổ thông có nhiều cấp học có cấp học cao nhất là trung học phổ thông (theo đề nghị của tổ chức, cá nhân thành lập trường)",GIÁO DỤC VÀ ĐÀO TẠO,official_city_decision_commune_reception,True,2026-06-19,,official_city_decision_pdf,False,,False,,2295/QĐ-UBND,https://cathai.haiphong.gov.vn/giao-duc-va-dao-tao/quyet-dinh-so-2295-qd-ubnd-ngay-19-6-2026-cua-ubnd-thanh-pho-hai-phong-ve-viec-cong-bo-danh-muc--921113,https://cdn.haiphong.gov.vn/gov-hpg/5889/tintuc/2026/6/23.qd-cong-bo-dm-tthc-duoc-thay-the-va-bi-bai-bo-theo-qd-1425-cua-bo-gd-dt..signed639179168711137700.pdf,
1.012958,"Thành lập hoặc cho phép thành lập trường trung học phổ thông chuyên Thành lập hoặc cho phép thành lập trường trung học phổ thông, trường phổ thông có nhiều cấp học có cấp học cao nhất là trung học phổ thông",GIÁO DỤC VÀ ĐÀO TẠO,repealed_by_official_city_decision,False,,2026-06-19,official_city_decision_pdf,False,,False,,2295/QĐ-UBND,https://cathai.haiphong.gov.vn/giao-duc-va-dao-tao/quyet-dinh-so-2295-qd-ubnd-ngay-19-6-2026-cua-ubnd-thanh-pho-hai-phong-ve-viec-cong-bo-danh-muc--921113,https://cdn.haiphong.gov.vn/gov-hpg/5889/tintuc/2026/6/23.qd-cong-bo-dm-tthc-duoc-thay-the-va-bi-bai-bo-theo-qd-1425-cua-bo-gd-dt..signed639179168711137700.pdf,Bị bãi bỏ theo 2295/QĐ-UBND
1.012959,"Thành lập hoặc cho phép thành lập trường năng khiếu nghệ thuật, thể dục, thể thao",GIÁO DỤC VÀ ĐÀO TẠO,repealed_by_official_city_decision,False,,2026-06-19,official_city_decision_pdf,False,,False,,2295/QĐ-UBND,https://cathai.haiphong.gov.vn/giao-duc-va-dao-tao/quyet-dinh-so-2295-qd-ubnd-ngay-19-6-2026-cua-ubnd-thanh-pho-hai-phong-ve-viec-cong-bo-danh-muc--921113,https://cdn.haiphong.gov.vn/gov-hpg/5889/tintuc/2026/6/23.qd-cong-bo-dm-tthc-duoc-thay-the-va-bi-bai-bo-theo-qd-1425-cua-bo-gd-dt..signed639179168711137700.pdf,Bị bãi bỏ theo 2295/QĐ-UBND
1.012960,"Điều chỉnh, bổ sung, gia hạn giấy chứng nhận đăng ký kinh doanh dịch vụ tư vấn du học",GIÁO DỤC VÀ ĐÀO TẠO,official_city_decision_commune_reception,True,2026-05-09,,official_city_decision_pdf,False,,False,,1747/QĐ-UBND,https://giavien.haiphong.gov.vn/so-giao-duc-va-dao-tao-92279/quyet-dinh-so-1747-qd-ubnd-ngay-09-5-2026-cua-ubnd-thanh-pho-ve-viec-cong-khai-danh-muc-thu-tuc--900189,https://cdn.haiphong.gov.vn/gov-hpg/6798/tintuc/2026/5/qd-1747639146922033877627.pdf,
1.012965,"Cho phép trường trung học cơ sở, trường phổ thông có nhiều cấp học có cấp học cao nhất là trung học cơ sở hoạt động giáo dục",GIÁO DỤC VÀ ĐÀO TẠO,official_city_decision_commune_reception,True,2026-06-19,,official_city_decision_pdf,True,,False,,1747/QĐ-UBND; 2295/QĐ-UBND,https://cathai.haiphong.gov.vn/giao-duc-va-dao-tao/quyet-dinh-so-2295-qd-ubnd-ngay-19-6-2026-cua-ubnd-thanh-pho-hai-phong-ve-viec-cong-bo-danh-muc--921113,https://cdn.haiphong.gov.vn/gov-hpg/5889/tintuc/2026/6/23.qd-cong-bo-dm-tthc-duoc-thay-the-va-bi-bai-bo-theo-qd-1425-cua-bo-gd-dt..signed639179168711137700.pdf,
1.012969,Thành lập hoặc cho phép thành lập trung tâm học tập cộng đồng,GIÁO DỤC VÀ ĐÀO TẠO,official_city_decision_commune_reception,True,2026-05-09,,official_city_decision_pdf,True,,False,,1747/QĐ-UBND,https://giavien.haiphong.gov.vn/so-giao-duc-va-dao-tao-92279/quyet-dinh-so-1747-qd-ubnd-ngay-09-5-2026-cua-ubnd-thanh-pho-ve-viec-cong-khai-danh-muc-thu-tuc--900189,https://cdn.haiphong.gov.vn/gov-hpg/6798/tintuc/2026/5/qd-1747639146922033877627.pdf,
1.012971,Thành lập hoặc cho phép thành lập cơ sở giáo dục mầm non độc lập,GIÁO DỤC VÀ ĐÀO TẠO,official_city_decision_commune_reception,True,2026-05-09,,official_city_decision_pdf,True,,False,,1747/QĐ-UBND,https://giavien.haiphong.gov.vn/so-giao-duc-va-dao-tao-92279/quyet-dinh-so-1747-qd-ubnd-ngay-09-5-2026-cua-ubnd-thanh-pho-ve-viec-cong-khai-danh-muc-thu-tuc--900189,https://cdn.haiphong.gov.vn/gov-hpg/6798/tintuc/2026/5/qd-1747639146922033877627.pdf,
1.013004,"Cấp Giấy chứng nhận đăng ký phát triển nguồn điện mặt trời mái nhà tự sản xuất, tự tiêu thụ có đấu nối với hệ thống điện quốc gia",CÔNG THƯƠNG,official_city_decision_commune_reception,True,2026-07-14,,official_city_decision_pdf,False,,False,,2692/QĐ-UBND,https://cathai.haiphong.gov.vn/linh-vuc-cong-thuong/quyet-dinh-so-2692-qd-ubnd-ngay-14-7-2026-cua-uy-ban-nhan-dan-thanh-pho-hai-phong-ve-viec-cong-b-933633,https://cdn.haiphong.gov.vn/gov-hpg/5889/tintuc/2026/7/qd-cong-bo-tthc-moi-sua-doi-bo-sung-theo-cac-qd-so-1507-1537-1546-cua-bct..signed639198737743009046.pdf,
1.013017,Thủ tục cấp giấy phép thành lập và công nhận điều lệ quỹ,NỘI VỤ,repealed_by_official_city_decision,False,,2026-03-20,official_attachment_snippet,False,,True,,1039/QĐ-UBND,https://giavien.haiphong.gov.vn/so-noi-vu-92287/quyet-dinh-so-1039-qd-ubnd-ngay-20-3-2026-ve-viec-cong-bo-thu-tuc-hanh-chinh-moi-ban-hanh-va-bi--878050,https://cdn.haiphong.gov.vn/gov-hpg/6798/tintuc/2026/3/qd-1039.-cong-bo-danh-muc-tthc-linh-vuc-quan-ly-nn-ve-quy..signed-1-639104826023207471.pdf,Bị bãi bỏ theo 1039/QĐ-UBND
1.013018,Thủ tục công nhận quỹ đủ điều kiện hoạt động và công nhận thành viên Hội,NỘI VỤ,repealed_by_official_city_decision,False,,2026-03-20,official_attachment_snippet,False,,True,,1039/QĐ-UBND,https://giavien.haiphong.gov.vn/so-noi-vu-92287/quyet-dinh-so-1039-qd-ubnd-ngay-20-3-2026-ve-viec-cong-bo-thu-tuc-hanh-chinh-moi-ban-hanh-va-bi--878050,https://cdn.haiphong.gov.vn/gov-hpg/6798/tintuc/2026/3/qd-1039.-cong-bo-danh-muc-tthc-linh-vuc-quan-ly-nn-ve-quy..signed-1-639104826023207471.pdf,Bị bãi bỏ theo 1039/QĐ-UBND
1.013019,"Thủ tục công nhận điều lệ (sửa đổi, bổ sung) quỹ; đổi tên quỹ",NỘI VỤ,repealed_by_official_city_decision,False,,2026-03-20,official_attachment_snippet,False,,True,,1039/QĐ-UBND,https://giavien.haiphong.gov.vn/so-noi-vu-92287/quyet-dinh-so-1039-qd-ubnd-ngay-20-3-2026-ve-viec-cong-bo-thu-tuc-hanh-chinh-moi-ban-hanh-va-bi--878050,https://cdn.haiphong.gov.vn/gov-hpg/6798/tintuc/2026/3/qd-1039.-cong-bo-danh-muc-tthc-linh-vuc-quan-ly-nn-ve-quy..signed-1-639104826023207471.pdf,Bị bãi bỏ theo 1039/QĐ-UBND
1.013020,Thủ tục cấp lại giấy phép thành lập và công nhận điều lệ quỹ,NỘI VỤ,repealed_by_official_city_decision,False,,2026-03-20,official_attachment_snippet,False,,True,,1039/QĐ-UBND,https://giavien.haiphong.gov.vn/so-noi-vu-92287/quyet-dinh-so-1039-qd-ubnd-ngay-20-3-2026-ve-viec-cong-bo-thu-tuc-hanh-chinh-moi-ban-hanh-va-bi--878050,https://cdn.haiphong.gov.vn/gov-hpg/6798/tintuc/2026/3/qd-1039.-cong-bo-danh-muc-tthc-linh-vuc-quan-ly-nn-ve-quy..signed-1-639104826023207471.pdf,Bị bãi bỏ theo 1039/QĐ-UBND
1.013021,Thủ tục cho phép quỹ hoạt động trở lại sau khi bị tạm đình chỉ hoạt động,NỘI VỤ,repealed_by_official_city_decision,False,,2026-03-20,official_attachment_snippet,False,,True,,1039/QĐ-UBND,https://giavien.haiphong.gov.vn/so-noi-vu-92287/quyet-dinh-so-1039-qd-ubnd-ngay-20-3-2026-ve-viec-cong-bo-thu-tuc-hanh-chinh-moi-ban-hanh-va-bi--878050,https://cdn.haiphong.gov.vn/gov-hpg/6798/tintuc/2026/3/qd-1039.-cong-bo-danh-muc-tthc-linh-vuc-quan-ly-nn-ve-quy..signed-1-639104826023207471.pdf,Bị bãi bỏ theo 1039/QĐ-UBND
1.013022,"Hợp nhất, sáp nhập, chia, tách, mở rộng phạm vi hoạt động quỹ",NỘI VỤ,repealed_by_official_city_decision,False,,2026-03-20,official_attachment_snippet,False,,True,,1039/QĐ-UBND,https://giavien.haiphong.gov.vn/so-noi-vu-92287/quyet-dinh-so-1039-qd-ubnd-ngay-20-3-2026-ve-viec-cong-bo-thu-tuc-hanh-chinh-moi-ban-hanh-va-bi--878050,https://cdn.haiphong.gov.vn/gov-hpg/6798/tintuc/2026/3/qd-1039.-cong-bo-danh-muc-tthc-linh-vuc-quan-ly-nn-ve-quy..signed-1-639104826023207471.pdf,Bị bãi bỏ theo 1039/QĐ-UBND
1.013023,Thủ tục quỹ tự giải thể,NỘI VỤ,repealed_by_official_city_decision,False,,2026-03-20,official_attachment_snippet,False,,True,,1039/QĐ-UBND,https://giavien.haiphong.gov.vn/so-noi-vu-92287/quyet-dinh-so-1039-qd-ubnd-ngay-20-3-2026-ve-viec-cong-bo-thu-tuc-hanh-chinh-moi-ban-hanh-va-bi--878050,https://cdn.haiphong.gov.vn/gov-hpg/6798/tintuc/2026/3/qd-1039.-cong-bo-danh-muc-tthc-linh-vuc-quan-ly-nn-ve-quy..signed-1-639104826023207471.pdf,Bị bãi bỏ theo 1039/QĐ-UBND
1.013040,"Thủ tục khai, nộp phí bảo vệ môi trường đối với khí thải",MÔI TRƯỜNG,official_commune_evidence_no_later_repeal_in_snapshot,True,2026-01-21,,dvcqg_name_by_code_verified,True,1.0,False,019d2bfc-ca45-755d-a6d4-63b33d218a43,149/QĐ-UBND; 2032/QĐ-UBND; 4510/QĐ-BTC,https://vinhbao.haiphong.gov.vn/linh-vuc-tai-chinh-ke-hoach/thu-tuc-hanh-chinh-duoc-sua-doi-bo-sung-va-bai-bo-trong-linh-vuc-thue-thuoc-pham-vi-chuc-nang-qu-848957,https://cdn.haiphong.gov.vn/gov-hpg/6874/tintuc/2026/1/quyet-dinh-2025-cong-bo-dmtthc-so-tai-chinh-ttr04-qd-4510.btc-..signed639046149447716353.pdf,
1.013061,Cấp giấy phép thi công công trình trên đường bộ đang khai thác,XÂY DỰNG,official_city_decision_commune_reception,True,2026-03-03,,official_city_decision_pdf,True,,False,,777/QĐ-UBND,https://cathai.haiphong.gov.vn/linh-vuc-duong-bo/quyet-dinh-so-777-qd-ubnd-ngay-3-3-2026-cua-ubnd-thanh-pho-hai-phong-v-v-cong-bo-danh-muc-thu-tu-868508,https://cdn.haiphong.gov.vn/gov-hpg/5889/tintuc/2026/3/quyet-dinh-2026-cong-bo-dmtthc-so-xay-dung-ttr82-qdbxd2503-..signed639086047367131030.pdf,
1.013128,"Thủ tục thẩm định và phê duyệt kế hoạch ứng phó sự cố tràn dầu của các cửa hàng bán lẻ xăng dầu trên đất liền, trên sông, trên biển và các cơ sở, dự án trên địa bàn xã không thuộc đối tượng kinh doanh, vận chuyển xăng dầu có nguy cơ xảy ra sự cố tràn dầu mức độ nhỏ (dung tích chứa dưới 50 m3)",ĐẤT ĐAI,official_commune_evidence_no_later_repeal_in_snapshot,True,2025-08-19,,dvcqg_name_by_code_verified,False,1.0,False,019d2bfb-8916-7028-b981-22667f88b45e,2003/QĐ-TTG; 2021/QĐ-TTG; 2025/QĐ-TTG,https://vinhbao.haiphong.gov.vn/linh-vuc-dat-dai/cong-khai-thu-tuc-hanh-chinh-moi-ban-hanh-duoc-sua-doi-bo-sung-linh-vuc-lam-nghiep-kiem-lam-ung--773283,https://cdn.haiphong.gov.vn/gov-hpg/6874/tintuc/2025/8/qd-3266-danh-muc-kem-theo638912181889816666.doc,
1.013217,Cấp lại chứng chỉ hành nghề hoạt động xây dựng,XÂY DỰNG,official_city_decision_commune_reception,True,2026-02-14,,official_city_decision_pdf,False,,False,,669/QĐ-UBND,https://cathai.haiphong.gov.vn/linh-vuc-hoat-dong-xay-dung-va-kien-truc/quyet-dinh-so-669-qd-ubnd-ngay-14-2-2026-cua-ubnd-thanh-pho-hai-phong-v-v-cong-khai-danh-muc-thu-862422,https://cdn.haiphong.gov.vn/gov-hpg/5889/tintuc/2026/2/quyet-dinh-2026-cong-bo-dmttc-so-xay-dung-ttr50-73-qd-56-164-..signed639076511498221013.pdf,
1.013223,"Công nhận tổ chức xã hội nghề nghiệp đủ điều kiện cấp chứng chỉ hành nghề hoạt động xây dựng/chứng chỉ năng lực hoạt động xây dựng hạng II, hạng III cho hội viên của mình",XÂY DỰNG,repealed_by_official_city_decision,False,,2026-07-10,official_city_decision_pdf,False,,False,,2657/QĐ-UBND,https://cathai.haiphong.gov.vn/linh-vuc-xay-dung-93424/quyet-dinh-so-2657-qd-ubnd-ngay-10-7-2026-cua-uy-ban-nhan-dan-thanh-pho-hai-phong-ve-viec-cong-b-932509,https://cdn.haiphong.gov.vn/gov-hpg/5889/tintuc/2026/7/quyet-dinh-2026-cong-bo-dmtthc-thay-the-bai-bo-so-xay-dung-ttr239-qd1077bxd-..signed639197266882410234.pdf,Bị bãi bỏ theo 2657/QĐ-UBND
1.013225,"Cấp giấy phép xây dựng mới đối với công trình cấp III, cấp IV và nhà ở riêng lẻ",XÂY DỰNG,official_city_decision_commune_reception,True,2026-07-10,,official_city_decision_pdf,True,,False,,669/QĐ-UBND; 2448/QĐ-UBND; 2657/QĐ-UBND,https://cathai.haiphong.gov.vn/linh-vuc-xay-dung-93424/quyet-dinh-so-2657-qd-ubnd-ngay-10-7-2026-cua-uy-ban-nhan-dan-thanh-pho-hai-phong-ve-viec-cong-b-932509,https://cdn.haiphong.gov.vn/gov-hpg/5889/tintuc/2026/7/quyet-dinh-2026-cong-bo-dmtthc-thay-the-bai-bo-so-xay-dung-ttr239-qd1077bxd-..signed639197266882410234.pdf,
1.013226,Thủ tục cấp điều chỉnh giấy phép xây dựng Thủ tục cấp điều chỉnh giấy phép,XÂY DỰNG,official_city_decision_commune_reception,True,2026-07-10,,official_city_decision_pdf,True,,False,,669/QĐ-UBND; 2448/QĐ-UBND; 2657/QĐ-UBND,https://cathai.haiphong.gov.vn/linh-vuc-xay-dung-93424/quyet-dinh-so-2657-qd-ubnd-ngay-10-7-2026-cua-uy-ban-nhan-dan-thanh-pho-hai-phong-ve-viec-cong-b-932509,https://cdn.haiphong.gov.vn/gov-hpg/5889/tintuc/2026/7/quyet-dinh-2026-cong-bo-dmtthc-thay-the-bai-bo-so-xay-dung-ttr239-qd1077bxd-..signed639197266882410234.pdf,
1.013227,"Gia hạn giấy phép xây dựng đối với công trình cấp III, cấp IV và nhà ở riêng lẻ",XÂY DỰNG,official_city_decision_commune_reception,True,2026-07-10,,official_city_decision_pdf,True,,False,,669/QĐ-UBND; 2657/QĐ-UBND,https://cathai.haiphong.gov.vn/linh-vuc-xay-dung-93424/quyet-dinh-so-2657-qd-ubnd-ngay-10-7-2026-cua-uy-ban-nhan-dan-thanh-pho-hai-phong-ve-viec-cong-b-932509,https://cdn.haiphong.gov.vn/gov-hpg/5889/tintuc/2026/7/quyet-dinh-2026-cong-bo-dmtthc-thay-the-bai-bo-so-xay-dung-ttr239-qd1077bxd-..signed639197266882410234.pdf,
1.013228,"Cấp lại giấy phép xây dựng đối với công trình cấp III, cấp IV và nhà ở riêng lẻ",XÂY DỰNG,official_city_decision_commune_reception,True,2026-07-10,,official_city_decision_pdf,True,,False,,669/QĐ-UBND; 2657/QĐ-UBND,https://cathai.haiphong.gov.vn/linh-vuc-xay-dung-93424/quyet-dinh-so-2657-qd-ubnd-ngay-10-7-2026-cua-uy-ban-nhan-dan-thanh-pho-hai-phong-ve-viec-cong-b-932509,https://cdn.haiphong.gov.vn/gov-hpg/5889/tintuc/2026/7/quyet-dinh-2026-cong-bo-dmtthc-thay-the-bai-bo-so-xay-dung-ttr239-qd1077bxd-..signed639197266882410234.pdf,
1.013229,"Cấp giấy phép xây dựng sửa chữa, cải tạo đối với công trình cấp III, cấp IV và nhà ở riêng lẻ",XÂY DỰNG,official_city_decision_commune_reception,True,2026-07-10,,official_city_decision_pdf,True,,False,,669/QĐ-UBND; 2448/QĐ-UBND; 2657/QĐ-UBND,https://cathai.haiphong.gov.vn/linh-vuc-xay-dung-93424/quyet-dinh-so-2657-qd-ubnd-ngay-10-7-2026-cua-uy-ban-nhan-dan-thanh-pho-hai-phong-ve-viec-cong-b-932509,https://cdn.haiphong.gov.vn/gov-hpg/5889/tintuc/2026/7/quyet-dinh-2026-cong-bo-dmtthc-thay-the-bai-bo-so-xay-dung-ttr239-qd1077bxd-..signed639197266882410234.pdf,
1.013232,"Cấp giấy phép di dời đối với công trình cấp III, cấp IV và nhà ở riêng lẻ",XÂY DỰNG,official_city_decision_commune_reception,True,2026-07-10,,official_city_decision_pdf,True,,False,,669/QĐ-UBND; 2448/QĐ-UBND; 2657/QĐ-UBND,https://cathai.haiphong.gov.vn/linh-vuc-xay-dung-93424/quyet-dinh-so-2657-qd-ubnd-ngay-10-7-2026-cua-uy-ban-nhan-dan-thanh-pho-hai-phong-ve-viec-cong-b-932509,https://cdn.haiphong.gov.vn/gov-hpg/5889/tintuc/2026/7/quyet-dinh-2026-cong-bo-dmtthc-thay-the-bai-bo-so-xay-dung-ttr239-qd1077bxd-..signed639197266882410234.pdf,
1.013234,Thẩm định thiết kế xây dựng triển khai sau thiết kế cơ sở/ Thẩm định thiết kế xây dựng triển khai sau thiết kế cơ sở điều chỉnh Nghị định số 217/2026/NĐ-CP ngày 19/6/2026 của Chính phủ quy định chi ti ết một số điều của Luật,XÂY DỰNG,repealed_by_official_city_decision,False,,2026-07-10,official_city_decision_pdf,False,,False,,2657/QĐ-UBND,https://cathai.haiphong.gov.vn/linh-vuc-xay-dung-93424/quyet-dinh-so-2657-qd-ubnd-ngay-10-7-2026-cua-uy-ban-nhan-dan-thanh-pho-hai-phong-ve-viec-cong-b-932509,https://cdn.haiphong.gov.vn/gov-hpg/5889/tintuc/2026/7/quyet-dinh-2026-cong-bo-dmtthc-thay-the-bai-bo-so-xay-dung-ttr239-qd1077bxd-..signed639197266882410234.pdf,Bị bãi bỏ theo 2657/QĐ-UBND
1.013274,"Cấp phép sử dụng tạm thời lòng đường, vỉa hè vào mục đích khác",XÂY DỰNG,official_city_decision_commune_reception,True,2026-07-06,,official_city_decision_pdf,True,,False,,2577/QĐ-UBND,https://cathai.haiphong.gov.vn/linh-vuc-xay-dung-93424/quyet-dinh-so-2577-qd-ubnd-ngay-06-7-2026-cua-uy-ban-nhan-dan-thanh-pho-hai-phong-ve-viec-cong-b-929122,https://cdn.haiphong.gov.vn/gov-hpg/5889/tintuc/2026/7/quyet-dinh-2026-cong-bo-dmtthc-moi-ban-hanh-.....signed639191891199638380.pdf,
1.013337,"Đăng ký công bố hợp quy đối với các sản phẩm, hàng hóa được quản lý bởi các quy chuẩn kỹ thuật quốc gia do Bộ Lao động - Thương binh và Xã hội ban hành - Nghị định số 22/2026/NĐ -CP ngày 16/01/2026 của Chính phủ",NỘI VỤ,repealed_by_official_city_decision,False,,2026-08-30,official_city_decision_pdf,False,,False,,3500/QĐ-UBND,https://namsach.haiphong.gov.vn/cong-khai-danh-muc-thu-tuc-hanh-chinh/cong-khai-quyet-dinh-so-3500-qd-ubnd-ngay-30-8-2026-cua-ubnd-thanh-pho-hai-phong-ve-viec-cong-bo-958426,https://cdn.haiphong.gov.vn/gov-hpg/6833/tintuc/2026/9/qd-3500-nv639240495312924587.pdf,Bị bãi bỏ theo 3500/QĐ-UBND
1.013644,Cấp phép đối với các hoạt động liên quan đến đê điều thuộc trách nhiệm của Uỷ ban nhân dân tỉnh,NÔNG NGHIỆP VÀ MÔI TRƯỜNG,official_city_decision_commune_reception,True,2026-05-25,,official_city_decision_pdf,False,,False,,1897/QĐ-UBND,https://giavien.haiphong.gov.vn/so-nong-nghiep-va-moi-truong-92289/quyet-dinh-so-1897-qd-ubnd-ngay-25-5-2026-ve-viec-cong-bo-danh-muc-thu-tuc-hanh-chinh-moi-ban-ha-904676,https://cdn.haiphong.gov.vn/gov-hpg/6798/tintuc/2026/5/qd-1897-ngay-25.5.2026-ubnd-hp-cong-bo-dm-tthc-moi-sua-doi-bo-sung-bai-bo-lvuc-bdkh-cnty-qldd-va-pctt-tl-tnn-mt-dat-dai639153846685150604.pdf,
1.013702,Công nhận ban vận động thành lập hội,HỘI,priority51_current_official_commune_evidence,True,2026-09-07,,priority51_official_legal_verification,True,,False,019d2bfb-1b5c-7417-b2be-9deaf8580018,,https://cdn.haiphong.gov.vn/gov-hpg/6823/tintuc/2026/4/danh_muc_tthc_bo_noi_vu639109961034637945.pdf,https://cdn.haiphong.gov.vn/gov-hpg/6823/tintuc/2026/4/danh_muc_tthc_bo_noi_vu639109961034637945.pdf,
1.013703,Thành lập hội,HỘI,priority51_current_official_commune_evidence,True,2026-09-07,,priority51_official_legal_verification,True,,False,019d2bfb-1b5e-74c5-be8d-c902d128672d,,https://cdn.haiphong.gov.vn/gov-hpg/6823/tintuc/2026/4/danh_muc_tthc_bo_noi_vu639109961034637945.pdf,https://cdn.haiphong.gov.vn/gov-hpg/6823/tintuc/2026/4/danh_muc_tthc_bo_noi_vu639109961034637945.pdf,
1.013711,"Thủ tục cấp giấy phép thành lập và công nhận điều lệ Quỹ Nghị định số 03/2026/NĐ-CP ngày 09/01/2026 của Chính phủ về tổ chức, hoạt động của quỹ xã hội, quỹ từ thiện Quản lý nhà nước về quỹ",NỘI VỤ,repealed_by_official_city_decision,False,,2026-03-20,official_city_decision_pdf,True,,False,,1039/QĐ-UBND,https://giavien.haiphong.gov.vn/so-noi-vu-92287/quyet-dinh-so-1039-qd-ubnd-ngay-20-3-2026-ve-viec-cong-bo-thu-tuc-hanh-chinh-moi-ban-hanh-va-bi--878050,https://cdn.haiphong.gov.vn/gov-hpg/6798/tintuc/2026/3/qd-1039.-cong-bo-danh-muc-tthc-linh-vuc-quan-ly-nn-ve-quy..signed-1-639104826023207471.pdf,Bị bãi bỏ theo 1039/QĐ-UBND
1.013712,"Thủ tục công nhận quỹ đủ điều kiện hoạt động và công nhận thành viên Hội đồng quản lý qu ỹ; công nhận thay đổi, bổ sung thành viên Hội đồng quản lý quỹ Nghị định số 03/2026/NĐ-CP ngày 09/01/2026 của Chính phủ về tổ chức",NỘI VỤ,repealed_by_official_city_decision,False,,2026-03-20,official_city_decision_pdf,True,,False,,1039/QĐ-UBND,https://giavien.haiphong.gov.vn/so-noi-vu-92287/quyet-dinh-so-1039-qd-ubnd-ngay-20-3-2026-ve-viec-cong-bo-thu-tuc-hanh-chinh-moi-ban-hanh-va-bi--878050,https://cdn.haiphong.gov.vn/gov-hpg/6798/tintuc/2026/3/qd-1039.-cong-bo-danh-muc-tthc-linh-vuc-quan-ly-nn-ve-quy..signed-1-639104826023207471.pdf,Bị bãi bỏ theo 1039/QĐ-UBND
1.013713,"Thủ tục công nhận điều lệ (sửa đổi, bổ sung) quỹ; đổi tên quỹ Nghị định số 03/2026/NĐ-CP ngày 09/01/2026 của Chính phủ về tổ chức, hoạt động của quỹ xã hội, quỹ từ thiện Quản lý nhà nước về quỹ",NỘI VỤ,repealed_by_official_city_decision,False,,2026-03-20,official_city_decision_pdf,True,,False,,1039/QĐ-UBND,https://giavien.haiphong.gov.vn/so-noi-vu-92287/quyet-dinh-so-1039-qd-ubnd-ngay-20-3-2026-ve-viec-cong-bo-thu-tuc-hanh-chinh-moi-ban-hanh-va-bi--878050,https://cdn.haiphong.gov.vn/gov-hpg/6798/tintuc/2026/3/qd-1039.-cong-bo-danh-muc-tthc-linh-vuc-quan-ly-nn-ve-quy..signed-1-639104826023207471.pdf,Bị bãi bỏ theo 1039/QĐ-UBND
1.013714,"Thủ tục cấp lại giấy phép thành lập và công nhận điều lệ quỹ Nghị định số 03/2026/NĐ-CP ngày 09/01/2026 của Chính phủ về tổ chức, hoạt động của quỹ xã hội, quỹ từ thiện Quản lý nhà nước về quỹ",NỘI VỤ,repealed_by_official_city_decision,False,,2026-03-20,official_city_decision_pdf,True,,False,,1039/QĐ-UBND,https://giavien.haiphong.gov.vn/so-noi-vu-92287/quyet-dinh-so-1039-qd-ubnd-ngay-20-3-2026-ve-viec-cong-bo-thu-tuc-hanh-chinh-moi-ban-hanh-va-bi--878050,https://cdn.haiphong.gov.vn/gov-hpg/6798/tintuc/2026/3/qd-1039.-cong-bo-danh-muc-tthc-linh-vuc-quan-ly-nn-ve-quy..signed-1-639104826023207471.pdf,Bị bãi bỏ theo 1039/QĐ-UBND
1.013715,"Thủ tục cho phép quỹ hoạt động trở lại sau khi bị đình chỉ có thời hạn hoạt động Nghị định số 03/2026/NĐ-CP ngày 09/01/2026 của Chính phủ về tổ chức, hoạt động của quỹ xã hội, quỹ từ thiện Quản lý nhà nước về quỹ",NỘI VỤ,repealed_by_official_city_decision,False,,2026-03-20,official_city_decision_pdf,True,,False,,1039/QĐ-UBND,https://giavien.haiphong.gov.vn/so-noi-vu-92287/quyet-dinh-so-1039-qd-ubnd-ngay-20-3-2026-ve-viec-cong-bo-thu-tuc-hanh-chinh-moi-ban-hanh-va-bi--878050,https://cdn.haiphong.gov.vn/gov-hpg/6798/tintuc/2026/3/qd-1039.-cong-bo-danh-muc-tthc-linh-vuc-quan-ly-nn-ve-quy..signed-1-639104826023207471.pdf,Bị bãi bỏ theo 1039/QĐ-UBND
1.013716,"Thủ tục hợp nhất, sáp nhập, chia, tách quỹ Nghị định số 03/2026/NĐ-CP ngày 09/01/2026 của Chính phủ về tổ chức, hoạt động của quỹ xã hội, quỹ từ thiện Quản lý nhà nước về quỹ",NỘI VỤ,repealed_by_official_city_decision,False,,2026-03-20,official_city_decision_pdf,True,,False,,1039/QĐ-UBND,https://giavien.haiphong.gov.vn/so-noi-vu-92287/quyet-dinh-so-1039-qd-ubnd-ngay-20-3-2026-ve-viec-cong-bo-thu-tuc-hanh-chinh-moi-ban-hanh-va-bi--878050,https://cdn.haiphong.gov.vn/gov-hpg/6798/tintuc/2026/3/qd-1039.-cong-bo-danh-muc-tthc-linh-vuc-quan-ly-nn-ve-quy..signed-1-639104826023207471.pdf,Bị bãi bỏ theo 1039/QĐ-UBND
1.013717,"Thủ tục quỹ tự giải thể Nghị định số 03/2026/NĐ-CP ngày 09/01/2026 của Chính phủ về tổ chức, hoạt động của quỹ xã hội, quỹ từ thiện Quản lý nhà nước về quỹ",NỘI VỤ,repealed_by_official_city_decision,False,,2026-03-20,official_city_decision_pdf,True,,False,,1039/QĐ-UBND,https://giavien.haiphong.gov.vn/so-noi-vu-92287/quyet-dinh-so-1039-qd-ubnd-ngay-20-3-2026-ve-viec-cong-bo-thu-tuc-hanh-chinh-moi-ban-hanh-va-bi--878050,https://cdn.haiphong.gov.vn/gov-hpg/6798/tintuc/2026/3/qd-1039.-cong-bo-danh-muc-tthc-linh-vuc-quan-ly-nn-ve-quy..signed-1-639104826023207471.pdf,Bị bãi bỏ theo 1039/QĐ-UBND
1.013723,Thủ tục kiểm tra nhà nước về chất lượng hàng hóa hàng hóa nhóm 2 nhập khẩu Nghị định số 37/2026/NĐ -CP ngày 23/01/2026 của Chính phủ,NỘI VỤ,repealed_by_official_city_decision,False,,2026-08-30,official_city_decision_pdf,False,,False,,3500/QĐ-UBND,https://namsach.haiphong.gov.vn/cong-khai-danh-muc-thu-tuc-hanh-chinh/cong-khai-quyet-dinh-so-3500-qd-ubnd-ngay-30-8-2026-cua-ubnd-thanh-pho-hai-phong-ve-viec-cong-bo-958426,https://cdn.haiphong.gov.vn/gov-hpg/6833/tintuc/2026/9/qd-3500-nv639240495312924587.pdf,Bị bãi bỏ theo 3500/QĐ-UBND
1.013724,"Vay vốn hỗ trợ tạo việc làm, duy trì và mở rộng việc làm từ Quỹ quốc gia về việc làm đối với người lao động",VIỆC LÀM,official_commune_evidence_no_later_repeal_in_snapshot,True,2026-01-15,,dvcqg_name_by_code_verified,True,1.0,False,,2/QĐ-UBND; 636/QĐ-BNV; 1561/QĐ-BNV; 4/QĐ-BNV,https://vinhbao.haiphong.gov.vn/linh-vuc-quan-ly-lao-dong-ngoai-nuoc/danh-muc-thu-tuc-hanh-chinh-moi-ban-hanh-bi-bai-bo-linh-vuc-nguoi-lao-dong-di-lam-viec-o-nuoc-ng-845673,https://cdn.haiphong.gov.vn/gov-hpg/6874/tintuc/2026/1/1.-qd-cong-bo-danh-muc-tthc-thuoc-pham-vi-chuc-nang-quan-ly-cua-so-noi-vu..signed639040667148325665.pdf,
1.013725,"Vay vốn hỗ trợ tạo việc làm, duy trì và mở rộng việc làm từ Quỹ quốc gia về việc làm đối với cơ sở sản xuất, kinh doanh",VIỆC LÀM,official_commune_evidence_no_later_repeal_in_snapshot,True,2025-07-13,,official_attachment_snippet,True,0.861,False,,2/QĐ-UBND; 636/QĐ-BNV,https://vinhbao.haiphong.gov.vn/linh-vuc-viec-lam/cong-bo-danh-muc-thu-tuc-hanh-chinh-moi-ban-hanh-va-bi-bai-bo-linh-vuc-viec-lam-an-toan-ve-sinh--762741,https://cdn.haiphong.gov.vn/gov-hpg/6874/tintuc/2025/7/qd-cong-bo-tthc-linh-vuc-viec-lam-atld-qd-636..signed638880367760937972.pdf,
1.013733,"Chuẩn bị nguồn lao động của doanh nghiệp hoạt động dịch vụ đưa người lao động Việt Nam đi làm việc ở nước ngoài theo hợp đồng Nghị quyết số 66.18/2026/NQ-CP về phân quyền, cắt giảm, đơn giản hóa thủ tục hành chính, điều kiện kinh doanh",NỘI VỤ,repealed_by_official_city_decision,False,,2026-06-26,official_city_decision_pdf,False,,False,,2380/QĐ-UBND,https://giavien.haiphong.gov.vn/so-noi-vu-92287/quyet-dinh-so-2380-qd-ubnd-ngay-26-6-2026-ve-viec-cong-bo-danh-muc-thu-tuc-hanh-chinh-duoc-sua-d-933048,https://cdn.haiphong.gov.vn/gov-hpg/6798/tintuc/2026/7/2380-quyet-dinh-cong-bo-dm-tthc-sua-doi-bo-sung-va-bi-bai-bo-theo-qd-641-cua-bnv..signed639197960523919968.pdf,Bị bãi bỏ theo 2380/QĐ-UBND
1.013734,Đăng ký hợp đồng lao động trực tiếp giao kết.,QUẢN LÝ LAO ĐỘNG NGOÀI NƯỚC,official_city_decision_commune_reception,True,2026-06-26,,dvcqg_name_by_code_verified,True,,False,019d2bfb-1b93-7684-9fd3-a088c69450aa,1214/QĐ-UBND; 640/QĐ-BNV; 2380/QĐ-UBND,https://giavien.haiphong.gov.vn/so-noi-vu-92287/quyet-dinh-so-2380-qd-ubnd-ngay-26-6-2026-ve-viec-cong-bo-danh-muc-thu-tuc-hanh-chinh-duoc-sua-d-933048,https://cdn.haiphong.gov.vn/gov-hpg/6798/tintuc/2026/7/2380-quyet-dinh-cong-bo-dm-tthc-sua-doi-bo-sung-va-bi-bai-bo-theo-qd-641-cua-bnv..signed639197960523919968.pdf,
1.013751,"Cho phép thành lập trung tâm giáo dục thường xuyên, trung tâm giáo dục nghề nghiệp - giáo dục thường xuyên tư thục",GIÁO DỤC VÀ ĐÀO TẠO,official_city_decision_commune_reception,True,2026-05-09,,official_city_decision_pdf,False,,False,,1747/QĐ-UBND,https://giavien.haiphong.gov.vn/so-giao-duc-va-dao-tao-92279/quyet-dinh-so-1747-qd-ubnd-ngay-09-5-2026-cua-ubnd-thanh-pho-ve-viec-cong-khai-danh-muc-thu-tuc--900189,https://cdn.haiphong.gov.vn/gov-hpg/6798/tintuc/2026/5/qd-1747639146922033877627.pdf,
1.013755,Cho phép thành lập trung tâm hỗ trợ phát triển giáo dục hòa nhập tư thục,GIÁO DỤC VÀ ĐÀO TẠO,official_city_decision_commune_reception,True,2026-05-09,,official_city_decision_pdf,False,,False,,1747/QĐ-UBND,https://giavien.haiphong.gov.vn/so-giao-duc-va-dao-tao-92279/quyet-dinh-so-1747-qd-ubnd-ngay-09-5-2026-cua-ubnd-thanh-pho-ve-viec-cong-khai-danh-muc-thu-tuc--900189,https://cdn.haiphong.gov.vn/gov-hpg/6798/tintuc/2026/5/qd-1747639146922033877627.pdf,
1.013759,"Cho phép thành lập cơ sở giáo dục nghề nghiệp, cơ sở giáo dục nghề nghiệp cho người khuyết tật, phân hiệu của trường trung cấp tư thục",GIÁO DỤC VÀ ĐÀO TẠO,official_city_decision_commune_reception,True,2026-05-09,,official_city_decision_pdf,False,,False,,1747/QĐ-UBND,https://giavien.haiphong.gov.vn/so-giao-duc-va-dao-tao-92279/quyet-dinh-so-1747-qd-ubnd-ngay-09-5-2026-cua-ubnd-thanh-pho-ve-viec-cong-khai-danh-muc-thu-tuc--900189,https://cdn.haiphong.gov.vn/gov-hpg/6798/tintuc/2026/5/qd-1747639146922033877627.pdf,
1.013764,"Cho phép thành lập trường trung cấp, trung tâm giáo dục nghề nghiệp có vốn đầu tư nước ngoài",GIÁO DỤC VÀ ĐÀO TẠO,official_city_decision_commune_reception,True,2026-05-09,,official_city_decision_pdf,False,,False,,1747/QĐ-UBND,https://giavien.haiphong.gov.vn/so-giao-duc-va-dao-tao-92279/quyet-dinh-so-1747-qd-ubnd-ngay-09-5-2026-cua-ubnd-thanh-pho-ve-viec-cong-khai-danh-muc-thu-tuc--900189,https://cdn.haiphong.gov.vn/gov-hpg/6798/tintuc/2026/5/qd-1747639146922033877627.pdf,
1.013771,"Thủ tục cấp Giấy phép gia công hàng hóa thuộc diện hàng hóa cấm xuất khẩu, cấm nhập khẩu; hàng hóa tạm ngừng xuất khẩu, tạm ngừng nhập khẩu",CÔNG THƯƠNG,official_city_decision_commune_reception,True,2026-09-08,,official_city_decision_pdf,False,,False,019d2bf8-0bb9-702a-a8eb-77314df9319c,2127/QĐ-UBND; 3584/QĐ-UBND,https://namsach.haiphong.gov.vn/cong-khai-danh-muc-thu-tuc-hanh-chinh/cong-khai-quyet-dinh-so-3584-qd-ubnd-ngay-08-9-2026-cua-ubnd-thanh-pho-hai-phong-ve-viec-cong-bo-961695,https://cdn.haiphong.gov.vn/gov-hpg/6833/tintuc/2026/9/qd-3548-ct639245592166822661.pdf,
1.013778,Thủ tục gia hạn thời gian quá cảnh đối với hàng hóa quá cảnh,CÔNG THƯƠNG,official_city_decision_commune_reception,True,2026-09-08,,official_city_decision_pdf,False,,False,019d2bf8-0bd3-70a8-9be8-038715d7c9a5,2127/QĐ-UBND; 3584/QĐ-UBND,https://namsach.haiphong.gov.vn/cong-khai-danh-muc-thu-tuc-hanh-chinh/cong-khai-quyet-dinh-so-3584-qd-ubnd-ngay-08-9-2026-cua-ubnd-thanh-pho-hai-phong-ve-viec-cong-bo-961695,https://cdn.haiphong.gov.vn/gov-hpg/6833/tintuc/2026/9/qd-3548-ct639245592166822661.pdf,
1.013781,Thủ tục chấp thuận thay đổi nội dung ghi trong giấy phép hoạt động báo chí đối với cơ quan báo chí của địa phương,BÁO CHÍ,official_city_decision_commune_reception,True,2026-09-04,,dvcqg_name_by_code_verified,False,,False,019d2bfd-ec15-746e-aebe-b87d1d84e286,3523/QĐ-UBND,https://namsach.haiphong.gov.vn/cong-khai-danh-muc-thu-tuc-hanh-chinh/cong-khai-quyet-dinh-so-3523-qd-ubnd-ngay-04-9-2026-cua-ubnd-thanh-pho-hai-phong-ve-viec-cong-bo-959292,https://cdn.haiphong.gov.vn/gov-hpg/6833/tintuc/2026/9/qd-3523-vh639241356960920960.pdf,
1.013782,Thủ tục cấp giấy phép xuất bản thêm ấn phẩm báo chí đối với cơ quan báo chí của địa phương,BÁO CHÍ,official_city_decision_commune_reception,True,2026-09-04,,official_city_decision_pdf,False,,False,019d2bfd-ec17-74d1-948c-87a5fb60b66b,3523/QĐ-UBND,https://namsach.haiphong.gov.vn/cong-khai-danh-muc-thu-tuc-hanh-chinh/cong-khai-quyet-dinh-so-3523-qd-ubnd-ngay-04-9-2026-cua-ubnd-thanh-pho-hai-phong-ve-viec-cong-bo-959292,https://cdn.haiphong.gov.vn/gov-hpg/6833/tintuc/2026/9/qd-3523-vh639241356960920960.pdf,
1.013783,"H24 Thủ tục cấp giấy phép sửa đổi, bổ sung những nội dung ghi trong giấy phép xuất bản thêm ấn phẩm đối với cơ quan báo chí của địa phương",VĂN HÓA,repealed_by_official_city_decision,False,,2026-05-29,official_city_decision_pdf,False,,False,,2032/QĐ-UBND,https://giavien.haiphong.gov.vn/so-van-hoa-the-thao-va-du-lich-92284/qd-2032-ve-viec-cong-bo-danh-muc-thu-tuc-hanh-chinh-moi-ban-hanh-duoc-sua-doi-bo-sung-va-bi-bai--910186,https://cdn.haiphong.gov.vn/gov-hpg/6798/tintuc/2026/6/qd-2032639161842299651591.pdf,Bị bãi bỏ theo 2032/QĐ-UBND
1.013784,Thủ tục chấp thuận thay đổi nội dung ghi trong giấy phép xuất bản thêm ấn phẩm báo chí đối với cơ quan báo chí của địa phương,BÁO CHÍ,official_city_decision_commune_reception,True,2026-09-04,,official_city_decision_pdf,False,,False,019d2bfd-ec18-72bc-bdb9-3b6188a28e0f,3523/QĐ-UBND,https://namsach.haiphong.gov.vn/cong-khai-danh-muc-thu-tuc-hanh-chinh/cong-khai-quyet-dinh-so-3523-qd-ubnd-ngay-04-9-2026-cua-ubnd-thanh-pho-hai-phong-ve-viec-cong-bo-959292,https://cdn.haiphong.gov.vn/gov-hpg/6833/tintuc/2026/9/qd-3523-vh639241356960920960.pdf,
1.013785,Thủ tục cấp giấy phép xuất bản phụ trương đối với cơ quan báo chí của địa phương,BÁO CHÍ,official_city_decision_commune_reception,True,2026-09-04,,official_city_decision_pdf,False,,False,019d2bfd-ec18-73f3-8d3d-54d91e7d7376,3523/QĐ-UBND,https://namsach.haiphong.gov.vn/cong-khai-danh-muc-thu-tuc-hanh-chinh/cong-khai-quyet-dinh-so-3523-qd-ubnd-ngay-04-9-2026-cua-ubnd-thanh-pho-hai-phong-ve-viec-cong-bo-959292,https://cdn.haiphong.gov.vn/gov-hpg/6833/tintuc/2026/9/qd-3523-vh639241356960920960.pdf,
1.013786,"H24 Thủ tục cấp giấy phép sửa đổi, bổ sung những nội dung giấy phép xuất bản phụ trương đối với cơ quan báo chí của địa phương Nghị quyết số 66.18/2026/NQ- CP ngày 18 tháng 5 năm 2026 của Chính phủ",VĂN HÓA,repealed_by_official_city_decision,False,,2026-05-29,official_city_decision_pdf,False,,False,,2032/QĐ-UBND,https://giavien.haiphong.gov.vn/so-van-hoa-the-thao-va-du-lich-92284/qd-2032-ve-viec-cong-bo-danh-muc-thu-tuc-hanh-chinh-moi-ban-hanh-duoc-sua-doi-bo-sung-va-bi-bai--910186,https://cdn.haiphong.gov.vn/gov-hpg/6798/tintuc/2026/6/qd-2032639161842299651591.pdf,Bị bãi bỏ theo 2032/QĐ-UBND
1.013787,H24 Thủ tục chấp thuận thay đổi nội dung ghi trong giấy phép xuất bản phụ trương đối với cơ quan báo chí của địa phương,VĂN HÓA,repealed_by_official_city_decision,False,,2026-05-29,official_city_decision_pdf,False,,False,,2032/QĐ-UBND,https://giavien.haiphong.gov.vn/so-van-hoa-the-thao-va-du-lich-92284/qd-2032-ve-viec-cong-bo-danh-muc-thu-tuc-hanh-chinh-moi-ban-hanh-duoc-sua-doi-bo-sung-va-bi-bai--910186,https://cdn.haiphong.gov.vn/gov-hpg/6798/tintuc/2026/6/qd-2032639161842299651591.pdf,Bị bãi bỏ theo 2032/QĐ-UBND
1.013788,"Thủ tục cấp giấy phép xuất bản đặc san đối với cơ quan, tổ chức, doanh nghiệp của địa phương",BÁO CHÍ,official_city_decision_commune_reception,True,2026-09-04,,official_city_decision_pdf,False,,False,019d2bfd-ec1f-73a9-9a37-9feff66a0484,3523/QĐ-UBND,https://namsach.haiphong.gov.vn/cong-khai-danh-muc-thu-tuc-hanh-chinh/cong-khai-quyet-dinh-so-3523-qd-ubnd-ngay-04-9-2026-cua-ubnd-thanh-pho-hai-phong-ve-viec-cong-bo-959292,https://cdn.haiphong.gov.vn/gov-hpg/6833/tintuc/2026/9/qd-3523-vh639241356960920960.pdf,
1.013789,"Thủ tục chấp thuận thay đổi nội dung ghi trong giấy phép xuất bản đặc san đối với cơ quan, tổ chức, doanh nghiệp của địa phương",BÁO CHÍ,official_city_decision_commune_reception,True,2026-09-04,,official_city_decision_pdf,False,,False,019d2bfd-ec2c-771a-a338-9d92c89b32e6,3523/QĐ-UBND,https://namsach.haiphong.gov.vn/cong-khai-danh-muc-thu-tuc-hanh-chinh/cong-khai-quyet-dinh-so-3523-qd-ubnd-ngay-04-9-2026-cua-ubnd-thanh-pho-hai-phong-ve-viec-cong-bo-959292,https://cdn.haiphong.gov.vn/gov-hpg/6833/tintuc/2026/9/qd-3523-vh639241356960920960.pdf,
1.013790,Thủ tục đăng ký danh mục báo chí nhập khẩu,BÁO CHÍ,official_city_decision_commune_reception,True,2026-09-04,,official_city_decision_pdf,False,,False,019d2bfd-ec26-745a-ba74-b2d0463fe204,3523/QĐ-UBND,https://namsach.haiphong.gov.vn/cong-khai-danh-muc-thu-tuc-hanh-chinh/cong-khai-quyet-dinh-so-3523-qd-ubnd-ngay-04-9-2026-cua-ubnd-thanh-pho-hai-phong-ve-viec-cong-bo-959292,https://cdn.haiphong.gov.vn/gov-hpg/6833/tintuc/2026/9/qd-3523-vh639241356960920960.pdf,
1.013803,Bổ nhiệm công chứng viên,CÔNG CHỨNG,official_city_decision_commune_reception,True,2026-04-08,,official_city_decision_pdf,False,,False,,1353/QĐ-UBND,https://giavien.haiphong.gov.vn/so-tu-phap-92285/quyet-dinh-so-1353-qd-ubnd-ngay-08-4-2026-ve-viec-cong-bo-danh-muc-thu-tuc-hanh-chinh-duoc-sua-d-883466,https://cdn.haiphong.gov.vn/gov-hpg/6798/tintuc/2026/4/qd-cong-bo-danh-muc-tthc-linh-vuc-cong-chung-va-chung-thuc_so-tu-phap..signed639114064354058456.pdf,
1.013818,Đăng ký tham dự kiểm tra kết quả tập sự hành nghề công chứng,CÔNG CHỨNG,official_city_decision_commune_reception,True,2026-01-31,,official_city_decision_pdf,False,,False,,467/QĐ-UBND,https://giavien.haiphong.gov.vn/so-tu-phap-92285/quyet-dinh-so-467-qd-ubnd-ngay-31-01-2026-ve-viec-cong-bo-danh-muc-thu-tuc-hanh-chinh-duoc-sua-d-884412,https://cdn.haiphong.gov.vn/gov-hpg/6798/tintuc/2026/4/qd-467-cong-chung-chung-thuc-quan-tai-vien-ho-tich639057302800587100639116699603616818.pdf,
1.013822,"Hỗ trợ chi phí mai táng đối với nghệ nhân nhân dân, nghệ nhân ưu tú có thu nhập thấp, hoàn cảnh khó khăn",BẢO TRỢ XÃ HỘI,official_commune_evidence_no_later_repeal_in_snapshot,True,2025-09-23,,official_source_name_verified,True,1.0,False,,1411/QĐ-SYT; 2038/QĐ-UBND; 2944/QĐ-BYT,https://vinhbao.haiphong.gov.vn/linh-vuc-bao-tro-xa-hoi/danh-muc-thu-tuc-hanh-chinh-bi-bai-bo-linh-vuc-bao-tro-xa-hoi-thuoc-pham-vi-chuc-nang-quan-ly-cu-785078,https://cdn.haiphong.gov.vn/gov-hpg/6874/tintuc/2025/9/qd-cong-bo-tthc-theo-qd-2944-byt-..signed638942452687051651.pdf,
1.013823,"Giao đất, cho thuê đất, chuyển mục đích sử dụng đất đối với trường hợp giao đất, cho thuê đất không đấu giá quyền sử dụng đất, không đấu thầu lựa chọn nhà đầu tư thực hi",ĐẤT ĐAI,official_commune_evidence_no_later_repeal_in_snapshot,True,2025-08-19,,official_attachment_snippet,False,,False,019d2bfa-7ec9-76f0-b9d3-985182762c76,2003/QĐ-TTG; 2021/QĐ-TTG; 2025/QĐ-TTG; 1334/QĐ-BTP; 1478/QĐ-UBND; 1582/QĐ-UBND; 2021/QĐ-UBND; 2128/QĐ-BNNMT; 2304/QĐ-BNNMT; 34/QĐ-BTP; 6225/QĐ-BQP,https://vinhbao.haiphong.gov.vn/linh-vuc-dat-dai/cong-khai-thu-tuc-hanh-chinh-moi-ban-hanh-duoc-sua-doi-bo-sung-linh-vuc-lam-nghiep-kiem-lam-ung--773283,https://cdn.haiphong.gov.vn/gov-hpg/6874/tintuc/2025/8/qd-3266-danh-muc-kem-theo638912181889816666.doc,
1.013825,"Chuyển hình thức giao đất, cho thuê đất",ĐẤT ĐAI,official_commune_evidence_no_later_repeal_in_snapshot,True,2025-08-19,,official_attachment_snippet,False,,False,019d2bfa-7ed2-729a-80b9-359a98b3a341,2003/QĐ-TTG; 2021/QĐ-TTG; 2025/QĐ-TTG; 1334/QĐ-BTP; 1478/QĐ-UBND; 1582/QĐ-UBND; 2021/QĐ-UBND; 2128/QĐ-BNNMT; 2304/QĐ-BNNMT; 34/QĐ-BTP; 6225/QĐ-BQP,https://vinhbao.haiphong.gov.vn/linh-vuc-dat-dai/cong-khai-thu-tuc-hanh-chinh-moi-ban-hanh-duoc-sua-doi-bo-sung-linh-vuc-lam-nghiep-kiem-lam-ung--773283,https://cdn.haiphong.gov.vn/gov-hpg/6874/tintuc/2025/8/qd-3266-danh-muc-kem-theo638912181889816666.doc,
1.013826,"Điều chỉnh quyết định giao đất, cho thuê đất, cho phép chuyển mục đích sử dụng đất do thay đổi căn cứ quyết định giao đất, cho thuê đất, cho phép chuyển mục đích sử dụng",ĐẤT ĐAI,official_commune_evidence_no_later_repeal_in_snapshot,True,2025-08-19,,official_attachment_snippet,False,,False,019d2bfa-7ecc-735b-9e4f-6121df9b059d,2003/QĐ-TTG; 2021/QĐ-TTG; 2025/QĐ-TTG; 1334/QĐ-BTP; 1478/QĐ-UBND; 1582/QĐ-UBND; 2021/QĐ-UBND; 2128/QĐ-BNNMT; 2304/QĐ-BNNMT; 34/QĐ-BTP; 6225/QĐ-BQP,https://vinhbao.haiphong.gov.vn/linh-vuc-dat-dai/cong-khai-thu-tuc-hanh-chinh-moi-ban-hanh-duoc-sua-doi-bo-sung-linh-vuc-lam-nghiep-kiem-lam-ung--773283,https://cdn.haiphong.gov.vn/gov-hpg/6874/tintuc/2025/8/qd-3266-danh-muc-kem-theo638912181889816666.doc,
1.013827,"Điều chỉnh quyết định giao đất, cho thuê đất, cho phép chuyển mục đích sử dụng đất do sai sót về ranh giới, vị trí, diện tích, mục đích sử dụng giữa bản đồ quy hoạch, bả",ĐẤT ĐAI,official_commune_evidence_no_later_repeal_in_snapshot,True,2025-08-19,,official_attachment_snippet,False,,False,019d2bfa-7eca-777f-8908-4b6445d53659,2003/QĐ-TTG; 2021/QĐ-TTG; 2025/QĐ-TTG; 1334/QĐ-BTP; 1478/QĐ-UBND; 1582/QĐ-UBND; 2021/QĐ-UBND; 2128/QĐ-BNNMT; 2304/QĐ-BNNMT; 34/QĐ-BTP; 6225/QĐ-BQP,https://vinhbao.haiphong.gov.vn/linh-vuc-dat-dai/cong-khai-thu-tuc-hanh-chinh-moi-ban-hanh-duoc-sua-doi-bo-sung-linh-vuc-lam-nghiep-kiem-lam-ung--773283,https://cdn.haiphong.gov.vn/gov-hpg/6874/tintuc/2025/8/qd-3266-danh-muc-kem-theo638912181889816666.doc,
1.013828,"Giao đất, cho thuê đất, giao khu vực biển để thực hiện hoạt động lấn biển",ĐẤT ĐAI,official_commune_evidence_no_later_repeal_in_snapshot,True,2025-08-19,,official_attachment_snippet,False,,False,019d2bfa-7ee2-7194-a34e-a5ffc7c6f5c1,2003/QĐ-TTG; 2021/QĐ-TTG; 2025/QĐ-TTG; 1334/QĐ-BTP; 1478/QĐ-UBND; 1582/QĐ-UBND; 2021/QĐ-UBND; 2128/QĐ-BNNMT; 2304/QĐ-BNNMT; 34/QĐ-BTP; 6225/QĐ-BQP,https://vinhbao.haiphong.gov.vn/linh-vuc-dat-dai/cong-khai-thu-tuc-hanh-chinh-moi-ban-hanh-duoc-sua-doi-bo-sung-linh-vuc-lam-nghiep-kiem-lam-ung--773283,https://cdn.haiphong.gov.vn/gov-hpg/6874/tintuc/2025/8/qd-3266-danh-muc-kem-theo638912181889816666.doc,
1.013831,"Đăng ký biến động quyền sử dụng đất, quyền sở hữu tài sản gắn liền với đất trong các trường hợp chuyển đổi quyền sử dụng đất nông nghiệp mà không theo phương án dồn điền",ĐẤT ĐAI,official_commune_evidence_no_later_repeal_in_snapshot,True,2025-08-19,,official_attachment_snippet,False,,False,019d2bfa-7ece-728d-9b60-6563e0a7a94e,2003/QĐ-TTG; 2021/QĐ-TTG; 2025/QĐ-TTG; 1334/QĐ-BTP; 1478/QĐ-UBND; 1582/QĐ-UBND; 2021/QĐ-UBND; 2128/QĐ-BNNMT; 2304/QĐ-BNNMT; 34/QĐ-BTP; 6225/QĐ-BQP,https://vinhbao.haiphong.gov.vn/linh-vuc-dat-dai/cong-khai-thu-tuc-hanh-chinh-moi-ban-hanh-duoc-sua-doi-bo-sung-linh-vuc-lam-nghiep-kiem-lam-ung--773283,https://cdn.haiphong.gov.vn/gov-hpg/6874/tintuc/2025/8/qd-3266-danh-muc-kem-theo638912181889816666.doc,
1.013833,"Đăng ký biến động đối với trường hợp đổi tên hoặc thay đổi thông tin về người sử dụng đất, chủ sở hữu tài sản gắn liền với đất hoặc thay đổi số hiệu hoặc địa chỉ của thử",ĐẤT ĐAI,official_commune_evidence_no_later_repeal_in_snapshot,True,2025-08-19,,official_attachment_snippet,False,,False,019d2bfa-7ed2-77ba-9ecd-737733a74667,2003/QĐ-TTG; 2021/QĐ-TTG; 2025/QĐ-TTG; 1334/QĐ-BTP; 1478/QĐ-UBND; 1582/QĐ-UBND; 2021/QĐ-UBND; 2128/QĐ-BNNMT; 2304/QĐ-BNNMT; 34/QĐ-BTP; 6225/QĐ-BQP,https://vinhbao.haiphong.gov.vn/linh-vuc-dat-dai/cong-khai-thu-tuc-hanh-chinh-moi-ban-hanh-duoc-sua-doi-bo-sung-linh-vuc-lam-nghiep-kiem-lam-ung--773283,https://cdn.haiphong.gov.vn/gov-hpg/6874/tintuc/2025/8/qd-3266-danh-muc-kem-theo638912181889816666.doc,
1.013836,Thay đổi nội dung đăng ký hoạt động của Văn phòng công chứng,CÔNG CHỨNG,official_city_decision_commune_reception,True,2026-01-31,,official_city_decision_pdf,False,,False,,467/QĐ-UBND,https://giavien.haiphong.gov.vn/so-tu-phap-92285/quyet-dinh-so-467-qd-ubnd-ngay-31-01-2026-ve-viec-cong-bo-danh-muc-thu-tuc-hanh-chinh-duoc-sua-d-884412,https://cdn.haiphong.gov.vn/gov-hpg/6798/tintuc/2026/4/qd-467-cong-chung-chung-thuc-quan-tai-vien-ho-tich639057302800587100639116699603616818.pdf,
1.013860,Cấp giấy chứng nhận bị phơi nhi ễm với HIV do tai nạn r ủi ro nghề nghiệp,PHÒNG BỆNH,future_effective_official_decision,False,,,official_city_decision_pdf,False,,False,,3501/QĐ-UBND,https://namsach.haiphong.gov.vn/cong-khai-danh-muc-thu-tuc-hanh-chinh/cong-khai-quyet-dinh-so-3501-qd-ubnd-ngay-01-9-2026-cua-ubnd-thanh-pho-hai-phong-ve-viec-cong-bo-958422,https://cdn.haiphong.gov.vn/gov-hpg/6833/tintuc/2026/9/qd-3501-yt639240494398182291.pdf,Quyết định có hiệu lực từ 2027-03-01
1.013864,Cấp giấy chứng nhận bị phơi nhi ễm với HIV do tai nạn r ủi ro nghề nghiệp,PHÒNG BỆNH,future_effective_official_decision,False,,,official_city_decision_pdf,False,,False,,3501/QĐ-UBND,https://namsach.haiphong.gov.vn/cong-khai-danh-muc-thu-tuc-hanh-chinh/cong-khai-quyet-dinh-so-3501-qd-ubnd-ngay-01-9-2026-cua-ubnd-thanh-pho-hai-phong-ve-viec-cong-bo-958422,https://cdn.haiphong.gov.vn/gov-hpg/6833/tintuc/2026/9/qd-3501-yt639240494398182291.pdf,Quyết định có hiệu lực từ 2027-03-01
1.013896,Thông báo tiếp nhận hồ sơ công bố hợp quy dựa trên kết quả chứng nhận hợp quy của tổ chức chứng nhận hợp quy được chỉ định (bên thứ ba) đối với thuốc lá,PHÒNG BỆNH,repealed_by_official_city_decision,False,,2026-09-23,official_city_decision_pdf,False,,False,,3958/QĐ-UBND,https://nhichieu.haiphong.gov.vn/tra-cuu-thu-tuc-hanh-chinh-90290/so-111-tb-vhxh-ngay-24-thang-9-nam-2026-thong-bao-quyet-dinh-so-3958-qd-ubnd-ve-viec-cong-bo-dan-971224,https://cdn.haiphong.gov.vn/gov-hpg/6843/tintuc/2026/9/tb-so-111-tthc-qd-so-3958-ngay-23.9-tthc.ldsigned639259321271092336.pdf,Bị bãi bỏ theo 3958/QĐ-UBND
1.013898,"Thông báo tiếp nhận hồ sơ công bố hợp quy dựa trên kết quả tự đánh giá của tổ chức, cá nhân sản xuất, kinh doanh thuốc lá (bên thứ nhất)",PHÒNG BỆNH,repealed_by_official_city_decision,False,,2026-09-23,official_city_decision_pdf,False,,False,,3958/QĐ-UBND,https://nhichieu.haiphong.gov.vn/tra-cuu-thu-tuc-hanh-chinh-90290/so-111-tb-vhxh-ngay-24-thang-9-nam-2026-thong-bao-quyet-dinh-so-3958-qd-ubnd-ve-viec-cong-bo-dan-971224,https://cdn.haiphong.gov.vn/gov-hpg/6843/tintuc/2026/9/tb-so-111-tthc-qd-so-3958-ngay-23.9-tthc.ldsigned639259321271092336.pdf,Bị bãi bỏ theo 3958/QĐ-UBND
1.013934,"Cấp, cấp lại Giấy chứng nhận đủ điều kiện kinh doanh dịch vụ lưu trữ Nghị quyết số 66.18/2026/NQ-CP về phân quyền, cắt giảm, đơn giản hóa thủ tục hành chính, điều kiện kinh doanh A2. LĨNH VỰC QUẢN LÝ LAO ĐỘNG NGOÀI NƯỚC",NỘI VỤ,repealed_by_official_city_decision,False,,2026-06-26,official_city_decision_pdf,False,,False,,2380/QĐ-UBND,https://giavien.haiphong.gov.vn/so-noi-vu-92287/quyet-dinh-so-2380-qd-ubnd-ngay-26-6-2026-ve-viec-cong-bo-danh-muc-thu-tuc-hanh-chinh-duoc-sua-d-933048,https://cdn.haiphong.gov.vn/gov-hpg/6798/tintuc/2026/7/2380-quyet-dinh-cong-bo-dm-tthc-sua-doi-bo-sung-va-bi-bai-bo-theo-qd-641-cua-bnv..signed639197960523919968.pdf,Bị bãi bỏ theo 2380/QĐ-UBND
1.013945,"Tổ chức kinh tế nhận chuyển nhượng, thuê quyền sử dụng đất, nhận góp vốn bằng quyền sử dụng đất để thực hiện dự án đầu tư",ĐẤT ĐAI,official_commune_evidence_no_later_repeal_in_snapshot,True,2025-08-19,,official_attachment_snippet,False,,False,019d2bfa-7ed8-7375-ac5c-f2db5a45a382,2003/QĐ-TTG; 2021/QĐ-TTG; 2025/QĐ-TTG; 1334/QĐ-BTP; 1478/QĐ-UBND; 1582/QĐ-UBND; 2021/QĐ-UBND; 2128/QĐ-BNNMT; 2304/QĐ-BNNMT; 34/QĐ-BTP; 6225/QĐ-BQP,https://vinhbao.haiphong.gov.vn/linh-vuc-dat-dai/cong-khai-thu-tuc-hanh-chinh-moi-ban-hanh-duoc-sua-doi-bo-sung-linh-vuc-lam-nghiep-kiem-lam-ung--773283,https://cdn.haiphong.gov.vn/gov-hpg/6874/tintuc/2025/8/qd-3266-danh-muc-kem-theo638912181889816666.doc,
1.013946,"Sử dụng đất kết hợp đa mục đích, gia hạn phương án sử dụng đất kết hợp đa mục đích",ĐẤT ĐAI,official_commune_evidence_no_later_repeal_in_snapshot,True,2025-08-19,,official_attachment_snippet,False,,False,019d2bfa-7ee5-732e-97a0-e1b19ddda3b0,2003/QĐ-TTG; 2021/QĐ-TTG; 2025/QĐ-TTG; 1334/QĐ-BTP; 1478/QĐ-UBND; 1582/QĐ-UBND; 2021/QĐ-UBND; 2128/QĐ-BNNMT; 2304/QĐ-BNNMT; 34/QĐ-BTP; 6225/QĐ-BQP,https://vinhbao.haiphong.gov.vn/linh-vuc-dat-dai/cong-khai-thu-tuc-hanh-chinh-moi-ban-hanh-duoc-sua-doi-bo-sung-linh-vuc-lam-nghiep-kiem-lam-ung--773283,https://cdn.haiphong.gov.vn/gov-hpg/6874/tintuc/2025/8/qd-3266-danh-muc-kem-theo638912181889816666.doc,
1.013947,Xác nhận tiếp tục sử dụng đất nông nghiệp,ĐẤT ĐAI,official_commune_evidence_no_later_repeal_in_snapshot,True,2025-08-19,,official_attachment_snippet,False,,False,019d2bfa-8677-74ff-8111-ee0c889b713f,2003/QĐ-TTG; 2021/QĐ-TTG; 2025/QĐ-TTG; 1334/QĐ-BTP; 1478/QĐ-UBND; 1582/QĐ-UBND; 2021/QĐ-UBND; 2128/QĐ-BNNMT; 2304/QĐ-BNNMT; 34/QĐ-BTP; 6225/QĐ-BQP,https://vinhbao.haiphong.gov.vn/linh-vuc-dat-dai/cong-khai-thu-tuc-hanh-chinh-moi-ban-hanh-duoc-sua-doi-bo-sung-linh-vuc-lam-nghiep-kiem-lam-ung--773283,https://cdn.haiphong.gov.vn/gov-hpg/6874/tintuc/2025/8/qd-3266-danh-muc-kem-theo638912181889816666.doc,
1.013949,"Giao đất, cho thuê đất, chuyển mục đích sử dụng đất đối với trường hợp giao đất, cho thuê đất không đấu giá quyền sử dụng đất, không đấu thầu lựa chọn nhà đầu tư thực hiện dự án có sử dụng đất; trường hợp giao đất, cho thuê đất thông qua đấu thầu lựa chọn nhà đầu tư thực hiện dự án có sử dụng đất; giao đất và giao rừng; cho thuê đất và cho thuê rừng, gia hạn sử dụng đất khi hết thời hạn sử dụng đất",ĐẤT ĐAI,official_commune_evidence_no_later_repeal_in_snapshot,True,2025-08-19,,dvcqg_name_by_code_verified,True,1.0,False,019d2bfa-867b-703e-a311-18fc1df76fc8,15/QĐ-UBND,https://vinhbao.haiphong.gov.vn/linh-vuc-dat-dai/cong-khai-thu-tuc-hanh-chinh-moi-ban-hanh-duoc-sua-doi-bo-sung-linh-vuc-lam-nghiep-kiem-lam-ung--773283,https://cdn.haiphong.gov.vn/gov-hpg/6874/tintuc/2025/8/noi-dung-linh-vuc-dat-dai-cap-xa638912181802758696.docx,
1.013950,"Chuyển hình thức giao đất, cho thuê đất.",ĐẤT ĐAI,official_commune_evidence_no_later_repeal_in_snapshot,True,2025-08-19,,dvcqg_name_by_code_verified,True,1.0,False,019d2bfa-8678-7030-8757-70c3e9763bc1,15/QĐ-UBND,https://vinhbao.haiphong.gov.vn/linh-vuc-dat-dai/cong-khai-thu-tuc-hanh-chinh-moi-ban-hanh-duoc-sua-doi-bo-sung-linh-vuc-lam-nghiep-kiem-lam-ung--773283,https://cdn.haiphong.gov.vn/gov-hpg/6874/tintuc/2025/8/noi-dung-linh-vuc-dat-dai-cap-xa638912181802758696.docx,
1.013952,"Điều chỉnh quyết định giao đất, cho thuê đất, cho phép chuyển mục đích sử dụng đất do thay đổi căn cứ quyết định giao đất, cho thuê đất, cho phép chuyển mục đích sử dụng đất; điều chỉnh thời hạn sử dụng đất của dự án đầu tư.",ĐẤT ĐAI,official_commune_evidence_no_later_repeal_in_snapshot,True,2025-08-19,,dvcqg_name_by_code_verified,True,1.0,False,019d2bfa-8672-74d6-a162-9d0368d68fb5,15/QĐ-UBND,https://vinhbao.haiphong.gov.vn/linh-vuc-dat-dai/cong-khai-thu-tuc-hanh-chinh-moi-ban-hanh-duoc-sua-doi-bo-sung-linh-vuc-lam-nghiep-kiem-lam-ung--773283,https://cdn.haiphong.gov.vn/gov-hpg/6874/tintuc/2025/8/noi-dung-linh-vuc-dat-dai-cap-xa638912181802758696.docx,
1.013953,"Điều chỉnh quyết định giao đất, cho thuê đất, cho phép chuyển mục đích sử dụng đất do sai sót về ranh giới, vị trí, diện tích, mục đích sử dụng giữa bản đồ quy hoạch, bản đồ địa chính, quyết định giao đất, cho thuê đất, cho phép chuyển mục đích sử dụng đất và số liệu bàn giao đất trên thực địa",ĐẤT ĐAI,official_commune_evidence_no_later_repeal_in_snapshot,True,2025-08-19,,dvcqg_name_by_code_verified,True,1.0,False,019d2bfa-8676-77f3-ba25-0d0f1b588227,15/QĐ-UBND,https://vinhbao.haiphong.gov.vn/linh-vuc-dat-dai/cong-khai-thu-tuc-hanh-chinh-moi-ban-hanh-duoc-sua-doi-bo-sung-linh-vuc-lam-nghiep-kiem-lam-ung--773283,https://cdn.haiphong.gov.vn/gov-hpg/6874/tintuc/2025/8/noi-dung-linh-vuc-dat-dai-cap-xa638912181802758696.docx,
1.013962,"Giao đất ở có thu tiền sử dụng đất không thông qua đấu giá, không đấu thầu lựa chọn nhà đầu tư thực hiện dự án có sử dụng đất đối với cá nhân là cán bộ, công chức, viên chức, sĩ quan tại ngũ, quân nhân chuyên nghiệp, công chức quốc phòng, công nhân và viên chức quốc phòng, sĩ quan, hạ sĩ quan, công nhân công an, người làm công tác cơ yếu và người làm công tác khác trong tổ chức cơ yếu hưởng lương từ ngân sách nhà nước mà chưa được giao đất ở, nhà ở; giáo viên, nhân viên y tế đang công tác tại các xã biên giới, hải đảo thuộc vùng có điều kiện kinh tế - xã hội khó khăn, vùng có điều kiện kinh tế - xã hội đặc biệt khó khăn nhưng chưa có đất ở, nhà ở tại nơi công tác hoặc chưa được hưởng chính sách hỗ trợ về nhà ở theo quy định của pháp luật về nhà ở; cá nhân thường trú tại xã mà không có đất ở và chưa được Nhà nước giao đất ở hoặc chưa được hưởng chính sách hỗ trợ về nhà ở theo quy định của pháp luật về nhà ở",ĐẤT ĐAI,official_commune_evidence_no_later_repeal_in_snapshot,True,2025-08-19,,dvcqg_name_by_code_verified,True,1.0,False,019d2bfa-8675-7789-bf5f-782e3f81d418,15/QĐ-UBND,https://vinhbao.haiphong.gov.vn/linh-vuc-dat-dai/cong-khai-thu-tuc-hanh-chinh-moi-ban-hanh-duoc-sua-doi-bo-sung-linh-vuc-lam-nghiep-kiem-lam-ung--773283,https://cdn.haiphong.gov.vn/gov-hpg/6874/tintuc/2025/8/noi-dung-linh-vuc-dat-dai-cap-xa638912181802758696.docx,
1.013965,"Sử dụng đất kết hợp đa mục đích, gia hạn phương án sử dụng đất kết hợp đa mục đích.",ĐẤT ĐAI,official_commune_evidence_no_later_repeal_in_snapshot,True,2025-08-19,,dvcqg_name_by_code_verified,True,1.0,False,019d2bfa-866f-73bf-bcda-6e34ff8bda48,15/QĐ-UBND,https://vinhbao.haiphong.gov.vn/linh-vuc-dat-dai/cong-khai-thu-tuc-hanh-chinh-moi-ban-hanh-duoc-sua-doi-bo-sung-linh-vuc-lam-nghiep-kiem-lam-ung--773283,https://cdn.haiphong.gov.vn/gov-hpg/6874/tintuc/2025/8/noi-dung-linh-vuc-dat-dai-cap-xa638912181802758696.docx,
1.013967,Giải quyết tranh chấp đất đai thuộc thẩm quyền của Chủ tịch Ủy ban nhân dân cấp xã,ĐẤT ĐAI,official_commune_evidence_no_later_repeal_in_snapshot,True,2025-08-19,,dvcqg_name_by_code_verified,True,1.0,False,019d2bfa-8671-7318-8ef7-15304f36d400,15/QĐ-UBND,https://vinhbao.haiphong.gov.vn/linh-vuc-dat-dai/cong-khai-thu-tuc-hanh-chinh-moi-ban-hanh-duoc-sua-doi-bo-sung-linh-vuc-lam-nghiep-kiem-lam-ung--773283,https://cdn.haiphong.gov.vn/gov-hpg/6874/tintuc/2025/8/noi-dung-linh-vuc-dat-dai-cap-xa638912181802758696.docx,
1.013977,"Đăng ký biến động thay đổi quyền sử dụng đất, quyền sở hữu tài sản gắn liền với đất do chia, tách, hợp nhất, sáp nhập tổ chức hoặc chuyển đổi mô hình tổ chức, chuyển đổi",ĐẤT ĐAI,official_commune_evidence_no_later_repeal_in_snapshot,True,2025-08-19,,official_attachment_snippet,False,,False,019d2bfa-8671-748e-8363-fcba5996a7f6,2003/QĐ-TTG; 2021/QĐ-TTG; 2025/QĐ-TTG; 1334/QĐ-BTP; 1478/QĐ-UBND; 1582/QĐ-UBND; 2021/QĐ-UBND; 2128/QĐ-BNNMT; 2304/QĐ-BNNMT; 34/QĐ-BTP; 6225/QĐ-BQP,https://vinhbao.haiphong.gov.vn/linh-vuc-dat-dai/cong-khai-thu-tuc-hanh-chinh-moi-ban-hanh-duoc-sua-doi-bo-sung-linh-vuc-lam-nghiep-kiem-lam-ung--773283,https://cdn.haiphong.gov.vn/gov-hpg/6874/tintuc/2025/8/qd-3266-danh-muc-kem-theo638912181889816666.doc,
1.013978,"Đăng ký đất đai, tài sản gắn liền với đất, cấp Giấy chứng nhận quyền sử dụng đất, quyền sở hữu tài sản gắn liền với đất lần đầu đối với hộ gia đình, cá nhân, cộng đồng dân cư, người gốc Việt Nam định cư ở nước ngoài",ĐẤT ĐAI,official_commune_evidence_no_later_repeal_in_snapshot,True,2025-08-19,,dvcqg_name_by_code_verified,True,1.0,False,019d2bfa-8678-770b-8917-1872078767cd,15/QĐ-UBND,https://vinhbao.haiphong.gov.vn/linh-vuc-dat-dai/cong-khai-thu-tuc-hanh-chinh-moi-ban-hanh-duoc-sua-doi-bo-sung-linh-vuc-lam-nghiep-kiem-lam-ung--773283,https://cdn.haiphong.gov.vn/gov-hpg/6874/tintuc/2025/8/noi-dung-linh-vuc-dat-dai-cap-xa638912181802758696.docx,
1.013979,Tặng cho quyền sử dụng đất cho Nhà nước hoặc cộng đồng dân cư hoặc mở rộng đường giao thông đối với trường hợp thửa đất chưa được cấp Giấy chứng nhận,ĐẤT ĐAI,official_commune_evidence_no_later_repeal_in_snapshot,True,2025-08-19,,dvcqg_name_by_code_verified,True,1.0,False,019d2bfa-8673-706e-96e4-fd2b840004ba,15/QĐ-UBND,https://vinhbao.haiphong.gov.vn/linh-vuc-dat-dai/cong-khai-thu-tuc-hanh-chinh-moi-ban-hanh-duoc-sua-doi-bo-sung-linh-vuc-lam-nghiep-kiem-lam-ung--773283,https://cdn.haiphong.gov.vn/gov-hpg/6874/tintuc/2025/8/noi-dung-linh-vuc-dat-dai-cap-xa638912181802758696.docx,
1.013980,"Đăng ký biến động đối với trường hợp thay đổi quyền sử dụng đất, quyền sở hữu tài sản gắn liền với đất theo thỏa thuận của các thành viên hộ gia đình hoặc của vợ và chồn",ĐẤT ĐAI,official_commune_evidence_no_later_repeal_in_snapshot,True,2025-08-19,,official_attachment_snippet,False,,False,019d2bfa-8678-7030-8757-6ff69db130e3,2003/QĐ-TTG; 2021/QĐ-TTG; 2025/QĐ-TTG; 1334/QĐ-BTP; 1478/QĐ-UBND; 1582/QĐ-UBND; 2021/QĐ-UBND; 2128/QĐ-BNNMT; 2304/QĐ-BNNMT; 34/QĐ-BTP; 6225/QĐ-BQP,https://vinhbao.haiphong.gov.vn/linh-vuc-dat-dai/cong-khai-thu-tuc-hanh-chinh-moi-ban-hanh-duoc-sua-doi-bo-sung-linh-vuc-lam-nghiep-kiem-lam-ung--773283,https://cdn.haiphong.gov.vn/gov-hpg/6874/tintuc/2025/8/qd-3266-danh-muc-kem-theo638912181889816666.doc,
1.013987,Chấp thuận các tài liệu quản lý an toàn đối với công trình dầu khí thuộc thẩm quyền giải quyết của Ủy ban nhân dân cấp tỉnh,DẦU KHÍ,official_city_decision_commune_reception,True,2026-04-08,,official_city_decision_pdf,False,,False,,1349/QĐ-UBND,https://giavien.haiphong.gov.vn/so-cong-thuong-92280/quyet-dinh-so-1349-qd-ubnd-ngay-08-4-2026-ve-viec-cong-bo-danh-muc-thu-tuc-hanh-chinh-moi-ban-ha-883539,https://cdn.haiphong.gov.vn/gov-hpg/6798/tintuc/2026/4/qd-cong-bo-danh-muc-tthc_so-cong-thuong..signed639114098220839371.pdf,
1.013988,"Xóa ghi nợ tiền sử dụng đất, lệ phí trước bạ trên Giấy chứng nhận đã cấp",ĐẤT ĐAI,official_commune_evidence_no_later_repeal_in_snapshot,True,2025-08-19,,official_attachment_snippet,False,,False,019d2bfa-8678-770b-8917-1e30978ab3ca,2003/QĐ-TTG; 2021/QĐ-TTG; 2025/QĐ-TTG; 1334/QĐ-BTP; 1478/QĐ-UBND; 1582/QĐ-UBND; 2021/QĐ-UBND; 2128/QĐ-BNNMT; 2304/QĐ-BNNMT; 34/QĐ-BTP; 6225/QĐ-BQP,https://vinhbao.haiphong.gov.vn/linh-vuc-dat-dai/cong-khai-thu-tuc-hanh-chinh-moi-ban-hanh-duoc-sua-doi-bo-sung-linh-vuc-lam-nghiep-kiem-lam-ung--773283,https://cdn.haiphong.gov.vn/gov-hpg/6874/tintuc/2025/8/qd-3266-danh-muc-kem-theo638912181889816666.doc,
1.013992,Đăng ký biến động chuyển mục đích sử dụng đất không phải xin phép cơ quan nhà nước có thẩm quyền,ĐẤT ĐAI,official_commune_evidence_no_later_repeal_in_snapshot,True,2025-08-19,,official_attachment_snippet,False,,False,019d2bfa-8676-77f3-ba25-0b6137011577,2003/QĐ-TTG; 2021/QĐ-TTG; 2025/QĐ-TTG; 1334/QĐ-BTP; 1478/QĐ-UBND; 1582/QĐ-UBND; 2021/QĐ-UBND; 2128/QĐ-BNNMT; 2304/QĐ-BNNMT; 34/QĐ-BTP; 6225/QĐ-BQP,https://vinhbao.haiphong.gov.vn/linh-vuc-dat-dai/cong-khai-thu-tuc-hanh-chinh-moi-ban-hanh-duoc-sua-doi-bo-sung-linh-vuc-lam-nghiep-kiem-lam-ung--773283,https://cdn.haiphong.gov.vn/gov-hpg/6874/tintuc/2025/8/qd-3266-danh-muc-kem-theo638912181889816666.doc,
1.013993,"Đăng ký, cấp Giấy chứng nhận đối với trường hợp hộ gia đình, cá nhân đang sử dụng đất không đúng mục đích đã được Nhà nước công nhận quyền sử dụng đất trước",ĐẤT ĐAI,official_commune_evidence_no_later_repeal_in_snapshot,True,2025-08-19,,official_attachment_snippet,False,,False,019d2bfa-8671-748e-8363-fa15acac598c,2003/QĐ-TTG; 2021/QĐ-TTG; 2025/QĐ-TTG; 1334/QĐ-BTP; 1478/QĐ-UBND; 1582/QĐ-UBND; 2021/QĐ-UBND; 2128/QĐ-BNNMT; 2304/QĐ-BNNMT; 34/QĐ-BTP; 6225/QĐ-BQP,https://vinhbao.haiphong.gov.vn/linh-vuc-dat-dai/cong-khai-thu-tuc-hanh-chinh-moi-ban-hanh-duoc-sua-doi-bo-sung-linh-vuc-lam-nghiep-kiem-lam-ung--773283,https://cdn.haiphong.gov.vn/gov-hpg/6874/tintuc/2025/8/qd-3266-danh-muc-kem-theo638912181889816666.doc,
1.013994,"Đăng ký, cấp Giấy chứng nhận đối với trường hợp chuyển nhượng dự án đầu tư có sử dụng đất",ĐẤT ĐAI,official_commune_evidence_no_later_repeal_in_snapshot,True,2025-08-19,,official_attachment_snippet,False,,False,019d2bfa-86a0-76b4-842a-bd23b5621a6a,2003/QĐ-TTG; 2021/QĐ-TTG; 2025/QĐ-TTG; 1334/QĐ-BTP; 1478/QĐ-UBND; 1582/QĐ-UBND; 2021/QĐ-UBND; 2128/QĐ-BNNMT; 2304/QĐ-BNNMT; 34/QĐ-BTP; 6225/QĐ-BQP,https://vinhbao.haiphong.gov.vn/linh-vuc-dat-dai/cong-khai-thu-tuc-hanh-chinh-moi-ban-hanh-duoc-sua-doi-bo-sung-linh-vuc-lam-nghiep-kiem-lam-ung--773283,https://cdn.haiphong.gov.vn/gov-hpg/6874/tintuc/2025/8/qd-3266-danh-muc-kem-theo638912181889816666.doc,
1.013995,"Đăng ký tài sản gắn liền với thửa đất đã được cấp Giấy chứng nhận hoặc đăng ký thay đổi về tài sản gắn liền với đất so với nội dung đã đăng ký, gia hạn thời hạn sở hữu n",ĐẤT ĐAI,official_commune_evidence_no_later_repeal_in_snapshot,True,2025-08-19,,official_attachment_snippet,False,,False,019d2bfa-868b-77ba-8cfe-b3af7e63b81a,2003/QĐ-TTG; 2021/QĐ-TTG; 2025/QĐ-TTG; 1334/QĐ-BTP; 1478/QĐ-UBND; 1582/QĐ-UBND; 2021/QĐ-UBND; 2128/QĐ-BNNMT; 2304/QĐ-BNNMT; 34/QĐ-BTP; 6225/QĐ-BQP,https://vinhbao.haiphong.gov.vn/linh-vuc-dat-dai/cong-khai-thu-tuc-hanh-chinh-moi-ban-hanh-duoc-sua-doi-bo-sung-linh-vuc-lam-nghiep-kiem-lam-ung--773283,https://cdn.haiphong.gov.vn/gov-hpg/6874/tintuc/2025/8/qd-3266-danh-muc-kem-theo638912181889816666.doc,
1.014027,"Thực hiện, điều chỉnh, thôi hưởng trợ cấp hưu trí xã hội",BẢO TRỢ XÃ HỘI,priority51_current_official_commune_evidence,True,2025-07-16,,priority51_official_legal_verification,True,,False,019d2bff-2d80-74d8-8515-90f6f61822f0,2874/QĐ-UBND,https://cdn.haiphong.gov.vn/gov-hpg/6819/tintuc/2025/7/dm-tthc-chuan-hoa-syt638893087955858786.pdf,https://cdn.haiphong.gov.vn/gov-hpg/6819/tintuc/2025/7/dm-tthc-chuan-hoa-syt638893087955858786.pdf,
1.014028,Hỗ trợ chi phí mai táng đối với đối tượng hưởng trợ cấp hưu trí xã hội,BẢO TRỢ XÃ HỘI,priority51_current_official_commune_evidence,True,2025-07-16,,priority51_official_legal_verification,True,,False,019d2bff-3508-7268-b54b-6ce79a8cbf0e,2874/QĐ-UBND,https://cdn.haiphong.gov.vn/gov-hpg/6819/tintuc/2025/7/dm-tthc-chuan-hoa-syt638893087955858786.pdf,https://cdn.haiphong.gov.vn/gov-hpg/6819/tintuc/2025/7/dm-tthc-chuan-hoa-syt638893087955858786.pdf,
1.014034,"Đăng ký cập nhật, bổ sung thông tin trong hồ sơ đăng ký hộ kinh doanh, hiệu đính thông tin đăng ký hộ kinh doanh",TÀI CHÍNH,official_city_decision_commune_reception,True,2026-08-05,,official_city_decision_pdf,True,,False,,3091/QĐ-UBND,https://cathai.haiphong.gov.vn/linh-vuc-so-tai-chinh/quyet-dinh-so-3091-qd-ubnd-ngay-05-8-2026-cua-uy-ban-nhan-dan-thanh-pho-hai-phong-ve-viec-cong-b-945019,https://cdn.haiphong.gov.vn/gov-hpg/5889/tintuc/2026/8/quyet-dinh-2026-cong-bo-dmtthc-moi-ban-hanh-.....signed639216293287582914.pdf,
1.014035,Dừng thực hiện thủ tục đăng ký hộ kinh doanh,TÀI CHÍNH,official_city_decision_commune_reception,True,2026-08-05,,official_city_decision_pdf,True,,False,,3091/QĐ-UBND,https://cathai.haiphong.gov.vn/linh-vuc-so-tai-chinh/quyet-dinh-so-3091-qd-ubnd-ngay-05-8-2026-cua-uy-ban-nhan-dan-thanh-pho-hai-phong-ve-viec-cong-b-945019,https://cdn.haiphong.gov.vn/gov-hpg/5889/tintuc/2026/8/quyet-dinh-2026-cong-bo-dmtthc-moi-ban-hanh-.....signed639216293287582914.pdf,
1.014111,Thi tuyển công chức,NỘI VỤ,official_city_decision_commune_reception,True,2026-08-30,,dvcqg_name_by_code_verified,False,,False,019d90b5-0f50-773c-88d5-07d6ef77b613,946/QĐ-BNV; 958/QĐ-BNV; 3500/QĐ-UBND,https://namsach.haiphong.gov.vn/cong-khai-danh-muc-thu-tuc-hanh-chinh/cong-khai-quyet-dinh-so-3500-qd-ubnd-ngay-30-8-2026-cua-ubnd-thanh-pho-hai-phong-ve-viec-cong-bo-958426,https://cdn.haiphong.gov.vn/gov-hpg/6833/tintuc/2026/9/qd-3500-nv639240495312924587.pdf,
1.014113,Thủ tục xét tuyển công chức,NỘI VỤ,official_city_decision_commune_reception,True,2026-08-30,,official_city_decision_pdf,False,,False,019d2bfb-2326-7367-83e6-f242eef7cbc5,3500/QĐ-UBND,https://namsach.haiphong.gov.vn/cong-khai-danh-muc-thu-tuc-hanh-chinh/cong-khai-quyet-dinh-so-3500-qd-ubnd-ngay-30-8-2026-cua-ubnd-thanh-pho-hai-phong-ve-viec-cong-bo-958426,https://cdn.haiphong.gov.vn/gov-hpg/6833/tintuc/2026/9/qd-3500-nv639240495312924587.pdf,
1.014116,"Thủ tục tiếp nhận vào công chức không giữ chức vụ lãnh đạo, quản lý",NỘI VỤ,repealed_by_official_city_decision,False,,2026-08-30,official_attachment_snippet,False,,False,,3500/QĐ-UBND,https://namsach.haiphong.gov.vn/cong-khai-danh-muc-thu-tuc-hanh-chinh/cong-khai-quyet-dinh-so-3500-qd-ubnd-ngay-30-8-2026-cua-ubnd-thanh-pho-hai-phong-ve-viec-cong-bo-958426,https://cdn.haiphong.gov.vn/gov-hpg/6833/tintuc/2026/9/qd-3500-nv639240495312924587.pdf,Bị bãi bỏ theo 3500/QĐ-UBND
1.014129,Đăng ký tài khoản trên Hệ thống đăng ký quốc gia về hạn ngạch phát thải khí nhà kính và tín chỉ các-bon,NÔNG NGHIỆP VÀ MÔI TRƯỜNG,official_city_decision_commune_reception,True,2026-05-25,,official_city_decision_pdf,False,,False,,1897/QĐ-UBND,https://giavien.haiphong.gov.vn/so-nong-nghiep-va-moi-truong-92289/quyet-dinh-so-1897-qd-ubnd-ngay-25-5-2026-ve-viec-cong-bo-danh-muc-thu-tuc-hanh-chinh-moi-ban-ha-904676,https://cdn.haiphong.gov.vn/gov-hpg/6798/tintuc/2026/5/qd-1897-ngay-25.5.2026-ubnd-hp-cong-bo-dm-tthc-moi-sua-doi-bo-sung-bai-bo-lvuc-bdkh-cnty-qldd-va-pctt-tl-tnn-mt-dat-dai639153846685150604.pdf,
1.014132,Hủy đăng ký dự án,NÔNG NGHIỆP VÀ MÔI TRƯỜNG,official_city_decision_commune_reception,True,2026-05-25,,official_city_decision_pdf,False,,False,,1897/QĐ-UBND,https://giavien.haiphong.gov.vn/so-nong-nghiep-va-moi-truong-92289/quyet-dinh-so-1897-qd-ubnd-ngay-25-5-2026-ve-viec-cong-bo-danh-muc-thu-tuc-hanh-chinh-moi-ban-ha-904676,https://cdn.haiphong.gov.vn/gov-hpg/6798/tintuc/2026/5/qd-1897-ngay-25.5.2026-ubnd-hp-cong-bo-dm-tthc-moi-sua-doi-bo-sung-bai-bo-lvuc-bdkh-cnty-qldd-va-pctt-tl-tnn-mt-dat-dai639153846685150604.pdf,
1.014133,"Cấp tín chỉ các-bon theo cơ chế trao đổi, bù trừ tín chỉ các-bon trong nước",NÔNG NGHIỆP VÀ MÔI TRƯỜNG,official_city_decision_commune_reception,True,2026-05-25,,official_city_decision_pdf,False,,False,,1897/QĐ-UBND,https://giavien.haiphong.gov.vn/so-nong-nghiep-va-moi-truong-92289/quyet-dinh-so-1897-qd-ubnd-ngay-25-5-2026-ve-viec-cong-bo-danh-muc-thu-tuc-hanh-chinh-moi-ban-ha-904676,https://cdn.haiphong.gov.vn/gov-hpg/6798/tintuc/2026/5/qd-1897-ngay-25.5.2026-ubnd-hp-cong-bo-dm-tthc-moi-sua-doi-bo-sung-bai-bo-lvuc-bdkh-cnty-qldd-va-pctt-tl-tnn-mt-dat-dai639153846685150604.pdf,
1.014136,"Đăng ký/Điều chỉnh dự án theo cơ chế trao đổi, bù trừ tín chỉ các-bon trong nước",NÔNG NGHIỆP VÀ MÔI TRƯỜNG,official_city_decision_commune_reception,True,2026-05-25,,official_city_decision_pdf,False,,False,,1897/QĐ-UBND,https://giavien.haiphong.gov.vn/so-nong-nghiep-va-moi-truong-92289/quyet-dinh-so-1897-qd-ubnd-ngay-25-5-2026-ve-viec-cong-bo-danh-muc-thu-tuc-hanh-chinh-moi-ban-ha-904676,https://cdn.haiphong.gov.vn/gov-hpg/6798/tintuc/2026/5/qd-1897-ngay-25.5.2026-ubnd-hp-cong-bo-dm-tthc-moi-sua-doi-bo-sung-bai-bo-lvuc-bdkh-cnty-qldd-va-pctt-tl-tnn-mt-dat-dai639153846685150604.pdf,
1.014155,"Thẩm định nhiệm vụ quy hoạch, nhiệm vụ điều chỉnh quy hoạch đô 15 ngà y kể từ ngày nhận đủ hồ sơ hợp lệ",XÂY DỰNG,official_city_decision_commune_reception,True,2026-06-18,,official_city_decision_pdf,False,,False,,2281/QĐ-UBND,https://cathai.haiphong.gov.vn/linh-vuc-xay-dung/quyet-dinh-so-2281-qd-ubnd-ngay-18-6-2026-cua-ubnd-thanh-pho-hai-phong-v-v-cong-bo-danh-muc-thu--920826,https://cdn.haiphong.gov.vn/gov-hpg/5889/tintuc/2026/6/quyet-dinh-2026-cong-bo-dmtthc-sua-doi-bo.....signed639178946021802879.pdf,
1.014159,Cung cấp thông tin quy hoạch đô thị và nông thôn,XÂY DỰNG,official_city_decision_commune_reception,True,2026-06-18,,official_city_decision_pdf,False,,False,,2281/QĐ-UBND,https://cathai.haiphong.gov.vn/linh-vuc-xay-dung/quyet-dinh-so-2281-qd-ubnd-ngay-18-6-2026-cua-ubnd-thanh-pho-hai-phong-v-v-cong-bo-danh-muc-thu--920826,https://cdn.haiphong.gov.vn/gov-hpg/5889/tintuc/2026/6/quyet-dinh-2026-cong-bo-dmtthc-sua-doi-bo.....signed639178946021802879.pdf,
1.014258,Xác nhận đăng ký thu hồi khoáng sản,ĐỊA CHẤT VÀ KHOÁNG SẢN,official_city_decision_commune_reception,True,2026-02-12,,official_city_decision_pdf,True,,False,,617/QĐ-UBND,https://cathai.haiphong.gov.vn/linh-vuc-dia-chat-va-khoang-san/quyet-dinh-so-617-qd-ubnd-ngay-12-2-2026-cua-ubnd-thanh-pho-hai-phong-v-v-cong-khai-danh-muc-thu-862042,https://cdn.haiphong.gov.vn/gov-hpg/5889/tintuc/2026/2/quyet-dinh-2026-cong-bo-thu-tuc-hanh-chinh-linh-vuc-ks..signed639076110873998711.pdf,
1.014259,Quyết toán tiền cấp quyền khai thác khoáng sản,ĐỊA CHẤT VÀ KHOÁNG SẢN,official_city_decision_commune_reception,True,2026-02-12,,official_city_decision_pdf,True,,False,,617/QĐ-UBND,https://cathai.haiphong.gov.vn/linh-vuc-dia-chat-va-khoang-san/quyet-dinh-so-617-qd-ubnd-ngay-12-2-2026-cua-ubnd-thanh-pho-hai-phong-v-v-cong-khai-danh-muc-thu-862042,https://cdn.haiphong.gov.vn/gov-hpg/5889/tintuc/2026/2/quyet-dinh-2026-cong-bo-thu-tuc-hanh-chinh-linh-vuc-ks..signed639076110873998711.pdf,
1.014285,"Cấp Giấy phép khai thác khoáng sản nhóm IV Điều 89 Nghị định số 193/2025/NĐ-CP ngày 02/7/2025 của Chính phủ được sửa đổi, bổ sung theo quy định tại Nghị định số 21/2026/NĐ-CP ngày 16/01/2026 của Chính phủ",ĐỊA CHẤT VÀ KHOÁNG SẢN,repealed_by_official_city_decision,False,,2026-02-12,official_city_decision_pdf,False,,False,,617/QĐ-UBND,https://cathai.haiphong.gov.vn/linh-vuc-dia-chat-va-khoang-san/quyet-dinh-so-617-qd-ubnd-ngay-12-2-2026-cua-ubnd-thanh-pho-hai-phong-v-v-cong-khai-danh-muc-thu-862042,https://cdn.haiphong.gov.vn/gov-hpg/5889/tintuc/2026/2/quyet-dinh-2026-cong-bo-thu-tuc-hanh-chinh-linh-vuc-ks..signed639076110873998711.pdf,Bị bãi bỏ theo 617/QĐ-UBND
1.014286,"Gia hạn Giấy phép khai thác khoáng sản nhóm IV Điều 90 Nghị định số 193/2025/NĐ-CP ngày 02/7/2025 của Chính phủ được sửa đổi, bổ sung theo quy định tại Nghị định số 21/2026/NĐ-CP ngày 16/01/2026 của Chính phủ",ĐỊA CHẤT VÀ KHOÁNG SẢN,repealed_by_official_city_decision,False,,2026-02-12,official_city_decision_pdf,False,,False,,617/QĐ-UBND,https://cathai.haiphong.gov.vn/linh-vuc-dia-chat-va-khoang-san/quyet-dinh-so-617-qd-ubnd-ngay-12-2-2026-cua-ubnd-thanh-pho-hai-phong-v-v-cong-khai-danh-muc-thu-862042,https://cdn.haiphong.gov.vn/gov-hpg/5889/tintuc/2026/2/quyet-dinh-2026-cong-bo-thu-tuc-hanh-chinh-linh-vuc-ks..signed639076110873998711.pdf,Bị bãi bỏ theo 617/QĐ-UBND
1.014287,"Điều chỉnh Giấy phép khai thác khoáng sản nhóm IV Điều 91 Nghị định số 193/2025/NĐ-CP ngày 02/7/2025 của Chính phủ được sửa đổi, bổ sung theo quy định tại Nghị định số 21/2026/NĐ-CP ngày 16/01/2026 của Chính phủ",ĐỊA CHẤT VÀ KHOÁNG SẢN,repealed_by_official_city_decision,False,,2026-02-12,official_city_decision_pdf,False,,False,,617/QĐ-UBND,https://cathai.haiphong.gov.vn/linh-vuc-dia-chat-va-khoang-san/quyet-dinh-so-617-qd-ubnd-ngay-12-2-2026-cua-ubnd-thanh-pho-hai-phong-v-v-cong-khai-danh-muc-thu-862042,https://cdn.haiphong.gov.vn/gov-hpg/5889/tintuc/2026/2/quyet-dinh-2026-cong-bo-thu-tuc-hanh-chinh-linh-vuc-ks..signed639076110873998711.pdf,Bị bãi bỏ theo 617/QĐ-UBND
1.014288,"Trả lại Giấy phép khai thác khoáng sản nhóm IV Điều 92 Nghị định số 193/2025/NĐ-CP ngày 02/7/2025 của Chính phủ được sửa đổi, bổ sung theo quy định tại Nghị định số 21/2026/NĐ-CP ngày 16/01/2026 của Chính phủ",ĐỊA CHẤT VÀ KHOÁNG SẢN,repealed_by_official_city_decision,False,,2026-02-12,official_city_decision_pdf,False,,False,,617/QĐ-UBND,https://cathai.haiphong.gov.vn/linh-vuc-dia-chat-va-khoang-san/quyet-dinh-so-617-qd-ubnd-ngay-12-2-2026-cua-ubnd-thanh-pho-hai-phong-v-v-cong-khai-danh-muc-thu-862042,https://cdn.haiphong.gov.vn/gov-hpg/5889/tintuc/2026/2/quyet-dinh-2026-cong-bo-thu-tuc-hanh-chinh-linh-vuc-ks..signed639076110873998711.pdf,Bị bãi bỏ theo 617/QĐ-UBND
1.014291,Bổ sung khối lượng công tác thăm dò khi giấy phép thăm dò khoáng sản đã hết thời hạn,ĐỊA CHẤT VÀ KHOÁNG SẢN,official_city_decision_commune_reception,True,2026-02-12,,official_city_decision_pdf,False,,False,,617/QĐ-UBND,https://cathai.haiphong.gov.vn/linh-vuc-dia-chat-va-khoang-san/quyet-dinh-so-617-qd-ubnd-ngay-12-2-2026-cua-ubnd-thanh-pho-hai-phong-v-v-cong-khai-danh-muc-thu-862042,https://cdn.haiphong.gov.vn/gov-hpg/5889/tintuc/2026/2/quyet-dinh-2026-cong-bo-thu-tuc-hanh-chinh-linh-vuc-ks..signed639076110873998711.pdf,
1.014293,"Trả lại Giấy phép khai thác khoáng sản nhóm IV Chấp thuận khai thác khoáng sản tại khu vực cấm hoạt động khoáng sản, khu vực tạm thời cấm hoạt động khoáng sản đối với khoáng sản nhóm II, nhóm III, nhóm IV Điều 14 Nghị định số 193/2025/NĐ-CP ngày 02/7/2025",ĐỊA CHẤT VÀ KHOÁNG SẢN,repealed_by_official_city_decision,False,,2026-02-12,official_city_decision_pdf,False,,False,,617/QĐ-UBND,https://cathai.haiphong.gov.vn/linh-vuc-dia-chat-va-khoang-san/quyet-dinh-so-617-qd-ubnd-ngay-12-2-2026-cua-ubnd-thanh-pho-hai-phong-v-v-cong-khai-danh-muc-thu-862042,https://cdn.haiphong.gov.vn/gov-hpg/5889/tintuc/2026/2/quyet-dinh-2026-cong-bo-thu-tuc-hanh-chinh-linh-vuc-ks..signed639076110873998711.pdf,Bị bãi bỏ theo 617/QĐ-UBND
1.014310,"Thủ tục hưởng trợ cấp sinh hoạt hàng tháng đối với Nghệ nhân nhân dân, Nghệ nhân ưu tú",VĂN HÓA,official_commune_evidence_no_later_repeal_in_snapshot,True,2025-09-23,,dvcqg_name_by_code_verified,False,1.0,False,019d2bfd-f3cf-715c-b31f-4e822e37493b,1263/QĐ-SVHTTDL; 2025/QĐ-UBND; 3817/QĐ-UBND; 680/QĐ-CT; 3101/QĐ-BVHTTDL; 3257/QĐ-BVHTTDL,https://vinhbao.haiphong.gov.vn/linh-vuc-van-hoa/noi-dung-02-thu-tuc-hanh-chinh-moi-ban-hanh-trong-linh-vuc-di-san-van-hoa-thuoc-tham-quyen-giai--785067,https://cdn.haiphong.gov.vn/gov-hpg/6874/tintuc/2025/9/1263-ngay-20.9-qd-bh-qtnb-tthc-moi-ban-hanh-linh-vuc-dsvh-cap-xa.signed638942443461051919.pdf,
1.014311,"Thủ tục cấp thẻ bảo hiểm y tế đối với Nghệ nhân nhân dân, Nghệ nhân ưu tú",VĂN HÓA,repealed_official_evidence,False,2025-09-23,2025-09-23,official_attachment_snippet,False,,False,,1263/QĐ-SVHTTDL; 2025/QĐ-UBND; 3817/QĐ-UBND; 680/QĐ-CT; 3101/QĐ-BVHTTDL; 3257/QĐ-BVHTTDL,https://vinhbao.haiphong.gov.vn/linh-vuc-van-hoa/noi-dung-02-thu-tuc-hanh-chinh-moi-ban-hanh-trong-linh-vuc-di-san-van-hoa-thuoc-tham-quyen-giai--785067,https://cdn.haiphong.gov.vn/gov-hpg/6874/tintuc/2025/9/1263-ngay-20.9-qd-bh-qtnb-tthc-moi-ban-hanh-linh-vuc-dsvh-cap-xa.signed638942443461051919.pdf,Bị bãi bỏ theo bằng chứng chính thức mới nhất trong snapshot
1.014312,"Thủ tục thôi hưởng trợ cấp sinh hoạt hàng tháng, bảo hiểm y tế đối với Nghệ nhân nhân dân, Nghệ nhân ưu tú",VĂN HÓA,official_commune_evidence_no_later_repeal_in_snapshot,True,2025-09-23,,dvcqg_name_by_code_verified,False,1.0,False,019d2bfd-f3cc-7396-a6b0-2ec5b245e727,1263/QĐ-SVHTTDL; 2025/QĐ-UBND; 3817/QĐ-UBND; 680/QĐ-CT; 3101/QĐ-BVHTTDL; 3257/QĐ-BVHTTDL,https://vinhbao.haiphong.gov.vn/linh-vuc-van-hoa/noi-dung-02-thu-tuc-hanh-chinh-moi-ban-hanh-trong-linh-vuc-di-san-van-hoa-thuoc-tham-quyen-giai--785067,https://cdn.haiphong.gov.vn/gov-hpg/6874/tintuc/2025/9/1263-ngay-20.9-qd-bh-qtnb-tthc-moi-ban-hanh-linh-vuc-dsvh-cap-xa.signed638942443461051919.pdf,
1.014389,Cấp Giấy chứng nhận đăng ký tổ chức khoa học và công nghệ,VĂN HÓA,official_commune_evidence_no_later_repeal_in_snapshot,True,2026-05-29,,official_attachment_snippet,False,,False,019d2bf9-7439-733d-aea0-1ae8076aa88e,2498/QĐ-BKHCN; 2527/QĐ-BKHCN,https://vinhbao.haiphong.gov.vn/linh-vuc-van-hoa-khoa-hoc-va-thong-tin/danh-muc-thu-tuc-hanh-chinh-moi-ban-hanh-duoc-sua-doi-bo-sung-thuoc-pham-vi-chuc-nang-quan-ly-cu-911906,https://cdn.haiphong.gov.vn/gov-hpg/6874/tintuc/2026/6/3-quyet-dinh-2026-cong-bo-dmtthc-so-khcn-ttr158-159-..signed639165273570813118.pdf,
1.014390,"Thay đổi, bổ sung, cấp lại",VĂN HÓA,official_commune_evidence_no_later_repeal_in_snapshot,True,2026-05-29,,official_attachment_snippet,False,,False,019d2bf9-7444-70fb-9365-f6ce41aa4847,2498/QĐ-BKHCN; 2527/QĐ-BKHCN,https://vinhbao.haiphong.gov.vn/linh-vuc-van-hoa-khoa-hoc-va-thong-tin/danh-muc-thu-tuc-hanh-chinh-moi-ban-hanh-duoc-sua-doi-bo-sung-thuoc-pham-vi-chuc-nang-quan-ly-cu-911906,https://cdn.haiphong.gov.vn/gov-hpg/6874/tintuc/2026/6/3-quyet-dinh-2026-cong-bo-dmtthc-so-khcn-ttr158-159-..signed639165273570813118.pdf,
1.014475,Thủ tục hành chính liên thông điện tử về cấp Giấy phép đủ điều kiện kinh doanh dịch vụ karaoke Nghị quyết số 66.18/2026/NQ-CP ngày 18 tháng 5 năm 2026 của Chính phủ,VĂN HÓA,repealed_by_official_city_decision,False,,2026-05-29,official_city_decision_pdf,False,,False,,2032/QĐ-UBND,https://giavien.haiphong.gov.vn/so-van-hoa-the-thao-va-du-lich-92284/qd-2032-ve-viec-cong-bo-danh-muc-thu-tuc-hanh-chinh-moi-ban-hanh-duoc-sua-doi-bo-sung-va-bi-bai--910186,https://cdn.haiphong.gov.vn/gov-hpg/6798/tintuc/2026/6/qd-2032639161842299651591.pdf,Bị bãi bỏ theo 2032/QĐ-UBND
1.014632,"Thủ tục Đăng ký mua, thuê mua, thuê nhà ở xã hội, vay vốn để hộ gia đình, cá nhân tự xây dựng hoặc cải tạo, sửa chữa nhà ở",XÂY DỰNG,official_city_decision_commune_reception,True,2026-05-19,,official_city_decision_pdf,False,,False,,1846/QĐ-UBND,https://cathai.haiphong.gov.vn/linh-vuc-xay-dung/quyet-dinh-so-1846-qd-ubnd-ngay-19-5-2026-cua-ubnd-thanh-pho-hai-phong-v-v-cong-bo-danh-muc-thu--905913,https://cdn.haiphong.gov.vn/gov-hpg/5889/tintuc/2026/5/1846.quyet-dinh-2026-cong-bo-dm-tthc-so-xay-dung-ttr-152-153-154639155106213893753.pdf,
1.014736,"Lựa chọn, phê duyệt dự án phát triển sản xuất liên kết theo chuỗi giá trị Thời gian cụ thể giải quyết thủ tục hành chính được xác định tại Kế hoạch thực hiện các hoạt động phát triển sản xuất của từng cơ quan theo quy định tại Điều 28",TÀI CHÍNH,official_city_decision_commune_reception,True,2026-02-15,,official_city_decision_pdf,False,,False,,676/QĐ-UBND,https://daison.haiphong.gov.vn/thu-tuc-hanh-chinh/ubnd-xa-dai-son-ban-hanh-thong-bao-so-41-tb-ubnd-cong-khai-thu-tuc-hanh-chinh-moi-ban-hanh-sua-d-866283,https://cdn.haiphong.gov.vn/gov-hpg/6792/tintuc/2026/3/quyet-dinh-2026-676-stc-cong-bo-dm-tthc-so-tai-chinh-ttr32-33-qd-92-94-..signed639083028924780394.pdf,
1.014737,"Lựa chọn, phê duyệt dự án phát triển sản xuất cộng đồng Thời gian cụ thể giải quyết thủ tục hành chính được xác định tại Kế hoạch thực hiện các hoạt động phát triển sản xuất của phòng chuyên môn cấp xã theo quy định",TÀI CHÍNH,official_city_decision_commune_reception,True,2026-02-15,,official_city_decision_pdf,False,,False,,676/QĐ-UBND,https://daison.haiphong.gov.vn/thu-tuc-hanh-chinh/ubnd-xa-dai-son-ban-hanh-thong-bao-so-41-tb-ubnd-cong-khai-thu-tuc-hanh-chinh-moi-ban-hanh-sua-d-866283,https://cdn.haiphong.gov.vn/gov-hpg/6792/tintuc/2026/3/quyet-dinh-2026-676-stc-cong-bo-dm-tthc-so-tai-chinh-ttr32-33-qd-92-94-..signed639083028924780394.pdf,
1.014776,"Cấp, cấp lại mã số vùng trồng, mã số cơ sở đóng gói",TRỒNG TRỌT VÀ BẢO VỆ THỰC VẬT,official_city_decision_commune_reception,True,2026-08-10,,official_city_decision_pdf,False,,False,,3180/QĐ-UBND,https://sonnmt.haiphong.gov.vn/thu-tuc-hanh-chinh/quyet-dinh-so-3180-qd-ubnd-ngay-10-8-2026-cua-uy-ban-nhan-dan-thanh-pho-hai-phong-ve-viec-cong-b-946712,https://cdn.haiphong.gov.vn/gov-hpg/5892/tintuc/2026/8/qd-3180-ngay-10.8.2026-ubnd-hp-cong-bo-dm-tthc-sua-doi-bo-sung-lvuc-ttbvtv639220331647232358.pdf,
1.014786,"Khai thác thông tin, dữ liệu địa chất, khoáng sản",ĐỊA CHẤT VÀ KHOÁNG SẢN,official_city_decision_commune_reception,True,2026-02-12,,official_city_decision_pdf,False,,False,,617/QĐ-UBND,https://cathai.haiphong.gov.vn/linh-vuc-dia-chat-va-khoang-san/quyet-dinh-so-617-qd-ubnd-ngay-12-2-2026-cua-ubnd-thanh-pho-hai-phong-v-v-cong-khai-danh-muc-thu-862042,https://cdn.haiphong.gov.vn/gov-hpg/5889/tintuc/2026/2/quyet-dinh-2026-cong-bo-thu-tuc-hanh-chinh-linh-vuc-ks..signed639076110873998711.pdf,
1.014789,Chấp thuận thay đổi nội dung đề án thăm dò khoáng sản,ĐỊA CHẤT VÀ KHOÁNG SẢN,official_city_decision_commune_reception,True,2026-02-12,,official_city_decision_pdf,False,,False,,617/QĐ-UBND,https://cathai.haiphong.gov.vn/linh-vuc-dia-chat-va-khoang-san/quyet-dinh-so-617-qd-ubnd-ngay-12-2-2026-cua-ubnd-thanh-pho-hai-phong-v-v-cong-khai-danh-muc-thu-862042,https://cdn.haiphong.gov.vn/gov-hpg/5889/tintuc/2026/2/quyet-dinh-2026-cong-bo-thu-tuc-hanh-chinh-linh-vuc-ks..signed639076110873998711.pdf,
1.014801,"Cấp, cấp lại Giấy xác nhận nuôi trồng thủy sản lồng bè, đối tượng thủy sản nuôi chủ lực (hoạt động trên nội địa thuộc phạm vi quản lý và cơ sở nuôi trồng thủy sản lồng bè thuộc thẩm quyền giao khu vực biển của Chủ tịch Ủy ban nhân dân cấp xã)",NÔNG NGHIỆP VÀ MÔI TRƯỜNG,official_city_decision_commune_reception,True,2026-02-07,,official_city_decision_pdf,False,,False,,541/QĐ-UBND,https://cathai.haiphong.gov.vn/bao-ton-thien-nhien-va-da-dang-sinh-hoc/quyet-dinh-so-541-qd-ubnd-ngay-7-2-2026-cua-ubnd-thanh-pho-v-v-cong-khai-thu-tuc-hanh-chinh-moi--859548,https://cdn.haiphong.gov.vn/gov-hpg/5889/tintuc/2026/2/quyet-dinh-2026-cong-bo-dmttc-so-nn-va-mt-ttr87-qdbnnmt-339-364-375-379-..signed639065923231925699.pdf,
1.014832,"Giao rừng, cho thuê rừng khi đã được giao đất, cho thuê đất có rừng hoặc đã được công nhận quyền sử dụng đất có rừng thuộc thẩm quyền của Chủ tịch Ủy ban nhân dân cấp xã",NÔNG NGHIỆP VÀ MÔI TRƯỜNG,official_city_decision_commune_reception,True,2026-02-07,,official_city_decision_pdf,False,,False,,541/QĐ-UBND,https://cathai.haiphong.gov.vn/bao-ton-thien-nhien-va-da-dang-sinh-hoc/quyet-dinh-so-541-qd-ubnd-ngay-7-2-2026-cua-ubnd-thanh-pho-v-v-cong-khai-thu-tuc-hanh-chinh-moi--859548,https://cdn.haiphong.gov.vn/gov-hpg/5889/tintuc/2026/2/quyet-dinh-2026-cong-bo-dmttc-so-nn-va-mt-ttr87-qdbnnmt-339-364-375-379-..signed639065923231925699.pdf,
1.014833,Cấp lại Giấy phép tiếp cận nguồn gen,NÔNG NGHIỆP VÀ MÔI TRƯỜNG,official_city_decision_commune_reception,True,2026-02-07,,official_city_decision_pdf,False,,False,,541/QĐ-UBND,https://cathai.haiphong.gov.vn/bao-ton-thien-nhien-va-da-dang-sinh-hoc/quyet-dinh-so-541-qd-ubnd-ngay-7-2-2026-cua-ubnd-thanh-pho-v-v-cong-khai-thu-tuc-hanh-chinh-moi--859548,https://cdn.haiphong.gov.vn/gov-hpg/5889/tintuc/2026/2/quyet-dinh-2026-cong-bo-dmttc-so-nn-va-mt-ttr87-qdbnnmt-339-364-375-379-..signed639065923231925699.pdf,
1.014836,"Điều chỉnh ranh giới, diện tích khu rừng đặc dụng thuộc thẩm quyền của Chủ tịch Ủy ban nhân dân cấp tỉnh",NÔNG NGHIỆP VÀ MÔI TRƯỜNG,official_city_decision_commune_reception,True,2026-02-07,,official_city_decision_pdf,False,,False,,541/QĐ-UBND,https://cathai.haiphong.gov.vn/bao-ton-thien-nhien-va-da-dang-sinh-hoc/quyet-dinh-so-541-qd-ubnd-ngay-7-2-2026-cua-ubnd-thanh-pho-v-v-cong-khai-thu-tuc-hanh-chinh-moi--859548,https://cdn.haiphong.gov.vn/gov-hpg/5889/tintuc/2026/2/quyet-dinh-2026-cong-bo-dmttc-so-nn-va-mt-ttr87-qdbnnmt-339-364-375-379-..signed639065923231925699.pdf,
1.014837,"Điều chỉnh ranh giới, diện tích khu rừng phòng hộ thuộc thẩm quyền của Chủ tịch Ủy ban nhân dân cấp tỉnh",NÔNG NGHIỆP VÀ MÔI TRƯỜNG,official_city_decision_commune_reception,True,2026-02-07,,official_city_decision_pdf,False,,False,,541/QĐ-UBND,https://cathai.haiphong.gov.vn/bao-ton-thien-nhien-va-da-dang-sinh-hoc/quyet-dinh-so-541-qd-ubnd-ngay-7-2-2026-cua-ubnd-thanh-pho-v-v-cong-khai-thu-tuc-hanh-chinh-moi--859548,https://cdn.haiphong.gov.vn/gov-hpg/5889/tintuc/2026/2/quyet-dinh-2026-cong-bo-dmttc-so-nn-va-mt-ttr87-qdbnnmt-339-364-375-379-..signed639065923231925699.pdf,
1.014838,Chuyển loại rừng đối với khu rừng thuộc thẩm quyền của Chủ tịch Ủy ban nhân dân cấp tỉnh,NÔNG NGHIỆP VÀ MÔI TRƯỜNG,official_city_decision_commune_reception,True,2026-02-07,,official_city_decision_pdf,False,,False,,541/QĐ-UBND,https://cathai.haiphong.gov.vn/bao-ton-thien-nhien-va-da-dang-sinh-hoc/quyet-dinh-so-541-qd-ubnd-ngay-7-2-2026-cua-ubnd-thanh-pho-v-v-cong-khai-thu-tuc-hanh-chinh-moi--859548,https://cdn.haiphong.gov.vn/gov-hpg/5889/tintuc/2026/2/quyet-dinh-2026-cong-bo-dmttc-so-nn-va-mt-ttr87-qdbnnmt-339-364-375-379-..signed639065923231925699.pdf,
1.014846,"Phê duyệt Văn kiện, điều chỉnh Văn kiện viện trợ quốc tế khẩn cấp để khắc phục hậu quả thiên tai không thuộc thẩm quyền quy ết định chủ trương tiếp nhận của Thủ tướng Chính phủ - Nghị định số 50/2020/NĐ-CP ngày 20/4/2020 của Chính",NÔNG NGHIỆP VÀ MÔI TRƯỜNG,repealed_by_official_city_decision,False,,2026-05-25,official_city_decision_pdf,False,,False,,1897/QĐ-UBND,https://giavien.haiphong.gov.vn/so-nong-nghiep-va-moi-truong-92289/quyet-dinh-so-1897-qd-ubnd-ngay-25-5-2026-ve-viec-cong-bo-danh-muc-thu-tuc-hanh-chinh-moi-ban-ha-904676,https://cdn.haiphong.gov.vn/gov-hpg/6798/tintuc/2026/5/qd-1897-ngay-25.5.2026-ubnd-hp-cong-bo-dm-tthc-moi-sua-doi-bo-sung-bai-bo-lvuc-bdkh-cnty-qldd-va-pctt-tl-tnn-mt-dat-dai639153846685150604.pdf,Bị bãi bỏ theo 1897/QĐ-UBND
1.014849,"Cấp giấy phép cho các hoạt động trong phạm vi bảo vệ công trình thủy lợi: Xây dựng công trình mới; Lập bến, bãi tập kết nguyên liệu, nhiên liệu, vật tư, phương tiện; Xây dựng công trình ngầm do Chủ tịch UBND cấp tỉnh",NÔNG NGHIỆP VÀ MÔI TRƯỜNG,official_city_decision_commune_reception,True,2026-05-20,,official_city_decision_pdf,False,,False,,1857/QĐ-UBND,https://cathai.haiphong.gov.vn/linh-vuc-moi-truong/quyet-dinh-so-1857-qd-ubnd-ngay-20-5-2026-cua-ubnd-thanh-pho-hai-phong-v-v-cong-bo-danh-muc-thu--908004,https://cdn.haiphong.gov.vn/gov-hpg/5889/tintuc/2026/6/quyet-dinh-so-1857-2026-cong-bo-dmtthc-so-nn-va-mt-linh-vuc-ts-tl-ttr368-qd-bnnmt-1750-1763-..signed639159290848491178.pdf,
1.014850,"Cấp giấy phép cho các hoạt động trong phạm vi bảo vệ công trình thủy lợi đối với hoạt động du lịch, thể thao",NÔNG NGHIỆP VÀ MÔI TRƯỜNG,official_city_decision_commune_reception,True,2026-05-20,,official_city_decision_pdf,False,,False,,1857/QĐ-UBND,https://cathai.haiphong.gov.vn/linh-vuc-moi-truong/quyet-dinh-so-1857-qd-ubnd-ngay-20-5-2026-cua-ubnd-thanh-pho-hai-phong-v-v-cong-bo-danh-muc-thu--908004,https://cdn.haiphong.gov.vn/gov-hpg/5889/tintuc/2026/6/quyet-dinh-so-1857-2026-cong-bo-dmtthc-so-nn-va-mt-linh-vuc-ts-tl-ttr368-qd-bnnmt-1750-1763-..signed639159290848491178.pdf,
1.014851,"Cấp gia hạn, điều chỉnh nội dung giấy phép cho các hoạt động trong phạm vi bảo vệ công trình thủy lợi: Xây dựng công trình mới; Lập bến, bãi tập kết nguyên liệu, nhiên liệu, vật liệu, vật tư, phương tiện; Xây dựng công",NÔNG NGHIỆP VÀ MÔI TRƯỜNG,official_city_decision_commune_reception,True,2026-05-20,,official_city_decision_pdf,False,,False,,1857/QĐ-UBND,https://cathai.haiphong.gov.vn/linh-vuc-moi-truong/quyet-dinh-so-1857-qd-ubnd-ngay-20-5-2026-cua-ubnd-thanh-pho-hai-phong-v-v-cong-bo-danh-muc-thu--908004,https://cdn.haiphong.gov.vn/gov-hpg/5889/tintuc/2026/6/quyet-dinh-so-1857-2026-cong-bo-dmtthc-so-nn-va-mt-linh-vuc-ts-tl-ttr368-qd-bnnmt-1750-1763-..signed639159290848491178.pdf,
1.014852,Cấp giấy phép nổ mìn và các hoạt động gây nổ khác trong phạm vi bảo vệ công trình thủy lợi do Chủ tịch UBND cấp tỉnh phân cấp cho Chủ tịch UBND cấp xã,NÔNG NGHIỆP VÀ MÔI TRƯỜNG,official_city_decision_commune_reception,True,2026-05-20,,official_city_decision_pdf,False,,False,,1857/QĐ-UBND,https://cathai.haiphong.gov.vn/linh-vuc-moi-truong/quyet-dinh-so-1857-qd-ubnd-ngay-20-5-2026-cua-ubnd-thanh-pho-hai-phong-v-v-cong-bo-danh-muc-thu--908004,https://cdn.haiphong.gov.vn/gov-hpg/5889/tintuc/2026/6/quyet-dinh-so-1857-2026-cong-bo-dmtthc-so-nn-va-mt-linh-vuc-ts-tl-ttr368-qd-bnnmt-1750-1763-..signed639159290848491178.pdf,
1.014853,"Cấp gia hạn, điều chỉnh nội dung giấy phép cho các hoạt động trong phạm vi bảo vệ công trình thủy",NÔNG NGHIỆP VÀ MÔI TRƯỜNG,official_city_decision_commune_reception,True,2026-05-20,,official_city_decision_pdf,False,,False,,1857/QĐ-UBND,https://cathai.haiphong.gov.vn/linh-vuc-moi-truong/quyet-dinh-so-1857-qd-ubnd-ngay-20-5-2026-cua-ubnd-thanh-pho-hai-phong-v-v-cong-bo-danh-muc-thu--908004,https://cdn.haiphong.gov.vn/gov-hpg/5889/tintuc/2026/6/quyet-dinh-so-1857-2026-cong-bo-dmtthc-so-nn-va-mt-linh-vuc-ts-tl-ttr368-qd-bnnmt-1750-1763-..signed639159290848491178.pdf,
1.014854,"Cấp lại giấy phép cho các hoạt động trong phạm vi bảo vệ công trình thủy lợi trong trường hợp tên chủ giấy phép đã được cấp bị thay đổi do chuyển nhượng, sáp nhập, chia tách, cơ cấu lại tổ chức do Chủ tịch UBND cấp tỉnh phân",NÔNG NGHIỆP VÀ MÔI TRƯỜNG,repealed_by_official_city_decision,False,,2026-05-25,official_city_decision_pdf,False,,False,,1897/QĐ-UBND,https://giavien.haiphong.gov.vn/so-nong-nghiep-va-moi-truong-92289/quyet-dinh-so-1897-qd-ubnd-ngay-25-5-2026-ve-viec-cong-bo-danh-muc-thu-tuc-hanh-chinh-moi-ban-ha-904676,https://cdn.haiphong.gov.vn/gov-hpg/6798/tintuc/2026/5/qd-1897-ngay-25.5.2026-ubnd-hp-cong-bo-dm-tthc-moi-sua-doi-bo-sung-bai-bo-lvuc-bdkh-cnty-qldd-va-pctt-tl-tnn-mt-dat-dai639153846685150604.pdf,Bị bãi bỏ theo 1897/QĐ-UBND
1.014859,"Cấp giấy phép hoạt động của phương tiện thủy nội địa, phương tiện cơ giới, trừ xe mô tô, xe gắn máy, phương tiện thủy nội địa thô sơ trong phạm vi bảo vệ công trình thủy lợi do Chủ tịch UBND cấp tỉnh phân cấp cho Chủ tịch",NÔNG NGHIỆP VÀ MÔI TRƯỜNG,official_city_decision_commune_reception,True,2026-05-20,,official_city_decision_pdf,False,,False,,1857/QĐ-UBND,https://cathai.haiphong.gov.vn/linh-vuc-moi-truong/quyet-dinh-so-1857-qd-ubnd-ngay-20-5-2026-cua-ubnd-thanh-pho-hai-phong-v-v-cong-bo-danh-muc-thu--908004,https://cdn.haiphong.gov.vn/gov-hpg/5889/tintuc/2026/6/quyet-dinh-so-1857-2026-cong-bo-dmtthc-so-nn-va-mt-linh-vuc-ts-tl-ttr368-qd-bnnmt-1750-1763-..signed639159290848491178.pdf,
1.014860,Cấp giấy phép cho các hoạt động trồng cây lâu năm trong phạm vi bảo vệ công trình thủy lợi do Chủ tịch UBND cấp tỉnh phân cấp cho Chủ tịch UBND cấp xã,NÔNG NGHIỆP VÀ MÔI TRƯỜNG,official_city_decision_commune_reception,True,2026-05-20,,official_city_decision_pdf,False,,False,,1857/QĐ-UBND,https://cathai.haiphong.gov.vn/linh-vuc-moi-truong/quyet-dinh-so-1857-qd-ubnd-ngay-20-5-2026-cua-ubnd-thanh-pho-hai-phong-v-v-cong-bo-danh-muc-thu--908004,https://cdn.haiphong.gov.vn/gov-hpg/5889/tintuc/2026/6/quyet-dinh-so-1857-2026-cong-bo-dmtthc-so-nn-va-mt-linh-vuc-ts-tl-ttr368-qd-bnnmt-1750-1763-..signed639159290848491178.pdf,
1.014861,"H24 Thủ tục sửa đổi, bổ sung nội dung Giấy phép sản xuất kênh chương trình chuyên quảng cáo (cấp tỉnh) Nghị quyết số 66.18/2026/NQ-CP ngày 18 tháng 5 năm 2026 của Chính phủ B THỦ TỤC HÀNH CHÍNH LIÊN THÔNG CẤP XÃ I LĨNH VỰC VĂN HÓA (Bị bãi bỏ từ ngày 01/7/2026 đến ngày 28/02/2027)",VĂN HÓA,repealed_by_official_city_decision,False,,2026-05-29,official_city_decision_pdf,False,,False,,2032/QĐ-UBND,https://giavien.haiphong.gov.vn/so-van-hoa-the-thao-va-du-lich-92284/qd-2032-ve-viec-cong-bo-danh-muc-thu-tuc-hanh-chinh-moi-ban-hanh-duoc-sua-doi-bo-sung-va-bi-bai--910186,https://cdn.haiphong.gov.vn/gov-hpg/6798/tintuc/2026/6/qd-2032639161842299651591.pdf,Bị bãi bỏ theo 2032/QĐ-UBND
1.014862,Cấp giấy phép nuôi trồng thủy sản trong phạm vi bảo vệ công trình thủy do Chủ tịch UBND cấp tỉnh phân,NÔNG NGHIỆP VÀ MÔI TRƯỜNG,official_city_decision_commune_reception,True,2026-05-20,,official_city_decision_pdf,False,,False,,1857/QĐ-UBND,https://cathai.haiphong.gov.vn/linh-vuc-moi-truong/quyet-dinh-so-1857-qd-ubnd-ngay-20-5-2026-cua-ubnd-thanh-pho-hai-phong-v-v-cong-bo-danh-muc-thu--908004,https://cdn.haiphong.gov.vn/gov-hpg/5889/tintuc/2026/6/quyet-dinh-so-1857-2026-cong-bo-dmtthc-so-nn-va-mt-linh-vuc-ts-tl-ttr368-qd-bnnmt-1750-1763-..signed639159290848491178.pdf,
1.014863,"Cấp gia hạn, điều chỉnh nội dung giấy phép cho các hoạt động trong phạm vi bảo vệ công trình thủy lợi đối với hoạt động: du lịch, thể thao, nghiên cứu khoa học, kinh doanh, dịch vụ do Chủ tịch UBND cấp tỉnh phân cấp cho Chủ",NÔNG NGHIỆP VÀ MÔI TRƯỜNG,official_city_decision_commune_reception,True,2026-05-20,,official_city_decision_pdf,False,,False,,1857/QĐ-UBND,https://cathai.haiphong.gov.vn/linh-vuc-moi-truong/quyet-dinh-so-1857-qd-ubnd-ngay-20-5-2026-cua-ubnd-thanh-pho-hai-phong-v-v-cong-bo-danh-muc-thu--908004,https://cdn.haiphong.gov.vn/gov-hpg/5889/tintuc/2026/6/quyet-dinh-so-1857-2026-cong-bo-dmtthc-so-nn-va-mt-linh-vuc-ts-tl-ttr368-qd-bnnmt-1750-1763-..signed639159290848491178.pdf,
1.014864,"Cấp gia hạn, điều chỉnh nội dung giấy phép cho các hoạt động trong phạm vi bảo vệ công trình thủy lợi: Trồng cây lâu năm; Hoạt động của phương tiện thủy nội địa, phương tiện cơ giới, trừ xe mô tô, xe gắn máy, phương tiện",NÔNG NGHIỆP VÀ MÔI TRƯỜNG,official_city_decision_commune_reception,True,2026-05-20,,official_city_decision_pdf,False,,False,,1857/QĐ-UBND,https://cathai.haiphong.gov.vn/linh-vuc-moi-truong/quyet-dinh-so-1857-qd-ubnd-ngay-20-5-2026-cua-ubnd-thanh-pho-hai-phong-v-v-cong-bo-danh-muc-thu--908004,https://cdn.haiphong.gov.vn/gov-hpg/5889/tintuc/2026/6/quyet-dinh-so-1857-2026-cong-bo-dmtthc-so-nn-va-mt-linh-vuc-ts-tl-ttr368-qd-bnnmt-1750-1763-..signed639159290848491178.pdf,
1.014936,Thủ tục cấp giấy phép thành lập và công nhận điều lệ quỹ,NỘI VỤ,repealed_by_official_city_decision,False,,2026-03-20,official_city_decision_pdf,False,,False,,1039/QĐ-UBND,https://giavien.haiphong.gov.vn/so-noi-vu-92287/quyet-dinh-so-1039-qd-ubnd-ngay-20-3-2026-ve-viec-cong-bo-thu-tuc-hanh-chinh-moi-ban-hanh-va-bi--878050,https://cdn.haiphong.gov.vn/gov-hpg/6798/tintuc/2026/3/qd-1039.-cong-bo-danh-muc-tthc-linh-vuc-quan-ly-nn-ve-quy..signed-1-639104826023207471.pdf,Bị bãi bỏ theo 1039/QĐ-UBND
1.014937,"Thủ tục công nhận quỹ đủ điều kiện hoạt động và công nhận Hội đồng quản lý qu ỹ; Công nhận H ội đồng quản lý quỹ khi thay đổi, bổ sung thành viên hoặc hết nhiệm kỳ",NỘI VỤ,repealed_by_official_city_decision,False,,2026-03-20,official_city_decision_pdf,False,,False,,1039/QĐ-UBND,https://giavien.haiphong.gov.vn/so-noi-vu-92287/quyet-dinh-so-1039-qd-ubnd-ngay-20-3-2026-ve-viec-cong-bo-thu-tuc-hanh-chinh-moi-ban-hanh-va-bi--878050,https://cdn.haiphong.gov.vn/gov-hpg/6798/tintuc/2026/3/qd-1039.-cong-bo-danh-muc-tthc-linh-vuc-quan-ly-nn-ve-quy..signed-1-639104826023207471.pdf,Bị bãi bỏ theo 1039/QĐ-UBND
1.014938,"Thủ tục công nhận điều lệ (sửa đổi, bổ sung) qu ỹ; đổi tên quỹ",NỘI VỤ,repealed_by_official_city_decision,False,,2026-03-20,official_city_decision_pdf,False,,False,,1039/QĐ-UBND,https://giavien.haiphong.gov.vn/so-noi-vu-92287/quyet-dinh-so-1039-qd-ubnd-ngay-20-3-2026-ve-viec-cong-bo-thu-tuc-hanh-chinh-moi-ban-hanh-va-bi--878050,https://cdn.haiphong.gov.vn/gov-hpg/6798/tintuc/2026/3/qd-1039.-cong-bo-danh-muc-tthc-linh-vuc-quan-ly-nn-ve-quy..signed-1-639104826023207471.pdf,Bị bãi bỏ theo 1039/QĐ-UBND
1.014939,Thủ tục cho phép qu ỹ hoạt động trở lại sau khi bị đình chỉ có thời hạn hoạt động,NỘI VỤ,repealed_by_official_city_decision,False,,2026-03-20,official_city_decision_pdf,False,,False,,1039/QĐ-UBND,https://giavien.haiphong.gov.vn/so-noi-vu-92287/quyet-dinh-so-1039-qd-ubnd-ngay-20-3-2026-ve-viec-cong-bo-thu-tuc-hanh-chinh-moi-ban-hanh-va-bi--878050,https://cdn.haiphong.gov.vn/gov-hpg/6798/tintuc/2026/3/qd-1039.-cong-bo-danh-muc-tthc-linh-vuc-quan-ly-nn-ve-quy..signed-1-639104826023207471.pdf,Bị bãi bỏ theo 1039/QĐ-UBND
1.014940,"Thủ tục hợp nhất, sáp nhập, chia, tách, mở rộng phạm vi hoạt động quỹ",NỘI VỤ,repealed_by_official_city_decision,False,,2026-03-20,official_city_decision_pdf,False,,False,,1039/QĐ-UBND,https://giavien.haiphong.gov.vn/so-noi-vu-92287/quyet-dinh-so-1039-qd-ubnd-ngay-20-3-2026-ve-viec-cong-bo-thu-tuc-hanh-chinh-moi-ban-hanh-va-bi--878050,https://cdn.haiphong.gov.vn/gov-hpg/6798/tintuc/2026/3/qd-1039.-cong-bo-danh-muc-tthc-linh-vuc-quan-ly-nn-ve-quy..signed-1-639104826023207471.pdf,Bị bãi bỏ theo 1039/QĐ-UBND
1.014941,Thủ tục quỹ tự giải thể,NỘI VỤ,repealed_by_official_city_decision,False,,2026-03-20,official_city_decision_pdf,False,,False,,1039/QĐ-UBND,https://giavien.haiphong.gov.vn/so-noi-vu-92287/quyet-dinh-so-1039-qd-ubnd-ngay-20-3-2026-ve-viec-cong-bo-thu-tuc-hanh-chinh-moi-ban-hanh-va-bi--878050,https://cdn.haiphong.gov.vn/gov-hpg/6798/tintuc/2026/3/qd-1039.-cong-bo-danh-muc-tthc-linh-vuc-quan-ly-nn-ve-quy..signed-1-639104826023207471.pdf,Bị bãi bỏ theo 1039/QĐ-UBND
1.014942,Thủ tục cấp giấy phép thành lập và công nhận điều lệ quỹ,NỘI VỤ,repealed_by_official_city_decision,False,,2026-03-20,official_city_decision_pdf,False,,False,,1039/QĐ-UBND,https://giavien.haiphong.gov.vn/so-noi-vu-92287/quyet-dinh-so-1039-qd-ubnd-ngay-20-3-2026-ve-viec-cong-bo-thu-tuc-hanh-chinh-moi-ban-hanh-va-bi--878050,https://cdn.haiphong.gov.vn/gov-hpg/6798/tintuc/2026/3/qd-1039.-cong-bo-danh-muc-tthc-linh-vuc-quan-ly-nn-ve-quy..signed-1-639104826023207471.pdf,Bị bãi bỏ theo 1039/QĐ-UBND
1.014943,"Thủ tục công nhận quỹ đủ điều kiện hoạt động và công nhận Hội đồng quản lý qu ỹ; Công nhận H ội đồng quản lý quỹ khi thay đổi, bổ sung thành viên hoặc hết nhiệm kỳ",NỘI VỤ,repealed_by_official_city_decision,False,,2026-03-20,official_city_decision_pdf,False,,False,,1039/QĐ-UBND,https://giavien.haiphong.gov.vn/so-noi-vu-92287/quyet-dinh-so-1039-qd-ubnd-ngay-20-3-2026-ve-viec-cong-bo-thu-tuc-hanh-chinh-moi-ban-hanh-va-bi--878050,https://cdn.haiphong.gov.vn/gov-hpg/6798/tintuc/2026/3/qd-1039.-cong-bo-danh-muc-tthc-linh-vuc-quan-ly-nn-ve-quy..signed-1-639104826023207471.pdf,Bị bãi bỏ theo 1039/QĐ-UBND
1.014944,"Thủ tục công nhận điều lệ (sửa đổi, bổ sung) qu ỹ; đổi tên quỹ",NỘI VỤ,repealed_by_official_city_decision,False,,2026-03-20,official_city_decision_pdf,False,,False,,1039/QĐ-UBND,https://giavien.haiphong.gov.vn/so-noi-vu-92287/quyet-dinh-so-1039-qd-ubnd-ngay-20-3-2026-ve-viec-cong-bo-thu-tuc-hanh-chinh-moi-ban-hanh-va-bi--878050,https://cdn.haiphong.gov.vn/gov-hpg/6798/tintuc/2026/3/qd-1039.-cong-bo-danh-muc-tthc-linh-vuc-quan-ly-nn-ve-quy..signed-1-639104826023207471.pdf,Bị bãi bỏ theo 1039/QĐ-UBND
1.014945,Thủ tục cho phép qu ỹ hoạt động trở lại sau khi bị đình chỉ có thời hạn hoạt động,NỘI VỤ,repealed_by_official_city_decision,False,,2026-03-20,official_city_decision_pdf,False,,False,,1039/QĐ-UBND,https://giavien.haiphong.gov.vn/so-noi-vu-92287/quyet-dinh-so-1039-qd-ubnd-ngay-20-3-2026-ve-viec-cong-bo-thu-tuc-hanh-chinh-moi-ban-hanh-va-bi--878050,https://cdn.haiphong.gov.vn/gov-hpg/6798/tintuc/2026/3/qd-1039.-cong-bo-danh-muc-tthc-linh-vuc-quan-ly-nn-ve-quy..signed-1-639104826023207471.pdf,Bị bãi bỏ theo 1039/QĐ-UBND
1.014946,"Thủ tục hợp nhất, sáp nhập, chia, tách, mở rộng phạm vi hoạt động quỹ",NỘI VỤ,repealed_by_official_city_decision,False,,2026-03-20,official_city_decision_pdf,False,,False,,1039/QĐ-UBND,https://giavien.haiphong.gov.vn/so-noi-vu-92287/quyet-dinh-so-1039-qd-ubnd-ngay-20-3-2026-ve-viec-cong-bo-thu-tuc-hanh-chinh-moi-ban-hanh-va-bi--878050,https://cdn.haiphong.gov.vn/gov-hpg/6798/tintuc/2026/3/qd-1039.-cong-bo-danh-muc-tthc-linh-vuc-quan-ly-nn-ve-quy..signed-1-639104826023207471.pdf,Bị bãi bỏ theo 1039/QĐ-UBND
1.014947,Thủ tục quỹ tự giải thể,NỘI VỤ,repealed_by_official_city_decision,False,,2026-03-20,official_city_decision_pdf,False,,False,,1039/QĐ-UBND,https://giavien.haiphong.gov.vn/so-noi-vu-92287/quyet-dinh-so-1039-qd-ubnd-ngay-20-3-2026-ve-viec-cong-bo-thu-tuc-hanh-chinh-moi-ban-hanh-va-bi--878050,https://cdn.haiphong.gov.vn/gov-hpg/6798/tintuc/2026/3/qd-1039.-cong-bo-danh-muc-tthc-linh-vuc-quan-ly-nn-ve-quy..signed-1-639104826023207471.pdf,Bị bãi bỏ theo 1039/QĐ-UBND
1.014953,Thu hồi mã số định danh cơ sở chăn nuôi,NÔNG NGHIỆP VÀ MÔI TRƯỜNG,official_commune_evidence_no_later_repeal_in_snapshot,True,2026-05-30,,official_attachment_snippet,False,,False,019db4a4-82c1-701f-9ed0-f9aa18ca0497,1646/QĐ-UBND; 1858/QĐ-BNNMT; 1869/QĐ-BNNMT; 1877/QĐ-BNNMT; 1878/QĐ-BNNMT; 1883/QĐ-BNNMT; 1897/QĐ-BNNMT; 1908/QĐ-BNNMT; 1931/QĐ-BNNMT; 2198/QĐ-UBND; 2881/QĐ-UBND; 519/QĐ-UBND; 684/QĐ-UBND,https://vinhbao.haiphong.gov.vn/linh-vuc-nong-nghiep-va-moi-truong/danh-muc-thu-tuc-hanh-chinh-moi-ban-hanh-sua-doi-bo-sung-thay-the-bi-bai-bo-thuoc-pham-vi-chuc-n-911934,https://cdn.haiphong.gov.vn/gov-hpg/6874/tintuc/2026/6/qd-2037-ngay-30.5.2026-ubnd-hp-cong-bo-dm-tthc-moi-sua-doi-thay-the-bai-bo-lvuc-kttv-khcn-dcks-cnty-ttbvtv-qlcl-639165286498031603.pdf,
1.014967,"Cấp Giấy phép vận chuyển hàng hóa nguy hiểm loại 1 (trừ vật liệu nổ công nghiệp, tiền chất thuốc nổ), 2, 3, 4, 9",VẬN CHUYỂN HÀNG HÓA NGUY HIỂM,official_city_decision_commune_reception,True,2026-04-08,,official_city_decision_pdf,False,,False,,1349/QĐ-UBND,https://giavien.haiphong.gov.vn/so-cong-thuong-92280/quyet-dinh-so-1349-qd-ubnd-ngay-08-4-2026-ve-viec-cong-bo-danh-muc-thu-tuc-hanh-chinh-moi-ban-ha-883539,https://cdn.haiphong.gov.vn/gov-hpg/6798/tintuc/2026/4/qd-cong-bo-danh-muc-tthc_so-cong-thuong..signed639114098220839371.pdf,
1.014968,"Cấp điều chỉnh Giấy phép vận chuyển hàng hóa nguy hiểm loại 1 (trừ vật liệu nổ công nghiệp, tiền chất thuốc nổ), 2, 3, 4, 9",VẬN CHUYỂN HÀNG HÓA NGUY HIỂM,official_city_decision_commune_reception,True,2026-04-08,,official_city_decision_pdf,False,,False,,1349/QĐ-UBND,https://giavien.haiphong.gov.vn/so-cong-thuong-92280/quyet-dinh-so-1349-qd-ubnd-ngay-08-4-2026-ve-viec-cong-bo-danh-muc-thu-tuc-hanh-chinh-moi-ban-ha-883539,https://cdn.haiphong.gov.vn/gov-hpg/6798/tintuc/2026/4/qd-cong-bo-danh-muc-tthc_so-cong-thuong..signed639114098220839371.pdf,
1.014969,"Cấp lại Giấy phép vận chuyển hàng hóa nguy hiểm loại 1 (trừ vật liệu nổ công nghiệp, tiền chất thuốc nổ), 2, 3, 4, 9",VẬN CHUYỂN HÀNG HÓA NGUY HIỂM,official_city_decision_commune_reception,True,2026-04-08,,official_city_decision_pdf,False,,False,,1349/QĐ-UBND,https://giavien.haiphong.gov.vn/so-cong-thuong-92280/quyet-dinh-so-1349-qd-ubnd-ngay-08-4-2026-ve-viec-cong-bo-danh-muc-thu-tuc-hanh-chinh-moi-ban-ha-883539,https://cdn.haiphong.gov.vn/gov-hpg/6798/tintuc/2026/4/qd-cong-bo-danh-muc-tthc_so-cong-thuong..signed639114098220839371.pdf,
1.015021,Đăng ký hợp đồng nhận lao động thực tập,QUẢN LÝ LAO ĐỘNG NGOÀI NƯỚC,official_city_decision_commune_reception,True,2026-06-26,,official_city_decision_pdf,False,,False,,2380/QĐ-UBND,https://giavien.haiphong.gov.vn/so-noi-vu-92287/quyet-dinh-so-2380-qd-ubnd-ngay-26-6-2026-ve-viec-cong-bo-danh-muc-thu-tuc-hanh-chinh-duoc-sua-d-933048,https://cdn.haiphong.gov.vn/gov-hpg/6798/tintuc/2026/7/2380-quyet-dinh-cong-bo-dm-tthc-sua-doi-bo-sung-va-bi-bai-bo-theo-qd-641-cua-bnv..signed639197960523919968.pdf,
1.115377,"Thông báo phát triển nguồn điện mặt trời mái nhà tự sản xuất, tự tiêu thụ đấu nối với hệ thống điện quốc gia tại cấp điện áp hạ áp",CÔNG THƯƠNG,official_city_decision_commune_reception,True,2026-07-14,,official_city_decision_pdf,False,,False,,2692/QĐ-UBND,https://cathai.haiphong.gov.vn/linh-vuc-cong-thuong/quyet-dinh-so-2692-qd-ubnd-ngay-14-7-2026-cua-uy-ban-nhan-dan-thanh-pho-hai-phong-ve-viec-cong-b-933633,https://cdn.haiphong.gov.vn/gov-hpg/5889/tintuc/2026/7/qd-cong-bo-tthc-moi-sua-doi-bo-sung-theo-cac-qd-so-1507-1537-1546-cua-bct..signed639198737743009046.pdf,
1.115397,Phê duyệt đề xuất hỗ trợ đối với Thành viên của Hệ sinh thái tận dụng các FTA,CÔNG THƯƠNG,official_city_decision_commune_reception,True,2026-07-14,,official_city_decision_pdf,False,,False,,2692/QĐ-UBND,https://cathai.haiphong.gov.vn/linh-vuc-cong-thuong/quyet-dinh-so-2692-qd-ubnd-ngay-14-7-2026-cua-uy-ban-nhan-dan-thanh-pho-hai-phong-ve-viec-cong-b-933633,https://cdn.haiphong.gov.vn/gov-hpg/5889/tintuc/2026/7/qd-cong-bo-tthc-moi-sua-doi-bo-sung-theo-cac-qd-so-1507-1537-1546-cua-bct..signed639198737743009046.pdf,
1.115399,Thành lập Quỹ Xúc tiến xuất khẩu ngành hàng,CÔNG THƯƠNG,official_city_decision_commune_reception,True,2026-07-14,,official_city_decision_pdf,False,,False,,2692/QĐ-UBND,https://cathai.haiphong.gov.vn/linh-vuc-cong-thuong/quyet-dinh-so-2692-qd-ubnd-ngay-14-7-2026-cua-uy-ban-nhan-dan-thanh-pho-hai-phong-ve-viec-cong-b-933633,https://cdn.haiphong.gov.vn/gov-hpg/5889/tintuc/2026/7/qd-cong-bo-tthc-moi-sua-doi-bo-sung-theo-cac-qd-so-1507-1537-1546-cua-bct..signed639198737743009046.pdf,
1.115593,Xác nhận tiếp tục sử dụng đất nông nghiệp của cá nhân khi hết thời hạn sử dụng đất,ĐẤT ĐAI,official_commune_evidence_no_later_repeal_in_snapshot,True,2026-08-27,,official_city_decision_pdf,False,1.0,False,,2026/QĐ-UBND; 2628/QĐ-UBND; 3433/QĐ-UBND,https://vinhbao.haiphong.gov.vn/linh-vuc-dat-dai/quyet-dinh-so-3433-qd-ubnd-cua-ubnd-thanh-pho-cong-bo-thu-tuc-hanh-chinh-dac-thu-duoc-sua-doi-bo-956002,https://cdn.haiphong.gov.vn/gov-hpg/6874/tintuc/2026/8/ttr-danh-muc-noi-dung-dat-dai-kem-theo639234198604510289.doc,
1.115620,"Đăng ký đất đai, tài sản gắn liền với đất, cấp Giấy chứng nhận quyền sử dụng đất, quyền sở hữu tài sản gắn liền với đất lần đầu đối với cá nhân, cộng đồng dân cư, hộ gia đình đang sử dụng đất",ĐẤT ĐAI,official_commune_evidence_no_later_repeal_in_snapshot,True,2026-08-27,,official_city_decision_pdf,False,1.0,False,,2026/QĐ-UBND; 2628/QĐ-UBND; 3433/QĐ-UBND,https://vinhbao.haiphong.gov.vn/linh-vuc-dat-dai/quyet-dinh-so-3433-qd-ubnd-cua-ubnd-thanh-pho-cong-bo-thu-tuc-hanh-chinh-dac-thu-duoc-sua-doi-bo-956002,https://cdn.haiphong.gov.vn/gov-hpg/6874/tintuc/2026/8/ttr-danh-muc-noi-dung-dat-dai-kem-theo639234198604510289.doc,
1.115621,Cấp lại Giấy chứng nhận do bị mất,ĐẤT ĐAI,official_commune_evidence_no_later_repeal_in_snapshot,True,2026-08-27,,official_city_decision_pdf,False,1.0,False,,2026/QĐ-UBND; 2628/QĐ-UBND; 3433/QĐ-UBND,https://vinhbao.haiphong.gov.vn/linh-vuc-dat-dai/quyet-dinh-so-3433-qd-ubnd-cua-ubnd-thanh-pho-cong-bo-thu-tuc-hanh-chinh-dac-thu-duoc-sua-doi-bo-956002,https://cdn.haiphong.gov.vn/gov-hpg/6874/tintuc/2026/8/ttr-danh-muc-noi-dung-dat-dai-kem-theo639234198604510289.doc,
1.115622,"Cấp Giấy chứng nhận quyền sử dụng đất, quyền sở hữu tài sản gắn liền với đất đối với trường hợp người sử dụng đất đã thực hiện chuyển đổi quyền sử dụng đất nông nghiệp theo phương án “dồn điền đổi thửa” được cơ quan có thẩm quyền phê duyệt trước ngày 01 tháng 8 năm 2024",ĐẤT ĐAI,official_commune_evidence_no_later_repeal_in_snapshot,True,2026-08-27,,official_city_decision_pdf,False,1.0,False,,2026/QĐ-UBND; 2628/QĐ-UBND; 3433/QĐ-UBND,https://vinhbao.haiphong.gov.vn/linh-vuc-dat-dai/quyet-dinh-so-3433-qd-ubnd-cua-ubnd-thanh-pho-cong-bo-thu-tuc-hanh-chinh-dac-thu-duoc-sua-doi-bo-956002,https://cdn.haiphong.gov.vn/gov-hpg/6874/tintuc/2026/8/ttr-danh-muc-noi-dung-dat-dai-kem-theo639234198604510289.doc,
1.115623,"Cấp Giấy chứng nhận quyền sử dụng đất, quyền sở hữu tài sản gắn liền với đất đối với trường hợp hộ gia đình, cá nhân đã được cấp giấy chứng nhận đối với một phần diện tích của thửa đất, phần diện tích còn lại chưa đủ điều kiện cấp giấy chứng nhận theo quy định của pháp luật tại thời điểm cấp giấy chứng nhận trước đây mà nay đủ điều kiện cấp Giấy chứng nhận quyền sử dụng đất, quyền sở hữu tài sản gắn liền với đất",ĐẤT ĐAI,official_commune_evidence_no_later_repeal_in_snapshot,True,2026-08-27,,official_city_decision_pdf,False,1.0,False,,2026/QĐ-UBND; 2628/QĐ-UBND; 3433/QĐ-UBND,https://vinhbao.haiphong.gov.vn/linh-vuc-dat-dai/quyet-dinh-so-3433-qd-ubnd-cua-ubnd-thanh-pho-cong-bo-thu-tuc-hanh-chinh-dac-thu-duoc-sua-doi-bo-956002,https://cdn.haiphong.gov.vn/gov-hpg/6874/tintuc/2026/8/ttr-danh-muc-noi-dung-dat-dai-kem-theo639234198604510289.doc,
1.115624,"Đăng ký, cấp Giấy chứng nhận quyền sử dụng đất, quyền sở hữu tài sản gắn liền với đất đối với toàn bộ diện tích đất đang sử dụng quy định tại điểm b và điểm c khoản 2 Điều 24 Nghị định số 101/2024/NĐ-CP",ĐẤT ĐAI,official_commune_evidence_no_later_repeal_in_snapshot,True,2026-08-27,,official_city_decision_pdf,False,1.0,False,,2026/QĐ-UBND; 2628/QĐ-UBND; 3433/QĐ-UBND,https://vinhbao.haiphong.gov.vn/linh-vuc-dat-dai/quyet-dinh-so-3433-qd-ubnd-cua-ubnd-thanh-pho-cong-bo-thu-tuc-hanh-chinh-dac-thu-duoc-sua-doi-bo-956002,https://cdn.haiphong.gov.vn/gov-hpg/6874/tintuc/2026/8/ttr-danh-muc-noi-dung-dat-dai-kem-theo639234198604510289.doc,
1.115625,"Giải quyết đối với trường hợp cá nhân, hộ gia đình đã được cấp Giấy chứng nhận một phần diện tích vào loại đất ở trước ngày 01 tháng 7 năm 2004, phần diện tích còn lại của thửa đất chưa được cấp Giấy chứng nhận",ĐẤT ĐAI,official_commune_evidence_no_later_repeal_in_snapshot,True,2026-08-27,,official_city_decision_pdf,False,1.0,False,,2026/QĐ-UBND; 2628/QĐ-UBND; 3433/QĐ-UBND,https://vinhbao.haiphong.gov.vn/linh-vuc-dat-dai/quyet-dinh-so-3433-qd-ubnd-cua-ubnd-thanh-pho-cong-bo-thu-tuc-hanh-chinh-dac-thu-duoc-sua-doi-bo-956002,https://cdn.haiphong.gov.vn/gov-hpg/6874/tintuc/2026/8/ttr-danh-muc-noi-dung-dat-dai-kem-theo639234198604510289.doc,
1.115626,"Xác định lại diện tích đất ở của hộ gia đình, cá nhân trong trường hợp thửa đất ở có vườn, ao, đất thổ cư đã được cấp giấy chứng nhận trước ngày 01 tháng 7 năm 2004 khi người sử dụng đất có nhu cầu",ĐẤT ĐAI,official_commune_evidence_no_later_repeal_in_snapshot,True,2026-08-27,,official_city_decision_pdf,False,1.0,False,,2026/QĐ-UBND; 2628/QĐ-UBND; 3433/QĐ-UBND,https://vinhbao.haiphong.gov.vn/linh-vuc-dat-dai/quyet-dinh-so-3433-qd-ubnd-cua-ubnd-thanh-pho-cong-bo-thu-tuc-hanh-chinh-dac-thu-duoc-sua-doi-bo-956002,https://cdn.haiphong.gov.vn/gov-hpg/6874/tintuc/2026/8/ttr-danh-muc-noi-dung-dat-dai-kem-theo639234198604510289.doc,
1.115627,"Thu hồi Giấy chứng nhận đã cấp không đúng quy định của pháp luật đất đai do người sử dụng đất, chủ sở hữu tài sản gắn liền với đất phát hiện và cấp lại Giấy chứng nhận sau khi thu hồi",ĐẤT ĐAI,official_commune_evidence_no_later_repeal_in_snapshot,True,2026-08-27,,official_city_decision_pdf,False,1.0,False,,2026/QĐ-UBND; 2628/QĐ-UBND; 3433/QĐ-UBND,https://vinhbao.haiphong.gov.vn/linh-vuc-dat-dai/quyet-dinh-so-3433-qd-ubnd-cua-ubnd-thanh-pho-cong-bo-thu-tuc-hanh-chinh-dac-thu-duoc-sua-doi-bo-956002,https://cdn.haiphong.gov.vn/gov-hpg/6874/tintuc/2026/8/ttr-danh-muc-noi-dung-dat-dai-kem-theo639234198604510289.doc,
1.115628,Đính chính Giấy chứng nhận đã cấp,ĐẤT ĐAI,official_commune_evidence_no_later_repeal_in_snapshot,True,2026-08-27,,official_city_decision_pdf,False,1.0,False,,2026/QĐ-UBND; 2628/QĐ-UBND; 3433/QĐ-UBND,https://vinhbao.haiphong.gov.vn/linh-vuc-dat-dai/quyet-dinh-so-3433-qd-ubnd-cua-ubnd-thanh-pho-cong-bo-thu-tuc-hanh-chinh-dac-thu-duoc-sua-doi-bo-956002,https://cdn.haiphong.gov.vn/gov-hpg/6874/tintuc/2026/8/ttr-danh-muc-noi-dung-dat-dai-kem-theo639234198604510289.doc,
1.115630,"Đăng ký, cấp Giấy chứng nhận quyền sử dụng đất, quyền sở hữu tài sản gắn liền với đất đối với trường hợp tặng cho quyền sử dụng đất cho Nhà nước hoặc cộng đồng dân cư hoặc mở rộng đường giao thông",ĐẤT ĐAI,official_commune_evidence_no_later_repeal_in_snapshot,True,2026-08-27,,official_city_decision_pdf,False,1.0,False,,2026/QĐ-UBND; 2628/QĐ-UBND; 3433/QĐ-UBND,https://vinhbao.haiphong.gov.vn/linh-vuc-dat-dai/quyet-dinh-so-3433-qd-ubnd-cua-ubnd-thanh-pho-cong-bo-thu-tuc-hanh-chinh-dac-thu-duoc-sua-doi-bo-956002,https://cdn.haiphong.gov.vn/gov-hpg/6874/tintuc/2026/8/ttr-danh-muc-noi-dung-dat-dai-kem-theo639234198604510289.doc,
1.115634,"Điều chỉnh quyết định giao đất, cho thuê đất, cho phép chuyển mục đích sử dụng đất do sai sót về ranh giới, vị trí, diện tích, mục đích sử dụng giữa bản đồ quy hoạch, bản đồ địa chính, quyết định giao đất, cho thuê đất, cho phép chuyển mục đích sử dụng đất và số liệu bàn giao đất trên thực địa",ĐẤT ĐAI,official_commune_evidence_no_later_repeal_in_snapshot,True,2026-08-27,,official_city_decision_pdf,False,1.0,False,,2026/QĐ-UBND; 2628/QĐ-UBND; 3433/QĐ-UBND,https://vinhbao.haiphong.gov.vn/linh-vuc-dat-dai/quyet-dinh-so-3433-qd-ubnd-cua-ubnd-thanh-pho-cong-bo-thu-tuc-hanh-chinh-dac-thu-duoc-sua-doi-bo-956002,https://cdn.haiphong.gov.vn/gov-hpg/6874/tintuc/2026/8/ttr-danh-muc-noi-dung-dat-dai-kem-theo639234198604510289.doc,
1.115638,Điều chỉnh thời hạn sử dụng đất của dự án đầu tư,ĐẤT ĐAI,official_commune_evidence_no_later_repeal_in_snapshot,True,2026-08-27,,official_city_decision_pdf,False,1.0,False,,2026/QĐ-UBND; 2628/QĐ-UBND; 3433/QĐ-UBND,https://vinhbao.haiphong.gov.vn/linh-vuc-dat-dai/quyet-dinh-so-3433-qd-ubnd-cua-ubnd-thanh-pho-cong-bo-thu-tuc-hanh-chinh-dac-thu-duoc-sua-doi-bo-956002,https://cdn.haiphong.gov.vn/gov-hpg/6874/tintuc/2026/8/ttr-danh-muc-noi-dung-dat-dai-kem-theo639234198604510289.doc,
1.115640,"Điều chỉnh quyết định giao đất, cho thuê đất, cho phép chuyển mục đích sử dụng đất do thay đổi căn cứ quyết định giao đất, cho thuê đất, cho phép chuyển mục đích sử dụng đất",ĐẤT ĐAI,official_commune_evidence_no_later_repeal_in_snapshot,True,2026-08-27,,official_city_decision_pdf,False,1.0,False,,2026/QĐ-UBND; 2628/QĐ-UBND; 3433/QĐ-UBND,https://vinhbao.haiphong.gov.vn/linh-vuc-dat-dai/quyet-dinh-so-3433-qd-ubnd-cua-ubnd-thanh-pho-cong-bo-thu-tuc-hanh-chinh-dac-thu-duoc-sua-doi-bo-956002,https://cdn.haiphong.gov.vn/gov-hpg/6874/tintuc/2026/8/ttr-danh-muc-noi-dung-dat-dai-kem-theo639234198604510289.doc,
1.115641,"Chuyển hình thức giao đất, cho thuê đất",ĐẤT ĐAI,official_commune_evidence_no_later_repeal_in_snapshot,True,2026-08-27,,official_city_decision_pdf,False,1.0,False,,2026/QĐ-UBND; 2628/QĐ-UBND; 3433/QĐ-UBND,https://vinhbao.haiphong.gov.vn/linh-vuc-dat-dai/quyet-dinh-so-3433-qd-ubnd-cua-ubnd-thanh-pho-cong-bo-thu-tuc-hanh-chinh-dac-thu-duoc-sua-doi-bo-956002,https://cdn.haiphong.gov.vn/gov-hpg/6874/tintuc/2026/8/ttr-danh-muc-noi-dung-dat-dai-kem-theo639234198604510289.doc,
1.115643,Gia hạn sử dụng đất khi hết thời hạn sử dụng đất,ĐẤT ĐAI,official_commune_evidence_no_later_repeal_in_snapshot,True,2026-08-27,,official_city_decision_pdf,False,1.0,False,,2026/QĐ-UBND; 2628/QĐ-UBND; 3433/QĐ-UBND,https://vinhbao.haiphong.gov.vn/linh-vuc-dat-dai/quyet-dinh-so-3433-qd-ubnd-cua-ubnd-thanh-pho-cong-bo-thu-tuc-hanh-chinh-dac-thu-duoc-sua-doi-bo-956002,https://cdn.haiphong.gov.vn/gov-hpg/6874/tintuc/2026/8/ttr-danh-muc-noi-dung-dat-dai-kem-theo639234198604510289.doc,
1.115645,"Cho phép chuyển mục đích sử dụng đất đối với trường hợp không thuộc diện chấp thuận chủ trương đầu tư, chấp thuận nhà đầu tư theo quy định của pháp luật về đầu tư",ĐẤT ĐAI,official_commune_evidence_no_later_repeal_in_snapshot,True,2026-08-27,,official_city_decision_pdf,False,1.0,False,,2026/QĐ-UBND; 2628/QĐ-UBND; 3433/QĐ-UBND,https://vinhbao.haiphong.gov.vn/linh-vuc-dat-dai/quyet-dinh-so-3433-qd-ubnd-cua-ubnd-thanh-pho-cong-bo-thu-tuc-hanh-chinh-dac-thu-duoc-sua-doi-bo-956002,https://cdn.haiphong.gov.vn/gov-hpg/6874/tintuc/2026/8/ttr-danh-muc-noi-dung-dat-dai-kem-theo639234198604510289.doc,
1.115646,"Cho phép chuyển mục đích sử dụng đất đối với trường hợp thuộc diện chấp thuận chủ trương đầu tư, chấp thuận nhà đầu tư theo quy định của pháp luật về đầu tư",ĐẤT ĐAI,official_commune_evidence_no_later_repeal_in_snapshot,True,2026-08-27,,official_city_decision_pdf,False,1.0,False,,2026/QĐ-UBND; 2628/QĐ-UBND; 3433/QĐ-UBND,https://vinhbao.haiphong.gov.vn/linh-vuc-dat-dai/quyet-dinh-so-3433-qd-ubnd-cua-ubnd-thanh-pho-cong-bo-thu-tuc-hanh-chinh-dac-thu-duoc-sua-doi-bo-956002,https://cdn.haiphong.gov.vn/gov-hpg/6874/tintuc/2026/8/ttr-danh-muc-noi-dung-dat-dai-kem-theo639234198604510289.doc,
1.115648,"Giao đất, cho thuê đất không thông qua hình thức đấu giá quyền sử dụng đất, không đấu thầu lựa chọn nhà đầu tư thực hiện dự án có sử dụng đất đối với trường hợp không thuộc diện chấp thuận chủ trương đầu tư, chấp thuận nhà đầu tư theo pháp luật về đầu tư; giao rừng, cho thuê rừng",ĐẤT ĐAI,official_commune_evidence_no_later_repeal_in_snapshot,True,2026-08-27,,official_city_decision_pdf,False,1.0,False,,2026/QĐ-UBND; 2628/QĐ-UBND; 3433/QĐ-UBND,https://vinhbao.haiphong.gov.vn/linh-vuc-dat-dai/quyet-dinh-so-3433-qd-ubnd-cua-ubnd-thanh-pho-cong-bo-thu-tuc-hanh-chinh-dac-thu-duoc-sua-doi-bo-956002,https://cdn.haiphong.gov.vn/gov-hpg/6874/tintuc/2026/8/ttr-danh-muc-noi-dung-dat-dai-kem-theo639234198604510289.doc,
1.115649,"Giao đất, cho thuê đất không thông qua hình thức đấu giá quyền sử dụng đất, không đấu thầu lựa chọn nhà đầu tư thực hiện dự án có sử dụng đất đối với trường hợp thuộc diện chấp thuận chủ trương đầu tư, chấp thuận nhà đầu tư",ĐẤT ĐAI,official_commune_evidence_no_later_repeal_in_snapshot,True,2026-08-27,,official_city_decision_pdf,False,1.0,False,,2026/QĐ-UBND; 2628/QĐ-UBND; 3433/QĐ-UBND,https://vinhbao.haiphong.gov.vn/linh-vuc-dat-dai/quyet-dinh-so-3433-qd-ubnd-cua-ubnd-thanh-pho-cong-bo-thu-tuc-hanh-chinh-dac-thu-duoc-sua-doi-bo-956002,https://cdn.haiphong.gov.vn/gov-hpg/6874/tintuc/2026/8/ttr-danh-muc-noi-dung-dat-dai-kem-theo639234198604510289.doc,
1.115949,"Công bố đóng cảng, bến thủy nội địa, khu neo đậu",HÀNG HẢI VÀ ĐƯỜNG THỦY NỘI ĐỊA,official_city_decision_commune_reception,True,2026-09-20,,official_city_decision_pdf,False,,False,,3878/QĐ-UBND,https://namsach.haiphong.gov.vn/cong-khai-danh-muc-thu-tuc-hanh-chinh/cong-khai-quyet-dinh-so-3878-qd-ubnd-ngay-20-9-2026-cua-ubnd-thanh-pho-hai-phong-ve-viec-cong-bo-968417,https://cdn.haiphong.gov.vn/gov-hpg/6833/tintuc/2026/9/qd-3838-xd-hang-hai-duong-thuy639256032077834970.pdf,
1.116316,Kiểm tra chất lượng hàng hóa nhập khẩu có mức độ rủi ro cao thuộc trách nhiệm quản lý nhà nước của Bộ Nội vụ tại Danh mục ban hành kèm theo,NỘI VỤ,official_city_decision_commune_reception,True,2026-08-30,,official_city_decision_pdf,False,,False,,3500/QĐ-UBND,https://namsach.haiphong.gov.vn/cong-khai-danh-muc-thu-tuc-hanh-chinh/cong-khai-quyet-dinh-so-3500-qd-ubnd-ngay-30-8-2026-cua-ubnd-thanh-pho-hai-phong-ve-viec-cong-bo-958426,https://cdn.haiphong.gov.vn/gov-hpg/6833/tintuc/2026/9/qd-3500-nv639240495312924587.pdf,
1.116351,"Thủ tục sửa đổi, bổ sung/ cấp lại Giấy phép gia công hàng hóa",XUẤT NHẬP KHẨU,official_city_decision_commune_reception,True,2026-09-08,,official_city_decision_pdf,False,,False,,3584/QĐ-UBND,https://namsach.haiphong.gov.vn/cong-khai-danh-muc-thu-tuc-hanh-chinh/cong-khai-quyet-dinh-so-3584-qd-ubnd-ngay-08-9-2026-cua-ubnd-thanh-pho-hai-phong-ve-viec-cong-bo-961695,https://cdn.haiphong.gov.vn/gov-hpg/6833/tintuc/2026/9/qd-3548-ct639245592166822661.pdf,
1.116487,Thủ tục cấp giấy phép hoạt động của cơ sở kinh doanh dịch vụ phát hành báo chí nhập khẩu đối với cơ quan báo chí của địa phương,BÁO CHÍ,official_city_decision_commune_reception,True,2026-09-04,,official_city_decision_pdf,False,,False,,3523/QĐ-UBND,https://namsach.haiphong.gov.vn/cong-khai-danh-muc-thu-tuc-hanh-chinh/cong-khai-quyet-dinh-so-3523-qd-ubnd-ngay-04-9-2026-cua-ubnd-thanh-pho-hai-phong-ve-viec-cong-bo-959292,https://cdn.haiphong.gov.vn/gov-hpg/6833/tintuc/2026/9/qd-3523-vh639241356960920960.pdf,
1.116546,Bổ nhiệm lại và cấp thẻ giám định viên tư pháp,GIÁM ĐỊNH TƯ PHÁP,repealed_by_official_city_decision,False,,2026-09-21,official_city_decision_pdf,False,,False,,3904/QĐ-UBND,https://namsach.haiphong.gov.vn/cong-khai-danh-muc-thu-tuc-hanh-chinh/cong-khai-quyet-dinh-so-3904-qd-ubnd-ngay-21-9-2026-cua-ubnd-thanh-pho-hai-phong-ve-viec-cong-bo-969347,https://cdn.haiphong.gov.vn/gov-hpg/6833/tintuc/2026/9/qd-3904-tp-bai-bo-giam-dinh639256935655766164.pdf,Bị bãi bỏ theo 3904/QĐ-UBND
1.116547,Công nhận người giám định tư pháp theo vụ việc,GIÁM ĐỊNH TƯ PHÁP,repealed_by_official_city_decision,False,,2026-09-21,official_city_decision_pdf,False,,False,,3904/QĐ-UBND,https://namsach.haiphong.gov.vn/cong-khai-danh-muc-thu-tuc-hanh-chinh/cong-khai-quyet-dinh-so-3904-qd-ubnd-ngay-21-9-2026-cua-ubnd-thanh-pho-hai-phong-ve-viec-cong-bo-969347,https://cdn.haiphong.gov.vn/gov-hpg/6833/tintuc/2026/9/qd-3904-tp-bai-bo-giam-dinh639256935655766164.pdf,Bị bãi bỏ theo 3904/QĐ-UBND
1.116548,Hủy bỏ công nhận người,GIÁM ĐỊNH TƯ PHÁP,repealed_by_official_city_decision,False,,2026-09-21,official_city_decision_pdf,False,,False,,3904/QĐ-UBND,https://namsach.haiphong.gov.vn/cong-khai-danh-muc-thu-tuc-hanh-chinh/cong-khai-quyet-dinh-so-3904-qd-ubnd-ngay-21-9-2026-cua-ubnd-thanh-pho-hai-phong-ve-viec-cong-bo-969347,https://cdn.haiphong.gov.vn/gov-hpg/6833/tintuc/2026/9/qd-3904-tp-bai-bo-giam-dinh639256935655766164.pdf,Bị bãi bỏ theo 3904/QĐ-UBND
1.116549,Công nhận tổ chức giám định tư pháp theo vụ việc,GIÁM ĐỊNH TƯ PHÁP,repealed_by_official_city_decision,False,,2026-09-21,official_city_decision_pdf,False,,False,,3904/QĐ-UBND,https://namsach.haiphong.gov.vn/cong-khai-danh-muc-thu-tuc-hanh-chinh/cong-khai-quyet-dinh-so-3904-qd-ubnd-ngay-21-9-2026-cua-ubnd-thanh-pho-hai-phong-ve-viec-cong-bo-969347,https://cdn.haiphong.gov.vn/gov-hpg/6833/tintuc/2026/9/qd-3904-tp-bai-bo-giam-dinh639256935655766164.pdf,Bị bãi bỏ theo 3904/QĐ-UBND
1.116550,Hủy bỏ công nhận tổ chức giám định tư pháp theo vụ việc,GIÁM ĐỊNH TƯ PHÁP,repealed_by_official_city_decision,False,,2026-09-21,official_city_decision_pdf,False,,False,,3904/QĐ-UBND,https://namsach.haiphong.gov.vn/cong-khai-danh-muc-thu-tuc-hanh-chinh/cong-khai-quyet-dinh-so-3904-qd-ubnd-ngay-21-9-2026-cua-ubnd-thanh-pho-hai-phong-ve-viec-cong-bo-969347,https://cdn.haiphong.gov.vn/gov-hpg/6833/tintuc/2026/9/qd-3904-tp-bai-bo-giam-dinh639256935655766164.pdf,Bị bãi bỏ theo 3904/QĐ-UBND
1.116551,Thành lập và đăng ký hoạt động của văn phòng giám định tư pháp,GIÁM ĐỊNH TƯ PHÁP,repealed_by_official_city_decision,False,,2026-09-21,official_city_decision_pdf,False,,False,,3904/QĐ-UBND,https://namsach.haiphong.gov.vn/cong-khai-danh-muc-thu-tuc-hanh-chinh/cong-khai-quyet-dinh-so-3904-qd-ubnd-ngay-21-9-2026-cua-ubnd-thanh-pho-hai-phong-ve-viec-cong-bo-969347,https://cdn.haiphong.gov.vn/gov-hpg/6833/tintuc/2026/9/qd-3904-tp-bai-bo-giam-dinh639256935655766164.pdf,Bị bãi bỏ theo 3904/QĐ-UBND
1.116552,Hợp nhất văn phòng giám định tư pháp được tổ chức và hoạt động dưới hình thức công ty hợp,GIÁM ĐỊNH TƯ PHÁP,repealed_by_official_city_decision,False,,2026-09-21,official_city_decision_pdf,False,,False,,3904/QĐ-UBND,https://namsach.haiphong.gov.vn/cong-khai-danh-muc-thu-tuc-hanh-chinh/cong-khai-quyet-dinh-so-3904-qd-ubnd-ngay-21-9-2026-cua-ubnd-thanh-pho-hai-phong-ve-viec-cong-bo-969347,https://cdn.haiphong.gov.vn/gov-hpg/6833/tintuc/2026/9/qd-3904-tp-bai-bo-giam-dinh639256935655766164.pdf,Bị bãi bỏ theo 3904/QĐ-UBND
1.116553,Sáp nhập văn phòng giám định tư pháp được tổ chức và hoạt động dưới hình thức công ty hợp danh,GIÁM ĐỊNH TƯ PHÁP,repealed_by_official_city_decision,False,,2026-09-21,official_city_decision_pdf,False,,False,,3904/QĐ-UBND,https://namsach.haiphong.gov.vn/cong-khai-danh-muc-thu-tuc-hanh-chinh/cong-khai-quyet-dinh-so-3904-qd-ubnd-ngay-21-9-2026-cua-ubnd-thanh-pho-hai-phong-ve-viec-cong-bo-969347,https://cdn.haiphong.gov.vn/gov-hpg/6833/tintuc/2026/9/qd-3904-tp-bai-bo-giam-dinh639256935655766164.pdf,Bị bãi bỏ theo 3904/QĐ-UBND
1.116554,Tạm ngừng hoạt động của văn phòng giám định tư pháp,GIÁM ĐỊNH TƯ PHÁP,repealed_by_official_city_decision,False,,2026-09-21,official_city_decision_pdf,False,,False,,3904/QĐ-UBND,https://namsach.haiphong.gov.vn/cong-khai-danh-muc-thu-tuc-hanh-chinh/cong-khai-quyet-dinh-so-3904-qd-ubnd-ngay-21-9-2026-cua-ubnd-thanh-pho-hai-phong-ve-viec-cong-bo-969347,https://cdn.haiphong.gov.vn/gov-hpg/6833/tintuc/2026/9/qd-3904-tp-bai-bo-giam-dinh639256935655766164.pdf,Bị bãi bỏ theo 3904/QĐ-UBND
1.116555,Chấm dứt hoạt động văn phòng giám định tư pháp,GIÁM ĐỊNH TƯ PHÁP,repealed_by_official_city_decision,False,,2026-09-21,official_city_decision_pdf,False,,False,,3904/QĐ-UBND,https://namsach.haiphong.gov.vn/cong-khai-danh-muc-thu-tuc-hanh-chinh/cong-khai-quyet-dinh-so-3904-qd-ubnd-ngay-21-9-2026-cua-ubnd-thanh-pho-hai-phong-ve-viec-cong-bo-969347,https://cdn.haiphong.gov.vn/gov-hpg/6833/tintuc/2026/9/qd-3904-tp-bai-bo-giam-dinh639256935655766164.pdf,Bị bãi bỏ theo 3904/QĐ-UBND
1.116556,Thủ tục cung cấp thông tin theo yêu cầu (dành cho cá nhân),TIẾP CẬN THÔNG TIN,official_city_decision_commune_reception,True,2026-09-23,,official_city_decision_pdf,False,,False,,3957/QĐ-UBND,https://sotp.haiphong.gov.vn/cong-khai-thu-tuc-hanh-chinh/quyet-dinh-so-3957-qd-ubnd-ngay-23-9-2026-ve-viec-cong-bo-danh-muc-thu-tuc-hanh-chinh-ban-hanh-m-972925,https://cdn.haiphong.gov.vn/gov-hpg/6298/tintuc/2026/9/qd-3957-ve-tiep-can-thong-tin639262157131271814.pdf,
1.116557,"Thủ tục cung cấp thông tin theo yêu cầu (dành cho công dân thông qua tổ chức, đoàn thể, doanh nghiệp)",TIẾP CẬN THÔNG TIN,official_city_decision_commune_reception,True,2026-09-23,,official_city_decision_pdf,False,,False,,3957/QĐ-UBND,https://sotp.haiphong.gov.vn/cong-khai-thu-tuc-hanh-chinh/quyet-dinh-so-3957-qd-ubnd-ngay-23-9-2026-ve-viec-cong-bo-danh-muc-thu-tuc-hanh-chinh-ban-hanh-m-972925,https://cdn.haiphong.gov.vn/gov-hpg/6298/tintuc/2026/9/qd-3957-ve-tiep-can-thong-tin639262157131271814.pdf,
1.116562,Thủ tục xác nhận nhập khẩu kim cương thô theo Quy chế chứng nhận KP,XUẤT NHẬP KHẨU,official_city_decision_commune_reception,True,2026-09-19,,official_city_decision_pdf,False,,False,,3856/QĐ-UBND,https://namsach.haiphong.gov.vn/cong-khai-danh-muc-thu-tuc-hanh-chinh/cong-khai-quyet-dinh-so-3856-qd-ubnd-ngay-19-9-2026-cua-ubnd-thanh-pho-hai-phong-ve-viec-cong-bo-968427,https://cdn.haiphong.gov.vn/gov-hpg/6833/tintuc/2026/9/qd-3856-ct-xuat-nhap-khau639256036951182130.pdf,
1.116563,"Thủ tục cấp sửa đổi, bổ sung, cấp lại do mất, thất lạc, hư hỏng Giấy chứng nhận KP đối với kim cương thô xuất khẩu theo Quy chế chứng nhận KP",XUẤT NHẬP KHẨU,official_city_decision_commune_reception,True,2026-09-19,,official_city_decision_pdf,False,,False,,3856/QĐ-UBND,https://namsach.haiphong.gov.vn/cong-khai-danh-muc-thu-tuc-hanh-chinh/cong-khai-quyet-dinh-so-3856-qd-ubnd-ngay-19-9-2026-cua-ubnd-thanh-pho-hai-phong-ve-viec-cong-bo-968427,https://cdn.haiphong.gov.vn/gov-hpg/6833/tintuc/2026/9/qd-3856-ct-xuat-nhap-khau639256036951182130.pdf,
2.000001,"Đăng ký sửa đổi, bổ sung nội dung tổ chức hội chợ, triển lãm thương mại tại Việt Nam",CÔNG THƯƠNG,official_city_decision_commune_reception,True,2026-07-14,,official_city_decision_pdf,False,,False,,2692/QĐ-UBND,https://cathai.haiphong.gov.vn/linh-vuc-cong-thuong/quyet-dinh-so-2692-qd-ubnd-ngay-14-7-2026-cua-uy-ban-nhan-dan-thanh-pho-hai-phong-ve-viec-cong-b-933633,https://cdn.haiphong.gov.vn/gov-hpg/5889/tintuc/2026/7/qd-cong-bo-tthc-moi-sua-doi-bo-sung-theo-cac-qd-so-1507-1537-1546-cua-bct..signed639198737743009046.pdf,
2.000004,"Đăng ký hoạt động khuyến mại đối với chương trình khuyến mại mang tính may rủi thực hiện trên địa bàn 01 tỉnh, thành phố trực thuộc Trung ương",CÔNG THƯƠNG,official_city_decision_commune_reception,True,2026-07-14,,official_city_decision_pdf,False,,False,,2692/QĐ-UBND,https://cathai.haiphong.gov.vn/linh-vuc-cong-thuong/quyet-dinh-so-2692-qd-ubnd-ngay-14-7-2026-cua-uy-ban-nhan-dan-thanh-pho-hai-phong-ve-viec-cong-b-933633,https://cdn.haiphong.gov.vn/gov-hpg/5889/tintuc/2026/7/qd-cong-bo-tthc-moi-sua-doi-bo-sung-theo-cac-qd-so-1507-1537-1546-cua-bct..signed639198737743009046.pdf,
2.000033,Thông báo hoạt động khuyến mại,CÔNG THƯƠNG,official_city_decision_commune_reception,True,2026-07-14,,official_city_decision_pdf,False,,False,,2692/QĐ-UBND,https://cathai.haiphong.gov.vn/linh-vuc-cong-thuong/quyet-dinh-so-2692-qd-ubnd-ngay-14-7-2026-cua-uy-ban-nhan-dan-thanh-pho-hai-phong-ve-viec-cong-b-933633,https://cdn.haiphong.gov.vn/gov-hpg/5889/tintuc/2026/7/qd-cong-bo-tthc-moi-sua-doi-bo-sung-theo-cac-qd-so-1507-1537-1546-cua-bct..signed639198737743009046.pdf,
2.000073,Cấp Giấy chứng nhận đủ điều kiện trạm nạp LPG vào chai,CÔNG THƯƠNG,repealed_by_official_city_decision,False,,2026-06-06,official_city_decision_pdf,False,,False,,2127/QĐ-UBND,https://giavien.haiphong.gov.vn/so-cong-thuong-92280/quyet-dinh-so-2127-qd-ubnd-ngay-06-6-2026-ve-viec-cong-bo-danh-muc-thu-tuc-hanh-chinh-moi-ban-ha-921129,https://cdn.haiphong.gov.vn/gov-hpg/6798/tintuc/2026/6/qd-2127.2026-so-cong-thuong639179180236944152.pdf,Bị bãi bỏ theo 2127/QĐ-UBND
2.000078,Cấp điều chỉnh Cấp Giấy chứng nhận đủ điều kiện thương nhân kinh doanh mua bán LPG,CÔNG THƯƠNG,repealed_by_official_city_decision,False,,2026-06-06,official_city_decision_pdf,False,,False,,2127/QĐ-UBND,https://giavien.haiphong.gov.vn/so-cong-thuong-92280/quyet-dinh-so-2127-qd-ubnd-ngay-06-6-2026-ve-viec-cong-bo-danh-muc-thu-tuc-hanh-chinh-moi-ban-ha-921129,https://cdn.haiphong.gov.vn/gov-hpg/6798/tintuc/2026/6/qd-2127.2026-so-cong-thuong639179180236944152.pdf,Bị bãi bỏ theo 2127/QĐ-UBND
2.000131,"Đăng ký tổ chức hội chợ, triển lãm thương mại tại Việt Nam",CÔNG THƯƠNG,official_city_decision_commune_reception,True,2026-07-14,,official_city_decision_pdf,False,,False,,2692/QĐ-UBND,https://cathai.haiphong.gov.vn/linh-vuc-cong-thuong/quyet-dinh-so-2692-qd-ubnd-ngay-14-7-2026-cua-uy-ban-nhan-dan-thanh-pho-hai-phong-ve-viec-cong-b-933633,https://cdn.haiphong.gov.vn/gov-hpg/5889/tintuc/2026/7/qd-cong-bo-tthc-moi-sua-doi-bo-sung-theo-cac-qd-so-1507-1537-1546-cua-bct..signed639198737743009046.pdf,
2.000133,"Đăng ký sửa đổi, bổ sung nội dung tổ chức hội chợ, triển lãm thương mại tại nước ngoài",CÔNG THƯƠNG,official_city_decision_commune_reception,True,2026-07-14,,official_city_decision_pdf,False,,False,,2692/QĐ-UBND,https://cathai.haiphong.gov.vn/linh-vuc-cong-thuong/quyet-dinh-so-2692-qd-ubnd-ngay-14-7-2026-cua-uy-ban-nhan-dan-thanh-pho-hai-phong-ve-viec-cong-b-933633,https://cdn.haiphong.gov.vn/gov-hpg/5889/tintuc/2026/7/qd-cong-bo-tthc-moi-sua-doi-bo-sung-theo-cac-qd-so-1507-1537-1546-cua-bct..signed639198737743009046.pdf,
2.000134,"Khai báo với Sở Lao động - Thương binh và Xã hội khi đưa vào sử dụng các loại máy, thiết bị, vật tư có yêu cầu nghiêm ngặt về an toàn lao động Nghị quyết số 66.18/2026/NQ-CP về phân quyền, cắt giảm, đơn giản hóa thủ tục hành chính, điều kiện kinh doanh",NỘI VỤ,repealed_by_official_city_decision,False,,2026-06-26,official_city_decision_pdf,False,,False,,2380/QĐ-UBND,https://giavien.haiphong.gov.vn/so-noi-vu-92287/quyet-dinh-so-2380-qd-ubnd-ngay-26-6-2026-ve-viec-cong-bo-danh-muc-thu-tuc-hanh-chinh-duoc-sua-d-933048,https://cdn.haiphong.gov.vn/gov-hpg/6798/tintuc/2026/7/2380-quyet-dinh-cong-bo-dm-tthc-sua-doi-bo-sung-va-bi-bai-bo-theo-qd-641-cua-bnv..signed639197960523919968.pdf,Bị bãi bỏ theo 2380/QĐ-UBND
2.000136,Cấp lại Cấp Giấy chứng nhận đủ điều kiện thương nhân kinh doanh mua bán LPG,CÔNG THƯƠNG,repealed_by_official_city_decision,False,,2026-06-06,official_city_decision_pdf,False,,False,,2127/QĐ-UBND,https://giavien.haiphong.gov.vn/so-cong-thuong-92280/quyet-dinh-so-2127-qd-ubnd-ngay-06-6-2026-ve-viec-cong-bo-danh-muc-thu-tuc-hanh-chinh-moi-ban-ha-921129,https://cdn.haiphong.gov.vn/gov-hpg/6798/tintuc/2026/6/qd-2127.2026-so-cong-thuong639179180236944152.pdf,Bị bãi bỏ theo 2127/QĐ-UBND
2.000142,Cấp Giấy chứng nhận đủ điều kiện thương nhân kinh doanh mua bán LPG,CÔNG THƯƠNG,repealed_by_official_city_decision,False,,2026-06-06,official_city_decision_pdf,False,,False,,2127/QĐ-UBND,https://giavien.haiphong.gov.vn/so-cong-thuong-92280/quyet-dinh-so-2127-qd-ubnd-ngay-06-6-2026-ve-viec-cong-bo-danh-muc-thu-tuc-hanh-chinh-moi-ban-ha-921129,https://cdn.haiphong.gov.vn/gov-hpg/6798/tintuc/2026/6/qd-2127.2026-so-cong-thuong639179180236944152.pdf,Bị bãi bỏ theo 2127/QĐ-UBND
2.000146,"Cấp điều chỉnh Giấy chứng nhận đủ điều kiện thương nhân xuất khẩu, nhập khẩu CNG",CÔNG THƯƠNG,repealed_by_official_city_decision,False,,2026-06-06,official_city_decision_pdf,False,,False,,2127/QĐ-UBND,https://giavien.haiphong.gov.vn/so-cong-thuong-92280/quyet-dinh-so-2127-qd-ubnd-ngay-06-6-2026-ve-viec-cong-bo-danh-muc-thu-tuc-hanh-chinh-moi-ban-ha-921129,https://cdn.haiphong.gov.vn/gov-hpg/6798/tintuc/2026/6/qd-2127.2026-so-cong-thuong639179180236944152.pdf,Bị bãi bỏ theo 2127/QĐ-UBND
2.000150,Cấp lại Giấy phép bán lẻ sản phẩm thuốc lá,LƯU THÔNG HÀNG HÓA TRONG NƯỚC,official_city_decision_commune_reception,True,2026-04-08,,official_city_decision_pdf,True,,False,,1349/QĐ-UBND,https://giavien.haiphong.gov.vn/so-cong-thuong-92280/quyet-dinh-so-1349-qd-ubnd-ngay-08-4-2026-ve-viec-cong-bo-danh-muc-thu-tuc-hanh-chinh-moi-ban-ha-883539,https://cdn.haiphong.gov.vn/gov-hpg/6798/tintuc/2026/4/qd-cong-bo-danh-muc-tthc_so-cong-thuong..signed639114098220839371.pdf,
2.000156,Cấp lại Giấy chứng nhận đủ điều kiện thương nhân kinh doanh mua bán LNG,CÔNG THƯƠNG,repealed_by_official_city_decision,False,,2026-06-06,official_city_decision_pdf,False,,False,,2127/QĐ-UBND,https://giavien.haiphong.gov.vn/so-cong-thuong-92280/quyet-dinh-so-2127-qd-ubnd-ngay-06-6-2026-ve-viec-cong-bo-danh-muc-thu-tuc-hanh-chinh-moi-ban-ha-921129,https://cdn.haiphong.gov.vn/gov-hpg/6798/tintuc/2026/6/qd-2127.2026-so-cong-thuong639179180236944152.pdf,Bị bãi bỏ theo 2127/QĐ-UBND
2.000162,"Cấp sửa đổi, bổ sung Giấy phép bán lẻ sản phẩm thuốc lá",LƯU THÔNG HÀNG HÓA TRONG NƯỚC,official_city_decision_commune_reception,True,2026-04-08,,official_city_decision_pdf,True,,False,,1349/QĐ-UBND,https://giavien.haiphong.gov.vn/so-cong-thuong-92280/quyet-dinh-so-1349-qd-ubnd-ngay-08-4-2026-ve-viec-cong-bo-danh-muc-thu-tuc-hanh-chinh-moi-ban-ha-883539,https://cdn.haiphong.gov.vn/gov-hpg/6798/tintuc/2026/4/qd-cong-bo-danh-muc-tthc_so-cong-thuong..signed639114098220839371.pdf,
2.000163,"Cấp Giấy chứng nhận đủ điều kiện trạm nạp CNG vào phương tiện vận tải Nghị quyết số 66.18/2026/NQ -CP ngày 18 tháng 5 năm 2026 của Chính phủ về việc phân quyền, cắt giảm, đơn giản hóa thủ tục hành chính, điều kiện kinh doanh",CÔNG THƯƠNG,repealed_by_official_city_decision,False,,2026-06-06,official_city_decision_pdf,False,,False,,2127/QĐ-UBND,https://giavien.haiphong.gov.vn/so-cong-thuong-92280/quyet-dinh-so-2127-qd-ubnd-ngay-06-6-2026-ve-viec-cong-bo-danh-muc-thu-tuc-hanh-chinh-moi-ban-ha-921129,https://cdn.haiphong.gov.vn/gov-hpg/6798/tintuc/2026/6/qd-2127.2026-so-cong-thuong639179180236944152.pdf,Bị bãi bỏ theo 2127/QĐ-UBND
2.000166,Cấp Giấy chứng nhận đủ điều kiện thương nhân kinh doanh mua bán LNG,CÔNG THƯƠNG,repealed_by_official_city_decision,False,,2026-06-06,official_city_decision_pdf,False,,False,,2127/QĐ-UBND,https://giavien.haiphong.gov.vn/so-cong-thuong-92280/quyet-dinh-so-2127-qd-ubnd-ngay-06-6-2026-ve-viec-cong-bo-danh-muc-thu-tuc-hanh-chinh-moi-ban-ha-921129,https://cdn.haiphong.gov.vn/gov-hpg/6798/tintuc/2026/6/qd-2127.2026-so-cong-thuong639179180236944152.pdf,Bị bãi bỏ theo 2127/QĐ-UBND
2.000175,Cấp điều chỉnh Giấy chứng nhận đủ điều kiện trạm nạp LPG vào xe bồn,CÔNG THƯƠNG,repealed_by_official_city_decision,False,,2026-06-06,official_city_decision_pdf,False,,False,,2127/QĐ-UBND,https://giavien.haiphong.gov.vn/so-cong-thuong-92280/quyet-dinh-so-2127-qd-ubnd-ngay-06-6-2026-ve-viec-cong-bo-danh-muc-thu-tuc-hanh-chinh-moi-ban-ha-921129,https://cdn.haiphong.gov.vn/gov-hpg/6798/tintuc/2026/6/qd-2127.2026-so-cong-thuong639179180236944152.pdf,Bị bãi bỏ theo 2127/QĐ-UBND
2.000180,Cấp điều chỉnh Giấy chứng nhận đủ điều kiện trạm nạp LPG vào phương tiện vận tải,CÔNG THƯƠNG,repealed_by_official_city_decision,False,,2026-06-06,official_city_decision_pdf,False,,False,,2127/QĐ-UBND,https://giavien.haiphong.gov.vn/so-cong-thuong-92280/quyet-dinh-so-2127-qd-ubnd-ngay-06-6-2026-ve-viec-cong-bo-danh-muc-thu-tuc-hanh-chinh-moi-ban-ha-921129,https://cdn.haiphong.gov.vn/gov-hpg/6798/tintuc/2026/6/qd-2127.2026-so-cong-thuong639179180236944152.pdf,Bị bãi bỏ theo 2127/QĐ-UBND
2.000181,Cấp Giấy phép bán lẻ sản phẩm thuốc lá,LƯU THÔNG HÀNG HÓA TRONG NƯỚC,official_city_decision_commune_reception,True,2026-04-08,,official_city_decision_pdf,True,,False,,1349/QĐ-UBND,https://giavien.haiphong.gov.vn/so-cong-thuong-92280/quyet-dinh-so-1349-qd-ubnd-ngay-08-4-2026-ve-viec-cong-bo-danh-muc-thu-tuc-hanh-chinh-moi-ban-ha-883539,https://cdn.haiphong.gov.vn/gov-hpg/6798/tintuc/2026/4/qd-cong-bo-danh-muc-tthc_so-cong-thuong..signed639114098220839371.pdf,
2.000187,Cấp lại Giấy chứng nhận đủ điều kiện trạm nạp LPG vào xe bồn,CÔNG THƯƠNG,repealed_by_official_city_decision,False,,2026-06-06,official_city_decision_pdf,False,,False,,2127/QĐ-UBND,https://giavien.haiphong.gov.vn/so-cong-thuong-92280/quyet-dinh-so-2127-qd-ubnd-ngay-06-6-2026-ve-viec-cong-bo-danh-muc-thu-tuc-hanh-chinh-moi-ban-ha-921129,https://cdn.haiphong.gov.vn/gov-hpg/6798/tintuc/2026/6/qd-2127.2026-so-cong-thuong639179180236944152.pdf,Bị bãi bỏ theo 2127/QĐ-UBND
2.000194,Cấp Giấy chứng nhận đủ điều kiện trạm nạp LPG vào xe bồn,CÔNG THƯƠNG,repealed_by_official_city_decision,False,,2026-06-06,official_city_decision_pdf,False,,False,,2127/QĐ-UBND,https://giavien.haiphong.gov.vn/so-cong-thuong-92280/quyet-dinh-so-2127-qd-ubnd-ngay-06-6-2026-ve-viec-cong-bo-danh-muc-thu-tuc-hanh-chinh-moi-ban-ha-921129,https://cdn.haiphong.gov.vn/gov-hpg/6798/tintuc/2026/6/qd-2127.2026-so-cong-thuong639179180236944152.pdf,Bị bãi bỏ theo 2127/QĐ-UBND
2.000196,Cấp Giấy chứng nhận đủ điều kiện trạm nạp LPG vào phương tiện vận tải,CÔNG THƯƠNG,repealed_by_official_city_decision,False,,2026-06-06,official_city_decision_pdf,False,,False,,2127/QĐ-UBND,https://giavien.haiphong.gov.vn/so-cong-thuong-92280/quyet-dinh-so-2127-qd-ubnd-ngay-06-6-2026-ve-viec-cong-bo-danh-muc-thu-tuc-hanh-chinh-moi-ban-ha-921129,https://cdn.haiphong.gov.vn/gov-hpg/6798/tintuc/2026/6/qd-2127.2026-so-cong-thuong639179180236944152.pdf,Bị bãi bỏ theo 2127/QĐ-UBND
2.000201,Cấp điều chỉnh Giấy chứng nhận đủ điều kiện trạm nạp LPG vào chai,CÔNG THƯƠNG,repealed_by_official_city_decision,False,,2026-06-06,official_city_decision_pdf,False,,False,,2127/QĐ-UBND,https://giavien.haiphong.gov.vn/so-cong-thuong-92280/quyet-dinh-so-2127-qd-ubnd-ngay-06-6-2026-ve-viec-cong-bo-danh-muc-thu-tuc-hanh-chinh-moi-ban-ha-921129,https://cdn.haiphong.gov.vn/gov-hpg/6798/tintuc/2026/6/qd-2127.2026-so-cong-thuong639179180236944152.pdf,Bị bãi bỏ theo 2127/QĐ-UBND
2.000207,Cấp lại Giấy chứng nhận đủ điều kiện trạm nạp LPG vào chai,CÔNG THƯƠNG,repealed_by_official_city_decision,False,,2026-06-06,official_city_decision_pdf,False,,False,,2127/QĐ-UBND,https://giavien.haiphong.gov.vn/so-cong-thuong-92280/quyet-dinh-so-2127-qd-ubnd-ngay-06-6-2026-ve-viec-cong-bo-danh-muc-thu-tuc-hanh-chinh-moi-ban-ha-921129,https://cdn.haiphong.gov.vn/gov-hpg/6798/tintuc/2026/6/qd-2127.2026-so-cong-thuong639179180236944152.pdf,Bị bãi bỏ theo 2127/QĐ-UBND
2.000211,Cấp điều chỉnh Giấy chứng nhận đủ điều kiện trạm nạp CNG vào phương tiện vận tải,CÔNG THƯƠNG,repealed_by_official_city_decision,False,,2026-06-06,official_city_decision_pdf,False,,False,,2127/QĐ-UBND,https://giavien.haiphong.gov.vn/so-cong-thuong-92280/quyet-dinh-so-2127-qd-ubnd-ngay-06-6-2026-ve-viec-cong-bo-danh-muc-thu-tuc-hanh-chinh-moi-ban-ha-921129,https://cdn.haiphong.gov.vn/gov-hpg/6798/tintuc/2026/6/qd-2127.2026-so-cong-thuong639179180236944152.pdf,Bị bãi bỏ theo 2127/QĐ-UBND
2.000279,Cấp lại Giấy chứng nhận đủ điều kiện thương nhân kinh doanh mua bán CNG,CÔNG THƯƠNG,repealed_by_official_city_decision,False,,2026-06-06,official_city_decision_pdf,False,,False,,2127/QĐ-UBND,https://giavien.haiphong.gov.vn/so-cong-thuong-92280/quyet-dinh-so-2127-qd-ubnd-ngay-06-6-2026-ve-viec-cong-bo-danh-muc-thu-tuc-hanh-chinh-moi-ban-ha-921129,https://cdn.haiphong.gov.vn/gov-hpg/6798/tintuc/2026/6/qd-2127.2026-so-cong-thuong639179180236944152.pdf,Bị bãi bỏ theo 2127/QĐ-UBND
2.000286,Tiếp nhận đối tượng bảo trợ xã hội có hoàn cảnh đặc biệt khó khăn vào cơ sở trợ giúp xã hội,BẢO TRỢ XÃ HỘI,priority51_current_official_commune_evidence,True,2025-07-16,,priority51_official_legal_verification,True,,False,019d2bff-44ae-736f-a3c1-fc73741af598,2874/QĐ-UBND,https://cdn.haiphong.gov.vn/gov-hpg/6819/tintuc/2025/7/dm-tthc-chuan-hoa-syt638893087955858786.pdf,https://cdn.haiphong.gov.vn/gov-hpg/6819/tintuc/2025/7/dm-tthc-chuan-hoa-syt638893087955858786.pdf,
2.000304,Cấp Giấy chứng nhận đủ điều kiện sản xuất chai LPG mini,CÔNG THƯƠNG,repealed_by_official_city_decision,False,,2026-06-06,official_city_decision_pdf,False,,False,,2127/QĐ-UBND,https://giavien.haiphong.gov.vn/so-cong-thuong-92280/quyet-dinh-so-2127-qd-ubnd-ngay-06-6-2026-ve-viec-cong-bo-danh-muc-thu-tuc-hanh-chinh-moi-ban-ha-921129,https://cdn.haiphong.gov.vn/gov-hpg/6798/tintuc/2026/6/qd-2127.2026-so-cong-thuong639179180236944152.pdf,Bị bãi bỏ theo 2127/QĐ-UBND
2.000324,"Xác nhận kiến thức pháp luật về bán hàng đa cấp, kiến thức cho đầu mối tại địa phương",QUẢN LÝ BÁN HÀNG ĐA CẤP,official_commune_evidence_no_later_repeal_in_snapshot,True,2026-06-08,,dvcqg_name_by_code_verified,False,1.0,False,019d2bf8-2b13-7690-9e9c-ec4a9f0e4e72,1298/QĐ-BCT,https://vinhbao.haiphong.gov.vn/linh-vuc-bao-ve-quyen-loi-nguoi-tieu-dung/danh-muc-thu-tuc-hanh-chinh-duoc-sua-doi-bo-sung-va-bi-bai-bo-trong-linh-vuc-quan-ly-ban-hang-da-911878,https://cdn.haiphong.gov.vn/gov-hpg/6874/tintuc/2026/6/qd-cong-bo-dm-tthc-theo-qd-1289-cua-bo-ct..signed639165256172474387.pdf,
2.000354,Cấp Giấy chứng nhận đủ điều kiện thương nhân kinh doanh mua bán CNG,CÔNG THƯƠNG,repealed_by_official_city_decision,False,,2026-06-06,official_city_decision_pdf,False,,False,,2127/QĐ-UBND,https://giavien.haiphong.gov.vn/so-cong-thuong-92280/quyet-dinh-so-2127-qd-ubnd-ngay-06-6-2026-ve-viec-cong-bo-danh-muc-thu-tuc-hanh-chinh-moi-ban-ha-921129,https://cdn.haiphong.gov.vn/gov-hpg/6798/tintuc/2026/6/qd-2127.2026-so-cong-thuong639179180236944152.pdf,Bị bãi bỏ theo 2127/QĐ-UBND
2.000368,"Thông báo thay đổi nội dung Cam kết thực hiện mục tiêu xã hội, môi trường; chấm dứt Cam kết thực hiện mục tiêu xã hội, môi trường của doanh nghiệp xã hội",TÀI CHÍNH,official_city_decision_commune_reception,True,2026-08-11,,official_city_decision_pdf,False,,False,,3204/QĐ-UBND,https://cathai.haiphong.gov.vn/linh-vuc-so-tai-chinh/quyet-dinh-so-3204-qd-ubnd-ngay-11-8-2026-cua-ubnd-dac-khu-ve-viec-cong-bo-thu-tuc-hanh-chinh-du-948822,https://cdn.haiphong.gov.vn/gov-hpg/5889/tintuc/2026/8/quyet-dinh-2026-cong-bo-dmtthc-linh-vuc-dkdn-.....signed639222987278176853.pdf,
2.000371,Cấp điều chỉnh Giấy chứng nhận đủ điều kiện trạm nạp LNG vào phương tiện vận tải,CÔNG THƯƠNG,repealed_by_official_city_decision,False,,2026-06-06,official_city_decision_pdf,False,,False,,2127/QĐ-UBND,https://giavien.haiphong.gov.vn/so-cong-thuong-92280/quyet-dinh-so-2127-qd-ubnd-ngay-06-6-2026-ve-viec-cong-bo-danh-muc-thu-tuc-hanh-chinh-moi-ban-ha-921129,https://cdn.haiphong.gov.vn/gov-hpg/6798/tintuc/2026/6/qd-2127.2026-so-cong-thuong639179180236944152.pdf,Bị bãi bỏ theo 2127/QĐ-UBND
2.000375,"Thông báo thay đổi nội dung Cam kết thực hiện mục tiêu xã hội, môi trường của doanh nghiệp xã hội Quyết định số 4166/QĐ-BTC ngày 15/12/2025 về việc công bố thủ tục hành chính được sửa đổi bổ sung, bị bãi bỏ trong thành lập và hoạt",TÀI CHÍNH,repealed_by_official_city_decision,False,,2026-02-15,official_city_decision_pdf,False,,False,,676/QĐ-UBND,https://daison.haiphong.gov.vn/thu-tuc-hanh-chinh/ubnd-xa-dai-son-ban-hanh-thong-bao-so-41-tb-ubnd-cong-khai-thu-tuc-hanh-chinh-moi-ban-hanh-sua-d-866283,https://cdn.haiphong.gov.vn/gov-hpg/6792/tintuc/2026/3/quyet-dinh-2026-676-stc-cong-bo-dm-tthc-so-tai-chinh-ttr32-33-qd-92-94-..signed639083028924780394.pdf,Bị bãi bỏ theo 676/QĐ-UBND
2.000376,Cấp lại Giấy chứng nhận đủ điều kiện trạm nạp LNG vào phương tiện vận tải,CÔNG THƯƠNG,repealed_by_official_city_decision,False,,2026-06-06,official_city_decision_pdf,False,,False,,2127/QĐ-UBND,https://giavien.haiphong.gov.vn/so-cong-thuong-92280/quyet-dinh-so-2127-qd-ubnd-ngay-06-6-2026-ve-viec-cong-bo-danh-muc-thu-tuc-hanh-chinh-moi-ban-ha-921129,https://cdn.haiphong.gov.vn/gov-hpg/6798/tintuc/2026/6/qd-2127.2026-so-cong-thuong639179180236944152.pdf,Bị bãi bỏ theo 2127/QĐ-UBND
2.000387,Cấp Giấy chứng nhận đủ điều kiện trạm nạp LNG vào phương tiện vận tải,CÔNG THƯƠNG,repealed_by_official_city_decision,False,,2026-06-06,official_city_decision_pdf,False,,False,,2127/QĐ-UBND,https://giavien.haiphong.gov.vn/so-cong-thuong-92280/quyet-dinh-so-2127-qd-ubnd-ngay-06-6-2026-ve-viec-cong-bo-danh-muc-thu-tuc-hanh-chinh-moi-ban-ha-921129,https://cdn.haiphong.gov.vn/gov-hpg/6798/tintuc/2026/6/qd-2127.2026-so-cong-thuong639179180236944152.pdf,Bị bãi bỏ theo 2127/QĐ-UBND
2.000390,Cấp điều chỉnh Giấy chứng nhận đủ điều kiện thương nhân kinh doanh mua bán LNG,CÔNG THƯƠNG,repealed_by_official_city_decision,False,,2026-06-06,official_city_decision_pdf,False,,False,,2127/QĐ-UBND,https://giavien.haiphong.gov.vn/so-cong-thuong-92280/quyet-dinh-so-2127-qd-ubnd-ngay-06-6-2026-ve-viec-cong-bo-danh-muc-thu-tuc-hanh-chinh-moi-ban-ha-921129,https://cdn.haiphong.gov.vn/gov-hpg/6798/tintuc/2026/6/qd-2127.2026-so-cong-thuong639179180236944152.pdf,Bị bãi bỏ theo 2127/QĐ-UBND
2.000424,"Thủ tục thực hiện hỗ trợ khi hòa giải viên gặp tai nạn hoặc rủi ro ảnh hưởng đến sức khỏe, tính mạng trong khi thực hiện hoạt động hòa giải",HÒA GIẢI CƠ SỞ,official_commune_evidence_no_later_repeal_in_snapshot,True,2025-12-07,,dvcqg_name_by_code_verified,True,1.0,True,019d2bfd-862f-7378-807f-97f4f7531da7,,https://vinhbao.haiphong.gov.vn/linh-vuc-tu-phap/danh-muc-thu-tuc-hanh-chinh-thuc-hien-khong-phu-thuoc-vao-dia-gioi-hanh-chinh-trong-pham-vi-than-827521,https://cdn.haiphong.gov.vn/gov-hpg/6874/tintuc/2025/12/phu-luc.signed-1-639007020695231661.pdf,
2.000444,"Cấp lại giấy phép nhận chìm (cấp tỉnh) Nghị định số 44/2026/NĐ-CP ngày 26 tháng 01 năm 2026 của Chính phủ Sửa đổi, bổ sung một số điều của các Nghị định trong lĩnh vực biển và hải đảo",NÔNG NGHIỆP VÀ MÔI TRƯỜNG,repealed_by_official_city_decision,False,,2026-02-07,official_city_decision_pdf,False,,False,,541/QĐ-UBND,https://cathai.haiphong.gov.vn/bao-ton-thien-nhien-va-da-dang-sinh-hoc/quyet-dinh-so-541-qd-ubnd-ngay-7-2-2026-cua-ubnd-thanh-pho-v-v-cong-khai-thu-tuc-hanh-chinh-moi--859548,https://cdn.haiphong.gov.vn/gov-hpg/5889/tintuc/2026/2/quyet-dinh-2026-cong-bo-dmttc-so-nn-va-mt-ttr87-qdbnnmt-339-364-375-379-..signed639065923231925699.pdf,Bị bãi bỏ theo 541/QĐ-UBND
2.000497,Đăng ký lại khai tử có yếu tố nước ngoài,HỘ TỊCH,official_city_decision_commune_reception,True,2026-01-31,,official_city_decision_pdf,False,,False,,467/QĐ-UBND,https://giavien.haiphong.gov.vn/so-tu-phap-92285/quyet-dinh-so-467-qd-ubnd-ngay-31-01-2026-ve-viec-cong-bo-danh-muc-thu-tuc-hanh-chinh-duoc-sua-d-884412,https://cdn.haiphong.gov.vn/gov-hpg/6798/tintuc/2026/4/qd-467-cong-chung-chung-thuc-quan-tai-vien-ho-tich639057302800587100639116699603616818.pdf,
2.000513,Thủ tục đăng ký lại kết hôn có yếu tố nước ngoài,TƯ PHÁP,official_city_decision_commune_reception,True,2026-01-31,,official_attachment_snippet,False,,True,019d2bfd-866c-706d-945a-a09ce8c74047,467/QĐ-UBND,https://giavien.haiphong.gov.vn/so-tu-phap-92285/quyet-dinh-so-467-qd-ubnd-ngay-31-01-2026-ve-viec-cong-bo-danh-muc-thu-tuc-hanh-chinh-duoc-sua-d-884412,https://cdn.haiphong.gov.vn/gov-hpg/6798/tintuc/2026/4/qd-467-cong-chung-chung-thuc-quan-tai-vien-ho-tich639057302800587100639116699603616818.pdf,
2.000522,Đăng ký lại khai sinh có yếu tố nước ngoài,HỘ TỊCH,official_city_decision_commune_reception,True,2026-01-31,,official_city_decision_pdf,False,,False,,467/QĐ-UBND,https://giavien.haiphong.gov.vn/so-tu-phap-92285/quyet-dinh-so-467-qd-ubnd-ngay-31-01-2026-ve-viec-cong-bo-danh-muc-thu-tuc-hanh-chinh-duoc-sua-d-884412,https://cdn.haiphong.gov.vn/gov-hpg/6798/tintuc/2026/4/qd-467-cong-chung-chung-thuc-quan-tai-vien-ho-tich639057302800587100639116699603616818.pdf,
2.000528,Đăng ký khai sinh có yếu tố nước ngoài,HỘ TỊCH,official_city_decision_commune_reception,True,2026-01-31,,official_city_decision_pdf,True,,False,019d2bfd-8662-763f-927f-dc039ede198c,467/QĐ-UBND,https://giavien.haiphong.gov.vn/so-tu-phap-92285/quyet-dinh-so-467-qd-ubnd-ngay-31-01-2026-ve-viec-cong-bo-danh-muc-thu-tuc-hanh-chinh-duoc-sua-d-884412,https://cdn.haiphong.gov.vn/gov-hpg/6798/tintuc/2026/4/qd-467-cong-chung-chung-thuc-quan-tai-vien-ho-tich639057302800587100639116699603616818.pdf,
2.000547,"Ghi vào sổ hộ tịch việc hộ tịch khác của công dân Việt Nam đã được giải quyết tại cơ quan có thẩm quyền của nước ngoài (khai sinh; giám hộ; nhận cha, mẹ, con; xác định cha, mẹ, con; nuôi con nuôi; khai tử; thay đổi hộ tịch)",HỘ TỊCH,official_city_decision_commune_reception,True,2026-01-31,,official_city_decision_pdf,False,,False,,467/QĐ-UBND,https://giavien.haiphong.gov.vn/so-tu-phap-92285/quyet-dinh-so-467-qd-ubnd-ngay-31-01-2026-ve-viec-cong-bo-danh-muc-thu-tuc-hanh-chinh-duoc-sua-d-884412,https://cdn.haiphong.gov.vn/gov-hpg/6798/tintuc/2026/4/qd-467-cong-chung-chung-thuc-quan-tai-vien-ho-tich639057302800587100639116699603616818.pdf,
2.000552,"Cấp lại Giấy phép hoạt động đối với trạm, điểm sơ cấp cứu chữ thập đỏ khi thay đổi địa điểm",KHÁM CHỮA BỆNH,official_city_decision_commune_reception,True,2026-09-11,,official_city_decision_pdf,False,,False,019d2bff-44d3-72f9-b7ff-3e07491d6d03,3643/QĐ-UBND,https://namsach.haiphong.gov.vn/cong-khai-danh-muc-thu-tuc-hanh-chinh/cong-khai-quyet-dinh-so-3643-qd-ubnd-ngay-11-9-2026-cua-ubnd-thanh-pho-hai-phong-ve-viec-cong-bo-965145,https://cdn.haiphong.gov.vn/gov-hpg/6833/tintuc/2026/9/3643_2026639250767815599938.pdf,
2.000554,"Ghi vào sổ hộ tịch việc ly hôn, hủy việc kết hôn của công dân Việt Nam đã được giải quyết tại cơ quan có thẩm quyền của nước ngoài",HỘ TỊCH,official_city_decision_commune_reception,True,2026-01-31,,official_city_decision_pdf,False,,False,,467/QĐ-UBND,https://giavien.haiphong.gov.vn/so-tu-phap-92285/quyet-dinh-so-467-qd-ubnd-ngay-31-01-2026-ve-viec-cong-bo-danh-muc-thu-tuc-hanh-chinh-duoc-sua-d-884412,https://cdn.haiphong.gov.vn/gov-hpg/6798/tintuc/2026/4/qd-467-cong-chung-chung-thuc-quan-tai-vien-ho-tich639057302800587100639116699603616818.pdf,
2.000555,"Cấp Giấy đăng ký hoạt động của văn phòng giám định tư pháp trong trường hợp thay đổi tên gọi, địa chỉ trụ sở, người đại diện theo pháp luật, danh sách thành viên hợp danh của văn phòng giám định tư pháp",GIÁM ĐỊNH TƯ PHÁP,official_city_decision_commune_reception,True,2026-09-21,,official_city_decision_pdf,False,,False,,3904/QĐ-UBND,https://namsach.haiphong.gov.vn/cong-khai-danh-muc-thu-tuc-hanh-chinh/cong-khai-quyet-dinh-so-3904-qd-ubnd-ngay-21-9-2026-cua-ubnd-thanh-pho-hai-phong-ve-viec-cong-bo-969347,https://cdn.haiphong.gov.vn/gov-hpg/6833/tintuc/2026/9/qd-3904-tp-bai-bo-giam-dinh639256935655766164.pdf,
2.000559,Cấp Giấy phép hoạt động đối với điểm sơ cấp cứu chữ thập đỏ,KHÁM CHỮA BỆNH,official_city_decision_commune_reception,True,2026-09-11,,official_source_name_verified,False,,False,019d2bff-44e5-70a9-b1de-6483d693d5e9,3643/QĐ-UBND,https://namsach.haiphong.gov.vn/cong-khai-danh-muc-thu-tuc-hanh-chinh/cong-khai-quyet-dinh-so-3643-qd-ubnd-ngay-11-9-2026-cua-ubnd-thanh-pho-hai-phong-ve-viec-cong-bo-965145,https://cdn.haiphong.gov.vn/gov-hpg/6833/tintuc/2026/9/3643_2026639250767815599938.pdf,
2.000568,"Thay đổi, bổ sung lĩnh vực giám định của văn phòng giám định tư pháp",GIÁM ĐỊNH TƯ PHÁP,official_city_decision_commune_reception,True,2026-09-21,,official_city_decision_pdf,False,,False,,3904/QĐ-UBND,https://namsach.haiphong.gov.vn/cong-khai-danh-muc-thu-tuc-hanh-chinh/cong-khai-quyet-dinh-so-3904-qd-ubnd-ngay-21-9-2026-cua-ubnd-thanh-pho-hai-phong-ve-viec-cong-bo-969347,https://cdn.haiphong.gov.vn/gov-hpg/6833/tintuc/2026/9/qd-3904-tp-bai-bo-giam-dinh639256935655766164.pdf,
2.000575,"Cấp lại Giấy chứng nhận đăng ký hộ kinh doanh, Cấp đổi sang Giấy chứng nhận đăng ký hộ kinh doanh",TÀI CHÍNH,official_city_decision_commune_reception,True,2026-08-05,,official_city_decision_pdf,True,,False,019d2bfc-d9d1-7475-8e58-1aa4479901eb,3091/QĐ-UBND,https://cathai.haiphong.gov.vn/linh-vuc-so-tai-chinh/quyet-dinh-so-3091-qd-ubnd-ngay-05-8-2026-cua-uy-ban-nhan-dan-thanh-pho-hai-phong-ve-viec-cong-b-945019,https://cdn.haiphong.gov.vn/gov-hpg/5889/tintuc/2026/8/quyet-dinh-2026-cong-bo-dmtthc-moi-ban-hanh-.....signed639216293287582914.pdf,
2.000578,"Cấp giấy phép xuất khẩu, nhập khẩu vật liệu nổ công nghiệp","VẬT LIỆU NỔ CÔNG NGHIỆP, TIỀN CHẤT THUỐC NỔ",official_city_decision_commune_reception,True,2026-06-06,,official_city_decision_pdf,False,,False,,2127/QĐ-UBND,https://giavien.haiphong.gov.vn/so-cong-thuong-92280/quyet-dinh-so-2127-qd-ubnd-ngay-06-6-2026-ve-viec-cong-bo-danh-muc-thu-tuc-hanh-chinh-moi-ban-ha-921129,https://cdn.haiphong.gov.vn/gov-hpg/6798/tintuc/2026/6/qd-2127.2026-so-cong-thuong639179180236944152.pdf,
2.000592,Thủ tục giải quyết khiếu nại về trợ giúp pháp lý,TƯ PHÁP,official_commune_evidence_no_later_repeal_in_snapshot,True,2025-12-07,,dvcqg_name_by_code_verified,False,1.0,True,019d2bfd-8670-738c-ab16-92d43c3728c0,,https://vinhbao.haiphong.gov.vn/linh-vuc-tu-phap/danh-muc-thu-tuc-hanh-chinh-thuc-hien-khong-phu-thuoc-vao-dia-gioi-hanh-chinh-trong-pham-vi-than-827521,https://cdn.haiphong.gov.vn/gov-hpg/6874/tintuc/2025/12/phu-luc.signed-1-639007020695231661.pdf,
2.000604,"Cấp Giấy chứng nhận đăng ký hoạt động kiểm định Nghị quyết số 66.18/2026/NQ -CP ngày 18 tháng 5 năm 2026 của Chính phủ về việc phân quyền, cắt giảm, đơn giản hóa thủ tục hành chính, điều kiện kinh doanh",CÔNG THƯƠNG,repealed_by_official_city_decision,False,,2026-06-06,official_city_decision_pdf,False,,False,,2127/QĐ-UBND,https://giavien.haiphong.gov.vn/so-cong-thuong-92280/quyet-dinh-so-2127-qd-ubnd-ngay-06-6-2026-ve-viec-cong-bo-danh-muc-thu-tuc-hanh-chinh-moi-ban-ha-921129,https://cdn.haiphong.gov.vn/gov-hpg/6798/tintuc/2026/6/qd-2127.2026-so-cong-thuong639179180236944152.pdf,Bị bãi bỏ theo 2127/QĐ-UBND
2.000609,"Thông báo tổ chức hội nghị, hội thảo, đào tạo về bán hàng đa cấp",QUẢN LÝ BÁN HÀNG ĐA CẤP,official_commune_evidence_no_later_repeal_in_snapshot,True,2026-06-08,,official_attachment_snippet,False,,False,019d2bf8-3309-72b5-8647-fc6590fbe3e0,1298/QĐ-BCT,https://vinhbao.haiphong.gov.vn/linh-vuc-bao-ve-quyen-loi-nguoi-tieu-dung/danh-muc-thu-tuc-hanh-chinh-duoc-sua-doi-bo-sung-va-bi-bai-bo-trong-linh-vuc-quan-ly-ban-hang-da-911878,https://cdn.haiphong.gov.vn/gov-hpg/6874/tintuc/2026/6/qd-cong-bo-dm-tthc-theo-qd-1289-cua-bo-ct..signed639165256172474387.pdf,
2.000615,"Cấp sửa đổi, bổ sung Giấy phép bán lẻ rượu B2. LĨNH VỰC CÔNG NGHIỆP TIÊU DÙNG (03 TTHC)",CÔNG THƯƠNG,repealed_by_official_city_decision,False,,2026-06-06,official_city_decision_pdf,True,,False,,2127/QĐ-UBND,https://giavien.haiphong.gov.vn/so-cong-thuong-92280/quyet-dinh-so-2127-qd-ubnd-ngay-06-6-2026-ve-viec-cong-bo-danh-muc-thu-tuc-hanh-chinh-moi-ban-ha-921129,https://cdn.haiphong.gov.vn/gov-hpg/6798/tintuc/2026/6/qd-2127.2026-so-cong-thuong639179180236944152.pdf,Bị bãi bỏ theo 2127/QĐ-UBND
2.000620,Cấp Giấy phép bán lẻ rượu,CÔNG THƯƠNG,repealed_by_official_city_decision,False,,2026-06-06,official_city_decision_pdf,True,,False,,2127/QĐ-UBND,https://giavien.haiphong.gov.vn/so-cong-thuong-92280/quyet-dinh-so-2127-qd-ubnd-ngay-06-6-2026-ve-viec-cong-bo-danh-muc-thu-tuc-hanh-chinh-moi-ban-ha-921129,https://cdn.haiphong.gov.vn/gov-hpg/6798/tintuc/2026/6/qd-2127.2026-so-cong-thuong639179180236944152.pdf,Bị bãi bỏ theo 2127/QĐ-UBND
2.000629,"Cấp sửa đổi, bổ sung Giấy phép sản xuất rượu thủ công nhằm mục đích kinh doanh",CÔNG THƯƠNG,repealed_by_official_city_decision,False,,2026-06-06,official_city_decision_pdf,True,,False,,2127/QĐ-UBND,https://giavien.haiphong.gov.vn/so-cong-thuong-92280/quyet-dinh-so-2127-qd-ubnd-ngay-06-6-2026-ve-viec-cong-bo-danh-muc-thu-tuc-hanh-chinh-moi-ban-ha-921129,https://cdn.haiphong.gov.vn/gov-hpg/6798/tintuc/2026/6/qd-2127.2026-so-cong-thuong639179180236944152.pdf,Bị bãi bỏ theo 2127/QĐ-UBND
2.000633,"Cấp Giấy phép sản xuất rượu thủ công nhằm mục đích kinh doanh Nghị quyết số 19/2026/NQ-CP ngày 29/4/2026 của Chính phủ về cắt giảm, phân cấp, đơn giản hóa thủ tục hành chính, điều kiện kinh doanh",CÔNG THƯƠNG,repealed_by_official_city_decision,False,,2026-06-06,official_city_decision_pdf,True,,False,,2127/QĐ-UBND,https://giavien.haiphong.gov.vn/so-cong-thuong-92280/quyet-dinh-so-2127-qd-ubnd-ngay-06-6-2026-ve-viec-cong-bo-danh-muc-thu-tuc-hanh-chinh-moi-ban-ha-921129,https://cdn.haiphong.gov.vn/gov-hpg/6798/tintuc/2026/6/qd-2127.2026-so-cong-thuong639179180236944152.pdf,Bị bãi bỏ theo 2127/QĐ-UBND
2.000635,"Cấp bản sao Trích l ục hộ tịch, bản sao Giấy khai sinh",HỘ TỊCH,official_city_decision_commune_reception,True,2026-01-31,,official_city_decision_pdf,True,,False,019d2bfd-867c-72db-b6a7-dcbd8c763807,467/QĐ-UBND,https://giavien.haiphong.gov.vn/so-tu-phap-92285/quyet-dinh-so-467-qd-ubnd-ngay-31-01-2026-ve-viec-cong-bo-danh-muc-thu-tuc-hanh-chinh-duoc-sua-d-884412,https://cdn.haiphong.gov.vn/gov-hpg/6798/tintuc/2026/4/qd-467-cong-chung-chung-thuc-quan-tai-vien-ho-tich639057302800587100639116699603616818.pdf,
2.000636,Cấp lại Giấy phép bán buôn rượu B. THỦ TỤC HÀNH CHÍNH CẤP XÃ (09 TTHC) B1. LĨNH VỰC LƯU THÔNG HÀNG HÓA TRONG NƯỚC (06 TTHC),CÔNG THƯƠNG,repealed_by_official_city_decision,False,,2026-06-06,official_city_decision_pdf,False,,False,,2127/QĐ-UBND,https://giavien.haiphong.gov.vn/so-cong-thuong-92280/quyet-dinh-so-2127-qd-ubnd-ngay-06-6-2026-ve-viec-cong-bo-danh-muc-thu-tuc-hanh-chinh-moi-ban-ha-921129,https://cdn.haiphong.gov.vn/gov-hpg/6798/tintuc/2026/6/qd-2127.2026-so-cong-thuong639179180236944152.pdf,Bị bãi bỏ theo 2127/QĐ-UBND
2.000720,Đăng ký thay đổi nội dung đăng ký hộ kinh doanh,TÀI CHÍNH,official_city_decision_commune_reception,True,2026-08-05,,official_city_decision_pdf,True,,False,019d2bfc-d9ca-768c-a8f4-cc0dff5f41ed,3091/QĐ-UBND,https://cathai.haiphong.gov.vn/linh-vuc-so-tai-chinh/quyet-dinh-so-3091-qd-ubnd-ngay-05-8-2026-cua-uy-ban-nhan-dan-thanh-pho-hai-phong-ve-viec-cong-b-945019,https://cdn.haiphong.gov.vn/gov-hpg/5889/tintuc/2026/8/quyet-dinh-2026-cong-bo-dmtthc-moi-ban-hanh-.....signed639216293287582914.pdf,
2.000748,"Thay đổi, cải chính, bổ sung thông tin hộ tịch, xác định lại dân tộc có yếu tố nước ngoài",HỘ TỊCH,official_city_decision_commune_reception,True,2026-01-31,,official_city_decision_pdf,False,,False,,467/QĐ-UBND,https://giavien.haiphong.gov.vn/so-tu-phap-92285/quyet-dinh-so-467-qd-ubnd-ngay-31-01-2026-ve-viec-cong-bo-danh-muc-thu-tuc-hanh-chinh-duoc-sua-d-884412,https://cdn.haiphong.gov.vn/gov-hpg/6798/tintuc/2026/4/qd-467-cong-chung-chung-thuc-quan-tai-vien-ho-tich639057302800587100639116699603616818.pdf,
2.000756,Đăng ký chấm dứt giám hộ có yếu tố nước ngoài,HỘ TỊCH,official_city_decision_commune_reception,True,2026-01-31,,official_city_decision_pdf,False,,False,,467/QĐ-UBND,https://giavien.haiphong.gov.vn/so-tu-phap-92285/quyet-dinh-so-467-qd-ubnd-ngay-31-01-2026-ve-viec-cong-bo-danh-muc-thu-tuc-hanh-chinh-duoc-sua-d-884412,https://cdn.haiphong.gov.vn/gov-hpg/6798/tintuc/2026/4/qd-467-cong-chung-chung-thuc-quan-tai-vien-ho-tich639057302800587100639116699603616818.pdf,
2.000779,"Đăng ký nhận cha, mẹ, con có yếu tố nước ngoài",HỘ TỊCH,official_city_decision_commune_reception,True,2026-01-31,,official_city_decision_pdf,True,,False,,467/QĐ-UBND,https://giavien.haiphong.gov.vn/so-tu-phap-92285/quyet-dinh-so-467-qd-ubnd-ngay-31-01-2026-ve-viec-cong-bo-danh-muc-thu-tuc-hanh-chinh-duoc-sua-d-884412,https://cdn.haiphong.gov.vn/gov-hpg/6798/tintuc/2026/4/qd-467-cong-chung-chung-thuc-quan-tai-vien-ho-tich639057302800587100639116699603616818.pdf,
2.000794,Thủ tục công nhận câu lạc bộ thể dục thể thao cơ sở,THỂ DỤC THỂ THAO,repealed_by_official_city_decision,False,,2026-01-31,official_city_decision_pdf,True,,False,,454/QĐ-UBND,https://cathai.haiphong.gov.vn/linh-vuc-the-duc-the-thao/quyet-dinh-so-454-qd-ubnd-ngay-31-01-2026-cua-ubnd-thanh-pho-hai-phong-ve-viec-cong-bo-danh-muc--856436,https://cdn.haiphong.gov.vn/gov-hpg/5889/tintuc/2026/2/qd-454-cong-bo-tthc-sua-doi-bo-sung-bai-bo-linh-vuc-tdtt639060121063071202.pdf,Bị bãi bỏ theo 454/QĐ-UBND
2.000806,Thủ tục đăng ký kết hôn có yếu tố nước ngoài,HỘ TỊCH,official_city_decision_commune_reception,True,2026-01-31,,official_attachment_snippet,True,,True,019d2bfd-8e13-728a-a0cd-635811d8432e,467/QĐ-UBND,https://giavien.haiphong.gov.vn/so-tu-phap-92285/quyet-dinh-so-467-qd-ubnd-ngay-31-01-2026-ve-viec-cong-bo-danh-muc-thu-tuc-hanh-chinh-duoc-sua-d-884412,https://cdn.haiphong.gov.vn/gov-hpg/6798/tintuc/2026/4/qd-467-cong-chung-chung-thuc-quan-tai-vien-ho-tich639057302800587100639116699603616818.pdf,
2.000815,"Chứng thực bản sao từ bản chính giấy tờ, văn bản do cơ quan, tổ chức có thẩm quyền của Việt Nam; cơ quan, tổ chức có thẩm quyền của nước ngoài; cơ quan, tổ chức có thẩm quyền của Việt Nam liên kết với cơ quan, tổ chức có thẩm quyền của nước ngoài cấp hoặc chứng nhận",CHỨNG THỰC,official_commune_evidence_no_later_repeal_in_snapshot,True,2025-12-07,,official_source_name_verified,True,1.0,True,019d2bfd-8e22-77ef-819f-e49460350904,,https://vinhbao.haiphong.gov.vn/linh-vuc-tu-phap/danh-muc-thu-tuc-hanh-chinh-thuc-hien-khong-phu-thuoc-vao-dia-gioi-hanh-chinh-trong-pham-vi-than-827521,https://cdn.haiphong.gov.vn/gov-hpg/6874/tintuc/2025/12/phu-luc.signed-1-639007020695231661.pdf,
2.000823,Đăng ký hoạt động văn phòng giám định tư pháp,GIÁM ĐỊNH TƯ PHÁP,official_city_decision_commune_reception,True,2026-09-21,,official_city_decision_pdf,False,,False,,3904/QĐ-UBND,https://namsach.haiphong.gov.vn/cong-khai-danh-muc-thu-tuc-hanh-chinh/cong-khai-quyet-dinh-so-3904-qd-ubnd-ngay-21-9-2026-cua-ubnd-thanh-pho-hai-phong-ve-viec-cong-bo-969347,https://cdn.haiphong.gov.vn/gov-hpg/6833/tintuc/2026/9/qd-3904-tp-bai-bo-giam-dinh639256935655766164.pdf,
2.000829,Yêu cầu trợ giúp pháp lý,TƯ PHÁP,official_commune_evidence_no_later_repeal_in_snapshot,True,2025-12-07,,official_attachment_snippet,False,,True,019d2bfd-8e3d-737e-8aca-295dd1f2ea9f,,https://vinhbao.haiphong.gov.vn/linh-vuc-tu-phap/danh-muc-thu-tuc-hanh-chinh-thuc-hien-khong-phu-thuoc-vao-dia-gioi-hanh-chinh-trong-pham-vi-than-827521,https://cdn.haiphong.gov.vn/gov-hpg/6874/tintuc/2025/12/phu-luc.signed-1-639007020695231661.pdf,
2.000884,Thủ tục chứng thực chữ ký trong các văn bản (áp dụng cho cả trường hợp chứng thực điểm chỉ và trường hợp người yêu cầu chứng thực không điểm chỉ được),CHỨNG THỰC,official_city_decision_commune_reception,True,2026-04-08,,dvcqg_name_by_code_verified,True,,True,019d2bfd-8e2e-7359-b42f-d5dc8d74741b,1353/QĐ-UBND,https://giavien.haiphong.gov.vn/so-tu-phap-92285/quyet-dinh-so-1353-qd-ubnd-ngay-08-4-2026-ve-viec-cong-bo-danh-muc-thu-tuc-hanh-chinh-duoc-sua-d-883466,https://cdn.haiphong.gov.vn/gov-hpg/6798/tintuc/2026/4/qd-cong-bo-danh-muc-tthc-linh-vuc-cong-chung-va-chung-thuc_so-tu-phap..signed639114064354058456.pdf,
2.000890,Cấp phép thành lập văn phòng giám định tư pháp,GIÁM ĐỊNH TƯ PHÁP,official_city_decision_commune_reception,True,2026-09-21,,official_city_decision_pdf,False,,False,,3904/QĐ-UBND,https://namsach.haiphong.gov.vn/cong-khai-danh-muc-thu-tuc-hanh-chinh/cong-khai-quyet-dinh-so-3904-qd-ubnd-ngay-21-9-2026-cua-ubnd-thanh-pho-hai-phong-ve-viec-cong-bo-969347,https://cdn.haiphong.gov.vn/gov-hpg/6833/tintuc/2026/9/qd-3904-tp-bai-bo-giam-dinh639256935655766164.pdf,
2.000894,Miễn nhiệm và thu hồi thẻ giám định viên tư pháp,GIÁM ĐỊNH TƯ PHÁP,official_city_decision_commune_reception,True,2026-09-21,,official_city_decision_pdf,False,,False,,3904/QĐ-UBND,https://namsach.haiphong.gov.vn/cong-khai-danh-muc-thu-tuc-hanh-chinh/cong-khai-quyet-dinh-so-3904-qd-ubnd-ngay-21-9-2026-cua-ubnd-thanh-pho-hai-phong-ve-viec-cong-bo-969347,https://cdn.haiphong.gov.vn/gov-hpg/6833/tintuc/2026/9/qd-3904-tp-bai-bo-giam-dinh639256935655766164.pdf,
2.000908,Cấp bản sao từ sổ gốc,CHỨNG THỰC,official_city_decision_commune_reception,True,2026-04-08,,official_city_decision_pdf,True,,False,,467/QĐ-UBND; 1353/QĐ-UBND,https://giavien.haiphong.gov.vn/so-tu-phap-92285/quyet-dinh-so-1353-qd-ubnd-ngay-08-4-2026-ve-viec-cong-bo-danh-muc-thu-tuc-hanh-chinh-duoc-sua-d-883466,https://cdn.haiphong.gov.vn/gov-hpg/6798/tintuc/2026/4/qd-cong-bo-danh-muc-tthc-linh-vuc-cong-chung-va-chung-thuc_so-tu-phap..signed639114064354058456.pdf,
2.000913,"Chứng thực việc sửa đổi, bổ sung, hủy bỏ giao dịch Trong ngày tiếp nhận hồ sơ. Trường hợp tiếp nhận sau 15 gi ờ 00 thì trả kết quả trong ngày làm việc ti ếp theo",CHỨNG THỰC,official_city_decision_commune_reception,True,2026-04-08,,official_city_decision_pdf,True,,False,019d2bfd-8e59-72ab-ae1a-a2985865d253,1353/QĐ-UBND,https://giavien.haiphong.gov.vn/so-tu-phap-92285/quyet-dinh-so-1353-qd-ubnd-ngay-08-4-2026-ve-viec-cong-bo-danh-muc-thu-tuc-hanh-chinh-duoc-sua-d-883466,https://cdn.haiphong.gov.vn/gov-hpg/6798/tintuc/2026/4/qd-cong-bo-danh-muc-tthc-linh-vuc-cong-chung-va-chung-thuc_so-tu-phap..signed639114064354058456.pdf,
2.000927,Sửa lỗi sai sót trong giao dịch,CHỨNG THỰC,official_city_decision_commune_reception,True,2026-04-08,,official_city_decision_pdf,True,,False,,1353/QĐ-UBND,https://giavien.haiphong.gov.vn/so-tu-phap-92285/quyet-dinh-so-1353-qd-ubnd-ngay-08-4-2026-ve-viec-cong-bo-danh-muc-thu-tuc-hanh-chinh-duoc-sua-d-883466,https://cdn.haiphong.gov.vn/gov-hpg/6798/tintuc/2026/4/qd-cong-bo-danh-muc-tthc-linh-vuc-cong-chung-va-chung-thuc_so-tu-phap..signed639114064354058456.pdf,
2.000942,"Thủ tục cấp bản sao có chứng thực từ bản chính hợp đồng, giao dịch đã được chứng thực",CHỨNG THỰC,official_city_decision_commune_reception,True,2026-04-08,,dvcqg_name_by_code_verified,True,,True,019d2bfd-95d6-778f-889b-e3045003fa5e,1353/QĐ-UBND,https://giavien.haiphong.gov.vn/so-tu-phap-92285/quyet-dinh-so-1353-qd-ubnd-ngay-08-4-2026-ve-viec-cong-bo-danh-muc-thu-tuc-hanh-chinh-duoc-sua-d-883466,https://cdn.haiphong.gov.vn/gov-hpg/6798/tintuc/2026/4/qd-cong-bo-danh-muc-tthc-linh-vuc-cong-chung-va-chung-thuc_so-tu-phap..signed639114064354058456.pdf,
2.000970,"Lựa chọn, ký hợp đồng với tổ chức hành nghề luật sư, tổ chức tư vấn pháp luật",TƯ PHÁP,official_commune_evidence_no_later_repeal_in_snapshot,True,2025-12-07,,official_attachment_snippet,False,,True,019d2bfd-95d6-7608-8de6-b7a1a7c66102,,https://vinhbao.haiphong.gov.vn/linh-vuc-tu-phap/danh-muc-thu-tuc-hanh-chinh-thuc-hien-khong-phu-thuoc-vao-dia-gioi-hanh-chinh-trong-pham-vi-than-827521,https://cdn.haiphong.gov.vn/gov-hpg/6874/tintuc/2025/12/phu-luc.signed-1-639007020695231661.pdf,
2.000977,"Lựa chọn, ký hợp đồng với luật sư",TƯ PHÁP,official_commune_evidence_no_later_repeal_in_snapshot,True,2025-12-07,,official_attachment_snippet,False,,True,019d2bfd-95d5-737d-875a-016397ac3094,,https://vinhbao.haiphong.gov.vn/linh-vuc-tu-phap/danh-muc-thu-tuc-hanh-chinh-thuc-hien-khong-phu-thuoc-vao-dia-gioi-hanh-chinh-trong-pham-vi-than-827521,https://cdn.haiphong.gov.vn/gov-hpg/6874/tintuc/2025/12/phu-luc.signed-1-639007020695231661.pdf,
2.000986,"Liên thông thủ tục hành chính về đăng ký khai sinh, đăng ký thường trú, cấp thẻ bảo hiểm y tế cho trẻ em dưới 6 tuổi",TƯ PHÁP,repealed_by_official_city_decision,False,,2026-09-08,official_city_decision_pdf,False,,False,,3582/QĐ-UBND,https://namsach.haiphong.gov.vn/cong-khai-danh-muc-thu-tuc-hanh-chinh/cong-khai-quyet-dinh-so-3582-qd-ubnd-ngay-08-9-2026-cua-ubnd-thanh-pho-hai-phong-ve-viec-cong-bo-961697,https://cdn.haiphong.gov.vn/gov-hpg/6833/tintuc/2026/9/qd-3582-tp639245593448950620.pdf,Bị bãi bỏ theo 3582/QĐ-UBND
2.000992,"Chứng thực chữ ký người dịch mà người dịch là cộng tác viên dịch thuật của Ủy ban nhân dân cấp xã, tổ chức hành nghề công chứng",CHỨNG THỰC,official_commune_evidence_no_later_repeal_in_snapshot,True,2025-12-07,,dvcqg_name_by_code_verified,True,1.0,True,019d2bfd-95d3-7258-b613-a71dbf432f07,,https://vinhbao.haiphong.gov.vn/linh-vuc-tu-phap/danh-muc-thu-tuc-hanh-chinh-thuc-hien-khong-phu-thuoc-vao-dia-gioi-hanh-chinh-trong-pham-vi-than-827521,https://cdn.haiphong.gov.vn/gov-hpg/6874/tintuc/2025/12/phu-luc.signed-1-639007020695231661.pdf,
2.001008,"Chứng thực chữ ký người dịch mà người dịch không phải là cộng tác viên dịch thuật của Ủy ban nhân dân cấp xã, tổ chức hành nghề công chứng",CHỨNG THỰC,official_city_decision_commune_reception,True,2026-04-08,,official_attachment_snippet,True,,False,019d2bfd-95d4-72d6-be00-ed0e9e5dd66a,1353/QĐ-UBND,https://giavien.haiphong.gov.vn/so-tu-phap-92285/quyet-dinh-so-1353-qd-ubnd-ngay-08-4-2026-ve-viec-cong-bo-danh-muc-thu-tuc-hanh-chinh-duoc-sua-d-883466,https://cdn.haiphong.gov.vn/gov-hpg/6798/tintuc/2026/4/qd-cong-bo-danh-muc-tthc-linh-vuc-cong-chung-va-chung-thuc_so-tu-phap..signed639114064354058456.pdf,
2.001009,"Chứng thực văn bản khai nhận di sản mà di sản là động sản, quyền sử dụng đất, nhà ở",CHỨNG THỰC,repealed_official_evidence,False,,2025-11-10,priority51_official_legal_verification,True,,False,,4517/QĐ-UBND,https://cdn.haiphong.gov.vn/gov-hpg/6841/tintuc/2026/1/13-01-thong-bao-dmtthc-thuc-hien-theo-qd-so-93.10.01.signed639040640584481095.pdf,https://cdn.haiphong.gov.vn/gov-hpg/6841/tintuc/2026/1/13-01-thong-bao-dmtthc-thuc-hien-theo-qd-so-93.10.01.signed639040640584481095.pdf,Bị bãi bỏ theo 4517/QĐ-UBND
2.001016,Chứng thực văn bản từ chối nhận di sản,CHỨNG THỰC,official_city_decision_commune_reception,True,2026-04-08,,official_city_decision_pdf,True,,False,019d2bfd-95e6-7578-ba2d-d1b4373cd174,1353/QĐ-UBND,https://giavien.haiphong.gov.vn/so-tu-phap-92285/quyet-dinh-so-1353-qd-ubnd-ngay-08-4-2026-ve-viec-cong-bo-danh-muc-thu-tuc-hanh-chinh-duoc-sua-d-883466,https://cdn.haiphong.gov.vn/gov-hpg/6798/tintuc/2026/4/qd-cong-bo-danh-muc-tthc-linh-vuc-cong-chung-va-chung-thuc_so-tu-phap..signed639114064354058456.pdf,
2.001019,Chứng thực di chúc,CHỨNG THỰC,official_city_decision_commune_reception,True,2026-04-08,,official_city_decision_pdf,True,,False,,1353/QĐ-UBND,https://giavien.haiphong.gov.vn/so-tu-phap-92285/quyet-dinh-so-1353-qd-ubnd-ngay-08-4-2026-ve-viec-cong-bo-danh-muc-thu-tuc-hanh-chinh-duoc-sua-d-883466,https://cdn.haiphong.gov.vn/gov-hpg/6798/tintuc/2026/4/qd-cong-bo-danh-muc-tthc-linh-vuc-cong-chung-va-chung-thuc_so-tu-phap..signed639114064354058456.pdf,
2.001023,"Liên thông các thủ tục hành chính về đăng ký khai sinh, cấp Thẻ bảo hiểm y tế cho trẻ em dưới 6 tuổi",TƯ PHÁP,repealed_by_official_city_decision,False,,2026-09-08,official_city_decision_pdf,False,,False,,3582/QĐ-UBND,https://namsach.haiphong.gov.vn/cong-khai-danh-muc-thu-tuc-hanh-chinh/cong-khai-quyet-dinh-so-3582-qd-ubnd-ngay-08-9-2026-cua-ubnd-thanh-pho-hai-phong-ve-viec-cong-bo-961697,https://cdn.haiphong.gov.vn/gov-hpg/6833/tintuc/2026/9/qd-3582-tp639245593448950620.pdf,Bị bãi bỏ theo 3582/QĐ-UBND
2.001034,"Cấp Giấy phép vận tải đường bộ quốc tế giữa Việt Nam và Trung Quốc loại A, B, C, E, F, G cho phương tiện của Việt Nam Nghị định số 218/2026/NĐ-CP ngày 19 tháng 6 năm 2026 của Chính phủ sửa đổi, bổ sung một số điều của Nghị định số 158/2024/NĐ-CP ngày 18",ĐƯỜNG BỘ,repealed_by_official_city_decision,False,,2026-09-03,official_city_decision_pdf,False,,False,,3508/QĐ-UBND,https://namsach.haiphong.gov.vn/cong-khai-danh-muc-thu-tuc-hanh-chinh/cong-khai-quyet-dinh-so-3508-qd-ubnd-ngay-03-9-2026-cua-ubnd-thanh-pho-hai-phong-ve-viec-cong-bo-958460,https://cdn.haiphong.gov.vn/gov-hpg/6833/tintuc/2026/9/qd-3508-xd639240506704881699.pdf,Bị bãi bỏ theo 3508/QĐ-UBND
2.001035,"Chứng thực giao dịch liên quan đến tài sản là động sản, quyền sử dụng đất, nhà ở",CHỨNG THỰC,official_city_decision_commune_reception,True,2026-04-08,,dvcqg_name_by_code_verified,True,,False,019d2bfd-95fa-70ca-93fd-4cab11b87897,1353/QĐ-UBND,https://giavien.haiphong.gov.vn/so-tu-phap-92285/quyet-dinh-so-1353-qd-ubnd-ngay-08-4-2026-ve-viec-cong-bo-danh-muc-thu-tuc-hanh-chinh-duoc-sua-d-883466,https://cdn.haiphong.gov.vn/gov-hpg/6798/tintuc/2026/4/qd-cong-bo-danh-muc-tthc-linh-vuc-cong-chung-va-chung-thuc_so-tu-phap..signed639114064354058456.pdf,
2.001117,Cấp lại chứng chỉ hành nghề Quản tài viên,QUẢN TÀI VIÊN,official_city_decision_commune_reception,True,2026-01-31,,official_city_decision_pdf,False,,False,,467/QĐ-UBND,https://giavien.haiphong.gov.vn/so-tu-phap-92285/quyet-dinh-so-467-qd-ubnd-ngay-31-01-2026-ve-viec-cong-bo-danh-muc-thu-tuc-hanh-chinh-duoc-sua-d-884412,https://cdn.haiphong.gov.vn/gov-hpg/6798/tintuc/2026/4/qd-467-cong-chung-chung-thuc-quan-tai-vien-ho-tich639057302800587100639116699603616818.pdf,
2.001130,"Cấp chứng chỉ hành nghề Quản tài viên đối với luật sư, kiểm toán viên, người có trình độ cử nhân luật, kinh tế, kế toán, tài chính, ngân hàng và có thời gian công tác trong lĩnh vực được đào tạo từ 05 năm trở lên",QUẢN TÀI VIÊN,official_city_decision_commune_reception,True,2026-01-31,,official_city_decision_pdf,False,,False,,467/QĐ-UBND,https://giavien.haiphong.gov.vn/so-tu-phap-92285/quyet-dinh-so-467-qd-ubnd-ngay-31-01-2026-ve-viec-cong-bo-danh-muc-thu-tuc-hanh-chinh-duoc-sua-d-884412,https://cdn.haiphong.gov.vn/gov-hpg/6798/tintuc/2026/4/qd-467-cong-chung-chung-thuc-quan-tai-vien-ho-tich639057302800587100639116699603616818.pdf,
2.001171,000.00.00.H24 Cho phép họp báo trong nước (địa phương),VĂN HÓA,repealed_by_official_city_decision,False,,2026-05-29,official_city_decision_pdf,False,,False,,2032/QĐ-UBND,https://giavien.haiphong.gov.vn/so-van-hoa-the-thao-va-du-lich-92284/qd-2032-ve-viec-cong-bo-danh-muc-thu-tuc-hanh-chinh-moi-ban-hanh-duoc-sua-doi-bo-sung-va-bi-bai--910186,https://cdn.haiphong.gov.vn/gov-hpg/6798/tintuc/2026/6/qd-2032639161842299651591.pdf,Bị bãi bỏ theo 2032/QĐ-UBND
2.001173,"000.00.00.H24 Cho phép họp báo nước ngoài (địa phương) III LĨNH VỰC XUẤT BẢN, IN VÀ PHÁT HÀNH (Bị bãi bỏ từ ngày 20/5/2026 đến ngày 28/02/2027)",VĂN HÓA,repealed_by_official_city_decision,False,,2026-05-29,official_city_decision_pdf,False,,False,,2032/QĐ-UBND,https://giavien.haiphong.gov.vn/so-van-hoa-the-thao-va-du-lich-92284/qd-2032-ve-viec-cong-bo-danh-muc-thu-tuc-hanh-chinh-moi-ban-hanh-duoc-sua-doi-bo-sung-va-bi-bai--910186,https://cdn.haiphong.gov.vn/gov-hpg/6798/tintuc/2026/6/qd-2032639161842299651591.pdf,Bị bãi bỏ theo 2032/QĐ-UBND
2.001192,Thủ tục cấp Giấy phép gia công quân phục xuất khẩu cho các lực lượng vũ trang nước ngoài,XUẤT NHẬP KHẨU,official_city_decision_commune_reception,True,2026-09-08,,official_city_decision_pdf,False,,False,019d2bf8-3ad5-75ed-b8c9-ad5931ff4253,3584/QĐ-UBND,https://namsach.haiphong.gov.vn/cong-khai-danh-muc-thu-tuc-hanh-chinh/cong-khai-quyet-dinh-so-3584-qd-ubnd-ngay-08-9-2026-cua-ubnd-thanh-pho-hai-phong-ve-viec-cong-bo-961695,https://cdn.haiphong.gov.vn/gov-hpg/6833/tintuc/2026/9/qd-3548-ct639245592166822661.pdf,
2.001199,Đăng ký thành lập công ty TNHH hai thành viên trở lên,TÀI CHÍNH,official_city_decision_commune_reception,True,2026-02-15,,official_city_decision_pdf,False,,False,,676/QĐ-UBND,https://daison.haiphong.gov.vn/thu-tuc-hanh-chinh/ubnd-xa-dai-son-ban-hanh-thong-bao-so-41-tb-ubnd-cong-khai-thu-tuc-hanh-chinh-moi-ban-hanh-sua-d-866283,https://cdn.haiphong.gov.vn/gov-hpg/6792/tintuc/2026/3/quyet-dinh-2026-676-stc-cong-bo-dm-tthc-so-tai-chinh-ttr32-33-qd-92-94-..signed639083028924780394.pdf,
2.001225,Phê duyệt Trang thông tin đấu giá trực tuyến,TƯ PHÁP,official_commune_evidence_no_later_repeal_in_snapshot,True,2026-06-25,,official_attachment_snippet,False,,False,019d2bfd-960c-71d3-8b1b-b95118a8b61d,1444/QĐ-BTP; 1458/QĐ-BTP,https://vinhbao.haiphong.gov.vn/linh-vuc-tu-phap/quyet-dinh-ve-viec-cong-bo-danh-muc-thu-tuc-hanh-chinh-duoc-sua-doi-bo-sung-va-bi-bai-bo-linh-vu-921702,https://cdn.haiphong.gov.vn/gov-hpg/6874/tintuc/2026/6/quyet-dinh-so-2320-cong-bo-dm-tthc-sua-doi-bo-sung-va-bai-bo-thuoc-quan-ly-cua-so-tu-phap639178246917435630639180044385831717.pdf,
2.001240,Cấp lại Giấy phép bán lẻ rượu,CÔNG THƯƠNG,repealed_by_official_city_decision,False,,2026-06-06,official_city_decision_pdf,True,,False,,2127/QĐ-UBND,https://giavien.haiphong.gov.vn/so-cong-thuong-92280/quyet-dinh-so-2127-qd-ubnd-ngay-06-6-2026-ve-viec-cong-bo-danh-muc-thu-tuc-hanh-chinh-moi-ban-ha-921129,https://cdn.haiphong.gov.vn/gov-hpg/6798/tintuc/2026/6/qd-2127.2026-so-cong-thuong639179180236944152.pdf,Bị bãi bỏ theo 2127/QĐ-UBND
2.001261,Cấp điều chỉnh Giấy chứng nhận đủ điều kiện cửa hàng bán lẻ LPG chai,CÔNG THƯƠNG,repealed_by_official_city_decision,False,,2026-06-06,official_city_decision_pdf,True,,False,,2127/QĐ-UBND,https://giavien.haiphong.gov.vn/so-cong-thuong-92280/quyet-dinh-so-2127-qd-ubnd-ngay-06-6-2026-ve-viec-cong-bo-danh-muc-thu-tuc-hanh-chinh-moi-ban-ha-921129,https://cdn.haiphong.gov.vn/gov-hpg/6798/tintuc/2026/6/qd-2127.2026-so-cong-thuong639179180236944152.pdf,Bị bãi bỏ theo 2127/QĐ-UBND
2.001263,Đăng ký việc nuôi con nuôi trong nước,NUÔI CON NUÔI,official_city_decision_commune_reception,True,2026-02-09,,official_attachment_snippet,True,,True,019d2bfd-9dae-705f-a893-0c4e1f0c32a7,556/QĐ-UBND,https://giavien.haiphong.gov.vn/so-tu-phap-92285/quyet-dinh-so-556-qd-ubnd-ngay-09-2-2026-ve-viec-cong-bo-danh-muc-thu-tuc-hanh-chinh-duoc-sua-do-884409,https://cdn.haiphong.gov.vn/gov-hpg/6798/tintuc/2026/4/qd-556-nuoi-con-nuoi639065875510491063639116698920797829.pdf,
2.001270,Cấp lại Giấy chứng nhận đủ điều kiện cửa hàng bán lẻ LPG chai,CÔNG THƯƠNG,repealed_by_official_city_decision,False,,2026-06-06,official_city_decision_pdf,True,,False,,2127/QĐ-UBND,https://giavien.haiphong.gov.vn/so-cong-thuong-92280/quyet-dinh-so-2127-qd-ubnd-ngay-06-6-2026-ve-viec-cong-bo-danh-muc-thu-tuc-hanh-chinh-moi-ban-ha-921129,https://cdn.haiphong.gov.vn/gov-hpg/6798/tintuc/2026/6/qd-2127.2026-so-cong-thuong639179180236944152.pdf,Bị bãi bỏ theo 2127/QĐ-UBND
2.001282,"Thủ tục Cấp Giấy phép xuất khẩu, nhập khẩu hàng hóa thuộc diện áp dụng biện pháp tạm ngừng xuất khẩu, tạm ngừng nhập khẩu",CÔNG THƯƠNG,official_city_decision_commune_reception,True,2026-09-08,,official_city_decision_pdf,False,,False,019d2bf8-3b15-73fc-b34a-f19ba3db39df,2127/QĐ-UBND; 3584/QĐ-UBND,https://namsach.haiphong.gov.vn/cong-khai-danh-muc-thu-tuc-hanh-chinh/cong-khai-quyet-dinh-so-3584-qd-ubnd-ngay-08-9-2026-cua-ubnd-thanh-pho-hai-phong-ve-viec-cong-bo-961695,https://cdn.haiphong.gov.vn/gov-hpg/6833/tintuc/2026/9/qd-3548-ct639245592166822661.pdf,
2.001283,Cấp Giấy chứng nhận đủ điều kiện cửa hàng bán lẻ LPG chai,KINH DOANH KHÍ,repealed_official_evidence,False,,2026-06-06,priority51_official_legal_verification,True,,False,,2127/QĐ-UBND,https://cdn.haiphong.gov.vn/gov-hpg/6798/tintuc/2026/6/qd-2127.2026-so-cong-thuong639179180236944152.pdf,https://cdn.haiphong.gov.vn/gov-hpg/6798/tintuc/2026/6/qd-2127.2026-so-cong-thuong639179180236944152.pdf,Bị bãi bỏ theo 2127/QĐ-UBND
2.001315,Thủ tục cấp Giấy phép nhập khẩu quân phục để làm mẫu phục vụ hoạt động gia công,XUẤT NHẬP KHẨU,official_city_decision_commune_reception,True,2026-09-08,,official_city_decision_pdf,False,,False,019d2bf8-4290-72e6-848a-e4ee785ca998,3584/QĐ-UBND,https://namsach.haiphong.gov.vn/cong-khai-danh-muc-thu-tuc-hanh-chinh/cong-khai-quyet-dinh-so-3584-qd-ubnd-ngay-08-9-2026-cua-ubnd-thanh-pho-hai-phong-ve-viec-cong-bo-961695,https://cdn.haiphong.gov.vn/gov-hpg/6833/tintuc/2026/9/qd-3548-ct639245592166822661.pdf,
2.001406,"Chứng thực văn bản phân chia di sản mà di sản là động sản, quyền sử dụng đất, nhà ở",CHỨNG THỰC,official_city_decision_commune_reception,True,2026-04-08,,official_city_decision_pdf,True,,False,019d2bfd-9daf-70da-8f48-223498332346,1353/QĐ-UBND,https://giavien.haiphong.gov.vn/so-tu-phap-92285/quyet-dinh-so-1353-qd-ubnd-ngay-08-4-2026-ve-viec-cong-bo-danh-muc-thu-tuc-hanh-chinh-duoc-sua-d-883466,https://cdn.haiphong.gov.vn/gov-hpg/6798/tintuc/2026/4/qd-cong-bo-danh-muc-tthc-linh-vuc-cong-chung-va-chung-thuc_so-tu-phap..signed639114064354058456.pdf,
2.001424,"Cấp Giấy chứng nhận đủ điều kiện thương nhân xuất khẩu, nhập khẩu LPG Nghị quyết số 66.18/2026/NQ -CP ngày 18 tháng 5 năm 2026 của Chính phủ về việc phân quyền, cắt giảm, đơn giản hóa thủ tục hành chính, điều kiện kinh doanh",CÔNG THƯƠNG,repealed_by_official_city_decision,False,,2026-06-06,official_city_decision_pdf,False,,False,,2127/QĐ-UBND,https://giavien.haiphong.gov.vn/so-cong-thuong-92280/quyet-dinh-so-2127-qd-ubnd-ngay-06-6-2026-ve-viec-cong-bo-danh-muc-thu-tuc-hanh-chinh-moi-ban-ha-921129,https://cdn.haiphong.gov.vn/gov-hpg/6798/tintuc/2026/6/qd-2127.2026-so-cong-thuong639179180236944152.pdf,Bị bãi bỏ theo 2127/QĐ-UBND
2.001474,"Thông báo sửa đổi, bổ sung nội dung chương trình khuyến mại",CÔNG THƯƠNG,official_city_decision_commune_reception,True,2026-07-14,,official_city_decision_pdf,False,,False,,2692/QĐ-UBND,https://cathai.haiphong.gov.vn/linh-vuc-cong-thuong/quyet-dinh-so-2692-qd-ubnd-ngay-14-7-2026-cua-uy-ban-nhan-dan-thanh-pho-hai-phong-ve-viec-cong-b-933633,https://cdn.haiphong.gov.vn/gov-hpg/5889/tintuc/2026/7/qd-cong-bo-tthc-moi-sua-doi-bo-sung-theo-cac-qd-so-1507-1537-1546-cua-bct..signed639198737743009046.pdf,
2.001515,Cấp giấy vận chuyển mẫu bệnh phẩm thủy sản,NÔNG NGHIỆP VÀ MÔI TRƯỜNG,official_city_decision_commune_reception,True,2026-05-25,,official_city_decision_pdf,False,,False,,1897/QĐ-UBND,https://giavien.haiphong.gov.vn/so-nong-nghiep-va-moi-truong-92289/quyet-dinh-so-1897-qd-ubnd-ngay-25-5-2026-ve-viec-cong-bo-danh-muc-thu-tuc-hanh-chinh-moi-ban-ha-904676,https://cdn.haiphong.gov.vn/gov-hpg/6798/tintuc/2026/5/qd-1897-ngay-25.5.2026-ubnd-hp-cong-bo-dm-tthc-moi-sua-doi-bo-sung-bai-bo-lvuc-bdkh-cnty-qldd-va-pctt-tl-tnn-mt-dat-dai639153846685150604.pdf,
2.001524,Đăng ký vận chuyển mẫu bệnh phẩm thủy sản,NÔNG NGHIỆP VÀ MÔI TRƯỜNG,official_city_decision_commune_reception,True,2026-05-25,,official_city_decision_pdf,False,,False,,1897/QĐ-UBND,https://giavien.haiphong.gov.vn/so-nong-nghiep-va-moi-truong-92289/quyet-dinh-so-1897-qd-ubnd-ngay-25-5-2026-ve-viec-cong-bo-danh-muc-thu-tuc-hanh-chinh-moi-ban-ha-904676,https://cdn.haiphong.gov.vn/gov-hpg/6798/tintuc/2026/5/qd-1897-ngay-25.5.2026-ubnd-hp-cong-bo-dm-tthc-moi-sua-doi-bo-sung-bai-bo-lvuc-bdkh-cnty-qldd-va-pctt-tl-tnn-mt-dat-dai639153846685150604.pdf,
2.001558,"Cấp giấy chứng nhận kiểm dịch động vật, sản phẩm động vật thủy sản xuất khẩu mang theo người, gửi qua đường bưu điện",NÔNG NGHIỆP VÀ MÔI TRƯỜNG,official_city_decision_commune_reception,True,2026-05-25,,official_city_decision_pdf,False,,False,,1897/QĐ-UBND,https://giavien.haiphong.gov.vn/so-nong-nghiep-va-moi-truong-92289/quyet-dinh-so-1897-qd-ubnd-ngay-25-5-2026-ve-viec-cong-bo-danh-muc-thu-tuc-hanh-chinh-moi-ban-ha-904676,https://cdn.haiphong.gov.vn/gov-hpg/6798/tintuc/2026/5/qd-1897-ngay-25.5.2026-ubnd-hp-cong-bo-dm-tthc-moi-sua-doi-bo-sung-bai-bo-lvuc-bdkh-cnty-qldd-va-pctt-tl-tnn-mt-dat-dai639153846685150604.pdf,
2.001576,Công nhận tiến bộ kỹ thuật,NÔNG NGHIỆP VÀ MÔI TRƯỜNG,official_commune_evidence_no_later_repeal_in_snapshot,True,2026-05-30,,official_attachment_snippet,False,,False,019d2bfa-ada4-75cb-aeeb-700cdfe0bb26,1646/QĐ-UBND; 1858/QĐ-BNNMT; 1869/QĐ-BNNMT; 1877/QĐ-BNNMT; 1878/QĐ-BNNMT; 1883/QĐ-BNNMT; 1897/QĐ-BNNMT; 1908/QĐ-BNNMT; 1931/QĐ-BNNMT; 2198/QĐ-UBND; 2881/QĐ-UBND; 519/QĐ-UBND; 684/QĐ-UBND,https://vinhbao.haiphong.gov.vn/linh-vuc-nong-nghiep-va-moi-truong/danh-muc-thu-tuc-hanh-chinh-moi-ban-hanh-sua-doi-bo-sung-thay-the-bi-bai-bo-thuoc-pham-vi-chuc-n-911934,https://cdn.haiphong.gov.vn/gov-hpg/6874/tintuc/2026/6/qd-2037-ngay-30.5.2026-ubnd-hp-cong-bo-dm-tthc-moi-sua-doi-thay-the-bai-bo-lvuc-kttv-khcn-dcks-cnty-ttbvtv-qlcl-639165286498031603.pdf,
2.001583,Đăng ký thành lập công ty TNHH một thành viên,TÀI CHÍNH,official_city_decision_commune_reception,True,2026-08-11,,official_city_decision_pdf,False,,False,,676/QĐ-UBND; 3204/QĐ-UBND,https://cathai.haiphong.gov.vn/linh-vuc-so-tai-chinh/quyet-dinh-so-3204-qd-ubnd-ngay-11-8-2026-cua-ubnd-dac-khu-ve-viec-cong-bo-thu-tuc-hanh-chinh-du-948822,https://cdn.haiphong.gov.vn/gov-hpg/5889/tintuc/2026/8/quyet-dinh-2026-cong-bo-dmtthc-linh-vuc-dkdn-.....signed639222987278176853.pdf,
2.001610,Đăng ký thành lập doanh nghiệp tư nhân,TÀI CHÍNH,official_city_decision_commune_reception,True,2026-08-11,,official_attachment_snippet,False,,False,019d2bfc-d9eb-733f-80a1-8cd36b62e5cb,1996/QĐ-BTC; 1998/QĐ-BTC; 2884/QĐ-UBND; 676/QĐ-UBND; 3204/QĐ-UBND,https://cathai.haiphong.gov.vn/linh-vuc-so-tai-chinh/quyet-dinh-so-3204-qd-ubnd-ngay-11-8-2026-cua-ubnd-dac-khu-ve-viec-cong-bo-thu-tuc-hanh-chinh-du-948822,https://cdn.haiphong.gov.vn/gov-hpg/5889/tintuc/2026/8/quyet-dinh-2026-cong-bo-dmtthc-linh-vuc-dkdn-.....signed639222987278176853.pdf,
2.001619,"Cấp sửa đổi, bổ sung Giấy phép bán buôn rượu",CÔNG THƯƠNG,repealed_by_official_city_decision,False,,2026-06-06,official_city_decision_pdf,False,,False,,2127/QĐ-UBND,https://giavien.haiphong.gov.vn/so-cong-thuong-92280/quyet-dinh-so-2127-qd-ubnd-ngay-06-6-2026-ve-viec-cong-bo-danh-muc-thu-tuc-hanh-chinh-moi-ban-ha-921129,https://cdn.haiphong.gov.vn/gov-hpg/6798/tintuc/2026/6/qd-2127.2026-so-cong-thuong639179180236944152.pdf,Bị bãi bỏ theo 2127/QĐ-UBND
2.001624,Cấp Giấy phép bán buôn rượu,CÔNG THƯƠNG,repealed_by_official_city_decision,False,,2026-06-06,official_city_decision_pdf,False,,False,,2127/QĐ-UBND,https://giavien.haiphong.gov.vn/so-cong-thuong-92280/quyet-dinh-so-2127-qd-ubnd-ngay-06-6-2026-ve-viec-cong-bo-danh-muc-thu-tuc-hanh-chinh-moi-ban-ha-921129,https://cdn.haiphong.gov.vn/gov-hpg/6798/tintuc/2026/6/qd-2127.2026-so-cong-thuong639179180236944152.pdf,Bị bãi bỏ theo 2127/QĐ-UBND
2.001630,Cấp lại Giấy phép sản xuất rượu công nghiệp (quy mô dưới 3 triệu lít/năm),CÔNG THƯƠNG,repealed_by_official_city_decision,False,,2026-06-06,official_city_decision_pdf,False,,False,,2127/QĐ-UBND,https://giavien.haiphong.gov.vn/so-cong-thuong-92280/quyet-dinh-so-2127-qd-ubnd-ngay-06-6-2026-ve-viec-cong-bo-danh-muc-thu-tuc-hanh-chinh-moi-ban-ha-921129,https://cdn.haiphong.gov.vn/gov-hpg/6798/tintuc/2026/6/qd-2127.2026-so-cong-thuong639179180236944152.pdf,Bị bãi bỏ theo 2127/QĐ-UBND
2.001646,Cấp Giấy phép sản xuất rượu công nghiệp (quy mô dưới 3 triệu lít/năm),CÔNG THƯƠNG,repealed_by_official_city_decision,False,,2026-06-06,official_city_decision_pdf,False,,False,,2127/QĐ-UBND,https://giavien.haiphong.gov.vn/so-cong-thuong-92280/quyet-dinh-so-2127-qd-ubnd-ngay-06-6-2026-ve-viec-cong-bo-danh-muc-thu-tuc-hanh-chinh-moi-ban-ha-921129,https://cdn.haiphong.gov.vn/gov-hpg/6798/tintuc/2026/6/qd-2127.2026-so-cong-thuong639179180236944152.pdf,Bị bãi bỏ theo 2127/QĐ-UBND
2.001665,Cấp lại Giấy chứng nhận đăng ký hoạt động kiểm định A2. LĨNH VỰC KINH DOANH KHÍ (06 TTHC),CÔNG THƯƠNG,repealed_by_official_city_decision,False,,2026-06-06,official_city_decision_pdf,False,,False,,2127/QĐ-UBND,https://giavien.haiphong.gov.vn/so-cong-thuong-92280/quyet-dinh-so-2127-qd-ubnd-ngay-06-6-2026-ve-viec-cong-bo-danh-muc-thu-tuc-hanh-chinh-moi-ban-ha-921129,https://cdn.haiphong.gov.vn/gov-hpg/6798/tintuc/2026/6/qd-2127.2026-so-cong-thuong639179180236944152.pdf,Bị bãi bỏ theo 2127/QĐ-UBND
2.001675,"Cấp bổ sung, sửa đổi Giấy chứng nhận đăng ký hoạt động kiểm định",CÔNG THƯƠNG,repealed_by_official_city_decision,False,,2026-06-06,official_city_decision_pdf,False,,False,,2127/QĐ-UBND,https://giavien.haiphong.gov.vn/so-cong-thuong-92280/quyet-dinh-so-2127-qd-ubnd-ngay-06-6-2026-ve-viec-cong-bo-danh-muc-thu-tuc-hanh-chinh-moi-ban-ha-921129,https://cdn.haiphong.gov.vn/gov-hpg/6798/tintuc/2026/6/qd-2127.2026-so-cong-thuong639179180236944152.pdf,Bị bãi bỏ theo 2127/QĐ-UBND
2.001680,Rút yêu cầu trợ giúp pháp lý của người được trợ giúp pháp lý,TƯ PHÁP,official_commune_evidence_no_later_repeal_in_snapshot,True,2025-12-07,,official_attachment_snippet,False,,True,019d2bfd-9daa-73f6-be3e-e2502700bce6,,https://vinhbao.haiphong.gov.vn/linh-vuc-tu-phap/danh-muc-thu-tuc-hanh-chinh-thuc-hien-khong-phu-thuoc-vao-dia-gioi-hanh-chinh-trong-pham-vi-than-827521,https://cdn.haiphong.gov.vn/gov-hpg/6874/tintuc/2025/12/phu-luc.signed-1-639007020695231661.pdf,
2.001687,Thay đổi người thực hiện trợ giúp pháp lý,TƯ PHÁP,official_commune_evidence_no_later_repeal_in_snapshot,True,2025-12-07,,official_attachment_snippet,False,,True,019d2bfd-9dbe-707d-9fc6-83d6bd735c16,,https://vinhbao.haiphong.gov.vn/linh-vuc-tu-phap/danh-muc-thu-tuc-hanh-chinh-thuc-hien-khong-phu-thuoc-vao-dia-gioi-hanh-chinh-trong-pham-vi-than-827521,https://cdn.haiphong.gov.vn/gov-hpg/6874/tintuc/2025/12/phu-luc.signed-1-639007020695231661.pdf,
2.001737,Thủ tục Xác nhận thay đổi thông tin,VĂN HÓA,official_city_decision_commune_reception,True,2026-05-29,,official_city_decision_pdf,False,,False,,2032/QĐ-UBND,https://giavien.haiphong.gov.vn/so-van-hoa-the-thao-va-du-lich-92284/qd-2032-ve-viec-cong-bo-danh-muc-thu-tuc-hanh-chinh-moi-ban-hanh-duoc-sua-doi-bo-sung-va-bi-bai--910186,https://cdn.haiphong.gov.vn/gov-hpg/6798/tintuc/2026/6/qd-2032639161842299651591.pdf,
2.001740,Thủ tục Xác nhận đăng ký hoạt động in (cấp tỉnh),VĂN HÓA,official_city_decision_commune_reception,True,2026-05-29,,official_city_decision_pdf,False,,False,,2032/QĐ-UBND,https://giavien.haiphong.gov.vn/so-van-hoa-the-thao-va-du-lich-92284/qd-2032-ve-viec-cong-bo-danh-muc-thu-tuc-hanh-chinh-moi-ban-hanh-duoc-sua-doi-bo-sung-va-bi-bai--910186,https://cdn.haiphong.gov.vn/gov-hpg/6798/tintuc/2026/6/qd-2032639161842299651591.pdf,
2.001795,Cấp giấy phép nổ mìn và các hoạt động gây nổ khác trong phạm vi bảo vệ công trình thủy lợi thuộc thẩm quyền cấp phép của Chủ tịch UBND cấp tỉnh,NÔNG NGHIỆP VÀ MÔI TRƯỜNG,official_city_decision_commune_reception,True,2026-05-20,,official_city_decision_pdf,False,,False,,1857/QĐ-UBND,https://cathai.haiphong.gov.vn/linh-vuc-moi-truong/quyet-dinh-so-1857-qd-ubnd-ngay-20-5-2026-cua-ubnd-thanh-pho-hai-phong-v-v-cong-bo-danh-muc-thu--908004,https://cdn.haiphong.gov.vn/gov-hpg/5889/tintuc/2026/6/quyet-dinh-so-1857-2026-cong-bo-dmtthc-so-nn-va-mt-linh-vuc-ts-tl-ttr368-qd-bnnmt-1750-1763-..signed639159290848491178.pdf,
2.001801,Thủ tục xử lý đơn tại cấp xã,XỬ LÝ ĐƠN,official_city_decision_commune_reception,True,2026-09-10,,official_city_decision_pdf,False,,False,,3626/QĐ-UBND,https://namsach.haiphong.gov.vn/cong-khai-danh-muc-thu-tuc-hanh-chinh/cong-khai-quyet-dinh-so-3626-qd-ubnd-ngay-10-9-2026-cua-ubnd-thanh-pho-hai-phong-ve-viec-cong-bo-963093,https://cdn.haiphong.gov.vn/gov-hpg/6833/tintuc/2026/9/qd-3626-thanh-tra639247396433436237.pdf,
2.001842,Cho phép trường tiểu học hoạt động giáo dục,GIÁO DỤC VÀ ĐÀO TẠO,official_city_decision_commune_reception,True,2026-06-19,,official_city_decision_pdf,True,,False,,1747/QĐ-UBND; 2295/QĐ-UBND,https://cathai.haiphong.gov.vn/giao-duc-va-dao-tao/quyet-dinh-so-2295-qd-ubnd-ngay-19-6-2026-cua-ubnd-thanh-pho-hai-phong-ve-viec-cong-bo-danh-muc--921113,https://cdn.haiphong.gov.vn/gov-hpg/5889/tintuc/2026/6/23.qd-cong-bo-dm-tthc-duoc-thay-the-va-bi-bai-bo-theo-qd-1425-cua-bo-gd-dt..signed639179168711137700.pdf,
2.001909,Thủ tục tiếp công dân tại cấp xã,TIẾP CÔNG DÂN,official_city_decision_commune_reception,True,2026-09-10,,official_city_decision_pdf,False,,False,,3626/QĐ-UBND,https://namsach.haiphong.gov.vn/cong-khai-danh-muc-thu-tuc-hanh-chinh/cong-khai-quyet-dinh-so-3626-qd-ubnd-ngay-10-9-2026-cua-ubnd-thanh-pho-hai-phong-ve-viec-cong-bo-963093,https://cdn.haiphong.gov.vn/gov-hpg/6833/tintuc/2026/9/qd-3626-thanh-tra639247396433436237.pdf,
2.001921,"Chấp thuận vị trí, quy mô, kích thước, phương án tổ chức thi công biển quảng cáo, biển thông tin cổ động, tuyên truyền chính trị; chấp thuận xây dựng, lắp đặt công trình hạ tầng, công trình hạ tầng kỹ thuật sử dụng chung",XÂY DỰNG,official_city_decision_commune_reception,True,2026-07-06,,official_city_decision_pdf,False,,False,,2577/QĐ-UBND,https://cathai.haiphong.gov.vn/linh-vuc-xay-dung-93424/quyet-dinh-so-2577-qd-ubnd-ngay-06-7-2026-cua-uy-ban-nhan-dan-thanh-pho-hai-phong-ve-viec-cong-b-929122,https://cdn.haiphong.gov.vn/gov-hpg/5889/tintuc/2026/7/quyet-dinh-2026-cong-bo-dmtthc-moi-ban-hanh-.....signed639191891199638380.pdf,
2.001942,"Chuyển trẻ em đang được chăm sóc thay thế tại cơ sở trợ giúp xã hội đến cá nhân, gia đình nhận chăm sóc thay thế",TRẺ EM,official_commune_evidence_no_later_repeal_in_snapshot,True,2026-08-28,,dvcqg_name_by_code_verified,True,1.0,False,019d2bff-545f-7218-a5f6-b4660489bb5e,2082/QĐ-BYT; 2183/QĐ-BYT; 2224/QĐ-BYT; 2922/QĐ-BYT; 3740/QĐ-BYT; 2778/QĐ-BYT,https://vinhbao.haiphong.gov.vn/linh-vuc-tre-em/quyet-dinh-so-2778-qd-byt-ngay-28-8-2026-cua-bo-y-te-ve-viec-phe-duyet-phuong-an-tai-cau-truc-ca-957967,https://cdn.haiphong.gov.vn/gov-hpg/6874/tintuc/2026/9/2778.-quyet-dinh-phe-duyet-phuong-an-tai-cau-truc-tthc639240222202256647.pdf,
2.001954,"Thông báo thay đổi nội dung đăng ký thuế Quyết định số 4166/QĐ-BTC ngày 15/12/2025 về việc công bố thủ tục hành chính được sửa đổi bổ sung, bị bãi bỏ trong thành lập và hoạt động của doanh nghiệp thuộc phạm vi chức năng quản lý của Bộ Tài chính",TÀI CHÍNH,repealed_by_official_city_decision,False,,2026-02-15,official_city_decision_pdf,False,,False,,676/QĐ-UBND,https://daison.haiphong.gov.vn/thu-tuc-hanh-chinh/ubnd-xa-dai-son-ban-hanh-thong-bao-so-41-tb-ubnd-cong-khai-thu-tuc-hanh-chinh-moi-ban-hanh-sua-d-866283,https://cdn.haiphong.gov.vn/gov-hpg/6792/tintuc/2026/3/quyet-dinh-2026-676-stc-cong-bo-dm-tthc-so-tai-chinh-ttr32-33-qd-92-94-..signed639083028924780394.pdf,Bị bãi bỏ theo 676/QĐ-UBND
2.001958,"Thông báo về việc thành lập doanh nghiệp của hợp tác xã, liên hiệp hợp tác xã",TÀI CHÍNH,official_city_decision_commune_reception,True,2026-08-11,,official_city_decision_pdf,False,,False,,3204/QĐ-UBND,https://cathai.haiphong.gov.vn/linh-vuc-so-tai-chinh/quyet-dinh-so-3204-qd-ubnd-ngay-11-8-2026-cua-ubnd-dac-khu-ve-viec-cong-bo-thu-tuc-hanh-chinh-du-948822,https://cdn.haiphong.gov.vn/gov-hpg/5889/tintuc/2026/8/quyet-dinh-2026-cong-bo-dmtthc-linh-vuc-dkdn-.....signed639222987278176853.pdf,
2.001993,"Đăng ký thay đổi vốn đầu tư của chủ doanh nghiệp tư nhân Quyết định số 4166/QĐ-BTC ngày 15/12/2025 về việc công bố thủ tục hành chính được sửa đổi bổ sung, bị bãi bỏ trong thành lập và hoạt động của doanh nghiệp thuộc phạm vi chức",TÀI CHÍNH,repealed_by_official_city_decision,False,,2026-02-15,official_city_decision_pdf,False,,False,,676/QĐ-UBND,https://daison.haiphong.gov.vn/thu-tuc-hanh-chinh/ubnd-xa-dai-son-ban-hanh-thong-bao-so-41-tb-ubnd-cong-khai-thu-tuc-hanh-chinh-moi-ban-hanh-sua-d-866283,https://cdn.haiphong.gov.vn/gov-hpg/6792/tintuc/2026/3/quyet-dinh-2026-676-stc-cong-bo-dm-tthc-so-tai-chinh-ttr32-33-qd-92-94-..signed639083028924780394.pdf,Bị bãi bỏ theo 676/QĐ-UBND
2.001996,"Thông báo thay đổi ngành, nghề kinh doanh (đối với doanh nghiệp tư nhân, công ty TNHH, công ty cổ phần, công ty hợp danh) Quyết định số 4166/QĐ-BTC ngày 15/12/2025 về việc công bố thủ tục hành chính được sửa đổi bổ sung, bị bãi bỏ trong thành lập và hoạt",TÀI CHÍNH,repealed_by_official_city_decision,False,,2026-02-15,official_city_decision_pdf,False,,False,,676/QĐ-UBND,https://daison.haiphong.gov.vn/thu-tuc-hanh-chinh/ubnd-xa-dai-son-ban-hanh-thong-bao-so-41-tb-ubnd-cong-khai-thu-tuc-hanh-chinh-moi-ban-hanh-sua-d-866283,https://cdn.haiphong.gov.vn/gov-hpg/6792/tintuc/2026/3/quyet-dinh-2026-676-stc-cong-bo-dm-tthc-so-tai-chinh-ttr32-33-qd-92-94-..signed639083028924780394.pdf,Bị bãi bỏ theo 676/QĐ-UBND
2.002000,"Đăng ký thay đổi chủ doanh nghiệp tư nhân trong trường hợp bán, tặng cho doanh nghiệp, chủ doanh nghiệp chết Quyết định số 4166/QĐ-BTC ngày 15/12/2025 về việc công bố thủ tục hành chính được sửa đổi bổ sung, bị bãi bỏ trong thành lập và hoạt",TÀI CHÍNH,repealed_by_official_city_decision,False,,2026-02-15,official_city_decision_pdf,False,,False,,676/QĐ-UBND,https://daison.haiphong.gov.vn/thu-tuc-hanh-chinh/ubnd-xa-dai-son-ban-hanh-thong-bao-so-41-tb-ubnd-cong-khai-thu-tuc-hanh-chinh-moi-ban-hanh-sua-d-866283,https://cdn.haiphong.gov.vn/gov-hpg/6792/tintuc/2026/3/quyet-dinh-2026-676-stc-cong-bo-dm-tthc-so-tai-chinh-ttr32-33-qd-92-94-..signed639083028924780394.pdf,Bị bãi bỏ theo 676/QĐ-UBND
2.002008,Đề nghị thu hồi Giấy chứng nhận đăng ký doanh nghiệp trường hợp nội dung kê khai trong hồ sơ là giả mạo,TÀI CHÍNH,official_city_decision_commune_reception,True,2026-08-11,,official_city_decision_pdf,False,,False,,3204/QĐ-UBND,https://cathai.haiphong.gov.vn/linh-vuc-so-tai-chinh/quyet-dinh-so-3204-qd-ubnd-ngay-11-8-2026-cua-ubnd-dac-khu-ve-viec-cong-bo-thu-tuc-hanh-chinh-du-948822,https://cdn.haiphong.gov.vn/gov-hpg/5889/tintuc/2026/8/quyet-dinh-2026-cong-bo-dmtthc-linh-vuc-dkdn-.....signed639222987278176853.pdf,
2.002010,"Đăng ký thay đổi người đại diện theo pháp luật của công ty trách nhiệm hữu hạn, công ty cổ phần Quyết định số 4166/QĐ-BTC ngày 15/12/2025 về việc công bố thủ tục hành chính được sửa đổi bổ sung, bị bãi bỏ trong thành lập và hoạt",TÀI CHÍNH,repealed_by_official_city_decision,False,,2026-02-15,official_city_decision_pdf,False,,False,,676/QĐ-UBND,https://daison.haiphong.gov.vn/thu-tuc-hanh-chinh/ubnd-xa-dai-son-ban-hanh-thong-bao-so-41-tb-ubnd-cong-khai-thu-tuc-hanh-chinh-moi-ban-hanh-sua-d-866283,https://cdn.haiphong.gov.vn/gov-hpg/6792/tintuc/2026/3/quyet-dinh-2026-676-stc-cong-bo-dm-tthc-so-tai-chinh-ttr32-33-qd-92-94-..signed639083028924780394.pdf,Bị bãi bỏ theo 676/QĐ-UBND
2.002016,"Hiệu đính thông tin đăng ký doanh nghiệp, hoạt động chi nhánh, văn phòng đại diện, địa điểm kinh doanh",TÀI CHÍNH,official_city_decision_commune_reception,True,2026-08-11,,official_city_decision_pdf,False,,False,,3204/QĐ-UBND,https://cathai.haiphong.gov.vn/linh-vuc-so-tai-chinh/quyet-dinh-so-3204-qd-ubnd-ngay-11-8-2026-cua-ubnd-dac-khu-ve-viec-cong-bo-thu-tuc-hanh-chinh-du-948822,https://cdn.haiphong.gov.vn/gov-hpg/5889/tintuc/2026/8/quyet-dinh-2026-cong-bo-dmtthc-linh-vuc-dkdn-.....signed639222987278176853.pdf,
2.002017,Cấp đổi Giấy chứng nhận đăng ký kinh doanh hoặc Giấy chứng nhận đăng ký kinh doanh và đăng ký thuế sang Giấy chứng nhận đăng ký doanh nghiệp,TÀI CHÍNH,official_city_decision_commune_reception,True,2026-08-11,,official_city_decision_pdf,False,,False,,3204/QĐ-UBND,https://cathai.haiphong.gov.vn/linh-vuc-so-tai-chinh/quyet-dinh-so-3204-qd-ubnd-ngay-11-8-2026-cua-ubnd-dac-khu-ve-viec-cong-bo-thu-tuc-hanh-chinh-du-948822,https://cdn.haiphong.gov.vn/gov-hpg/5889/tintuc/2026/8/quyet-dinh-2026-cong-bo-dmtthc-linh-vuc-dkdn-.....signed639222987278176853.pdf,
2.002020,"Chấm dứt hoạt động chi nhánh, văn phòng đại diện, địa điểm kinh doanh",TÀI CHÍNH,official_commune_evidence_no_later_repeal_in_snapshot,True,2026-08-12,,dvcqg_name_by_code_verified,False,1.0,False,019d2bfc-e1ab-7749-8404-aa28737edb84,1996/QĐ-BTC; 1998/QĐ-BTC; 2884/QĐ-UBND,https://vinhbao.haiphong.gov.vn/linh-vuc-tai-chinh-ke-hoach/quyet-dinh-cong-bo-thu-tuc-hanh-chinh-duoc-sua-doi-bo-sung-bi-bai-bo-thuoc-pham-vi-chuc-nang-qua-947762,https://cdn.haiphong.gov.vn/gov-hpg/6874/tintuc/2026/8/quyet-dinh-2026-cong-bo-dmtthc-linh-vuc-dkdn-.....signed639221474071232220.pdf,
2.002032,"Chuyển đổi doanh nghiệp tư nhân thành công ty hợp danh, công ty trách nhiệm hữu hạn, công ty cổ phần",TÀI CHÍNH,official_city_decision_commune_reception,True,2026-08-11,,official_city_decision_pdf,False,,False,,676/QĐ-UBND; 3204/QĐ-UBND,https://cathai.haiphong.gov.vn/linh-vuc-so-tai-chinh/quyet-dinh-so-3204-qd-ubnd-ngay-11-8-2026-cua-ubnd-dac-khu-ve-viec-cong-bo-thu-tuc-hanh-chinh-du-948822,https://cdn.haiphong.gov.vn/gov-hpg/5889/tintuc/2026/8/quyet-dinh-2026-cong-bo-dmtthc-linh-vuc-dkdn-.....signed639222987278176853.pdf,
2.002033,Chuyển đổi công ty trách nhiệm hữu hạn một thành viên thành công ty trách nhiệm hữu hạn hai thành viên trở lên và ngược lại,TÀI CHÍNH,official_city_decision_commune_reception,True,2026-08-11,,official_city_decision_pdf,False,,False,,676/QĐ-UBND; 3204/QĐ-UBND,https://cathai.haiphong.gov.vn/linh-vuc-so-tai-chinh/quyet-dinh-so-3204-qd-ubnd-ngay-11-8-2026-cua-ubnd-dac-khu-ve-viec-cong-bo-thu-tuc-hanh-chinh-du-948822,https://cdn.haiphong.gov.vn/gov-hpg/5889/tintuc/2026/8/quyet-dinh-2026-cong-bo-dmtthc-linh-vuc-dkdn-.....signed639222987278176853.pdf,
2.002036,Thôi quốc tịch Việt Namở trong nước,TƯ PHÁP,official_commune_evidence_no_later_repeal_in_snapshot,True,2026-01-12,,official_attachment_snippet,False,,False,019d2bfd-9dce-74ae-a40b-20dcf1fa9b1f,,https://vinhbao.haiphong.gov.vn/linh-vuc-tu-phap/danh-muc-thu-tuc-hanh-chinh-duoc-sua-doi-bo-sung-linh-vuc-ho-tich-quoc-tich-nuoi-con-nuoi-boi-th-844229,https://cdn.haiphong.gov.vn/gov-hpg/6874/tintuc/2026/1/danh-muc-tthc-thuoc-pham-vi-chuc-nang-quan-ly-cua-so-tu-phap.signed639038308976015274.pdf,
2.002038,Trở lại quốc tịch Việt Namở trong nước,TƯ PHÁP,official_commune_evidence_no_later_repeal_in_snapshot,True,2026-01-12,,official_attachment_snippet,False,,False,019d2bfd-9dce-734d-b58c-a9c78e1f4879,,https://vinhbao.haiphong.gov.vn/linh-vuc-tu-phap/danh-muc-thu-tuc-hanh-chinh-duoc-sua-doi-bo-sung-linh-vuc-ho-tich-quoc-tich-nuoi-con-nuoi-boi-th-844229,https://cdn.haiphong.gov.vn/gov-hpg/6874/tintuc/2026/1/danh-muc-tthc-thuoc-pham-vi-chuc-nang-quan-ly-cua-so-tu-phap.signed639038308976015274.pdf,
2.002039,Nhập quốc tịch Việt Namở trong nước,TƯ PHÁP,official_commune_evidence_no_later_repeal_in_snapshot,True,2026-01-12,,official_attachment_snippet,False,,False,019d2bfd-9dd5-70f6-af00-dcb3616e5d0b,,https://vinhbao.haiphong.gov.vn/linh-vuc-tu-phap/danh-muc-thu-tuc-hanh-chinh-duoc-sua-doi-bo-sung-linh-vuc-ho-tich-quoc-tich-nuoi-con-nuoi-boi-th-844229,https://cdn.haiphong.gov.vn/gov-hpg/6874/tintuc/2026/1/danh-muc-tthc-thuoc-pham-vi-chuc-nang-quan-ly-cua-so-tu-phap.signed639038308976015274.pdf,
2.002042,Đăng ký thành lập công ty hợp danh,TÀI CHÍNH,official_city_decision_commune_reception,True,2026-08-11,,official_attachment_snippet,False,,False,019d2bfc-e1b8-73cf-b7dc-0f20e568c073,1996/QĐ-BTC; 1998/QĐ-BTC; 2884/QĐ-UBND; 3204/QĐ-UBND,https://cathai.haiphong.gov.vn/linh-vuc-so-tai-chinh/quyet-dinh-so-3204-qd-ubnd-ngay-11-8-2026-cua-ubnd-dac-khu-ve-viec-cong-bo-thu-tuc-hanh-chinh-du-948822,https://cdn.haiphong.gov.vn/gov-hpg/5889/tintuc/2026/8/quyet-dinh-2026-cong-bo-dmtthc-linh-vuc-dkdn-.....signed639222987278176853.pdf,
2.002043,Đăng ký thành lập công ty cổ phần,TÀI CHÍNH,official_city_decision_commune_reception,True,2026-08-11,,official_attachment_snippet,False,,False,019d2bfc-e1a1-723a-9dd8-0513fa05b150,1996/QĐ-BTC; 1998/QĐ-BTC; 2884/QĐ-UBND; 676/QĐ-UBND; 3204/QĐ-UBND,https://cathai.haiphong.gov.vn/linh-vuc-so-tai-chinh/quyet-dinh-so-3204-qd-ubnd-ngay-11-8-2026-cua-ubnd-dac-khu-ve-viec-cong-bo-thu-tuc-hanh-chinh-du-948822,https://cdn.haiphong.gov.vn/gov-hpg/5889/tintuc/2026/8/quyet-dinh-2026-cong-bo-dmtthc-linh-vuc-dkdn-.....signed639222987278176853.pdf,
2.002057,"Đăng ký thay đổi nội dung đăng ký doanh nghiệp đối với công ty bị tách (đối với công ty trách nhiệm hữu hạn, công ty cổ phần)",TÀI CHÍNH,official_city_decision_commune_reception,True,2026-08-11,,official_city_decision_pdf,False,,False,,676/QĐ-UBND; 3204/QĐ-UBND,https://cathai.haiphong.gov.vn/linh-vuc-so-tai-chinh/quyet-dinh-so-3204-qd-ubnd-ngay-11-8-2026-cua-ubnd-dac-khu-ve-viec-cong-bo-thu-tuc-hanh-chinh-du-948822,https://cdn.haiphong.gov.vn/gov-hpg/5889/tintuc/2026/8/quyet-dinh-2026-cong-bo-dmtthc-linh-vuc-dkdn-.....signed639222987278176853.pdf,
2.002059,"Hợp nhất doanh nghiệp (đối với công ty trách nhiệm hữu hạn, công ty cổ phần và công ty hợp danh) Quyết định số 4166/QĐ-BTC ngày 15/12/2025 về việc công bố thủ tục hành chính được sửa đổi bổ sung, bị bãi bỏ trong thành lập và hoạt",TÀI CHÍNH,repealed_by_official_city_decision,False,,2026-02-15,official_city_decision_pdf,False,,False,,676/QĐ-UBND,https://daison.haiphong.gov.vn/thu-tuc-hanh-chinh/ubnd-xa-dai-son-ban-hanh-thong-bao-so-41-tb-ubnd-cong-khai-thu-tuc-hanh-chinh-moi-ban-hanh-sua-d-866283,https://cdn.haiphong.gov.vn/gov-hpg/6792/tintuc/2026/3/quyet-dinh-2026-676-stc-cong-bo-dm-tthc-so-tai-chinh-ttr32-33-qd-92-94-..signed639083028924780394.pdf,Bị bãi bỏ theo 676/QĐ-UBND
2.002060,"Đăng ký thay đổi nội dung đăng ký doanh nghiệp đối với công ty nhận sáp nhập (đối với công ty trách nhiệm hữu hạn, công ty cổ phần và công ty hợp danh)",TÀI CHÍNH,official_city_decision_commune_reception,True,2026-08-11,,official_city_decision_pdf,False,,False,,3204/QĐ-UBND,https://cathai.haiphong.gov.vn/linh-vuc-so-tai-chinh/quyet-dinh-so-3204-qd-ubnd-ngay-11-8-2026-cua-ubnd-dac-khu-ve-viec-cong-bo-thu-tuc-hanh-chinh-du-948822,https://cdn.haiphong.gov.vn/gov-hpg/5889/tintuc/2026/8/quyet-dinh-2026-cong-bo-dmtthc-linh-vuc-dkdn-.....signed639222987278176853.pdf,
2.002069,"Đăng ký hoạt động chi nhánh, văn phòng đại diện, thông báo lập địa điểm kinh doanh; thông báo lập chi nhánh, văn phòng đại diện ở nước ngoài",TÀI CHÍNH,official_city_decision_commune_reception,True,2026-08-11,,official_city_decision_pdf,False,,False,,676/QĐ-UBND; 3204/QĐ-UBND,https://cathai.haiphong.gov.vn/linh-vuc-so-tai-chinh/quyet-dinh-so-3204-qd-ubnd-ngay-11-8-2026-cua-ubnd-dac-khu-ve-viec-cong-bo-thu-tuc-hanh-chinh-du-948822,https://cdn.haiphong.gov.vn/gov-hpg/5889/tintuc/2026/8/quyet-dinh-2026-cong-bo-dmtthc-linh-vuc-dkdn-.....signed639222987278176853.pdf,
2.002070,"Thông báo lập chi nhánh, văn phòng đại diện ở nước ngoài (đối với doanh nghiệp tư nhân, công ty TNHH, công ty cổ phần, công ty hợp danh) Quyết định số 4166/QĐ-BTC ngày 15/12/2025 về việc công bố thủ tục hành chính được sửa",TÀI CHÍNH,repealed_by_official_city_decision,False,,2026-02-15,official_city_decision_pdf,False,,False,,676/QĐ-UBND,https://daison.haiphong.gov.vn/thu-tuc-hanh-chinh/ubnd-xa-dai-son-ban-hanh-thong-bao-so-41-tb-ubnd-cong-khai-thu-tuc-hanh-chinh-moi-ban-hanh-sua-d-866283,https://cdn.haiphong.gov.vn/gov-hpg/6792/tintuc/2026/3/quyet-dinh-2026-676-stc-cong-bo-dm-tthc-so-tai-chinh-ttr32-33-qd-92-94-..signed639083028924780394.pdf,Bị bãi bỏ theo 676/QĐ-UBND
2.002083,"Đăng ký doanh nghiệp đối với các công ty được thành lập trên cơ sở tách công ty Quyết định số 4166/QĐ-BTC ngày 15/12/2025 về việc công bố thủ tục hành chính được sửa đổi bổ sung, bị bãi bỏ trong thành lập và hoạt động của doanh nghiệp thuộc phạm vi chức",TÀI CHÍNH,repealed_by_official_city_decision,False,,2026-02-15,official_city_decision_pdf,False,,False,,676/QĐ-UBND,https://daison.haiphong.gov.vn/thu-tuc-hanh-chinh/ubnd-xa-dai-son-ban-hanh-thong-bao-so-41-tb-ubnd-cong-khai-thu-tuc-hanh-chinh-moi-ban-hanh-sua-d-866283,https://cdn.haiphong.gov.vn/gov-hpg/6792/tintuc/2026/3/quyet-dinh-2026-676-stc-cong-bo-dm-tthc-so-tai-chinh-ttr32-33-qd-92-94-..signed639083028924780394.pdf,Bị bãi bỏ theo 676/QĐ-UBND
2.002085,"Đăng ký doanh nghiệp đối với các công ty được thành lập trên cơ sở chia công ty, tách công ty, hợp nhất công ty",TÀI CHÍNH,official_city_decision_commune_reception,True,2026-02-15,,official_city_decision_pdf,False,,False,,676/QĐ-UBND,https://daison.haiphong.gov.vn/thu-tuc-hanh-chinh/ubnd-xa-dai-son-ban-hanh-thong-bao-so-41-tb-ubnd-cong-khai-thu-tuc-hanh-chinh-moi-ban-hanh-sua-d-866283,https://cdn.haiphong.gov.vn/gov-hpg/6792/tintuc/2026/3/quyet-dinh-2026-676-stc-cong-bo-dm-tthc-so-tai-chinh-ttr32-33-qd-92-94-..signed639083028924780394.pdf,
2.002123,"Đăng ký hoạt động chi nhánh, văn phòng đại diện, thông báo địa điểm kinh doanh; Thông báo lập chi nhánh, văn phòng đại diện ở nước ngoài của hợp tác xã, liên hiệp hợp tác xã",TÀI CHÍNH,official_city_decision_commune_reception,True,2026-08-11,,official_city_decision_pdf,True,,False,,3204/QĐ-UBND,https://cathai.haiphong.gov.vn/linh-vuc-so-tai-chinh/quyet-dinh-so-3204-qd-ubnd-ngay-11-8-2026-cua-ubnd-dac-khu-ve-viec-cong-bo-thu-tuc-hanh-chinh-du-948822,https://cdn.haiphong.gov.vn/gov-hpg/5889/tintuc/2026/8/quyet-dinh-2026-cong-bo-dmtthc-linh-vuc-dkdn-.....signed639222987278176853.pdf,
2.002139,Đăng ký tham dự kiểm tra kết quả tập sự hành nghề đấu giá,TƯ PHÁP,official_commune_evidence_no_later_repeal_in_snapshot,True,2026-06-25,,official_attachment_snippet,False,,False,019d2bfd-9de6-76f8-9ddd-ffa165a21b9a,1444/QĐ-BTP; 1458/QĐ-BTP,https://vinhbao.haiphong.gov.vn/linh-vuc-tu-phap/quyet-dinh-ve-viec-cong-bo-danh-muc-thu-tuc-hanh-chinh-duoc-sua-doi-bo-sung-va-bi-bai-bo-linh-vu-921702,https://cdn.haiphong.gov.vn/gov-hpg/6874/tintuc/2026/6/quyet-dinh-so-2320-cong-bo-dm-tthc-sua-doi-bo-sung-va-bai-bo-thuoc-quan-ly-cua-so-tu-phap639178246917435630639180044385831717.pdf,
2.002165,Giải quyết yêu cầu bồi thường tại cơ quan trực tiếp quản lý người thi hành công vụ gây thiệt hại (cấp xã),BỒI THƯỜNG NHÀ NƯỚC,official_commune_evidence_no_later_repeal_in_snapshot,True,2026-07-12,,dvcqg_name_by_code_verified,True,1.0,False,019d2bfd-9e02-77dc-b8bb-e19988c9428f,1539/QĐ-BTP; 2661/QĐ-UBND,https://vinhbao.haiphong.gov.vn/linh-vuc-boi-thuong-nha-nuoc/quyet-dinh-so-2661-qd-ubnd-ngay-12-7-2026-cua-uy-ban-nhan-dan-thanh-pho-hai-phong-ve-viec-cong-b-933107,https://cdn.haiphong.gov.vn/gov-hpg/6874/tintuc/2026/7/qd-2661639196356943255565639197987966351622.pdf,
2.002189,Ghi vào sổ hộ tịch việc kết hôn của công dân Việt Nam đã được giải quyết tại cơ quan có,HỘ TỊCH,official_city_decision_commune_reception,True,2026-01-31,,official_city_decision_pdf,False,,False,019d2bfd-9dec-73f6-b213-be4bfb4f911b,467/QĐ-UBND,https://giavien.haiphong.gov.vn/so-tu-phap-92285/quyet-dinh-so-467-qd-ubnd-ngay-31-01-2026-ve-viec-cong-bo-danh-muc-thu-tuc-hanh-chinh-duoc-sua-d-884412,https://cdn.haiphong.gov.vn/gov-hpg/6798/tintuc/2026/4/qd-467-cong-chung-chung-thuc-quan-tai-vien-ho-tich639057302800587100639116699603616818.pdf,
2.002226,Thông báo thành lập/thay đổi tổ hợp tác,TÀI CHÍNH,official_city_decision_commune_reception,True,2026-08-05,,official_city_decision_pdf,True,,False,,3091/QĐ-UBND,https://cathai.haiphong.gov.vn/linh-vuc-so-tai-chinh/quyet-dinh-so-3091-qd-ubnd-ngay-05-8-2026-cua-uy-ban-nhan-dan-thanh-pho-hai-phong-ve-viec-cong-b-945019,https://cdn.haiphong.gov.vn/gov-hpg/5889/tintuc/2026/8/quyet-dinh-2026-cong-bo-dmtthc-moi-ban-hanh-.....signed639216293287582914.pdf,
2.002228,Thông báo chấm dứt hoạt động của tổ hợp tác,TÀI CHÍNH,official_city_decision_commune_reception,True,2026-08-05,,official_city_decision_pdf,True,,False,,3091/QĐ-UBND,https://cathai.haiphong.gov.vn/linh-vuc-so-tai-chinh/quyet-dinh-so-3091-qd-ubnd-ngay-05-8-2026-cua-uy-ban-nhan-dan-thanh-pho-hai-phong-ve-viec-cong-b-945019,https://cdn.haiphong.gov.vn/gov-hpg/5889/tintuc/2026/8/quyet-dinh-2026-cong-bo-dmtthc-moi-ban-hanh-.....signed639216293287582914.pdf,
2.002285,Đăng ký khai thác tuyến vận tải hành khách cố định,ĐƯỜNG BỘ,official_city_decision_commune_reception,True,2026-09-03,,official_city_decision_pdf,False,,False,,3508/QĐ-UBND,https://namsach.haiphong.gov.vn/cong-khai-danh-muc-thu-tuc-hanh-chinh/cong-khai-quyet-dinh-so-3508-qd-ubnd-ngay-03-9-2026-cua-ubnd-thanh-pho-hai-phong-ve-viec-cong-bo-958460,https://cdn.haiphong.gov.vn/gov-hpg/6833/tintuc/2026/9/qd-3508-xd639240506704881699.pdf,
2.002286,"Cấp lại Giấy phép kinh doanh vận tải bằng xe ô tô, bằng xe bốn bánh có gắn động cơ khi có sự thay đổi liên quan đến nội dung của Giấy phép kinh doanh hoặc Giấy phép kinh doanh bị thu hồi",ĐƯỜNG BỘ,official_city_decision_commune_reception,True,2026-09-03,,official_city_decision_pdf,False,,False,,3508/QĐ-UBND,https://namsach.haiphong.gov.vn/cong-khai-danh-muc-thu-tuc-hanh-chinh/cong-khai-quyet-dinh-so-3508-qd-ubnd-ngay-03-9-2026-cua-ubnd-thanh-pho-hai-phong-ve-viec-cong-bo-958460,https://cdn.haiphong.gov.vn/gov-hpg/6833/tintuc/2026/9/qd-3508-xd639240506704881699.pdf,
2.002287,"Cấp lại Giấy phép kinh doanh vận tải bằng xe ô tô, bằng xe bốn bánh có gắn động cơ trường hợp Giấy phép kinh doanh bị mất, bị hỏng Nghị định số 218/2026/NĐ-CP ngày 19 tháng 6 năm 2026 của Chính phủ sửa đổi, bổ sung một số",ĐƯỜNG BỘ,repealed_by_official_city_decision,False,,2026-09-03,official_city_decision_pdf,False,,False,,3508/QĐ-UBND,https://namsach.haiphong.gov.vn/cong-khai-danh-muc-thu-tuc-hanh-chinh/cong-khai-quyet-dinh-so-3508-qd-ubnd-ngay-03-9-2026-cua-ubnd-thanh-pho-hai-phong-ve-viec-cong-bo-958460,https://cdn.haiphong.gov.vn/gov-hpg/6833/tintuc/2026/9/qd-3508-xd639240506704881699.pdf,Bị bãi bỏ theo 3508/QĐ-UBND
2.002288,"Cấp, cấp lại Phù hiệu cho xe ô tô, xe bốn bánh có gắn động cơ kinh doanh vận tải",ĐƯỜNG BỘ,official_city_decision_commune_reception,True,2026-09-03,,official_city_decision_pdf,False,,False,,3508/QĐ-UBND,https://namsach.haiphong.gov.vn/cong-khai-danh-muc-thu-tuc-hanh-chinh/cong-khai-quyet-dinh-so-3508-qd-ubnd-ngay-03-9-2026-cua-ubnd-thanh-pho-hai-phong-ve-viec-cong-bo-958460,https://cdn.haiphong.gov.vn/gov-hpg/6833/tintuc/2026/9/qd-3508-xd639240506704881699.pdf,
2.002349,Cấp giấy xác nhận công dân Việt Nam thường trú ở khu vực biên giới đủ điều kiện nhận trẻ em của nước láng giềng cư trú ở khu vực biên giới làm con nuôi,NUÔI CON NUÔI,official_city_decision_commune_reception,True,2026-02-09,,official_city_decision_pdf,True,,False,,556/QĐ-UBND,https://giavien.haiphong.gov.vn/so-tu-phap-92285/quyet-dinh-so-556-qd-ubnd-ngay-09-2-2026-ve-viec-cong-bo-danh-muc-thu-tuc-hanh-chinh-duoc-sua-do-884409,https://cdn.haiphong.gov.vn/gov-hpg/6798/tintuc/2026/4/qd-556-nuoi-con-nuoi639065875510491063639116698920797829.pdf,
2.002363,Ghi vào Sổ đăng ký nuôi con nuôi việc nuôi con nuôi đã được giải quyết tại cơ quan có thẩm quyền của nước ngoài,NUÔI CON NUÔI,official_city_decision_commune_reception,True,2026-02-09,,official_city_decision_pdf,True,,False,,556/QĐ-UBND,https://giavien.haiphong.gov.vn/so-tu-phap-92285/quyet-dinh-so-556-qd-ubnd-ngay-09-2-2026-ve-viec-cong-bo-danh-muc-thu-tuc-hanh-chinh-duoc-sua-do-884409,https://cdn.haiphong.gov.vn/gov-hpg/6798/tintuc/2026/4/qd-556-nuoi-con-nuoi639065875510491063639116698920797829.pdf,
2.002396,Giải quyết tố cáo cấp xã,TỐ CÁO,official_city_decision_commune_reception,True,2026-09-10,,official_city_decision_pdf,False,,False,,3626/QĐ-UBND,https://namsach.haiphong.gov.vn/cong-khai-danh-muc-thu-tuc-hanh-chinh/cong-khai-quyet-dinh-so-3626-qd-ubnd-ngay-10-9-2026-cua-ubnd-thanh-pho-hai-phong-ve-viec-cong-bo-963093,https://cdn.haiphong.gov.vn/gov-hpg/6833/tintuc/2026/9/qd-3626-thanh-tra639247396433436237.pdf,
2.002409,Thủ tục giải quyết khiếu nại lần đầu tại xã,KHIẾU NẠI,official_city_decision_commune_reception,True,2026-09-10,,official_city_decision_pdf,False,,False,,3626/QĐ-UBND,https://namsach.haiphong.gov.vn/cong-khai-danh-muc-thu-tuc-hanh-chinh/cong-khai-quyet-dinh-so-3626-qd-ubnd-ngay-10-9-2026-cua-ubnd-thanh-pho-hai-phong-ve-viec-cong-bo-963093,https://cdn.haiphong.gov.vn/gov-hpg/6833/tintuc/2026/9/qd-3626-thanh-tra639247396433436237.pdf,
2.002478,000.00.00.H24 Chuyển trường đối với học sinh trung học phổ thông,GIÁO DỤC VÀ ĐÀO TẠO,repealed_by_official_city_decision,False,,2026-05-19,official_city_decision_pdf,False,,False,,1847/QĐ-UBND,https://giavien.haiphong.gov.vn/so-giao-duc-va-dao-tao-92279/qd-1877-ve-viec-cong-bo-danh-muc-thu-tuc-hanh-chinh-moi-ban-hanh-bi-bai-bo-thuoc-pham-vi-chuc-na-906998,https://cdn.haiphong.gov.vn/gov-hpg/6798/tintuc/2026/5/qd-1847639156687053039888.pdf,Bị bãi bỏ theo 1847/QĐ-UBND
2.002479,"Tiếp nhận học sinh trung học phổ thông Việt Nam về nước - Sở Giáo dục và Đào tạo ti ếp nhận, ki ểm tra hồ sơ và gi ới thiệu về trường. - Trong thời gian không quá - Sở Giáo dục và Đào tạo ti ếp nhận, ki ểm tra hồ sơ và gi ới",GIÁO DỤC VÀ ĐÀO TẠO,repealed_by_official_city_decision,False,,2026-05-19,official_city_decision_pdf,False,,False,,1847/QĐ-UBND,https://giavien.haiphong.gov.vn/so-giao-duc-va-dao-tao-92279/qd-1877-ve-viec-cong-bo-danh-muc-thu-tuc-hanh-chinh-moi-ban-hanh-bi-bai-bo-thuoc-pham-vi-chuc-na-906998,https://cdn.haiphong.gov.vn/gov-hpg/6798/tintuc/2026/5/qd-1847639156687053039888.pdf,Bị bãi bỏ theo 1847/QĐ-UBND
2.002480,000.00.00.H24 Tiếp nhận học sinh trung học phổ thông người nước ngoài,GIÁO DỤC VÀ ĐÀO TẠO,repealed_by_official_city_decision,False,,2026-05-19,official_city_decision_pdf,False,,False,,1847/QĐ-UBND,https://giavien.haiphong.gov.vn/so-giao-duc-va-dao-tao-92279/qd-1877-ve-viec-cong-bo-danh-muc-thu-tuc-hanh-chinh-moi-ban-hanh-bi-bai-bo-thuoc-pham-vi-chuc-na-906998,https://cdn.haiphong.gov.vn/gov-hpg/6798/tintuc/2026/5/qd-1847639156687053039888.pdf,Bị bãi bỏ theo 1847/QĐ-UBND
2.002481,Chuyển trường đối với học sinh trung học cơ sở,GIÁO DỤC,repealed_official_evidence,False,,2026-05-19,priority51_official_legal_verification,True,,True,019d2bf8-cffd-7189-bb9d-b8436bafc764,1847/QĐ-UBND,https://cdn.haiphong.gov.vn/gov-hpg/6798/tintuc/2026/5/qd-1847639156687053039888.pdf,https://cdn.haiphong.gov.vn/gov-hpg/6798/tintuc/2026/5/qd-1847639156687053039888.pdf,Bị bãi bỏ theo 1847/QĐ-UBND
2.002482,Tiếp nhận học sinh trung học cơ sở Việt Nam về nước,GIÁO DỤC VÀ ĐÀO TẠO,repealed_by_official_city_decision,False,,2026-05-19,official_city_decision_pdf,True,,False,,1847/QĐ-UBND,https://giavien.haiphong.gov.vn/so-giao-duc-va-dao-tao-92279/qd-1877-ve-viec-cong-bo-danh-muc-thu-tuc-hanh-chinh-moi-ban-hanh-bi-bai-bo-thuoc-pham-vi-chuc-na-906998,https://cdn.haiphong.gov.vn/gov-hpg/6798/tintuc/2026/5/qd-1847639156687053039888.pdf,Bị bãi bỏ theo 1847/QĐ-UBND
2.002483,000.00.00.H24 Tiếp nhận học sinh trung học cơ sở người nước ngoài,GIÁO DỤC VÀ ĐÀO TẠO,repealed_by_official_city_decision,False,,2026-05-19,official_city_decision_pdf,True,,False,,1847/QĐ-UBND,https://giavien.haiphong.gov.vn/so-giao-duc-va-dao-tao-92279/qd-1877-ve-viec-cong-bo-danh-muc-thu-tuc-hanh-chinh-moi-ban-hanh-bi-bai-bo-thuoc-pham-vi-chuc-na-906998,https://cdn.haiphong.gov.vn/gov-hpg/6798/tintuc/2026/5/qd-1847639156687053039888.pdf,Bị bãi bỏ theo 1847/QĐ-UBND
2.002516,Thủ tục xác nhận thông tin hộ tịch,HỘ TỊCH,official_city_decision_commune_reception,True,2026-01-31,,official_city_decision_pdf,True,,False,,467/QĐ-UBND,https://giavien.haiphong.gov.vn/so-tu-phap-92285/quyet-dinh-so-467-qd-ubnd-ngay-31-01-2026-ve-viec-cong-bo-danh-muc-thu-tuc-hanh-chinh-duoc-sua-d-884412,https://cdn.haiphong.gov.vn/gov-hpg/6798/tintuc/2026/4/qd-467-cong-chung-chung-thuc-quan-tai-vien-ho-tich639057302800587100639116699603616818.pdf,
2.002615,Cấp Giấy phép vận chuyển hàng hoá nguy hiểm bằng phương tiện thuỷ nội địa,XÂY DỰNG,official_city_decision_commune_reception,True,2026-05-19,,official_city_decision_pdf,False,,False,,1846/QĐ-UBND,https://cathai.haiphong.gov.vn/linh-vuc-xay-dung/quyet-dinh-so-1846-qd-ubnd-ngay-19-5-2026-cua-ubnd-thanh-pho-hai-phong-v-v-cong-bo-danh-muc-thu--905913,https://cdn.haiphong.gov.vn/gov-hpg/5889/tintuc/2026/5/1846.quyet-dinh-2026-cong-bo-dm-tthc-so-xay-dung-ttr-152-153-154639155106213893753.pdf,
2.002617,"Cấp lại Giấy phép vận chuyển hàng hóa nguy hiểm do bị mất, bị hỏng",XÂY DỰNG,official_city_decision_commune_reception,True,2026-05-19,,official_city_decision_pdf,False,,False,,1846/QĐ-UBND,https://cathai.haiphong.gov.vn/linh-vuc-xay-dung/quyet-dinh-so-1846-qd-ubnd-ngay-19-5-2026-cua-ubnd-thanh-pho-hai-phong-v-v-cong-bo-danh-muc-thu--905913,https://cdn.haiphong.gov.vn/gov-hpg/5889/tintuc/2026/5/1846.quyet-dinh-2026-cong-bo-dm-tthc-so-xay-dung-ttr-152-153-154639155106213893753.pdf,
2.002621,"Đăng ký khai sinh, đăng ký thường trú, cấp thẻ bảo hiểm y tế cho trẻ em dưới 6 tuổi",TƯ PHÁP,repealed_by_official_city_decision,False,,2026-09-08,official_city_decision_pdf,False,,False,,3582/QĐ-UBND,https://namsach.haiphong.gov.vn/cong-khai-danh-muc-thu-tuc-hanh-chinh/cong-khai-quyet-dinh-so-3582-qd-ubnd-ngay-08-9-2026-cua-ubnd-thanh-pho-hai-phong-ve-viec-cong-bo-961697,https://cdn.haiphong.gov.vn/gov-hpg/6833/tintuc/2026/9/qd-3582-tp639245593448950620.pdf,Bị bãi bỏ theo 3582/QĐ-UBND
2.002622,"Đăng ký khai tử, xóa đăng ký thường trú, giải quyết mai táng phí, tử tuất",TƯ PHÁP,repealed_by_official_city_decision,False,,2026-09-08,official_city_decision_pdf,False,,False,,3582/QĐ-UBND,https://namsach.haiphong.gov.vn/cong-khai-danh-muc-thu-tuc-hanh-chinh/cong-khai-quyet-dinh-so-3582-qd-ubnd-ngay-08-9-2026-cua-ubnd-thanh-pho-hai-phong-ve-viec-cong-bo-961697,https://cdn.haiphong.gov.vn/gov-hpg/6833/tintuc/2026/9/qd-3582-tp639245593448950620.pdf,Bị bãi bỏ theo 3582/QĐ-UBND
2.002624,Chấp thuận đề xuất thực hiện nạo vét đường thủy nội địa địa phương,XÂY DỰNG,official_city_decision_commune_reception,True,2026-05-19,,official_city_decision_pdf,False,,False,,1846/QĐ-UBND,https://cathai.haiphong.gov.vn/linh-vuc-xay-dung/quyet-dinh-so-1846-qd-ubnd-ngay-19-5-2026-cua-ubnd-thanh-pho-hai-phong-v-v-cong-bo-danh-muc-thu--905913,https://cdn.haiphong.gov.vn/gov-hpg/5889/tintuc/2026/5/1846.quyet-dinh-2026-cong-bo-dm-tthc-so-xay-dung-ttr-152-153-154639155106213893753.pdf,
2.002635,"Đề nghị thay đổi tên tổ hợp tác, hợp tác xã, liên hiệp hợp tác xã, chi nhánh, văn phòng đại diện, địa điểm kinh doanh của hợp tác xã, liên hiệp hợp tác xã do xâm phạm quyền sở hữu công nghiệp",TÀI CHÍNH,official_city_decision_commune_reception,True,2026-08-11,,official_city_decision_pdf,True,,False,,3204/QĐ-UBND,https://cathai.haiphong.gov.vn/linh-vuc-so-tai-chinh/quyet-dinh-so-3204-qd-ubnd-ngay-11-8-2026-cua-ubnd-dac-khu-ve-viec-cong-bo-thu-tuc-hanh-chinh-du-948822,https://cdn.haiphong.gov.vn/gov-hpg/5889/tintuc/2026/8/quyet-dinh-2026-cong-bo-dmtthc-linh-vuc-dkdn-.....signed639222987278176853.pdf,
2.002636,"Đề nghị thu hồi Giấy chứng nhận đăng ký tổ hợp tác, hợp tác xã, Giấy chứng nhận đăng ký chi nhánh, văn phòng đại diện đối với trường hợp nội dung kê khai trong hồ sơ đăng",TÀI CHÍNH,official_city_decision_commune_reception,True,2026-08-11,,official_city_decision_pdf,True,,False,,3204/QĐ-UBND,https://cathai.haiphong.gov.vn/linh-vuc-so-tai-chinh/quyet-dinh-so-3204-qd-ubnd-ngay-11-8-2026-cua-ubnd-dac-khu-ve-viec-cong-bo-thu-tuc-hanh-chinh-du-948822,https://cdn.haiphong.gov.vn/gov-hpg/5889/tintuc/2026/8/quyet-dinh-2026-cong-bo-dmtthc-linh-vuc-dkdn-.....signed639222987278176853.pdf,
2.002637,"Đăng ký thành lập tổ hợp tác; đăng ký tổ hợp tác trong trường hợp đã được thành lập trước ngày Luật Hợp tác xã có hiệu lực thi hành, thuộc đối tượng phải đăng ký theo quy định",TÀI CHÍNH,official_city_decision_commune_reception,True,2026-08-11,,official_city_decision_pdf,True,,False,,3204/QĐ-UBND,https://cathai.haiphong.gov.vn/linh-vuc-so-tai-chinh/quyet-dinh-so-3204-qd-ubnd-ngay-11-8-2026-cua-ubnd-dac-khu-ve-viec-cong-bo-thu-tuc-hanh-chinh-du-948822,https://cdn.haiphong.gov.vn/gov-hpg/5889/tintuc/2026/8/quyet-dinh-2026-cong-bo-dmtthc-linh-vuc-dkdn-.....signed639222987278176853.pdf,
2.002638,Cấp lại Giấy chứng nhận đăng ký tổ hợp tác/ Giấy chứng nhận,TÀI CHÍNH,official_city_decision_commune_reception,True,2026-08-11,,official_city_decision_pdf,True,,False,,3204/QĐ-UBND,https://cathai.haiphong.gov.vn/linh-vuc-so-tai-chinh/quyet-dinh-so-3204-qd-ubnd-ngay-11-8-2026-cua-ubnd-dac-khu-ve-viec-cong-bo-thu-tuc-hanh-chinh-du-948822,https://cdn.haiphong.gov.vn/gov-hpg/5889/tintuc/2026/8/quyet-dinh-2026-cong-bo-dmtthc-linh-vuc-dkdn-.....signed639222987278176853.pdf,
2.002639,Đăng ký thay đổi nội dung đăng ký tổ hợp tác,TÀI CHÍNH,official_city_decision_commune_reception,True,2026-08-11,,official_city_decision_pdf,True,,False,,3204/QĐ-UBND,https://cathai.haiphong.gov.vn/linh-vuc-so-tai-chinh/quyet-dinh-so-3204-qd-ubnd-ngay-11-8-2026-cua-ubnd-dac-khu-ve-viec-cong-bo-thu-tuc-hanh-chinh-du-948822,https://cdn.haiphong.gov.vn/gov-hpg/5889/tintuc/2026/8/quyet-dinh-2026-cong-bo-dmtthc-linh-vuc-dkdn-.....signed639222987278176853.pdf,
2.002640,"Hiệu đính, cập nhật, bổ sung thông tin đăng ký tổ hợp tác Quyết định số 1998/QĐ-BTC ngày 24/7/2026 của Bộ Tài chính về việc công bố thủ tục hành chính được sửa đổi, bổ sung, bãi bỏ trong lĩnh vực thành lập và hoạt động của tổ hợp tác, hợp tác xã, liên hiệp hợp",TÀI CHÍNH,repealed_by_official_city_decision,False,,2026-08-11,official_city_decision_pdf,True,,False,,3204/QĐ-UBND,https://cathai.haiphong.gov.vn/linh-vuc-so-tai-chinh/quyet-dinh-so-3204-qd-ubnd-ngay-11-8-2026-cua-ubnd-dac-khu-ve-viec-cong-bo-thu-tuc-hanh-chinh-du-948822,https://cdn.haiphong.gov.vn/gov-hpg/5889/tintuc/2026/8/quyet-dinh-2026-cong-bo-dmtthc-linh-vuc-dkdn-.....signed639222987278176853.pdf,Bị bãi bỏ theo 3204/QĐ-UBND
2.002641,"Thông báo tạm ngừng kinh doanh/ tiếp tục kinh doanh trở lại đối với tổ hợp tác, hợp tác xã, liên hiệp hợp tác xã, chi nhánh, văn phòng đại diện, địa điểm kinh doanh",TÀI CHÍNH,official_city_decision_commune_reception,True,2026-08-11,,official_city_decision_pdf,True,,False,,3204/QĐ-UBND,https://cathai.haiphong.gov.vn/linh-vuc-so-tai-chinh/quyet-dinh-so-3204-qd-ubnd-ngay-11-8-2026-cua-ubnd-dac-khu-ve-viec-cong-bo-thu-tuc-hanh-chinh-du-948822,https://cdn.haiphong.gov.vn/gov-hpg/5889/tintuc/2026/8/quyet-dinh-2026-cong-bo-dmtthc-linh-vuc-dkdn-.....signed639222987278176853.pdf,
2.002642,Chấm dứt hoạt động tổ hợp tác,TÀI CHÍNH,official_city_decision_commune_reception,True,2026-08-11,,official_city_decision_pdf,True,,False,,3204/QĐ-UBND,https://cathai.haiphong.gov.vn/linh-vuc-so-tai-chinh/quyet-dinh-so-3204-qd-ubnd-ngay-11-8-2026-cua-ubnd-dac-khu-ve-viec-cong-bo-thu-tuc-hanh-chinh-du-948822,https://cdn.haiphong.gov.vn/gov-hpg/5889/tintuc/2026/8/quyet-dinh-2026-cong-bo-dmtthc-linh-vuc-dkdn-.....signed639222987278176853.pdf,
2.002643,"Dừng thực hiện thủ tục đăng ký tổ hợp tác, hợp",TÀI CHÍNH,official_city_decision_commune_reception,True,2026-08-11,,official_city_decision_pdf,False,,False,,3204/QĐ-UBND,https://cathai.haiphong.gov.vn/linh-vuc-so-tai-chinh/quyet-dinh-so-3204-qd-ubnd-ngay-11-8-2026-cua-ubnd-dac-khu-ve-viec-cong-bo-thu-tuc-hanh-chinh-du-948822,https://cdn.haiphong.gov.vn/gov-hpg/5889/tintuc/2026/8/quyet-dinh-2026-cong-bo-dmtthc-linh-vuc-dkdn-.....signed639222987278176853.pdf,
2.002648,"Hiệu đính, cập nhật, bổ sung thông tin đăng ký tổ hợp tác, hợp tác xã, liên hiệp hợp tác xã, chi nhánh, văn phòng đại diện, địa điểm kinh doanh của hợp tác xã, liên hiệp hợp tác xã",TÀI CHÍNH,official_city_decision_commune_reception,True,2026-08-11,,official_city_decision_pdf,False,,False,,3204/QĐ-UBND,https://cathai.haiphong.gov.vn/linh-vuc-so-tai-chinh/quyet-dinh-so-3204-qd-ubnd-ngay-11-8-2026-cua-ubnd-dac-khu-ve-viec-cong-bo-thu-tuc-hanh-chinh-du-948822,https://cdn.haiphong.gov.vn/gov-hpg/5889/tintuc/2026/8/quyet-dinh-2026-cong-bo-dmtthc-linh-vuc-dkdn-.....signed639222987278176853.pdf,
2.002649,"Thông báo bổ sung, cập nhật thông tin trong hồ sơ đăng ký hợp tác xã, liên hiệp hợp tác xã",TÀI CHÍNH,official_city_decision_commune_reception,True,2026-08-11,,official_city_decision_pdf,False,,False,,3204/QĐ-UBND,https://cathai.haiphong.gov.vn/linh-vuc-so-tai-chinh/quyet-dinh-so-3204-qd-ubnd-ngay-11-8-2026-cua-ubnd-dac-khu-ve-viec-cong-bo-thu-tuc-hanh-chinh-du-948822,https://cdn.haiphong.gov.vn/gov-hpg/5889/tintuc/2026/8/quyet-dinh-2026-cong-bo-dmtthc-linh-vuc-dkdn-.....signed639222987278176853.pdf,
2.002675,"Thẩm định và phê duyệt kế hoạch ứng phó sự cố tràn dầu của các cơ sở kinh doanh xăng, dầu chỉ có nguy cơ xảy ra tràn dầu ở mức nhỏ trên đất liền, trên sông, trên biển 15",ĐẤT ĐAI,official_commune_evidence_no_later_repeal_in_snapshot,True,2025-08-19,,official_attachment_snippet,False,,False,,1334/QĐ-BTP; 1478/QĐ-UBND; 1582/QĐ-UBND; 2021/QĐ-TTG; 2021/QĐ-UBND; 2128/QĐ-BNNMT; 2304/QĐ-BNNMT; 34/QĐ-BTP; 6225/QĐ-BQP,https://vinhbao.haiphong.gov.vn/linh-vuc-dat-dai/cong-khai-thu-tuc-hanh-chinh-moi-ban-hanh-duoc-sua-doi-bo-sung-linh-vuc-lam-nghiep-kiem-lam-ung--773283,https://cdn.haiphong.gov.vn/gov-hpg/6874/tintuc/2025/8/qd-3266-phu-luc-i-qd-2304-1334-3717-bnn-tp-qp-bai-bo638912182070757189.pdf,
2.002676,"Thông báo phát triển nguồn điện mặt trời mái nhà tự sản xuất, tự tiêu thụ đấu nối với hệ thống điện quốc gia tại cấp điện áp từ trung áp trở lên",CÔNG THƯƠNG,official_city_decision_commune_reception,True,2026-07-14,,official_city_decision_pdf,False,,False,,2692/QĐ-UBND,https://cathai.haiphong.gov.vn/linh-vuc-cong-thuong/quyet-dinh-so-2692-qd-ubnd-ngay-14-7-2026-cua-uy-ban-nhan-dan-thanh-pho-hai-phong-ve-viec-cong-b-933633,https://cdn.haiphong.gov.vn/gov-hpg/5889/tintuc/2026/7/qd-cong-bo-tthc-moi-sua-doi-bo-sung-theo-cac-qd-so-1507-1537-1546-cua-bct..signed639198737743009046.pdf,
2.002750,Công bố Danh mục khu đất dự kiến thực hiện dự án thí điểm thực hiện dự án nhà ở thương mại thông qua thỏa thuận về nhận quyền sử dụng đất hoặc đang có quyền sử dụng đất,ĐẤT ĐAI,official_commune_evidence_no_later_repeal_in_snapshot,True,2025-08-19,,official_attachment_snippet,False,,False,019d2bfa-b5b3-7669-84fb-b8e32e8dbfea,2003/QĐ-TTG; 2021/QĐ-TTG; 2025/QĐ-TTG,https://vinhbao.haiphong.gov.vn/linh-vuc-dat-dai/cong-khai-thu-tuc-hanh-chinh-moi-ban-hanh-duoc-sua-doi-bo-sung-linh-vuc-lam-nghiep-kiem-lam-ung--773283,https://cdn.haiphong.gov.vn/gov-hpg/6874/tintuc/2025/8/qd-3266-danh-muc-kem-theo638912181889816666.doc,
2.002821,"Hỗ trợ đào tạo nghề cho người lao động ở khu vực nông thôn, người lao động là thanh niên",LAO ĐỘNG,official_commune_evidence_no_later_repeal_in_snapshot,True,2026-01-15,,dvcqg_name_by_code_verified,False,1.0,False,019d2bfb-4a52-722d-90e3-52eae73487a0,1561/QĐ-BNV; 4/QĐ-BNV,https://vinhbao.haiphong.gov.vn/linh-vuc-quan-ly-lao-dong-ngoai-nuoc/danh-muc-thu-tuc-hanh-chinh-moi-ban-hanh-bi-bai-bo-linh-vuc-nguoi-lao-dong-di-lam-viec-o-nuoc-ng-845673,https://cdn.haiphong.gov.vn/gov-hpg/6874/tintuc/2026/1/1.-qd-cong-bo-danh-muc-tthc-thuoc-pham-vi-chuc-nang-quan-ly-cua-so-noi-vu..signed639040667148325665.pdf,
2.002824,"Cấp giấy phép hoạt động dịch vụ việc làm của doanh nghiệp hoạt động dịch vụ việc làm Nghị quyết số 66.18/2026/NQ-CP về phân quyền, cắt giảm, đơn giản hóa thủ tục hành chính, điều kiện kinh doanh",NỘI VỤ,repealed_by_official_city_decision,False,,2026-06-26,official_city_decision_pdf,False,,False,,2380/QĐ-UBND,https://giavien.haiphong.gov.vn/so-noi-vu-92287/quyet-dinh-so-2380-qd-ubnd-ngay-26-6-2026-ve-viec-cong-bo-danh-muc-thu-tuc-hanh-chinh-duoc-sua-d-933048,https://cdn.haiphong.gov.vn/gov-hpg/6798/tintuc/2026/7/2380-quyet-dinh-cong-bo-dm-tthc-sua-doi-bo-sung-va-bi-bai-bo-theo-qd-641-cua-bnv..signed639197960523919968.pdf,Bị bãi bỏ theo 2380/QĐ-UBND
2.002825,Cấp lại Giấy phép hoạt động dịch vụ việc làm của d oanh nghiệp hoạt động dịch vụ việc làm,NỘI VỤ,repealed_by_official_city_decision,False,,2026-06-26,official_city_decision_pdf,False,,False,,2380/QĐ-UBND,https://giavien.haiphong.gov.vn/so-noi-vu-92287/quyet-dinh-so-2380-qd-ubnd-ngay-26-6-2026-ve-viec-cong-bo-danh-muc-thu-tuc-hanh-chinh-duoc-sua-d-933048,https://cdn.haiphong.gov.vn/gov-hpg/6798/tintuc/2026/7/2380-quyet-dinh-cong-bo-dm-tthc-sua-doi-bo-sung-va-bi-bai-bo-theo-qd-641-cua-bnv..signed639197960523919968.pdf,Bị bãi bỏ theo 2380/QĐ-UBND
2.002826,Gia hạn Giấy phép hoạt động dịch vụ việc làm của doanh nghiệp hoạt động dịch vụ việc làm,NỘI VỤ,repealed_by_official_city_decision,False,,2026-06-26,official_city_decision_pdf,False,,False,,2380/QĐ-UBND,https://giavien.haiphong.gov.vn/so-noi-vu-92287/quyet-dinh-so-2380-qd-ubnd-ngay-26-6-2026-ve-viec-cong-bo-danh-muc-thu-tuc-hanh-chinh-duoc-sua-d-933048,https://cdn.haiphong.gov.vn/gov-hpg/6798/tintuc/2026/7/2380-quyet-dinh-cong-bo-dm-tthc-sua-doi-bo-sung-va-bi-bai-bo-theo-qd-641-cua-bnv..signed639197960523919968.pdf,Bị bãi bỏ theo 2380/QĐ-UBND
2.002827,Thu hồi Giấy phép hoạt động dịch vụ việc làm của doanh nghiệp hoạt động dịch vụ việc làm,NỘI VỤ,repealed_by_official_city_decision,False,,2026-06-26,official_city_decision_pdf,False,,False,,2380/QĐ-UBND,https://giavien.haiphong.gov.vn/so-noi-vu-92287/quyet-dinh-so-2380-qd-ubnd-ngay-26-6-2026-ve-viec-cong-bo-danh-muc-thu-tuc-hanh-chinh-duoc-sua-d-933048,https://cdn.haiphong.gov.vn/gov-hpg/6798/tintuc/2026/7/2380-quyet-dinh-cong-bo-dm-tthc-sua-doi-bo-sung-va-bi-bai-bo-theo-qd-641-cua-bnv..signed639197960523919968.pdf,Bị bãi bỏ theo 2380/QĐ-UBND
2.002828,"Rút tiền ký quỹ của doanh nghiệp hoạt động dịch vụ việc làm A4. LĨNH VỰC AN TOÀN, VỆ SINH LAO ĐỘNG",NỘI VỤ,repealed_by_official_city_decision,False,,2026-06-26,official_city_decision_pdf,False,,False,,2380/QĐ-UBND,https://giavien.haiphong.gov.vn/so-noi-vu-92287/quyet-dinh-so-2380-qd-ubnd-ngay-26-6-2026-ve-viec-cong-bo-danh-muc-thu-tuc-hanh-chinh-duoc-sua-d-933048,https://cdn.haiphong.gov.vn/gov-hpg/6798/tintuc/2026/7/2380-quyet-dinh-cong-bo-dm-tthc-sua-doi-bo-sung-va-bi-bai-bo-theo-qd-641-cua-bnv..signed639197960523919968.pdf,Bị bãi bỏ theo 2380/QĐ-UBND
2.002835,"Đăng ký khai thác nước mặt, nước biển, đăng ký sử dụng mặt nước, đào hồ, ao, sông, suối, kênh, mương, rạch",TÀI NGUYÊN NƯỚC,official_city_decision_commune_reception,True,2026-01-29,,official_city_decision_pdf,False,,False,,394/QĐ-UBND,https://sonnmt.haiphong.gov.vn/thu-tuc-hanh-chinh/quyet-dinh-so-394-qd-ubnd-ngay-29-01-2026-cua-uy-ban-nhan-dan-thanh-pho-hai-phong-cong-bo-danh-m-854758,https://cdn.haiphong.gov.vn/gov-hpg/5892/tintuc/2026/2/qd-394-ngay-29.01.2026-ubnd-hp-cong-bo-dm-tthc-sua-doi-bo-sung-thay-the-lvuc-tai-nguyen-nuoc639057127055571579.pdf,
2.002848,Hủy đăng ký tín chỉ các-bon tự nguyện,NÔNG NGHIỆP VÀ MÔI TRƯỜNG,official_city_decision_commune_reception,True,2026-05-25,,official_city_decision_pdf,False,,False,,1897/QĐ-UBND,https://giavien.haiphong.gov.vn/so-nong-nghiep-va-moi-truong-92289/quyet-dinh-so-1897-qd-ubnd-ngay-25-5-2026-ve-viec-cong-bo-danh-muc-thu-tuc-hanh-chinh-moi-ban-ha-904676,https://cdn.haiphong.gov.vn/gov-hpg/6798/tintuc/2026/5/qd-1897-ngay-25.5.2026-ubnd-hp-cong-bo-dm-tthc-moi-sua-doi-bo-sung-bai-bo-lvuc-bdkh-cnty-qldd-va-pctt-tl-tnn-mt-dat-dai639153846685150604.pdf,
2.002849,"Chuyển quyền sở hữu hạn ngạch phát thải khí nhà kính, tín chỉ các-bon ngoài hệ thống giao dịch các-bon",NÔNG NGHIỆP VÀ MÔI TRƯỜNG,official_city_decision_commune_reception,True,2026-05-25,,official_city_decision_pdf,False,,False,,1897/QĐ-UBND,https://giavien.haiphong.gov.vn/so-nong-nghiep-va-moi-truong-92289/quyet-dinh-so-1897-qd-ubnd-ngay-25-5-2026-ve-viec-cong-bo-danh-muc-thu-tuc-hanh-chinh-moi-ban-ha-904676,https://cdn.haiphong.gov.vn/gov-hpg/6798/tintuc/2026/5/qd-1897-ngay-25.5.2026-ubnd-hp-cong-bo-dm-tthc-moi-sua-doi-bo-sung-bai-bo-lvuc-bdkh-cnty-qldd-va-pctt-tl-tnn-mt-dat-dai639153846685150604.pdf,
2.002854,Chuyển trường và tiếp nhận học sinh,GIÁO DỤC VÀ ĐÀO TẠO,official_city_decision_commune_reception,True,2026-05-19,,official_city_decision_pdf,False,,False,,1847/QĐ-UBND,https://giavien.haiphong.gov.vn/so-giao-duc-va-dao-tao-92279/qd-1877-ve-viec-cong-bo-danh-muc-thu-tuc-hanh-chinh-moi-ban-hanh-bi-bai-bo-thuoc-pham-vi-chuc-na-906998,https://cdn.haiphong.gov.vn/gov-hpg/6798/tintuc/2026/5/qd-1847639156687053039888.pdf,
2.002855,Tiếp nhận học sinh Việt Nam từ nước ngoài về nước,GIÁO DỤC VÀ ĐÀO TẠO,official_city_decision_commune_reception,True,2026-05-19,,official_city_decision_pdf,False,,False,,1847/QĐ-UBND,https://giavien.haiphong.gov.vn/so-giao-duc-va-dao-tao-92279/qd-1877-ve-viec-cong-bo-danh-muc-thu-tuc-hanh-chinh-moi-ban-hanh-bi-bai-bo-thuoc-pham-vi-chuc-na-906998,https://cdn.haiphong.gov.vn/gov-hpg/6798/tintuc/2026/5/qd-1847639156687053039888.pdf,
2.002856,Tiếp nhận học sinh người nước ngoài,GIÁO DỤC VÀ ĐÀO TẠO,official_city_decision_commune_reception,True,2026-05-19,,official_city_decision_pdf,False,,False,,1847/QĐ-UBND,https://giavien.haiphong.gov.vn/so-giao-duc-va-dao-tao-92279/qd-1877-ve-viec-cong-bo-danh-muc-thu-tuc-hanh-chinh-moi-ban-hanh-bi-bai-bo-thuoc-pham-vi-chuc-na-906998,https://cdn.haiphong.gov.vn/gov-hpg/6798/tintuc/2026/5/qd-1847639156687053039888.pdf,
2.002857,Tiếp nhận học sinh xin học lại,GIÁO DỤC VÀ ĐÀO TẠO,official_city_decision_commune_reception,True,2026-05-19,,official_city_decision_pdf,False,,False,,1847/QĐ-UBND,https://giavien.haiphong.gov.vn/so-giao-duc-va-dao-tao-92279/qd-1877-ve-viec-cong-bo-danh-muc-thu-tuc-hanh-chinh-moi-ban-hanh-bi-bai-bo-thuoc-pham-vi-chuc-na-906998,https://cdn.haiphong.gov.vn/gov-hpg/6798/tintuc/2026/5/qd-1847639156687053039888.pdf,
2.002913,"Liên thông điện tử: đăng ký khai tử, xóa đăng ký thường trú, giải quyết mai táng phí, tử tuất",TƯ PHÁP,official_city_decision_commune_reception,True,2026-09-08,,official_city_decision_pdf,False,,False,,3582/QĐ-UBND,https://namsach.haiphong.gov.vn/cong-khai-danh-muc-thu-tuc-hanh-chinh/cong-khai-quyet-dinh-so-3582-qd-ubnd-ngay-08-9-2026-cua-ubnd-thanh-pho-hai-phong-ve-viec-cong-bo-961697,https://cdn.haiphong.gov.vn/gov-hpg/6833/tintuc/2026/9/qd-3582-tp639245593448950620.pdf,
3.000125,"Chấp thuận trao đổi quốc tế nguồn gen giống vật nuôi có trong danh mục giống vật nuôi cấm xuất khẩu để phục vụ nghiên cứu khoa học, triển lãm, quảng cáo",NÔNG NGHIỆP VÀ MÔI TRƯỜNG,official_city_decision_commune_reception,True,2026-05-25,,official_city_decision_pdf,False,,False,,1897/QĐ-UBND,https://giavien.haiphong.gov.vn/so-nong-nghiep-va-moi-truong-92289/quyet-dinh-so-1897-qd-ubnd-ngay-25-5-2026-ve-viec-cong-bo-danh-muc-thu-tuc-hanh-chinh-moi-ban-ha-904676,https://cdn.haiphong.gov.vn/gov-hpg/6798/tintuc/2026/5/qd-1897-ngay-25.5.2026-ubnd-hp-cong-bo-dm-tthc-moi-sua-doi-bo-sung-bai-bo-lvuc-bdkh-cnty-qldd-va-pctt-tl-tnn-mt-dat-dai639153846685150604.pdf,
3.000127,"Công bố thông tin sản phẩm thức ăn bổ sung sản xuất trong nước Mục II Phần A Phụ lục II Nghị quyết số 66.19/2026/NQ- CP ngày 18/5/2026 của Chính phủ về cắt giảm, phân quyền, đơn giản hóa thủ tục hành chính và cắt giảm, đơn",NÔNG NGHIỆP VÀ MÔI TRƯỜNG,repealed_by_official_city_decision,False,,2026-05-25,official_city_decision_pdf,False,,False,,1897/QĐ-UBND,https://giavien.haiphong.gov.vn/so-nong-nghiep-va-moi-truong-92289/quyet-dinh-so-1897-qd-ubnd-ngay-25-5-2026-ve-viec-cong-bo-danh-muc-thu-tuc-hanh-chinh-moi-ban-ha-904676,https://cdn.haiphong.gov.vn/gov-hpg/6798/tintuc/2026/5/qd-1897-ngay-25.5.2026-ubnd-hp-cong-bo-dm-tthc-moi-sua-doi-bo-sung-bai-bo-lvuc-bdkh-cnty-qldd-va-pctt-tl-tnn-mt-dat-dai639153846685150604.pdf,Bị bãi bỏ theo 1897/QĐ-UBND
3.000128,"Công bố thông tin sản phẩm thức ăn bổ sung nhập khẩu Mục III Phần A Phụ lục II Nghị quyết số 66.19/2026/NQ- CP ngày 18/5/2026 của Chính phủ về cắt giảm, phân quyền, đơn giản hóa thủ tục hành chính và cắt giảm, đơn",NÔNG NGHIỆP VÀ MÔI TRƯỜNG,repealed_by_official_city_decision,False,,2026-05-25,official_city_decision_pdf,False,,False,,1897/QĐ-UBND,https://giavien.haiphong.gov.vn/so-nong-nghiep-va-moi-truong-92289/quyet-dinh-so-1897-qd-ubnd-ngay-25-5-2026-ve-viec-cong-bo-danh-muc-thu-tuc-hanh-chinh-moi-ban-ha-904676,https://cdn.haiphong.gov.vn/gov-hpg/6798/tintuc/2026/5/qd-1897-ngay-25.5.2026-ubnd-hp-cong-bo-dm-tthc-moi-sua-doi-bo-sung-bai-bo-lvuc-bdkh-cnty-qldd-va-pctt-tl-tnn-mt-dat-dai639153846685150604.pdf,Bị bãi bỏ theo 1897/QĐ-UBND
3.000129,"Công bố lại thông tin sản phẩm thức ăn bổ sung Mục IV Phần A Phụ lục II Nghị quyết số 66.19/2026/NQ- CP ngày 18/5/2026 của Chính phủ về cắt giảm, phân quyền, đơn giản hóa thủ tục hành chính và cắt giảm, đơn giản hóa điều kiện kinh doanh thuộc phạm vi quản lý của",NÔNG NGHIỆP VÀ MÔI TRƯỜNG,repealed_by_official_city_decision,False,,2026-05-25,official_city_decision_pdf,False,,False,,1897/QĐ-UBND,https://giavien.haiphong.gov.vn/so-nong-nghiep-va-moi-truong-92289/quyet-dinh-so-1897-qd-ubnd-ngay-25-5-2026-ve-viec-cong-bo-danh-muc-thu-tuc-hanh-chinh-moi-ban-ha-904676,https://cdn.haiphong.gov.vn/gov-hpg/6798/tintuc/2026/5/qd-1897-ngay-25.5.2026-ubnd-hp-cong-bo-dm-tthc-moi-sua-doi-bo-sung-bai-bo-lvuc-bdkh-cnty-qldd-va-pctt-tl-tnn-mt-dat-dai639153846685150604.pdf,Bị bãi bỏ theo 1897/QĐ-UBND
3.000130,"Thay đổi thông tin sản phẩm thức ăn bổ sung Mục V Phần A Phụ lục II Nghị quyết số 66.19/2026/NQ- CP ngày 18/5/2026 của Chính phủ về cắt giảm, phân quyền, đơn giản hóa thủ tục hành chính và cắt giảm, đơn giản hóa điều kiện kinh doanh thuộc phạm vi quản lý của",NÔNG NGHIỆP VÀ MÔI TRƯỜNG,repealed_by_official_city_decision,False,,2026-05-25,official_city_decision_pdf,False,,False,,1897/QĐ-UBND,https://giavien.haiphong.gov.vn/so-nong-nghiep-va-moi-truong-92289/quyet-dinh-so-1897-qd-ubnd-ngay-25-5-2026-ve-viec-cong-bo-danh-muc-thu-tuc-hanh-chinh-moi-ban-ha-904676,https://cdn.haiphong.gov.vn/gov-hpg/6798/tintuc/2026/5/qd-1897-ngay-25.5.2026-ubnd-hp-cong-bo-dm-tthc-moi-sua-doi-bo-sung-bai-bo-lvuc-bdkh-cnty-qldd-va-pctt-tl-tnn-mt-dat-dai639153846685150604.pdf,Bị bãi bỏ theo 1897/QĐ-UBND
3.000242,Cấp văn bản cho phép sử dụng thẻ ABTC tại địa phương,"XUẤT CẢNH, NHẬP CẢNH",official_city_decision_commune_reception,True,2026-09-03,,dvcqg_name_by_code_verified,False,,False,,3517/QĐ-UBND,https://namsach.haiphong.gov.vn/cong-khai-danh-muc-thu-tuc-hanh-chinh/cong-khai-quyet-dinh-so-3517-qd-ubnd-ngay-03-9-2026-cua-ubnd-thanh-pho-hai-phong-ve-viec-cong-bo-959309,https://cdn.haiphong.gov.vn/gov-hpg/6833/tintuc/2026/9/qd-3517-ct639241368528261775.pdf,
3.000297,"Cho phép trường năng khiếu nghệ thuật, thể dục, thể thao hoạt động giáo dục",GIÁO DỤC VÀ ĐÀO TẠO,repealed_by_official_city_decision,False,,2026-06-19,official_city_decision_pdf,False,,False,,2295/QĐ-UBND,https://cathai.haiphong.gov.vn/giao-duc-va-dao-tao/quyet-dinh-so-2295-qd-ubnd-ngay-19-6-2026-cua-ubnd-thanh-pho-hai-phong-ve-viec-cong-bo-danh-muc--921113,https://cdn.haiphong.gov.vn/gov-hpg/5889/tintuc/2026/6/23.qd-cong-bo-dm-tthc-duoc-thay-the-va-bi-bai-bo-theo-qd-1425-cua-bo-gd-dt..signed639179168711137700.pdf,Bị bãi bỏ theo 2295/QĐ-UBND
3.000298,"Cho phép trường năng khiếu nghệ thuật, thể dục, thể thao hoạt động giáo dục trở lại",GIÁO DỤC VÀ ĐÀO TẠO,repealed_by_official_city_decision,False,,2026-06-19,official_city_decision_pdf,False,,False,,2295/QĐ-UBND,https://cathai.haiphong.gov.vn/giao-duc-va-dao-tao/quyet-dinh-so-2295-qd-ubnd-ngay-19-6-2026-cua-ubnd-thanh-pho-hai-phong-ve-viec-cong-bo-danh-muc--921113,https://cdn.haiphong.gov.vn/gov-hpg/5889/tintuc/2026/6/23.qd-cong-bo-dm-tthc-duoc-thay-the-va-bi-bai-bo-theo-qd-1425-cua-bo-gd-dt..signed639179168711137700.pdf,Bị bãi bỏ theo 2295/QĐ-UBND
3.000299,"Sáp nhập, chia, tách trường năng khiếu nghệ thuật, thể dục, thể thao",GIÁO DỤC VÀ ĐÀO TẠO,repealed_by_official_city_decision,False,,2026-06-19,official_city_decision_pdf,False,,False,,2295/QĐ-UBND,https://cathai.haiphong.gov.vn/giao-duc-va-dao-tao/quyet-dinh-so-2295-qd-ubnd-ngay-19-6-2026-cua-ubnd-thanh-pho-hai-phong-ve-viec-cong-bo-danh-muc--921113,https://cdn.haiphong.gov.vn/gov-hpg/5889/tintuc/2026/6/23.qd-cong-bo-dm-tthc-duoc-thay-the-va-bi-bai-bo-theo-qd-1425-cua-bo-gd-dt..signed639179168711137700.pdf,Bị bãi bỏ theo 2295/QĐ-UBND
3.000300,"Giải thể trường năng khiếu nghệ thuật, thể dục, thể thao (theo đề nghị của tổ chức, cá nhân thành lập trường)",GIÁO DỤC VÀ ĐÀO TẠO,repealed_by_official_city_decision,False,,2026-06-19,official_city_decision_pdf,False,,False,,2295/QĐ-UBND,https://cathai.haiphong.gov.vn/giao-duc-va-dao-tao/quyet-dinh-so-2295-qd-ubnd-ngay-19-6-2026-cua-ubnd-thanh-pho-hai-phong-ve-viec-cong-bo-danh-muc--921113,https://cdn.haiphong.gov.vn/gov-hpg/5889/tintuc/2026/6/23.qd-cong-bo-dm-tthc-duoc-thay-the-va-bi-bai-bo-theo-qd-1425-cua-bo-gd-dt..signed639179168711137700.pdf,Bị bãi bỏ theo 2295/QĐ-UBND
3.000301,Thành lập hoặc cho phép thành lập trường dành cho người khuyết tật,GIÁO DỤC VÀ ĐÀO TẠO,repealed_by_official_city_decision,False,,2026-06-19,official_city_decision_pdf,True,,False,,2295/QĐ-UBND,https://cathai.haiphong.gov.vn/giao-duc-va-dao-tao/quyet-dinh-so-2295-qd-ubnd-ngay-19-6-2026-cua-ubnd-thanh-pho-hai-phong-ve-viec-cong-bo-danh-muc--921113,https://cdn.haiphong.gov.vn/gov-hpg/5889/tintuc/2026/6/23.qd-cong-bo-dm-tthc-duoc-thay-the-va-bi-bai-bo-theo-qd-1425-cua-bo-gd-dt..signed639179168711137700.pdf,Bị bãi bỏ theo 2295/QĐ-UBND
3.000302,Cho phép trường dành cho người khuyết tật hoạt động giáo dục,GIÁO DỤC VÀ ĐÀO TẠO,repealed_by_official_city_decision,False,,2026-06-19,official_city_decision_pdf,False,,False,,2295/QĐ-UBND,https://cathai.haiphong.gov.vn/giao-duc-va-dao-tao/quyet-dinh-so-2295-qd-ubnd-ngay-19-6-2026-cua-ubnd-thanh-pho-hai-phong-ve-viec-cong-bo-danh-muc--921113,https://cdn.haiphong.gov.vn/gov-hpg/5889/tintuc/2026/6/23.qd-cong-bo-dm-tthc-duoc-thay-the-va-bi-bai-bo-theo-qd-1425-cua-bo-gd-dt..signed639179168711137700.pdf,Bị bãi bỏ theo 2295/QĐ-UBND
3.000303,Cho phép trường dành cho người khuy ết tật hoạt động giáo dục trở lại,GIÁO DỤC VÀ ĐÀO TẠO,repealed_by_official_city_decision,False,,2026-06-19,official_city_decision_pdf,False,,False,,2295/QĐ-UBND,https://cathai.haiphong.gov.vn/giao-duc-va-dao-tao/quyet-dinh-so-2295-qd-ubnd-ngay-19-6-2026-cua-ubnd-thanh-pho-hai-phong-ve-viec-cong-bo-danh-muc--921113,https://cdn.haiphong.gov.vn/gov-hpg/5889/tintuc/2026/6/23.qd-cong-bo-dm-tthc-duoc-thay-the-va-bi-bai-bo-theo-qd-1425-cua-bo-gd-dt..signed639179168711137700.pdf,Bị bãi bỏ theo 2295/QĐ-UBND
3.000304,"Sáp nhập, chia, tách trường dành cho người khuyết tật",GIÁO DỤC VÀ ĐÀO TẠO,repealed_by_official_city_decision,False,,2026-06-19,official_city_decision_pdf,False,,False,,2295/QĐ-UBND,https://cathai.haiphong.gov.vn/giao-duc-va-dao-tao/quyet-dinh-so-2295-qd-ubnd-ngay-19-6-2026-cua-ubnd-thanh-pho-hai-phong-ve-viec-cong-bo-danh-muc--921113,https://cdn.haiphong.gov.vn/gov-hpg/5889/tintuc/2026/6/23.qd-cong-bo-dm-tthc-duoc-thay-the-va-bi-bai-bo-theo-qd-1425-cua-bo-gd-dt..signed639179168711137700.pdf,Bị bãi bỏ theo 2295/QĐ-UBND
3.000305,"Giải thể trường dành cho người khuyết tật (Theo đề nghị của tổ chức, cá nhân thành lập trường)",GIÁO DỤC VÀ ĐÀO TẠO,repealed_by_official_city_decision,False,,2026-06-19,official_city_decision_pdf,False,,False,,2295/QĐ-UBND,https://cathai.haiphong.gov.vn/giao-duc-va-dao-tao/quyet-dinh-so-2295-qd-ubnd-ngay-19-6-2026-cua-ubnd-thanh-pho-hai-phong-ve-viec-cong-bo-danh-muc--921113,https://cdn.haiphong.gov.vn/gov-hpg/5889/tintuc/2026/6/23.qd-cong-bo-dm-tthc-duoc-thay-the-va-bi-bai-bo-theo-qd-1425-cua-bo-gd-dt..signed639179168711137700.pdf,Bị bãi bỏ theo 2295/QĐ-UBND
3.000306,"Thành lập, cho phép thành lập l ớp dành cho người khuy ết tật trong trường trung học phổ thông và trung tâm giáo dục thường xuyên",GIÁO DỤC VÀ ĐÀO TẠO,repealed_by_official_city_decision,False,,2026-06-19,official_city_decision_pdf,False,,False,,2295/QĐ-UBND,https://cathai.haiphong.gov.vn/giao-duc-va-dao-tao/quyet-dinh-so-2295-qd-ubnd-ngay-19-6-2026-cua-ubnd-thanh-pho-hai-phong-ve-viec-cong-bo-danh-muc--921113,https://cdn.haiphong.gov.vn/gov-hpg/5889/tintuc/2026/6/23.qd-cong-bo-dm-tthc-duoc-thay-the-va-bi-bai-bo-theo-qd-1425-cua-bo-gd-dt..signed639179168711137700.pdf,Bị bãi bỏ theo 2295/QĐ-UBND
3.000309,"Thành lập lớp dành cho người khuyết tật trong trường mầm non, trường tiểu học, trường trung học cơ sở và trung tâm giáo dục thường xuyên, trung tâm giáo dục nghề nghiệp - giáo dục thường xuyên thực hiện các chương",GIÁO DỤC VÀ ĐÀO TẠO,repealed_by_official_city_decision,False,,2026-06-19,official_city_decision_pdf,True,,False,,2295/QĐ-UBND,https://cathai.haiphong.gov.vn/giao-duc-va-dao-tao/quyet-dinh-so-2295-qd-ubnd-ngay-19-6-2026-cua-ubnd-thanh-pho-hai-phong-ve-viec-cong-bo-danh-muc--921113,https://cdn.haiphong.gov.vn/gov-hpg/5889/tintuc/2026/6/23.qd-cong-bo-dm-tthc-duoc-thay-the-va-bi-bai-bo-theo-qd-1425-cua-bo-gd-dt..signed639179168711137700.pdf,Bị bãi bỏ theo 2295/QĐ-UBND
3.000322,Đăng ký chấm dứt giám sát việc giám hộ,HỘ TỊCH,official_city_decision_commune_reception,True,2026-01-31,,official_city_decision_pdf,True,,False,,467/QĐ-UBND,https://giavien.haiphong.gov.vn/so-tu-phap-92285/quyet-dinh-so-467-qd-ubnd-ngay-31-01-2026-ve-viec-cong-bo-danh-muc-thu-tuc-hanh-chinh-duoc-sua-d-884412,https://cdn.haiphong.gov.vn/gov-hpg/6798/tintuc/2026/4/qd-467-cong-chung-chung-thuc-quan-tai-vien-ho-tich639057302800587100639116699603616818.pdf,
3.000323,Đăng ký giám sát việc giám hộ,HỘ TỊCH,official_city_decision_commune_reception,True,2026-01-31,,official_city_decision_pdf,True,,False,,467/QĐ-UBND,https://giavien.haiphong.gov.vn/so-tu-phap-92285/quyet-dinh-so-467-qd-ubnd-ngay-31-01-2026-ve-viec-cong-bo-danh-muc-thu-tuc-hanh-chinh-duoc-sua-d-884412,https://cdn.haiphong.gov.vn/gov-hpg/6798/tintuc/2026/4/qd-467-cong-chung-chung-thuc-quan-tai-vien-ho-tich639057302800587100639116699603616818.pdf,
3.000412,"Công nhận người lao động có thu nhập thấp Khoản 3 Điều 5 Nghị định số 351/2025/NĐ-CP ngày 30/12/2025 của Chính phủ quy định về chuẩn nghèo đa chiều quốc gia giai đoạn 2026- 2030 quy định Tiêu chí, quy trình rà soát, xác định người lao động có",GIẢM NGHÈO,future_effective_official_decision,False,,,official_city_decision_pdf,True,,False,,3249/QĐ-UBND,https://cathai.haiphong.gov.vn/linh-vuc-giam-ngheo-93737/quyet-dinh-so-3249-qd-ubnd-ngay-14-8-2026-cua-ubnd-thanh-pho-hai-phong-ve-viec-cong-bo-danh-muc--950142,https://cdn.haiphong.gov.vn/gov-hpg/5889/tintuc/2026/8/quyet-dinh-3249-2026-cong-bo-dmtthc-linh-vuc-giam-ngheo-so-nnmt-ttr759-qd3121-.giam-ngheo.signed639226384730507031.pdf,Quyết định có hiệu lực từ 2027-01-01
3.000438,"Cấp lại quyết định cấp phép nghiên cứu khoa học cấp tỉnh Nghị định số 44/2026/NĐ-CP ngày 26 tháng 01 năm 2026 của Chính phủ Sửa đổi, bổ sung một số điều của các Ngh ị định trong lĩnh vực biển và hải đảo B. THỦ TỤC HÀNH CHÍNH CẤP XÃ",NÔNG NGHIỆP VÀ MÔI TRƯỜNG,repealed_by_official_city_decision,False,,2026-02-07,official_city_decision_pdf,False,,False,,541/QĐ-UBND,https://cathai.haiphong.gov.vn/bao-ton-thien-nhien-va-da-dang-sinh-hoc/quyet-dinh-so-541-qd-ubnd-ngay-7-2-2026-cua-ubnd-thanh-pho-v-v-cong-khai-thu-tuc-hanh-chinh-moi--859548,https://cdn.haiphong.gov.vn/gov-hpg/5889/tintuc/2026/2/quyet-dinh-2026-cong-bo-dmttc-so-nn-va-mt-ttr87-qdbnnmt-339-364-375-379-..signed639065923231925699.pdf,Bị bãi bỏ theo 541/QĐ-UBND
3.000439,Giao khu vực biển cho cá nhân Việt Nam để nuôi trồng thủy sản,NÔNG NGHIỆP VÀ MÔI TRƯỜNG,official_city_decision_commune_reception,True,2026-02-27,,official_city_decision_pdf,True,,False,,541/QĐ-UBND; 716/QĐ-UBND,https://cathai.haiphong.gov.vn/bien-va-hai-dao/quyet-dinh-so-716-qd-ubnd-ngay-27-2-2026-cua-ubnd-thanh-pho-hai-phong-v-v-cong-khai-danh-muc-thu-865584,https://cdn.haiphong.gov.vn/gov-hpg/5889/tintuc/2026/3/quyet-dinh-716-thu-tuc-hanh-chinh-bien-hai-dao.signed639082183345588001.pdf,
3.000440,Gia hạn thời hạn giao khu vực biển cho cá nhân Việt Nam để nuôi trồng thủy sản,NÔNG NGHIỆP VÀ MÔI TRƯỜNG,official_city_decision_commune_reception,True,2026-02-27,,official_city_decision_pdf,True,,False,,541/QĐ-UBND; 716/QĐ-UBND,https://cathai.haiphong.gov.vn/bien-va-hai-dao/quyet-dinh-so-716-qd-ubnd-ngay-27-2-2026-cua-ubnd-thanh-pho-hai-phong-v-v-cong-khai-danh-muc-thu-865584,https://cdn.haiphong.gov.vn/gov-hpg/5889/tintuc/2026/3/quyet-dinh-716-thu-tuc-hanh-chinh-bien-hai-dao.signed639082183345588001.pdf,
3.000441,Trả lại khu vực biển cho cá nhân Việt Nam để nuôi trồng thủy sản,NÔNG NGHIỆP VÀ MÔI TRƯỜNG,official_city_decision_commune_reception,True,2026-02-27,,official_city_decision_pdf,True,,False,,541/QĐ-UBND; 716/QĐ-UBND,https://cathai.haiphong.gov.vn/bien-va-hai-dao/quyet-dinh-so-716-qd-ubnd-ngay-27-2-2026-cua-ubnd-thanh-pho-hai-phong-v-v-cong-khai-danh-muc-thu-865584,https://cdn.haiphong.gov.vn/gov-hpg/5889/tintuc/2026/3/quyet-dinh-716-thu-tuc-hanh-chinh-bien-hai-dao.signed639082183345588001.pdf,
3.000442,"Sửa đổi, bổ sung Quyết định giao khu vực biển cho cá nhân Việt Nam để nuôi trồng thủy sản",NÔNG NGHIỆP VÀ MÔI TRƯỜNG,official_city_decision_commune_reception,True,2026-02-27,,official_city_decision_pdf,True,,False,,541/QĐ-UBND; 716/QĐ-UBND,https://cathai.haiphong.gov.vn/bien-va-hai-dao/quyet-dinh-so-716-qd-ubnd-ngay-27-2-2026-cua-ubnd-thanh-pho-hai-phong-v-v-cong-khai-danh-muc-thu-865584,https://cdn.haiphong.gov.vn/gov-hpg/5889/tintuc/2026/3/quyet-dinh-716-thu-tuc-hanh-chinh-bien-hai-dao.signed639082183345588001.pdf,
3.000443,Công nhận khu vực biển cho cá nhân Việt Nam để nuôi trồng thủy sản,NÔNG NGHIỆP VÀ MÔI TRƯỜNG,official_city_decision_commune_reception,True,2026-02-27,,official_city_decision_pdf,True,,False,,541/QĐ-UBND; 716/QĐ-UBND,https://cathai.haiphong.gov.vn/bien-va-hai-dao/quyet-dinh-so-716-qd-ubnd-ngay-27-2-2026-cua-ubnd-thanh-pho-hai-phong-v-v-cong-khai-danh-muc-thu-865584,https://cdn.haiphong.gov.vn/gov-hpg/5889/tintuc/2026/3/quyet-dinh-716-thu-tuc-hanh-chinh-bien-hai-dao.signed639082183345588001.pdf,
3.000466,"Chỉnh sửa nội dung văn bằng, chứng chỉ (tại cấp tỉnh)",GIÁO DỤC VÀ ĐÀO TẠO,official_city_decision_commune_reception,True,2026-05-09,,official_city_decision_pdf,False,,False,,1747/QĐ-UBND,https://giavien.haiphong.gov.vn/so-giao-duc-va-dao-tao-92279/quyet-dinh-so-1747-qd-ubnd-ngay-09-5-2026-cua-ubnd-thanh-pho-ve-viec-cong-khai-danh-muc-thu-tuc--900189,https://cdn.haiphong.gov.vn/gov-hpg/6798/tintuc/2026/5/qd-1747639146922033877627.pdf,
3.000569,Thủ tục Xác nhận đăng ký hoạt động in (cấp xã),VĂN HÓA,official_city_decision_commune_reception,True,2026-05-29,,official_city_decision_pdf,False,,False,,2032/QĐ-UBND,https://giavien.haiphong.gov.vn/so-van-hoa-the-thao-va-du-lich-92284/qd-2032-ve-viec-cong-bo-danh-muc-thu-tuc-hanh-chinh-moi-ban-hanh-duoc-sua-doi-bo-sung-va-bi-bai--910186,https://cdn.haiphong.gov.vn/gov-hpg/6798/tintuc/2026/6/qd-2032639161842299651591.pdf,
3.000570,Thủ tục Xác nhận thay đổi thông tin đăng ký hoạt động in (cấp xã),VĂN HÓA,official_city_decision_commune_reception,True,2026-05-29,,official_city_decision_pdf,False,,False,,2032/QĐ-UBND,https://giavien.haiphong.gov.vn/so-van-hoa-the-thao-va-du-lich-92284/qd-2032-ve-viec-cong-bo-danh-muc-thu-tuc-hanh-chinh-moi-ban-hanh-duoc-sua-doi-bo-sung-va-bi-bai--910186,https://cdn.haiphong.gov.vn/gov-hpg/6798/tintuc/2026/6/qd-2032639161842299651591.pdf,
3.000574,Thủ tục chấp thuận thay đổi nội dung ghi trong giấy phép mở chuyên trang của báo chí điện tử đối với cơ quan báo chí của địa phương,BÁO CHÍ,official_city_decision_commune_reception,True,2026-09-04,,official_city_decision_pdf,False,,False,,3523/QĐ-UBND,https://namsach.haiphong.gov.vn/cong-khai-danh-muc-thu-tuc-hanh-chinh/cong-khai-quyet-dinh-so-3523-qd-ubnd-ngay-04-9-2026-cua-ubnd-thanh-pho-hai-phong-ve-viec-cong-bo-959292,https://cdn.haiphong.gov.vn/gov-hpg/6833/tintuc/2026/9/qd-3523-vh639241356960920960.pdf,
3.000722,"Liên thông điện tử: đăng ký khai sinh, đăng ký thường trú, cấp thẻ bảo hiểm y tế, cấp thẻ căn cước cho trẻ em dưới 6 tuổi",TƯ PHÁP,official_city_decision_commune_reception,True,2026-09-08,,official_city_decision_pdf,False,,False,,3582/QĐ-UBND,https://namsach.haiphong.gov.vn/cong-khai-danh-muc-thu-tuc-hanh-chinh/cong-khai-quyet-dinh-so-3582-qd-ubnd-ngay-08-9-2026-cua-ubnd-thanh-pho-hai-phong-ve-viec-cong-bo-961697,https://cdn.haiphong.gov.vn/gov-hpg/6833/tintuc/2026/9/qd-3582-tp639245593448950620.pdf,
