Ngày quyết định,Số quyết định,Mã TTHC,Tên thủ tục,Lĩnh vực,Loại thay đổi,Chi tiết thay đổi,Cấp/thẩm quyền,Ngày hiệu lực,Trạng thái canonical,URL bài công bố,URL file quyết định,SHA-256,Ghi chú nguồn
2025-09-12,3729/QĐ-UBND,1.014155,"Thẩm định nhiệm vụ quy hoạch, nhiệm vụ điều chỉnh quy hoạch đô thị và nông thôn do nhà đầu tư đã được lựa chọn để thực hiện dự án đầu tư tổ chức lập 15 ngày 7,5 ngày",QUY HOẠCH ĐÔ THỊ VÀ NÔNG THÔN,modified,Sửa đổi/bổ sung,shared,2025-09-12,current,https://cathai.haiphong.gov.vn/linh-vuc-hoat-dong-xay-dung-va-kien-truc/quyet-dinh-3729-qd-ubnd-ngay-12-9-2025-ve-viec-cong-bo-danh-muc-thu-tuc-hanh-chinh-sua-doi-bo-su-819277,https://cdn.haiphong.gov.vn/gov-hpg/5889/tintuc/2025/11/3729-quy-hoach-do-thi-va-nong-thon638936139396059304638963955058470555638993666765497280.pdf,d819d3098174199b9e9a0d8d437fc6c1bf61c990405d718627d6a2b650f26c4a,"trình Một phần 1 1.014155 Thẩm định nhiệm vụ quy hoạch, nhiệm vụ điều chỉnh quy hoạch đô thị và nông thôn do nhà đầu tư đã được lựa chọn để thực hiện dự án đầu tư tổ chức lập 15 ngày 7,5 ngày - Trung tâm Phục vụ hành chính công"
2025-09-12,3729/QĐ-UBND,1.014156,"Phê duyệt nhiệm vụ quy hoạch, nhiệm vụ điều chỉnh quy hoạch đô thị và nông thôn do nhà đầu tư đã được lựa chọn để thực hiện dự án đầu tư tổ chức lập 07 ngày làm việc 3,5",QUY HOẠCH ĐÔ THỊ VÀ NÔNG THÔN,modified,Sửa đổi/bổ sung,shared,2025-09-12,not_in_current_master,https://cathai.haiphong.gov.vn/linh-vuc-hoat-dong-xay-dung-va-kien-truc/quyet-dinh-3729-qd-ubnd-ngay-12-9-2025-ve-viec-cong-bo-danh-muc-thu-tuc-hanh-chinh-sua-doi-bo-su-819277,https://cdn.haiphong.gov.vn/gov-hpg/5889/tintuc/2025/11/3729-quy-hoach-do-thi-va-nong-thon638936139396059304638963955058470555638993666765497280.pdf,d819d3098174199b9e9a0d8d437fc6c1bf61c990405d718627d6a2b650f26c4a,"trình Một phần 1 1.014156 Phê duyệt nhiệm vụ quy hoạch, nhiệm vụ điều chỉnh quy hoạch đô thị và nông thôn do nhà đầu tư đã được lựa chọn để thực hiện dự án đầu tư tổ chức lập 07 ngày làm việc 3,5 ngày làm"
2025-09-12,3729/QĐ-UBND,1.014157,"Thẩm định quy hoạch, điều chỉnh quy hoạch đô thị và nông thôn do nhà đầu tư đã được lựa chọn để thực hiện dự án đầu tư tổ chức lập 30 ngày 15 ngày",QUY HOẠCH ĐÔ THỊ VÀ NÔNG THÔN,modified,Sửa đổi/bổ sung,shared,2025-09-12,current,https://cathai.haiphong.gov.vn/linh-vuc-hoat-dong-xay-dung-va-kien-truc/quyet-dinh-3729-qd-ubnd-ngay-12-9-2025-ve-viec-cong-bo-danh-muc-thu-tuc-hanh-chinh-sua-doi-bo-su-819277,https://cdn.haiphong.gov.vn/gov-hpg/5889/tintuc/2025/11/3729-quy-hoach-do-thi-va-nong-thon638936139396059304638963955058470555638993666765497280.pdf,d819d3098174199b9e9a0d8d437fc6c1bf61c990405d718627d6a2b650f26c4a,"điều chỉnh cục bộ Quy hoạch đô thị và nông thôn được Thủ tướng Chính phủ phê duyệt do Ủy ban nhân dân cấp tỉnh tổ chức lập. 2 1.014157 Thẩm định quy hoạch, điều chỉnh quy hoạch đô thị và nông thôn do nhà đầu tư đã được lựa chọn để thực hiện dự án đầu tư tổ chức lập 30 ngày 15 ngày - Trung tâm Phục vụ hành chính công thành phố ."
2025-09-12,3729/QĐ-UBND,1.014158,"Phê duyệt quy hoạch, điều chỉnh quy hoạch đô thị và nông thôn do nhà đầu tư đã được lựa chọn để thực hiện dự án đầu tư tổ chức lập 15 ngày 7,5 ngày",QUY HOẠCH ĐÔ THỊ VÀ NÔNG THÔN,modified,Sửa đổi/bổ sung,shared,2025-09-12,current,https://cathai.haiphong.gov.vn/linh-vuc-hoat-dong-xay-dung-va-kien-truc/quyet-dinh-3729-qd-ubnd-ngay-12-9-2025-ve-viec-cong-bo-danh-muc-thu-tuc-hanh-chinh-sua-doi-bo-su-819277,https://cdn.haiphong.gov.vn/gov-hpg/5889/tintuc/2025/11/3729-quy-hoach-do-thi-va-nong-thon638936139396059304638963955058470555638993666765497280.pdf,d819d3098174199b9e9a0d8d437fc6c1bf61c990405d718627d6a2b650f26c4a,"điều chỉnh cục bộ Quy hoạch đô thị và nông thôn được Thủ tướng Chính phủ phê duyệt do Ủy ban nhân dân cấp tỉnh tổ chức lập. 2 1.014158 Phê duyệt quy hoạch, điều chỉnh quy hoạch đô thị và nông thôn do nhà đầu tư đã được lựa chọn để thực hiện dự án đầu tư tổ chức lập 15 ngày 7,5 ngày - Trung tâm Phục vụ hành chính công thành phố ."
2025-09-12,3729/QĐ-UBND,1.014159,Cung cấp thông tin quy hoạch đô thị và nông thôn 10 ngày 05 ngày,QUY HOẠCH ĐÔ THỊ VÀ NÔNG THÔN,modified,Sửa đổi/bổ sung,shared,2025-09-12,current,https://cathai.haiphong.gov.vn/linh-vuc-hoat-dong-xay-dung-va-kien-truc/quyet-dinh-3729-qd-ubnd-ngay-12-9-2025-ve-viec-cong-bo-danh-muc-thu-tuc-hanh-chinh-sua-doi-bo-su-819277,https://cdn.haiphong.gov.vn/gov-hpg/5889/tintuc/2025/11/3729-quy-hoach-do-thi-va-nong-thon638936139396059304638963955058470555638993666765497280.pdf,d819d3098174199b9e9a0d8d437fc6c1bf61c990405d718627d6a2b650f26c4a,trình Một phần 1 1.014159 Cung cấp thông tin quy hoạch đô thị và nông thôn 10 ngày 05 ngày - Trung tâm Phục vụ hành chính công thành phố. - Trung tâm Phục vụ hành chính công cấp xã. Không quy
2026-01-12,115/QĐ-UBND,1.000485,"Thủ tục c ấp Giấy ch ứng nhận đủ điều kiện kinh doanh ho ạt động th ể thao đối v ới môn Patin 07 ngày làm việc 3,5 ngày làm","VĂN HÓA, THỂ THAO VÀ DU LỊCH",modified,Sửa đổi/bổ sung,province,2026-01-12,not_in_current_master,https://cathai.haiphong.gov.vn/van-hoa-the-thao-va-du-lich/quyet-dinh-so-115-qd-ubnd-ngay-12-01-2026-cua-ubnd-thanh-pho-hai-phong-v-v-cong-bo-danh-muc-thu--848988,https://cdn.haiphong.gov.vn/gov-hpg/5889/tintuc/2026/1/qd-115-cong-bo-tthc-moi-ban-hanh-sua-doi-bo-sung-thuoc-so-vhttdl.signed639046238656915745.pdf,08c5b9301acfac6465ac89a6b3c5cba310e9120b81224d4be0a39ac7a643fa91,"(từ ngày 01/7/2025 đến ngày 31/12/2026) X 6 1.000485 Thủ tục c ấp Giấy ch ứng nhận đủ điều kiện kinh doanh ho ạt động th ể thao đối v ới môn Patin 07 ngày làm việc 3,5 ngày làm việc TTPVHCC"
2026-01-12,115/QĐ-UBND,1.000501,"Thủ tục c ấp Giấy ch ứng nhận đ ủ điều kiện kinh doanh ho ạt động th ể thao đối v ới môn Quần vợt 07 ngày làm việc 3,5 ngày làm","VĂN HÓA, THỂ THAO VÀ DU LỊCH",modified,Sửa đổi/bổ sung,province,2026-01-12,repealed,https://cathai.haiphong.gov.vn/van-hoa-the-thao-va-du-lich/quyet-dinh-so-115-qd-ubnd-ngay-12-01-2026-cua-ubnd-thanh-pho-hai-phong-v-v-cong-bo-danh-muc-thu--848988,https://cdn.haiphong.gov.vn/gov-hpg/5889/tintuc/2026/1/qd-115-cong-bo-tthc-moi-ban-hanh-sua-doi-bo-sung-thuoc-so-vhttdl.signed639046238656915745.pdf,08c5b9301acfac6465ac89a6b3c5cba310e9120b81224d4be0a39ac7a643fa91,"(từ ngày 01/7/2025 đến ngày 31/12/2026) X 18 1.000501 Thủ tục c ấp Giấy ch ứng nhận đ ủ điều kiện kinh doanh ho ạt động th ể thao đối v ới môn Quần vợt 07 ngày làm việc 3,5 ngày làm việc TTPVHCC"
2026-01-12,115/QĐ-UBND,1.000518,"Thủ tục c ấp Giấy ch ứng nhận đ ủ điều kiện kinh doanh ho ạt động th ể thao đối v ới môn Bóng đá 07 ngày làm việc 3,5 ngày làm","VĂN HÓA, THỂ THAO VÀ DU LỊCH",modified,Sửa đổi/bổ sung,province,2026-01-12,repealed,https://cathai.haiphong.gov.vn/van-hoa-the-thao-va-du-lich/quyet-dinh-so-115-qd-ubnd-ngay-12-01-2026-cua-ubnd-thanh-pho-hai-phong-v-v-cong-bo-danh-muc-thu--848988,https://cdn.haiphong.gov.vn/gov-hpg/5889/tintuc/2026/1/qd-115-cong-bo-tthc-moi-ban-hanh-sua-doi-bo-sung-thuoc-so-vhttdl.signed639046238656915745.pdf,08c5b9301acfac6465ac89a6b3c5cba310e9120b81224d4be0a39ac7a643fa91,"của B ộ Văn hóa, Th ể thao và Du lịch 17 1.000518 Thủ tục c ấp Giấy ch ứng nhận đ ủ điều kiện kinh doanh ho ạt động th ể thao đối v ới môn Bóng đá 07 ngày làm việc 3,5 ngày làm việc TTPVHCC"
2026-01-12,115/QĐ-UBND,1.000560,"Thủ tục c ấp Giấy ch ứng nhận đ ủ điều kiện kinh doanh ho ạt động th ể thao đối v ới môn Quyền anh 07 ngày làm việc 3,5 ngày làm","VĂN HÓA, THỂ THAO VÀ DU LỊCH",modified,Sửa đổi/bổ sung,province,2026-01-12,not_in_current_master,https://cathai.haiphong.gov.vn/van-hoa-the-thao-va-du-lich/quyet-dinh-so-115-qd-ubnd-ngay-12-01-2026-cua-ubnd-thanh-pho-hai-phong-v-v-cong-bo-danh-muc-thu--848988,https://cdn.haiphong.gov.vn/gov-hpg/5889/tintuc/2026/1/qd-115-cong-bo-tthc-moi-ban-hanh-sua-doi-bo-sung-thuoc-so-vhttdl.signed639046238656915745.pdf,08c5b9301acfac6465ac89a6b3c5cba310e9120b81224d4be0a39ac7a643fa91,"của B ộ Văn hóa, Th ể thao và Du lịch 5 1.000560 Thủ tục c ấp Giấy ch ứng nhận đ ủ điều kiện kinh doanh ho ạt động th ể thao đối v ới môn Quyền anh 07 ngày làm việc 3,5 ngày làm việc TTPVHCC"
2026-01-12,115/QĐ-UBND,1.000594,"Thủ tục c ấp Giấy ch ứng nhận đ ủ điều kiện kinh doanh ho ạt động th ể thao đối v ới môn Vũ đ ạo th ể thao giải trí 07 ngày làm việc 3,5 ngày","VĂN HÓA, THỂ THAO VÀ DU LỊCH",modified,Sửa đổi/bổ sung,province,2026-01-12,repealed,https://cathai.haiphong.gov.vn/van-hoa-the-thao-va-du-lich/quyet-dinh-so-115-qd-ubnd-ngay-12-01-2026-cua-ubnd-thanh-pho-hai-phong-v-v-cong-bo-danh-muc-thu--848988,https://cdn.haiphong.gov.vn/gov-hpg/5889/tintuc/2026/1/qd-115-cong-bo-tthc-moi-ban-hanh-sua-doi-bo-sung-thuoc-so-vhttdl.signed639046238656915745.pdf,08c5b9301acfac6465ac89a6b3c5cba310e9120b81224d4be0a39ac7a643fa91,"cấp xã 0 đồng (từ ngày 01/7/2025 đến ngày 31/12/2026) 16 1.000594 Thủ tục c ấp Giấy ch ứng nhận đ ủ điều kiện kinh doanh ho ạt động th ể thao đối v ới môn Vũ đ ạo th ể thao giải trí 07 ngày làm việc 3,5 ngày làm việc"
2026-01-12,115/QĐ-UBND,1.000644,"Thủ tục c ấp Giấy ch ứng nhận đ ủ điều kiện kinh doanh ho ạt động th ể thao đối v ới môn Thể dục th ẩm mỹ 07 ngày làm việc 3,5 ngày","VĂN HÓA, THỂ THAO VÀ DU LỊCH",modified,Sửa đổi/bổ sung,province,2026-01-12,repealed,https://cathai.haiphong.gov.vn/van-hoa-the-thao-va-du-lich/quyet-dinh-so-115-qd-ubnd-ngay-12-01-2026-cua-ubnd-thanh-pho-hai-phong-v-v-cong-bo-danh-muc-thu--848988,https://cdn.haiphong.gov.vn/gov-hpg/5889/tintuc/2026/1/qd-115-cong-bo-tthc-moi-ban-hanh-sua-doi-bo-sung-thuoc-so-vhttdl.signed639046238656915745.pdf,08c5b9301acfac6465ac89a6b3c5cba310e9120b81224d4be0a39ac7a643fa91,"(từ ngày 01/7/2025 đến ngày 31/12/2026) X 14 1.000644 Thủ tục c ấp Giấy ch ứng nhận đ ủ điều kiện kinh doanh ho ạt động th ể thao đối v ới môn Thể dục th ẩm mỹ 07 ngày làm việc 3,5 ngày làm việc"
2026-01-12,115/QĐ-UBND,1.000814,"Thủ tục c ấp Giấy ch ứng nhận đ ủ điều kiện kinh doanh ho ạt động th ể thao đối v ới môn Khiêu vũ th ể thao 07 ngày làm việc 3,5 ngày","VĂN HÓA, THỂ THAO VÀ DU LỊCH",modified,Sửa đổi/bổ sung,province,2026-01-12,repealed,https://cathai.haiphong.gov.vn/van-hoa-the-thao-va-du-lich/quyet-dinh-so-115-qd-ubnd-ngay-12-01-2026-cua-ubnd-thanh-pho-hai-phong-v-v-cong-bo-danh-muc-thu--848988,https://cdn.haiphong.gov.vn/gov-hpg/5889/tintuc/2026/1/qd-115-cong-bo-tthc-moi-ban-hanh-sua-doi-bo-sung-thuoc-so-vhttdl.signed639046238656915745.pdf,08c5b9301acfac6465ac89a6b3c5cba310e9120b81224d4be0a39ac7a643fa91,"của B ộ Văn hóa, Th ể thao và Du lịch 13 1.000814 Thủ tục c ấp Giấy ch ứng nhận đ ủ điều kiện kinh doanh ho ạt động th ể thao đối v ới môn Khiêu vũ th ể thao 07 ngày làm việc 3,5 ngày làm việc"
2026-01-12,115/QĐ-UBND,1.000842,"Thủ tục c ấp Giấy ch ứng nhận đ ủ điều kiện kinh doanh ho ạt động th ể thao 07 ngày làm việc 3,5 ngày làm việc TTPVHCC","VĂN HÓA, THỂ THAO VÀ DU LỊCH",modified,Sửa đổi/bổ sung,province,2026-01-12,not_in_current_master,https://cathai.haiphong.gov.vn/van-hoa-the-thao-va-du-lich/quyet-dinh-so-115-qd-ubnd-ngay-12-01-2026-cua-ubnd-thanh-pho-hai-phong-v-v-cong-bo-danh-muc-thu--848988,https://cdn.haiphong.gov.vn/gov-hpg/5889/tintuc/2026/1/qd-115-cong-bo-tthc-moi-ban-hanh-sua-doi-bo-sung-thuoc-so-vhttdl.signed639046238656915745.pdf,08c5b9301acfac6465ac89a6b3c5cba310e9120b81224d4be0a39ac7a643fa91,"(từ ngày 01/7/2025 đến ngày 31/12/2026) X 3 1.000842 Thủ tục c ấp Giấy ch ứng nhận đ ủ điều kiện kinh doanh ho ạt động th ể thao 07 ngày làm việc 3,5 ngày làm việc TTPVHCC thành phố; TTPVHCC"
2026-01-12,115/QĐ-UBND,1.000847,"Thủ tục c ấp Giấy ch ứng nhận đ ủ điều kiện kinh doanh ho ạt động th ể thao đối v ới môn Bóng bàn 07 ngày làm việc 3,5 ngày làm","VĂN HÓA, THỂ THAO VÀ DU LỊCH",modified,Sửa đổi/bổ sung,province,2026-01-12,repealed,https://cathai.haiphong.gov.vn/van-hoa-the-thao-va-du-lich/quyet-dinh-so-115-qd-ubnd-ngay-12-01-2026-cua-ubnd-thanh-pho-hai-phong-v-v-cong-bo-danh-muc-thu--848988,https://cdn.haiphong.gov.vn/gov-hpg/5889/tintuc/2026/1/qd-115-cong-bo-tthc-moi-ban-hanh-sua-doi-bo-sung-thuoc-so-vhttdl.signed639046238656915745.pdf,08c5b9301acfac6465ac89a6b3c5cba310e9120b81224d4be0a39ac7a643fa91,"đối v ới môn Billiards & Snooker 12 1.000847 Thủ tục c ấp Giấy ch ứng nhận đ ủ điều kiện kinh doanh ho ạt động th ể thao đối v ới môn Bóng bàn 07 ngày làm việc 3,5 ngày làm việc TTPVHCC"
2026-01-12,115/QĐ-UBND,1.000863,"Thủ tục c ấp Giấy ch ứng nhận đ ủ điều kiện kinh doanh ho ạt động th ể thao 07 ngày làm việc 3,5 ngày làm việc TTPVHCC","VĂN HÓA, THỂ THAO VÀ DU LỊCH",modified,Sửa đổi/bổ sung,province,2026-01-12,repealed,https://cathai.haiphong.gov.vn/van-hoa-the-thao-va-du-lich/quyet-dinh-so-115-qd-ubnd-ngay-12-01-2026-cua-ubnd-thanh-pho-hai-phong-v-v-cong-bo-danh-muc-thu--848988,https://cdn.haiphong.gov.vn/gov-hpg/5889/tintuc/2026/1/qd-115-cong-bo-tthc-moi-ban-hanh-sua-doi-bo-sung-thuoc-so-vhttdl.signed639046238656915745.pdf,08c5b9301acfac6465ac89a6b3c5cba310e9120b81224d4be0a39ac7a643fa91,"(từ ngày 01/7/2025 đến ngày 31/12/2026) X 11 1.000863 Thủ tục c ấp Giấy ch ứng nhận đ ủ điều kiện kinh doanh ho ạt động th ể thao 07 ngày làm việc 3,5 ngày làm việc TTPVHCC thành phố; TTPVHCC"
2026-01-12,115/QĐ-UBND,1.000904,"Thủ tục c ấp Giấy ch ứng nhận đ ủ điều kiện kinh doanh ho ạt động th ể thao đối v ới môn Karate 07 ngày làm việc 3,5 ngày làm","VĂN HÓA, THỂ THAO VÀ DU LỊCH",modified,Sửa đổi/bổ sung,province,2026-01-12,not_in_current_master,https://cathai.haiphong.gov.vn/van-hoa-the-thao-va-du-lich/quyet-dinh-so-115-qd-ubnd-ngay-12-01-2026-cua-ubnd-thanh-pho-hai-phong-v-v-cong-bo-danh-muc-thu--848988,https://cdn.haiphong.gov.vn/gov-hpg/5889/tintuc/2026/1/qd-115-cong-bo-tthc-moi-ban-hanh-sua-doi-bo-sung-thuoc-so-vhttdl.signed639046238656915745.pdf,08c5b9301acfac6465ac89a6b3c5cba310e9120b81224d4be0a39ac7a643fa91,"của B ộ Văn hóa, T hể thao và Du lịch 2 1.000904 Thủ tục c ấp Giấy ch ứng nhận đ ủ điều kiện kinh doanh ho ạt động th ể thao đối v ới môn Karate 07 ngày làm việc 3,5 ngày làm việc TTPVHCC"
2026-01-12,115/QĐ-UBND,1.000920,"Thủ tục c ấp Giấy ch ứng nhận đ ủ điều kiện kinh doanh ho ạt động th ể thao đối v ới môn Cầu lông 07 ngày làm việc 3,5 ngày làm","VĂN HÓA, THỂ THAO VÀ DU LỊCH",modified,Sửa đổi/bổ sung,province,2026-01-12,repealed,https://cathai.haiphong.gov.vn/van-hoa-the-thao-va-du-lich/quyet-dinh-so-115-qd-ubnd-ngay-12-01-2026-cua-ubnd-thanh-pho-hai-phong-v-v-cong-bo-danh-muc-thu--848988,https://cdn.haiphong.gov.vn/gov-hpg/5889/tintuc/2026/1/qd-115-cong-bo-tthc-moi-ban-hanh-sua-doi-bo-sung-thuoc-so-vhttdl.signed639046238656915745.pdf,08c5b9301acfac6465ac89a6b3c5cba310e9120b81224d4be0a39ac7a643fa91,"(từ ngày 01/7/2025 đến ngày 31/12/2026) X 10 1.000920 Thủ tục c ấp Giấy ch ứng nhận đ ủ điều kiện kinh doanh ho ạt động th ể thao đối v ới môn Cầu lông 07 ngày làm việc 3,5 ngày làm việc TTPVHCC"
2026-01-12,115/QĐ-UBND,1.000922,"Thủ tục c ấp giấy phép điều chỉnh Gi ấy phép đ ủ điều kiện kinh doanh d ịch v ụ vũ trường 07 ngày làm việc 3,5 ngày làm việc","VĂN HÓA, THỂ THAO VÀ DU LỊCH",modified,Sửa đổi/bổ sung,province,2026-01-12,repealed,https://cathai.haiphong.gov.vn/van-hoa-the-thao-va-du-lich/quyet-dinh-so-115-qd-ubnd-ngay-12-01-2026-cua-ubnd-thanh-pho-hai-phong-v-v-cong-bo-danh-muc-thu--848988,https://cdn.haiphong.gov.vn/gov-hpg/5889/tintuc/2026/1/qd-115-cong-bo-tthc-moi-ban-hanh-sua-doi-bo-sung-thuoc-so-vhttdl.signed639046238656915745.pdf,08c5b9301acfac6465ac89a6b3c5cba310e9120b81224d4be0a39ac7a643fa91,"+ Điều chỉnh thay đổi chủ sở hữu: 500.000 đồng/giấy X 4 1.000922 Thủ tục c ấp giấy phép điều chỉnh Gi ấy phép đ ủ điều kiện kinh doanh d ịch v ụ vũ trường 07 ngày làm việc 3,5 ngày làm việc TTPVHCC thành phố;"
2026-01-12,115/QĐ-UBND,1.000936,"Thủ tục c ấp Giấy ch ứng nhận đ ủ điều kiện kinh doanh ho ạt động th ể thao đối v ới môn Golf 07 ngày làm việc 3,5 ngày","VĂN HÓA, THỂ THAO VÀ DU LỊCH",modified,Sửa đổi/bổ sung,province,2026-01-12,repealed,https://cathai.haiphong.gov.vn/van-hoa-the-thao-va-du-lich/quyet-dinh-so-115-qd-ubnd-ngay-12-01-2026-cua-ubnd-thanh-pho-hai-phong-v-v-cong-bo-danh-muc-thu--848988,https://cdn.haiphong.gov.vn/gov-hpg/5889/tintuc/2026/1/qd-115-cong-bo-tthc-moi-ban-hanh-sua-doi-bo-sung-thuoc-so-vhttdl.signed639046238656915745.pdf,08c5b9301acfac6465ac89a6b3c5cba310e9120b81224d4be0a39ac7a643fa91,"của B ộ Văn hóa, Th ể thao và Du lịch 9 1.000936 Thủ tục c ấp Giấy ch ứng nhận đ ủ điều kiện kinh doanh ho ạt động th ể thao đối v ới môn Golf 07 ngày làm việc 3,5 ngày làm việc"
2026-01-12,115/QĐ-UBND,1.000953,"Thủ tục c ấp Giấy ch ứng nhận đ ủ điều kiện kinh doanh ho ạt động th ể thao đối v ới môn Yoga 07 ngày làm việc 3,5 ngày làm","VĂN HÓA, THỂ THAO VÀ DU LỊCH",modified,Sửa đổi/bổ sung,province,2026-01-12,repealed,https://cathai.haiphong.gov.vn/van-hoa-the-thao-va-du-lich/quyet-dinh-so-115-qd-ubnd-ngay-12-01-2026-cua-ubnd-thanh-pho-hai-phong-v-v-cong-bo-danh-muc-thu--848988,https://cdn.haiphong.gov.vn/gov-hpg/5889/tintuc/2026/1/qd-115-cong-bo-tthc-moi-ban-hanh-sua-doi-bo-sung-thuoc-so-vhttdl.signed639046238656915745.pdf,08c5b9301acfac6465ac89a6b3c5cba310e9120b81224d4be0a39ac7a643fa91,"đối v ới môn Wushu 8 1.000953 Thủ tục c ấp Giấy ch ứng nhận đ ủ điều kiện kinh doanh ho ạt động th ể thao đối v ới môn Yoga 07 ngày làm việc 3,5 ngày làm việc TTPVHCC"
2026-01-12,115/QĐ-UBND,1.000963,"Thủ tục c ấp giấy phép điều chỉnh Gi ấy phép đ ủ điều kiện kinh doanh d ịch v ụ karaoke 07 ngày làm việc 3,5 ngày làm việc","VĂN HÓA, THỂ THAO VÀ DU LỊCH",modified,Sửa đổi/bổ sung,province,2026-01-12,repealed,https://cathai.haiphong.gov.vn/van-hoa-the-thao-va-du-lich/quyet-dinh-so-115-qd-ubnd-ngay-12-01-2026-cua-ubnd-thanh-pho-hai-phong-v-v-cong-bo-danh-muc-thu--848988,https://cdn.haiphong.gov.vn/gov-hpg/5889/tintuc/2026/1/qd-115-cong-bo-tthc-moi-ban-hanh-sua-doi-bo-sung-thuoc-so-vhttdl.signed639046238656915745.pdf,08c5b9301acfac6465ac89a6b3c5cba310e9120b81224d4be0a39ac7a643fa91,"cấp xã 10.000.000đồng/Giấyphép/ lần thẩm định X 3 1.000963 Thủ tục c ấp giấy phép điều chỉnh Gi ấy phép đ ủ điều kiện kinh doanh d ịch v ụ karaoke 07 ngày làm việc 3,5 ngày làm việc TTPVHCC thành phố;"
2026-01-12,115/QĐ-UBND,1.001008,Thủ tục c ấp giấy phép đ ủ điều kiện kinh doanh d ịch v ụ vũ trường 10 ngày làm việc 05 ngày làm việc TTPVHCC thành phố,"VĂN HÓA, THỂ THAO VÀ DU LỊCH",modified,Sửa đổi/bổ sung,province,2026-01-12,repealed,https://cathai.haiphong.gov.vn/van-hoa-the-thao-va-du-lich/quyet-dinh-so-115-qd-ubnd-ngay-12-01-2026-cua-ubnd-thanh-pho-hai-phong-v-v-cong-bo-danh-muc-thu--848988,https://cdn.haiphong.gov.vn/gov-hpg/5889/tintuc/2026/1/qd-115-cong-bo-tthc-moi-ban-hanh-sua-doi-bo-sung-thuoc-so-vhttdl.signed639046238656915745.pdf,08c5b9301acfac6465ac89a6b3c5cba310e9120b81224d4be0a39ac7a643fa91,"thẩm đ ịnh c ấp gi ấy phép kinh doanh karaoke, vũ trường 2 1.001008 Thủ tục c ấp giấy phép đ ủ điều kiện kinh doanh d ịch v ụ vũ trường 10 ngày làm việc 05 ngày làm việc TTPVHCC thành phố; TTPVHCC cấp xã"
2026-01-12,115/QĐ-UBND,1.001029,Thủ tục c ấp giấy phép đ ủ điều kiện kinh doanh d ịch v ụ karaoke 10 ngày làm việc 05 ngày làm việc TTPVHCC thành phố,"VĂN HÓA, THỂ THAO VÀ DU LỊCH",modified,Sửa đổi/bổ sung,province,2026-01-12,repealed,https://cathai.haiphong.gov.vn/van-hoa-the-thao-va-du-lich/quyet-dinh-so-115-qd-ubnd-ngay-12-01-2026-cua-ubnd-thanh-pho-hai-phong-v-v-cong-bo-danh-muc-thu--848988,https://cdn.haiphong.gov.vn/gov-hpg/5889/tintuc/2026/1/qd-115-cong-bo-tthc-moi-ban-hanh-sua-doi-bo-sung-thuoc-so-vhttdl.signed639046238656915745.pdf,08c5b9301acfac6465ac89a6b3c5cba310e9120b81224d4be0a39ac7a643fa91,"của B ộ Văn hóa, Th ể thao và Du lịch III LĨNH VỰC VĂN HÓA (04 TTHC) 1 1.001029 Thủ tục c ấp giấy phép đ ủ điều kiện kinh doanh d ịch v ụ karaoke 10 ngày làm việc 05 ngày làm việc TTPVHCC thành phố; TTPVHCC cấp xã"
2026-01-12,115/QĐ-UBND,1.001195,"Thủ tục c ấp Giấy ch ứng nhận đ ủ điều kiện kinh doanh ho ạt động th ể thao đối v ới môn Taekwondo 07 ngày làm việc 3,5 ngày làm","VĂN HÓA, THỂ THAO VÀ DU LỊCH",modified,Sửa đổi/bổ sung,province,2026-01-12,not_in_current_master,https://cathai.haiphong.gov.vn/van-hoa-the-thao-va-du-lich/quyet-dinh-so-115-qd-ubnd-ngay-12-01-2026-cua-ubnd-thanh-pho-hai-phong-v-v-cong-bo-danh-muc-thu--848988,https://cdn.haiphong.gov.vn/gov-hpg/5889/tintuc/2026/1/qd-115-cong-bo-tthc-moi-ban-hanh-sua-doi-bo-sung-thuoc-so-vhttdl.signed639046238656915745.pdf,08c5b9301acfac6465ac89a6b3c5cba310e9120b81224d4be0a39ac7a643fa91,"Một phần I LĨNH VỰC THỂ DỤC THỂ THAO (20 TTHC) 1 1.001195 Thủ tục c ấp Giấy ch ứng nhận đ ủ điều kiện kinh doanh ho ạt động th ể thao đối v ới môn Taekwondo 07 ngày làm việc 3,5 ngày làm việc TTPVHCC"
2026-01-12,115/QĐ-UBND,1.001500,"Thủ tục c ấp giấy ch ứng nhận đ ủ điều kiện kinh doanh ho ạt động th ể thao đối v ới môn Bóng ném 07 ngày làm việc 3,5 ngày làm","VĂN HÓA, THỂ THAO VÀ DU LỊCH",modified,Sửa đổi/bổ sung,province,2026-01-12,repealed,https://cathai.haiphong.gov.vn/van-hoa-the-thao-va-du-lich/quyet-dinh-so-115-qd-ubnd-ngay-12-01-2026-cua-ubnd-thanh-pho-hai-phong-v-v-cong-bo-danh-muc-thu--848988,https://cdn.haiphong.gov.vn/gov-hpg/5889/tintuc/2026/1/qd-115-cong-bo-tthc-moi-ban-hanh-sua-doi-bo-sung-thuoc-so-vhttdl.signed639046238656915745.pdf,08c5b9301acfac6465ac89a6b3c5cba310e9120b81224d4be0a39ac7a643fa91,"19 1.001500 Thủ tục c ấp giấy ch ứng nhận đ ủ điều kiện kinh doanh ho ạt động th ể thao đối v ới môn Bóng ném 07 ngày làm việc 3,5 ngày làm việc TTPVHCC"
2026-01-12,115/QĐ-UBND,1.001527,"Thủ tục c ấp Giấy ch ứng nhận đ ủ điều kiện kinh doanh ho ạt động th ể thao đối v ới môn Bóng rổ 07 ngày làm việc 3,5 ngày làm","VĂN HÓA, THỂ THAO VÀ DU LỊCH",modified,Sửa đổi/bổ sung,province,2026-01-12,repealed,https://cathai.haiphong.gov.vn/van-hoa-the-thao-va-du-lich/quyet-dinh-so-115-qd-ubnd-ngay-12-01-2026-cua-ubnd-thanh-pho-hai-phong-v-v-cong-bo-danh-muc-thu--848988,https://cdn.haiphong.gov.vn/gov-hpg/5889/tintuc/2026/1/qd-115-cong-bo-tthc-moi-ban-hanh-sua-doi-bo-sung-thuoc-so-vhttdl.signed639046238656915745.pdf,08c5b9301acfac6465ac89a6b3c5cba310e9120b81224d4be0a39ac7a643fa91,"(từ ngày 01/7/2025 đến ngày 31/12/2026) X 20 1.001527 Thủ tục c ấp Giấy ch ứng nhận đ ủ điều kiện kinh doanh ho ạt động th ể thao đối v ới môn Bóng rổ 07 ngày làm việc 3,5 ngày làm việc TTPVHCC"
2026-01-12,115/QĐ-UBND,1.003742,Thủ tục thu hồi giấy phép kinh doanh dịch vụ lữ hành nội địa trong trường hợp doanh nghiệp phá sản,"VĂN HÓA, THỂ THAO VÀ DU LỊCH",repealed,Bãi bỏ,province,2026-01-12,repealed,https://cathai.haiphong.gov.vn/van-hoa-the-thao-va-du-lich/quyet-dinh-so-115-qd-ubnd-ngay-12-01-2026-cua-ubnd-thanh-pho-hai-phong-v-v-cong-bo-danh-muc-thu--848988,https://cdn.haiphong.gov.vn/gov-hpg/5889/tintuc/2026/1/qd-115-cong-bo-tthc-moi-ban-hanh-sua-doi-bo-sung-thuoc-so-vhttdl.signed639046238656915745.pdf,08c5b9301acfac6465ac89a6b3c5cba310e9120b81224d4be0a39ac7a643fa91,Thủ tục thu hồi giấy phép kinh doanh dịch vụ lữ hành nội địa trong trường hợp doanh nghiệp giải thể 3 1.003742 Thủ tục thu hồi giấy phép kinh doanh dịch vụ lữ hành nội địa trong trường hợp doanh nghiệp phá sản
2026-01-12,115/QĐ-UBND,1.004605,Thủ tục c ấp giấy ch ứng nhận khóa c ập nhật ki ến th ức cho hướng dẫn viên du l ịch nội đ ịa và hướng d ẫn 10 ngày 05 ngày TTPVHCC thành phố; TTPVHCC,"VĂN HÓA, THỂ THAO VÀ DU LỊCH",modified,Sửa đổi/bổ sung,province,2026-01-12,not_in_current_master,https://cathai.haiphong.gov.vn/van-hoa-the-thao-va-du-lich/quyet-dinh-so-115-qd-ubnd-ngay-12-01-2026-cua-ubnd-thanh-pho-hai-phong-v-v-cong-bo-danh-muc-thu--848988,https://cdn.haiphong.gov.vn/gov-hpg/5889/tintuc/2026/1/qd-115-cong-bo-tthc-moi-ban-hanh-sua-doi-bo-sung-thuoc-so-vhttdl.signed639046238656915745.pdf,08c5b9301acfac6465ac89a6b3c5cba310e9120b81224d4be0a39ac7a643fa91,"của B ộ Văn hóa, Th ể thao và Du lịch II LĨNH VỰC DU LỊCH (01 TTHC) 1 1.004605 Thủ tục c ấp giấy ch ứng nhận khóa c ập nhật ki ến th ức cho hướng dẫn viên du l ịch nội đ ịa và hướng d ẫn 10 ngày 05 ngày TTPVHCC thành phố; TTPVHCC cấp xã Không quy định X"
2026-01-12,115/QĐ-UBND,1.005162,"Thủ tục c ấp Giấy ch ứng nhận đ ủ điều kiện kinh doanh ho ạt động th ể thao 07 ngày làm việc 3,5 ngày làm việc TTPVHCC","VĂN HÓA, THỂ THAO VÀ DU LỊCH",modified,Sửa đổi/bổ sung,province,2026-01-12,not_in_current_master,https://cathai.haiphong.gov.vn/van-hoa-the-thao-va-du-lich/quyet-dinh-so-115-qd-ubnd-ngay-12-01-2026-cua-ubnd-thanh-pho-hai-phong-v-v-cong-bo-danh-muc-thu--848988,https://cdn.haiphong.gov.vn/gov-hpg/5889/tintuc/2026/1/qd-115-cong-bo-tthc-moi-ban-hanh-sua-doi-bo-sung-thuoc-so-vhttdl.signed639046238656915745.pdf,08c5b9301acfac6465ac89a6b3c5cba310e9120b81224d4be0a39ac7a643fa91,"(từ ngày 01/7/2025 đến ngày 31/12/2026) X 7 1.005162 Thủ tục c ấp Giấy ch ứng nhận đ ủ điều kiện kinh doanh ho ạt động th ể thao 07 ngày làm việc 3,5 ngày làm việc TTPVHCC thành phố; TTPVHCC"
2026-01-12,115/QĐ-UBND,1.005163,"Thủ tục c ấp Giấy ch ứng nhận đ ủ điều 07 ngày 3,5 ngày TTPVHCC thành phố; TTPVHCC - Nộp hồ sơ trực tiếp: 2.000.000 đồng - Nộp hồ sơ trực tuyến: X","VĂN HÓA, THỂ THAO VÀ DU LỊCH",modified,Sửa đổi/bổ sung,province,2026-01-12,repealed,https://cathai.haiphong.gov.vn/van-hoa-the-thao-va-du-lich/quyet-dinh-so-115-qd-ubnd-ngay-12-01-2026-cua-ubnd-thanh-pho-hai-phong-v-v-cong-bo-danh-muc-thu--848988,https://cdn.haiphong.gov.vn/gov-hpg/5889/tintuc/2026/1/qd-115-cong-bo-tthc-moi-ban-hanh-sua-doi-bo-sung-thuoc-so-vhttdl.signed639046238656915745.pdf,08c5b9301acfac6465ac89a6b3c5cba310e9120b81224d4be0a39ac7a643fa91,"(từ ngày 01/7/2025 đến ngày 31/12/2026) X 15 1.005163 Thủ tục c ấp Giấy ch ứng nhận đ ủ điều 07 ngày 3,5 ngày TTPVHCC thành phố; TTPVHCC - Nộp hồ sơ trực tiếp: 2.000.000 đồng - Nộp hồ sơ trực tuyến: X"
2026-01-12,115/QĐ-UBND,1.014629,"Thủ tục thu h ồi giấy phép kinh doanh d ịch v ụ lữ hành nội địa trong trường h ợp doanh nghiệp ch ấm d ứt hoạt đ ộng kinh doanh d ịch v ụ lữ hành, giải thể hoặc phá sản 02 ngày làm việc","VĂN HÓA, THỂ THAO VÀ DU LỊCH",modified,Sửa đổi/bổ sung,province,2026-01-12,not_in_current_master,https://cathai.haiphong.gov.vn/van-hoa-the-thao-va-du-lich/quyet-dinh-so-115-qd-ubnd-ngay-12-01-2026-cua-ubnd-thanh-pho-hai-phong-v-v-cong-bo-danh-muc-thu--848988,https://cdn.haiphong.gov.vn/gov-hpg/5889/tintuc/2026/1/qd-115-cong-bo-tthc-moi-ban-hanh-sua-doi-bo-sung-thuoc-so-vhttdl.signed639046238656915745.pdf,08c5b9301acfac6465ac89a6b3c5cba310e9120b81224d4be0a39ac7a643fa91,"Một phần LĨNH VỰC DU LỊCH 1 1.014629 Thủ tục thu h ồi giấy phép kinh doanh d ịch v ụ lữ hành nội địa trong trường h ợp doanh nghiệp ch ấm d ứt hoạt đ ộng kinh doanh d ịch v ụ lữ hành, giải thể hoặc phá sản 02 ngày làm việc Không đề xuất cắt"
2026-01-12,115/QĐ-UBND,2.001589,Thủ tục thu hồi giấy phép kinh doanh dịch vụ lữ hành nội địa trong trường hợp doanh nghiệp giải thể,"VĂN HÓA, THỂ THAO VÀ DU LỊCH",repealed,Bãi bỏ,province,2026-01-12,repealed,https://cathai.haiphong.gov.vn/van-hoa-the-thao-va-du-lich/quyet-dinh-so-115-qd-ubnd-ngay-12-01-2026-cua-ubnd-thanh-pho-hai-phong-v-v-cong-bo-danh-muc-thu--848988,https://cdn.haiphong.gov.vn/gov-hpg/5889/tintuc/2026/1/qd-115-cong-bo-tthc-moi-ban-hanh-sua-doi-bo-sung-thuoc-so-vhttdl.signed639046238656915745.pdf,08c5b9301acfac6465ac89a6b3c5cba310e9120b81224d4be0a39ac7a643fa91,"tư có quy đ ịnh thủ tục hành chính liên quan đ ến hoạt động sản xuất, kinh doanh thuộc phạm vi quản lý của Bộ Văn hóa, Thể thao và Du lịch 2 2.001589 Thủ tục thu hồi giấy phép kinh doanh dịch vụ lữ hành nội địa trong trường hợp doanh nghiệp giải thể 3 1.003742 Thủ tục thu hồi giấy phép kinh doanh dịch vụ lữ hành nội địa trong trường hợp doanh nghiệp phá sản"
2026-01-12,115/QĐ-UBND,2.001611,"Thủ tục thu hồi giấy phép kinh doanh dịch vụ lữ hành nội địa trong trường hợp doanh nghiệp chấm dứt hoạt động kinh doanh dịch vụ lữ hành Thông tư s ố 21/2025/TT-BVHTTDL ngày 26/12/2025 c ủa Bộ trưởng Bộ Văn hóa, Thể thao và Du lịch sửa đổi, bổ sung một số điều của các Thông","VĂN HÓA, THỂ THAO VÀ DU LỊCH",repealed,Bãi bỏ,province,2026-01-12,repealed,https://cathai.haiphong.gov.vn/van-hoa-the-thao-va-du-lich/quyet-dinh-so-115-qd-ubnd-ngay-12-01-2026-cua-ubnd-thanh-pho-hai-phong-v-v-cong-bo-danh-muc-thu--848988,https://cdn.haiphong.gov.vn/gov-hpg/5889/tintuc/2026/1/qd-115-cong-bo-tthc-moi-ban-hanh-sua-doi-bo-sung-thuoc-so-vhttdl.signed639046238656915745.pdf,08c5b9301acfac6465ac89a6b3c5cba310e9120b81224d4be0a39ac7a643fa91,"STT Mã số TTHC Tên TTHC Tên văn bản QPPL quy định việc bãi bỏ TTHC LĨNH VỰC DU LỊCH 1 2.001611 Thủ tục thu hồi giấy phép kinh doanh dịch vụ lữ hành nội địa trong trường hợp doanh nghiệp chấm dứt hoạt động kinh doanh dịch vụ lữ hành Thông tư s ố 21/2025/TT-BVHTTDL ngày 26/12/2025 c ủa Bộ trưởng Bộ Văn hóa, Thể thao và Du lịch sửa đổi, bổ sung một số điều của các Thông tư có quy đ ịnh thủ tục hành chính liên quan đ ến hoạt động sản xuất, kinh doanh thuộc phạm vi quản lý của Bộ Văn hóa, Thể thao và"
2026-01-12,115/QĐ-UBND,2.002188,"Thủ tục c ấp Giấy ch ứng nhận đ ủ điều kiện kinh doanh ho ạt động th ể thao đối v ới môn Lân sư rồng 07 ngày làm việc 3,5 ngày làm","VĂN HÓA, THỂ THAO VÀ DU LỊCH",modified,Sửa đổi/bổ sung,province,2026-01-12,not_in_current_master,https://cathai.haiphong.gov.vn/van-hoa-the-thao-va-du-lich/quyet-dinh-so-115-qd-ubnd-ngay-12-01-2026-cua-ubnd-thanh-pho-hai-phong-v-v-cong-bo-danh-muc-thu--848988,https://cdn.haiphong.gov.vn/gov-hpg/5889/tintuc/2026/1/qd-115-cong-bo-tthc-moi-ban-hanh-sua-doi-bo-sung-thuoc-so-vhttdl.signed639046238656915745.pdf,08c5b9301acfac6465ac89a6b3c5cba310e9120b81224d4be0a39ac7a643fa91,"đối v ới môn Judo 4 2.002188 Thủ tục c ấp Giấy ch ứng nhận đ ủ điều kiện kinh doanh ho ạt động th ể thao đối v ới môn Lân sư rồng 07 ngày làm việc 3,5 ngày làm việc TTPVHCC"
2026-01-15,186/QĐ-UBND,1.003563,Cấp gi ấy ch ứng nhận an toàn k ỹ thuật tàu cá,THỦY SẢN,modified,Sửa đổi/bổ sung,province,2026-01-15,not_in_current_master,https://cathai.haiphong.gov.vn/linh-vuc-thuy-san-va-kiem-ngu/quyet-dinh-so-186-qd-ubnd-ngay-15-01-2026-cua-ubnd-thanh-pho-hai-phong-v-v-cong-khai-danh-muc-th-851534,https://cdn.haiphong.gov.vn/gov-hpg/5889/tintuc/2026/1/linh-vuc-thuy-san.quyet-dinh-so-186-2026-cong-bo-dmtthc-so-nn-va-mt-ttr38-qd53-68-bnnmt-..signed639051115558327114.pdf,583f4ebea4fa51ad5a72ba384806740b920d6b920cb58722e8775e0aa0f03768,"- Thông tư s ố 02/2026/TT-BNNMT ngày 01/01/2026 2 1.003563 Cấp gi ấy ch ứng nhận an toàn k ỹ thuật tàu cá 01 ngày làm việc, k ể từ ngày nh ận được h ồ sơ đầy đ ủ theo quy định, cơ sở đăng kiểm tàu cá thống nh ất thời gian và Không c ắt giảm th ời gian Cơ sở đăng kiểm tàu cá"
2026-01-15,186/QĐ-UBND,1.003586,"Cấp gi ấy ch ứng nhận đăng ký tạm th ời tàu cá,",THỦY SẢN,modified,Sửa đổi/bổ sung,province,2026-01-15,not_in_current_master,https://cathai.haiphong.gov.vn/linh-vuc-thuy-san-va-kiem-ngu/quyet-dinh-so-186-qd-ubnd-ngay-15-01-2026-cua-ubnd-thanh-pho-hai-phong-v-v-cong-khai-danh-muc-th-851534,https://cdn.haiphong.gov.vn/gov-hpg/5889/tintuc/2026/1/linh-vuc-thuy-san.quyet-dinh-so-186-2026-cong-bo-dmtthc-so-nn-va-mt-ttr38-qd53-68-bnnmt-..signed639051115558327114.pdf,583f4ebea4fa51ad5a72ba384806740b920d6b920cb58722e8775e0aa0f03768,"- Thông tư s ố 02/2026/TT-BNNMT ngày 01/01/2026 6 1.003586 Cấp gi ấy ch ứng nhận đăng ký tạm th ời tàu cá, 02 ngày làm việc Không c ắt giảm th ời gian - Trung tâm Phục v ụ hành Không quy định x - Luật thủy sản số 18/2017/QH14 được sửa đổi, bổ sung bởi Luật số"
2026-01-15,186/QĐ-UBND,1.003590,Cấp Giấy chứng nhận th ẩm đ ịnh thiết kế tàu cá,THỦY SẢN,modified,Sửa đổi/bổ sung,province,2026-01-15,not_in_current_master,https://cathai.haiphong.gov.vn/linh-vuc-thuy-san-va-kiem-ngu/quyet-dinh-so-186-qd-ubnd-ngay-15-01-2026-cua-ubnd-thanh-pho-hai-phong-v-v-cong-khai-danh-muc-th-851534,https://cdn.haiphong.gov.vn/gov-hpg/5889/tintuc/2026/1/linh-vuc-thuy-san.quyet-dinh-so-186-2026-cong-bo-dmtthc-so-nn-va-mt-ttr38-qd53-68-bnnmt-..signed639051115558327114.pdf,583f4ebea4fa51ad5a72ba384806740b920d6b920cb58722e8775e0aa0f03768,"Một phần I LĨNH VỰC THỦY SẢN 1 1.003590 Cấp Giấy chứng nhận th ẩm đ ịnh thiết kế tàu cá 20 ngày (đối với h ồ sơ thiết kế đóng mới, l ần đầu) hoặc 10 ngày làm việc (đối với hồ sơ thi ết kế cải hoán, sửa ch ữa phục hồi) Không c ắt giảm th ời gian Cơ sở đăng"
2026-01-15,186/QĐ-UBND,1.003634,"Cấp l ại gi ấy chứng nhận đăng ký tàu cá, tàu phục v ụ nuôi trồng th ủy sản",THỦY SẢN,modified,Sửa đổi/bổ sung,province,2026-01-15,current,https://cathai.haiphong.gov.vn/linh-vuc-thuy-san-va-kiem-ngu/quyet-dinh-so-186-qd-ubnd-ngay-15-01-2026-cua-ubnd-thanh-pho-hai-phong-v-v-cong-khai-danh-muc-th-851534,https://cdn.haiphong.gov.vn/gov-hpg/5889/tintuc/2026/1/linh-vuc-thuy-san.quyet-dinh-so-186-2026-cong-bo-dmtthc-so-nn-va-mt-ttr38-qd53-68-bnnmt-..signed639051115558327114.pdf,583f4ebea4fa51ad5a72ba384806740b920d6b920cb58722e8775e0aa0f03768,"Thông tư s ố 02/2026/TT- BNNMT ngày 01/01/2026) 5 1.003634 Cấp l ại gi ấy chứng nhận đăng ký tàu cá, tàu phục v ụ nuôi trồng th ủy sản 02 ngày làm việc Không cắt giảm th ời gian - Trung tâm Phục v ụ hành chính công thành phố. - Trung tâm Phục v ụ hành chính công cấp"
2026-01-15,186/QĐ-UBND,1.003650,"Cấp gi ấy ch ứng nhận đăng ký tàu cá, tàu ph ục v ụ nuôi tr ồng th ủy sản",THỦY SẢN,modified,Sửa đổi/bổ sung,province,2026-01-15,current,https://cathai.haiphong.gov.vn/linh-vuc-thuy-san-va-kiem-ngu/quyet-dinh-so-186-qd-ubnd-ngay-15-01-2026-cua-ubnd-thanh-pho-hai-phong-v-v-cong-khai-danh-muc-th-851534,https://cdn.haiphong.gov.vn/gov-hpg/5889/tintuc/2026/1/linh-vuc-thuy-san.quyet-dinh-so-186-2026-cong-bo-dmtthc-so-nn-va-mt-ttr38-qd53-68-bnnmt-..signed639051115558327114.pdf,583f4ebea4fa51ad5a72ba384806740b920d6b920cb58722e8775e0aa0f03768,"định: 16,5 ngày làm việc. 4 1.003650 Cấp gi ấy ch ứng nhận đăng ký tàu cá, tàu ph ục v ụ nuôi tr ồng th ủy sản 03 ngày làm việc Không c ắt giảm th ời gian - Trung tâm Phục v ụ hành chính công thành phố. - Trung tâm Phục v ụ hành chính công cấp xã."
2026-01-15,186/QĐ-UBND,1.003681,"Xóa đăng ký tàu cá, tàu ph ục v ụ nuôi tr ồng th ủy sản - Đối v ới tàu cá, tàu phục v ụ nuôi tr ồng thủy s ản bán, t ặng, cho, thừa kế: 01 ngày làm việc, k ể từ ngày nh ận được hồ sơ",THỦY SẢN,modified,Sửa đổi/bổ sung,province,2026-01-15,not_in_current_master,https://cathai.haiphong.gov.vn/linh-vuc-thuy-san-va-kiem-ngu/quyet-dinh-so-186-qd-ubnd-ngay-15-01-2026-cua-ubnd-thanh-pho-hai-phong-v-v-cong-khai-danh-muc-th-851534,https://cdn.haiphong.gov.vn/gov-hpg/5889/tintuc/2026/1/linh-vuc-thuy-san.quyet-dinh-so-186-2026-cong-bo-dmtthc-so-nn-va-mt-ttr38-qd53-68-bnnmt-..signed639051115558327114.pdf,583f4ebea4fa51ad5a72ba384806740b920d6b920cb58722e8775e0aa0f03768,"- Thông tư s ố 02/2026/TT-BNNMT ngày 01/01/2026 7 1.003681 Xóa đăng ký tàu cá, tàu ph ục v ụ nuôi tr ồng th ủy sản - Đối v ới tàu cá, tàu phục v ụ nuôi tr ồng thủy s ản bán, t ặng, cho, thừa kế: 01 ngày làm việc, k ể từ ngày nh ận được hồ sơ đầy đ ủ, hợp lệ theo"
2026-01-15,186/QĐ-UBND,1.003851,"Cấp văn bản chấp thuận khai thác loài thủy sản nguy cấp, quý, hiếm (vì mục đích bảo tồn, nghiên cứu khoa học, nghiên cứu tạo nguồn giống ban đầu, hợp tác quốc tế)",THỦY SẢN,modified,Sửa đổi/bổ sung,province,2026-01-15,current,https://cathai.haiphong.gov.vn/linh-vuc-thuy-san-va-kiem-ngu/quyet-dinh-so-186-qd-ubnd-ngay-15-01-2026-cua-ubnd-thanh-pho-hai-phong-v-v-cong-khai-danh-muc-th-851534,https://cdn.haiphong.gov.vn/gov-hpg/5889/tintuc/2026/1/linh-vuc-thuy-san.quyet-dinh-so-186-2026-cong-bo-dmtthc-so-nn-va-mt-ttr38-qd53-68-bnnmt-..signed639051115558327114.pdf,583f4ebea4fa51ad5a72ba384806740b920d6b920cb58722e8775e0aa0f03768,"Một phần I LĨNH VỰC THỦY SẢN 1 1.003851 Cấp văn b ản chấp thu ận khai thác loài thủy sản nguy c ấp, quý, hiếm (vì m ục đích b ảo t ồn, nghiên cứu khoa học, nghiên c ứu tạo ngu ồn gi ống ban đầu, hợp tác quốc tế) 15 ngày làm việc 10 ngày làm việc - Trung tâm Phục v ụ hành chính công"
2026-01-15,186/QĐ-UBND,1.003956,Công nhận và giao quyền quản lý cho tổ chức cộng đồng,THỦY SẢN,modified,Sửa đổi/bổ sung,commune,2026-01-15,current,https://cathai.haiphong.gov.vn/linh-vuc-thuy-san-va-kiem-ngu/quyet-dinh-so-186-qd-ubnd-ngay-15-01-2026-cua-ubnd-thanh-pho-hai-phong-v-v-cong-khai-danh-muc-th-851534,https://cdn.haiphong.gov.vn/gov-hpg/5889/tintuc/2026/1/linh-vuc-thuy-san.quyet-dinh-so-186-2026-cong-bo-dmtthc-so-nn-va-mt-ttr38-qd53-68-bnnmt-..signed639051115558327114.pdf,583f4ebea4fa51ad5a72ba384806740b920d6b920cb58722e8775e0aa0f03768,Một phần I LĨNH VỰC THỦY SẢN 1 1.003956 Công nh ận và giao quy ền qu ản lý cho t ổ chức - Thông báo Phương án - Thông báo Phương án - Trung tâm Phục v ụ hành Không quy định x - Luật thủy sản số 18/2017/QH14 được sửa
2026-01-15,186/QĐ-UBND,1.004478,Công b ố mở cảng cá loại III,THỦY SẢN,modified,Sửa đổi/bổ sung,commune,2026-01-15,current,https://cathai.haiphong.gov.vn/linh-vuc-thuy-san-va-kiem-ngu/quyet-dinh-so-186-qd-ubnd-ngay-15-01-2026-cua-ubnd-thanh-pho-hai-phong-v-v-cong-khai-danh-muc-th-851534,https://cdn.haiphong.gov.vn/gov-hpg/5889/tintuc/2026/1/linh-vuc-thuy-san.quyet-dinh-so-186-2026-cong-bo-dmtthc-so-nn-va-mt-ttr38-qd53-68-bnnmt-..signed639051115558327114.pdf,583f4ebea4fa51ad5a72ba384806740b920d6b920cb58722e8775e0aa0f03768,trình Một phần 5 1.004478 Công b ố mở cảng cá loại III 05 ngày làm việc Không c ắt giảm th ời gian - Trung tâm Phục vụ hành chính công cấp xã. - Trung tâm Phục v ụ hành chính công thành phố. Không quy định
2026-01-15,186/QĐ-UBND,1.004498,"Sửa đổi, bổ sung nội dung quyết định công nhận và giao quyền quản lý cho tổ chức cộng đồng",THỦY SẢN,modified,Sửa đổi/bổ sung,commune,2026-01-15,current,https://cathai.haiphong.gov.vn/linh-vuc-thuy-san-va-kiem-ngu/quyet-dinh-so-186-qd-ubnd-ngay-15-01-2026-cua-ubnd-thanh-pho-hai-phong-v-v-cong-khai-danh-muc-th-851534,https://cdn.haiphong.gov.vn/gov-hpg/5889/tintuc/2026/1/linh-vuc-thuy-san.quyet-dinh-so-186-2026-cong-bo-dmtthc-so-nn-va-mt-ttr38-qd53-68-bnnmt-..signed639051115558327114.pdf,583f4ebea4fa51ad5a72ba384806740b920d6b920cb58722e8775e0aa0f03768,"- Thông tư số 88/2025/TT-BNNMT ngày 31/12/2025 2 1.004498 Sửa đổi, bổ sung nội dung quy ết định công nh ận và giao quy ền quản lý cho t ổ chức c ộng đ ồng - Đối với trường hợp đề nghị thay đổi tên tổ chức cộng đồng; - Đối với trường hợp đề nghị thay đổi tên tổ"
2026-01-15,186/QĐ-UBND,1.004656,"Xác nhận nguồn gốc loài thủy sản thuộc Phụ lục Công ước quốc tế về buôn bán các loài động vật, thực vật hoang dã, nguy cấp; loài thủy sản nguy cấp, quý, hiếm có nguồn gốc khai thác từ tự nhiên",THỦY SẢN,modified,Sửa đổi/bổ sung,commune,2026-01-15,current,https://cathai.haiphong.gov.vn/linh-vuc-thuy-san-va-kiem-ngu/quyet-dinh-so-186-qd-ubnd-ngay-15-01-2026-cua-ubnd-thanh-pho-hai-phong-v-v-cong-khai-danh-muc-th-851534,https://cdn.haiphong.gov.vn/gov-hpg/5889/tintuc/2026/1/linh-vuc-thuy-san.quyet-dinh-so-186-2026-cong-bo-dmtthc-so-nn-va-mt-ttr38-qd53-68-bnnmt-..signed639051115558327114.pdf,583f4ebea4fa51ad5a72ba384806740b920d6b920cb58722e8775e0aa0f03768,"sinh sản và trồng c ấy nhân tạo 4 1.004656 Xác nh ận ngu ồn gốc loài thủy sản thuộc Ph ụ lục Công ư ớc qu ốc tế về buôn bán các loài động vật, thực v ật ho ang dã, nguy cấp; loài th ủy s ản nguy c ấp, quý, hiếm có ngu ồn gốc khai thác t ừ tự nhiên 05 ngày làm việc kể từ ngày nhận đư ợc hồ sơ đ ầy"
2026-01-15,186/QĐ-UBND,1.004680,"Xác nhận nguồn gốc loài thủy sản thuộc Phụ lục Công ước quốc tế về buôn bán các loài động vật, thực vật hoang dã nguy cấp; loài thủy sản nguy cấp, quý, hiếm có nguồn gốc từ nuôi trồng",THỦY SẢN,modified,Sửa đổi/bổ sung,commune,2026-01-15,current,https://cathai.haiphong.gov.vn/linh-vuc-thuy-san-va-kiem-ngu/quyet-dinh-so-186-qd-ubnd-ngay-15-01-2026-cua-ubnd-thanh-pho-hai-phong-v-v-cong-khai-danh-muc-th-851534,https://cdn.haiphong.gov.vn/gov-hpg/5889/tintuc/2026/1/linh-vuc-thuy-san.quyet-dinh-so-186-2026-cong-bo-dmtthc-so-nn-va-mt-ttr38-qd53-68-bnnmt-..signed639051115558327114.pdf,583f4ebea4fa51ad5a72ba384806740b920d6b920cb58722e8775e0aa0f03768,"định: 16,5 ngày làm việc 3 1.004680 Xác nh ận ngu ồn gốc loài thủy sản thuộc Ph ụ lục Công ư ớc qu ốc tế về buôn bán các loài động vật, thực v ật hoang dã nguy cấp; loài thủy s ản nguy cấp, quý, hiếm có nguồn g ốc t ừ nuôi trồng - 03 ngày làm việc kể từ ngày nhận đư ợc hồ sơ đ ầy đủ."
2026-01-15,186/QĐ-UBND,1.004694,"Công b ố mở cảng cá loại I, loại II",THỦY SẢN,modified,Sửa đổi/bổ sung,province,2026-01-15,not_in_current_master,https://cathai.haiphong.gov.vn/linh-vuc-thuy-san-va-kiem-ngu/quyet-dinh-so-186-qd-ubnd-ngay-15-01-2026-cua-ubnd-thanh-pho-hai-phong-v-v-cong-khai-danh-muc-th-851534,https://cdn.haiphong.gov.vn/gov-hpg/5889/tintuc/2026/1/linh-vuc-thuy-san.quyet-dinh-so-186-2026-cong-bo-dmtthc-so-nn-va-mt-ttr38-qd53-68-bnnmt-..signed639051115558327114.pdf,583f4ebea4fa51ad5a72ba384806740b920d6b920cb58722e8775e0aa0f03768,"- Thông tư s ố 02/2026/TT-BNNMT ngày 01/01/2026 9 1.004694 Công b ố mở cảng cá loại I, loại II 05 ngày làm vi ệc, kể từ ngày nhận đư ợc Không c ắt giảm th ời gian - Trung tâm Phục v ụ hành chính công thành phố. Không quy định x - Luật thủy sản số 18/2017/QH14 được sửa"
2026-01-15,186/QĐ-UBND,1.004921,"Sửa đổi, bổ sung nội dung quy ết định công nh ận và giao quy ền quản lý cho t ổ chức c ộng đ ồng - Đối v ới trường hợp đ ề nghị thay đổi tên t ổ chức c ộng - Đối v ới trường hợp đ ề nghị thay",THỦY SẢN,modified,Sửa đổi/bổ sung,province,2026-01-15,not_in_current_master,https://cathai.haiphong.gov.vn/linh-vuc-thuy-san-va-kiem-ngu/quyet-dinh-so-186-qd-ubnd-ngay-15-01-2026-cua-ubnd-thanh-pho-hai-phong-v-v-cong-khai-danh-muc-th-851534,https://cdn.haiphong.gov.vn/gov-hpg/5889/tintuc/2026/1/linh-vuc-thuy-san.quyet-dinh-so-186-2026-cong-bo-dmtthc-so-nn-va-mt-ttr38-qd53-68-bnnmt-..signed639051115558327114.pdf,583f4ebea4fa51ad5a72ba384806740b920d6b920cb58722e8775e0aa0f03768,"146/2015/QH15. Thông tư số 88/2025/TT - BNNMT ngày 31/12/2025 3 1.004921 Sửa đổi, bổ sung nội dung quy ết định công nh ận và giao quy ền quản lý cho t ổ chức c ộng đ ồng - Đối v ới trường hợp đ ề nghị thay đổi tên t ổ chức c ộng - Đối v ới trường hợp đ ề nghị thay đổi tên t ổ chức c ộng"
2026-01-15,186/QĐ-UBND,1.004923,Công nh ận và giao quy ền qu ản - Thông báo - Thông báo,THỦY SẢN,modified,Sửa đổi/bổ sung,province,2026-01-15,not_in_current_master,https://cathai.haiphong.gov.vn/linh-vuc-thuy-san-va-kiem-ngu/quyet-dinh-so-186-qd-ubnd-ngay-15-01-2026-cua-ubnd-thanh-pho-hai-phong-v-v-cong-khai-danh-muc-th-851534,https://cdn.haiphong.gov.vn/gov-hpg/5889/tintuc/2026/1/linh-vuc-thuy-san.quyet-dinh-so-186-2026-cong-bo-dmtthc-so-nn-va-mt-ttr38-qd53-68-bnnmt-..signed639051115558327114.pdf,583f4ebea4fa51ad5a72ba384806740b920d6b920cb58722e8775e0aa0f03768,(viết tắt là Thông tư số 88/2025/TT-BNNMT ngày 31/12/2025) 2 1.004923 Công nh ận và giao quy ền qu ản - Thông báo - Thông báo - Trung tâm Phục v ụ hành Không quy định x - Luật thủy sản số
2026-01-15,186/QĐ-UBND,1.004929,"Cấp gi ấy phép nhập kh ẩu tàu cá, thuê tàu trần",THỦY SẢN,modified,Sửa đổi/bổ sung,province,2026-01-15,current,https://cathai.haiphong.gov.vn/linh-vuc-thuy-san-va-kiem-ngu/quyet-dinh-so-186-qd-ubnd-ngay-15-01-2026-cua-ubnd-thanh-pho-hai-phong-v-v-cong-khai-danh-muc-th-851534,https://cdn.haiphong.gov.vn/gov-hpg/5889/tintuc/2026/1/linh-vuc-thuy-san.quyet-dinh-so-186-2026-cong-bo-dmtthc-so-nn-va-mt-ttr38-qd53-68-bnnmt-..signed639051115558327114.pdf,583f4ebea4fa51ad5a72ba384806740b920d6b920cb58722e8775e0aa0f03768,"nhưng không có thông tin 8 1.004929 Cấp gi ấy phép nhập kh ẩu tàu cá, thuê tàu trần 05 ngày làm việc Không c ắt giảm th ời gian - Trung tâm Phục v ụ hành chính công thành phố. - Trung tâm Phục v ụ hành chính công cấp xã. Không quy định"
2026-01-16,190/QĐ-UBND,1.000376,"Cấp Giấy phép thành - 07 ngày 3,5 ngày",CÔNG THƯƠNG,modified,Sửa đổi/bổ sung,province,2026-01-16,not_in_current_master,https://cathai.haiphong.gov.vn/linh-vuc-cong-thuong/quyet-dinh-so-190-qd-ubnd-ngay-16-01-2026-cua-ubnd-thanh-pho-hai-phong-v-v-cong-bo-danh-muc-thu--848220,https://cdn.haiphong.gov.vn/gov-hpg/5889/tintuc/2026/1/qd-cong-bo-danh-muc-tthc-thuoc-pham-vi-chuc-nang-quan-ly-cua-so-cong-thuong..signed639045191347357139.pdf,d96683ab0ae3512ed72c72ecb60632c2e835a905fd506cbe421683ded8de2a8d,"định cắt giảm, đơn giản hóa thủ tục hành chính dựa trên dữ liệu. 13 1.000376 Cấp Giấy phép thành - 07 ngày 3,5 ngày - Trung tâm Phục vụ Không quy định X - Nghị định số 07/2016/NĐ-CP ngày"
2026-01-16,190/QĐ-UBND,1.000382,Cấp Giấy - Không Nộp trực tuyến tại 30.000 đồng X - Nghị định số,CÔNG THƯƠNG,modified,Sửa đổi/bổ sung,province,2026-01-16,not_in_current_master,https://cathai.haiphong.gov.vn/linh-vuc-cong-thuong/quyet-dinh-so-190-qd-ubnd-ngay-16-01-2026-cua-ubnd-thanh-pho-hai-phong-v-v-cong-bo-danh-muc-thu--848220,https://cdn.haiphong.gov.vn/gov-hpg/5889/tintuc/2026/1/qd-cong-bo-danh-muc-tthc-thuoc-pham-vi-chuc-nang-quan-ly-cua-so-cong-thuong..signed639045191347357139.pdf,d96683ab0ae3512ed72c72ecb60632c2e835a905fd506cbe421683ded8de2a8d,"quy định cắt giảm, đơn giản hóa thủ tục hành chính dựa trên dữ liệu. 12 1.000382 Cấp Giấy - Không Nộp trực tuyến tại 30.000 đồng X - Nghị định số"
2026-01-16,190/QĐ-UBND,1.000398,Cấp Giấy chứng nhận xuất xứ hàng hoá (C/O),CÔNG THƯƠNG,modified,Sửa đổi/bổ sung,province,2026-01-16,not_in_current_master,https://cathai.haiphong.gov.vn/linh-vuc-cong-thuong/quyet-dinh-so-190-qd-ubnd-ngay-16-01-2026-cua-ubnd-thanh-pho-hai-phong-v-v-cong-bo-danh-muc-thu--848220,https://cdn.haiphong.gov.vn/gov-hpg/5889/tintuc/2026/1/qd-cong-bo-danh-muc-tthc-thuoc-pham-vi-chuc-nang-quan-ly-cua-so-cong-thuong..signed639045191347357139.pdf,d96683ab0ae3512ed72c72ecb60632c2e835a905fd506cbe421683ded8de2a8d,giản hóa thủ tục hành chính dựa trên dữ liệu. 16 1.000398 Cấp Giấy chứng nhận xuất xứ hàng hoá (C/O) không ưu đãi mẫu ICO - Trường hợp nộp qua Hệ thống điện tử Ecosys : 06 giờ làm việc kể từ khi
2026-01-16,190/QĐ-UBND,1.000430,Cấp Giấy chứng nhận xuất xứ hàng hoá (C/O) mẫu DA59 (cho hàng hóa xuất khẩu đi Châu Phi) - Trường hợp nộp qua Hệ thống điện tử,CÔNG THƯƠNG,modified,Sửa đổi/bổ sung,province,2026-01-16,not_in_current_master,https://cathai.haiphong.gov.vn/linh-vuc-cong-thuong/quyet-dinh-so-190-qd-ubnd-ngay-16-01-2026-cua-ubnd-thanh-pho-hai-phong-v-v-cong-bo-danh-muc-thu--848220,https://cdn.haiphong.gov.vn/gov-hpg/5889/tintuc/2026/1/qd-cong-bo-danh-muc-tthc-thuoc-pham-vi-chuc-nang-quan-ly-cua-so-cong-thuong..signed639045191347357139.pdf,d96683ab0ae3512ed72c72ecb60632c2e835a905fd506cbe421683ded8de2a8d,giản hóa thủ tục hành chính dựa trên dữ liệu. 15 1.000430 Cấp Giấy chứng nhận xuất xứ hàng hoá (C/O) mẫu DA59 (cho hàng hóa xuất khẩu đi Châu Phi) - Trường hợp nộp qua Hệ thống điện tử Ecosys : 06 giờ
2026-01-16,190/QĐ-UBND,1.000431,Cấp Giấy chứng nhận xuất xứ hàng hóa (C/O) ưu đãi mẫu VK - Trường hợp nộp qua Hệ thống điện tử Ecosys : 06 giờ làm,CÔNG THƯƠNG,modified,Sửa đổi/bổ sung,province,2026-01-16,not_in_current_master,https://cathai.haiphong.gov.vn/linh-vuc-cong-thuong/quyet-dinh-so-190-qd-ubnd-ngay-16-01-2026-cua-ubnd-thanh-pho-hai-phong-v-v-cong-bo-danh-muc-thu--848220,https://cdn.haiphong.gov.vn/gov-hpg/5889/tintuc/2026/1/qd-cong-bo-danh-muc-tthc-thuoc-pham-vi-chuc-nang-quan-ly-cua-so-cong-thuong..signed639045191347357139.pdf,d96683ab0ae3512ed72c72ecb60632c2e835a905fd506cbe421683ded8de2a8d,giản hóa thủ tục hành chính dựa trên dữ liệu. 11 1.000431 Cấp Giấy chứng nhận xuất xứ hàng hóa (C/O) ưu đãi mẫu VK - Trường hợp nộp qua Hệ thống điện tử Ecosys : 06 giờ làm việc kể từ khi
2026-01-16,190/QĐ-UBND,1.000432,Cấp Giấy chứng nhận xuất xứ hàng hóa (C/O) ưu đãi mẫu AJ - Trường hợp nộp qua Hệ thống điện tử Ecosys : 06 giờ,CÔNG THƯƠNG,modified,Sửa đổi/bổ sung,province,2026-01-16,not_in_current_master,https://cathai.haiphong.gov.vn/linh-vuc-cong-thuong/quyet-dinh-so-190-qd-ubnd-ngay-16-01-2026-cua-ubnd-thanh-pho-hai-phong-v-v-cong-bo-danh-muc-thu--848220,https://cdn.haiphong.gov.vn/gov-hpg/5889/tintuc/2026/1/qd-cong-bo-danh-muc-tthc-thuoc-pham-vi-chuc-nang-quan-ly-cua-so-cong-thuong..signed639045191347357139.pdf,d96683ab0ae3512ed72c72ecb60632c2e835a905fd506cbe421683ded8de2a8d,"quy định cắt giảm, đơn giản hóa thủ tục hành chính dựa trên dữ liệu. 4 1.000432 Cấp Giấy chứng nhận xuất xứ hàng hóa (C/O) ưu đãi mẫu AJ - Trường hợp nộp qua Hệ thống điện tử Ecosys : 06 giờ làm việc kể"
2026-01-16,190/QĐ-UBND,1.000450,Cấp Giấy chứng nhận xuất xứ hàng hoá (C/O),CÔNG THƯƠNG,modified,Sửa đổi/bổ sung,province,2026-01-16,not_in_current_master,https://cathai.haiphong.gov.vn/linh-vuc-cong-thuong/quyet-dinh-so-190-qd-ubnd-ngay-16-01-2026-cua-ubnd-thanh-pho-hai-phong-v-v-cong-bo-danh-muc-thu--848220,https://cdn.haiphong.gov.vn/gov-hpg/5889/tintuc/2026/1/qd-cong-bo-danh-muc-tthc-thuoc-pham-vi-chuc-nang-quan-ly-cua-so-cong-thuong..signed639045191347357139.pdf,d96683ab0ae3512ed72c72ecb60632c2e835a905fd506cbe421683ded8de2a8d,giản hóa thủ tục hành chính dựa trên dữ liệu. 14 1.000450 Cấp Giấy chứng nhận xuất xứ hàng hoá (C/O) không ưu đãi mẫu B - Trường hợp nộp qua Hệ thống điện tử Ecosys : 06 giờ làm việc kể từ khi
2026-01-16,190/QĐ-UBND,1.000475,"Cấp Giấy chứng nhận đủ điều kiện sản xuất, sửa chữa chai LPG Trong thời hạn",CÔNG THƯƠNG,modified,Sửa đổi/bổ sung,province,2026-01-16,repealed,https://cathai.haiphong.gov.vn/linh-vuc-cong-thuong/quyet-dinh-so-190-qd-ubnd-ngay-16-01-2026-cua-ubnd-thanh-pho-hai-phong-v-v-cong-bo-danh-muc-thu--848220,https://cdn.haiphong.gov.vn/gov-hpg/5889/tintuc/2026/1/qd-cong-bo-danh-muc-tthc-thuoc-pham-vi-chuc-nang-quan-ly-cua-so-cong-thuong..signed639045191347357139.pdf,d96683ab0ae3512ed72c72ecb60632c2e835a905fd506cbe421683ded8de2a8d,"13 1.000475 Cấp Giấy chứng nhận đủ điều kiện sản xuất, sửa chữa chai LPG Trong thời hạn 15 ngày làm việc kể từ ngày nhận được hồ sơ đầy đủ, hợp lệ."
2026-01-16,190/QĐ-UBND,1.000490,Cấp Giấy chứng nhận - Trường,CÔNG THƯƠNG,modified,Sửa đổi/bổ sung,province,2026-01-16,not_in_current_master,https://cathai.haiphong.gov.vn/linh-vuc-cong-thuong/quyet-dinh-so-190-qd-ubnd-ngay-16-01-2026-cua-ubnd-thanh-pho-hai-phong-v-v-cong-bo-danh-muc-thu--848220,https://cdn.haiphong.gov.vn/gov-hpg/5889/tintuc/2026/1/qd-cong-bo-danh-muc-tthc-thuoc-pham-vi-chuc-nang-quan-ly-cua-so-cong-thuong..signed639045191347357139.pdf,d96683ab0ae3512ed72c72ecb60632c2e835a905fd506cbe421683ded8de2a8d,"quy định cắt giảm, đơn giản hóa thủ tục hành chính dựa trên dữ liệu. 13 1.000490 Cấp Giấy chứng nhận - Trường Không cắt Nộp trực tuyến tại 30.000 đồng X - Nghị định số 31/2018/NĐ-CP ngày"
2026-01-16,190/QĐ-UBND,1.000603,Cấp Giấy chứng nhận xuất xứ hàng hóa (C/O) ưu đãi mẫu AK - Trường hợp nộp qua Hệ thống điện tử Ecosys,CÔNG THƯƠNG,modified,Sửa đổi/bổ sung,province,2026-01-16,not_in_current_master,https://cathai.haiphong.gov.vn/linh-vuc-cong-thuong/quyet-dinh-so-190-qd-ubnd-ngay-16-01-2026-cua-ubnd-thanh-pho-hai-phong-v-v-cong-bo-danh-muc-thu--848220,https://cdn.haiphong.gov.vn/gov-hpg/5889/tintuc/2026/1/qd-cong-bo-danh-muc-tthc-thuoc-pham-vi-chuc-nang-quan-ly-cua-so-cong-thuong..signed639045191347357139.pdf,d96683ab0ae3512ed72c72ecb60632c2e835a905fd506cbe421683ded8de2a8d,"quy định cắt giảm, đơn giản hóa thủ tục hành chính dựa trên dữ liệu. 3 1.000603 Cấp Giấy chứng nhận xuất xứ hàng hóa (C/O) ưu đãi mẫu AK - Trường hợp nộp qua Hệ thống điện tử Ecosys Không cắt giảm"
2026-01-16,190/QĐ-UBND,1.000664,Cấp Giấy chứng nhận xuất xứ hàng hóa (C/O) ưu đãi mẫu VC - Trường hợp nộp qua Hệ thống điện tử Ecosys : 06 giờ làm,CÔNG THƯƠNG,modified,Sửa đổi/bổ sung,province,2026-01-16,not_in_current_master,https://cathai.haiphong.gov.vn/linh-vuc-cong-thuong/quyet-dinh-so-190-qd-ubnd-ngay-16-01-2026-cua-ubnd-thanh-pho-hai-phong-v-v-cong-bo-danh-muc-thu--848220,https://cdn.haiphong.gov.vn/gov-hpg/5889/tintuc/2026/1/qd-cong-bo-danh-muc-tthc-thuoc-pham-vi-chuc-nang-quan-ly-cua-so-cong-thuong..signed639045191347357139.pdf,d96683ab0ae3512ed72c72ecb60632c2e835a905fd506cbe421683ded8de2a8d,giản hóa thủ tục hành chính dựa trên dữ liệu. 10 1.000664 Cấp Giấy chứng nhận xuất xứ hàng hóa (C/O) ưu đãi mẫu VC - Trường hợp nộp qua Hệ thống điện tử Ecosys : 06 giờ làm việc kể từ khi
2026-01-16,190/QĐ-UBND,1.000665,Cấp Giấy chứng nhận xuất xứ hàng hóa (C/O) - Trường hợp nộp,CÔNG THƯƠNG,modified,Sửa đổi/bổ sung,province,2026-01-16,not_in_current_master,https://cathai.haiphong.gov.vn/linh-vuc-cong-thuong/quyet-dinh-so-190-qd-ubnd-ngay-16-01-2026-cua-ubnd-thanh-pho-hai-phong-v-v-cong-bo-danh-muc-thu--848220,https://cdn.haiphong.gov.vn/gov-hpg/5889/tintuc/2026/1/qd-cong-bo-danh-muc-tthc-thuoc-pham-vi-chuc-nang-quan-ly-cua-so-cong-thuong..signed639045191347357139.pdf,d96683ab0ae3512ed72c72ecb60632c2e835a905fd506cbe421683ded8de2a8d,hóa thủ tục hành chính dựa trên dữ liệu. XI LĨNH VỰC XUẤT NHẬP KHẨU (37 TTHC) 1 1.000665 Cấp Giấy chứng nhận xuất xứ hàng hóa (C/O) - Trường hợp nộp Không cắt giảm Nộp trực tuyến tại Hệ thống Quản lý và cấp chứng nhận xuất xứ điện tử 30.000 đồng X - Nghị định số
2026-01-16,190/QĐ-UBND,1.000676,Cấp Giấy chứng nhận xuất xứ hàng hóa (C/O) ưu đãi mẫu S - Trường hợp nộp qua Hệ thống điện tử Ecosys : 06 giờ làm,CÔNG THƯƠNG,modified,Sửa đổi/bổ sung,province,2026-01-16,not_in_current_master,https://cathai.haiphong.gov.vn/linh-vuc-cong-thuong/quyet-dinh-so-190-qd-ubnd-ngay-16-01-2026-cua-ubnd-thanh-pho-hai-phong-v-v-cong-bo-danh-muc-thu--848220,https://cdn.haiphong.gov.vn/gov-hpg/5889/tintuc/2026/1/qd-cong-bo-danh-muc-tthc-thuoc-pham-vi-chuc-nang-quan-ly-cua-so-cong-thuong..signed639045191347357139.pdf,d96683ab0ae3512ed72c72ecb60632c2e835a905fd506cbe421683ded8de2a8d,giản hóa thủ tục hành chính dựa trên dữ liệu. 7 1.000676 Cấp Giấy chứng nhận xuất xứ hàng hóa (C/O) ưu đãi mẫu S - Trường hợp nộp qua Hệ thống điện tử Ecosys : 06 giờ làm việc kể từ khi
2026-01-16,190/QĐ-UBND,1.000686,Cấp Giấy chứng nhận xuất xứ hàng hóa (C/O) - Trường hợp nộp,CÔNG THƯƠNG,modified,Sửa đổi/bổ sung,province,2026-01-16,not_in_current_master,https://cathai.haiphong.gov.vn/linh-vuc-cong-thuong/quyet-dinh-so-190-qd-ubnd-ngay-16-01-2026-cua-ubnd-thanh-pho-hai-phong-v-v-cong-bo-danh-muc-thu--848220,https://cdn.haiphong.gov.vn/gov-hpg/5889/tintuc/2026/1/qd-cong-bo-danh-muc-tthc-thuoc-pham-vi-chuc-nang-quan-ly-cua-so-cong-thuong..signed639045191347357139.pdf,d96683ab0ae3512ed72c72ecb60632c2e835a905fd506cbe421683ded8de2a8d,giản hóa thủ tục hành chính dựa trên dữ liệu. 9 1.000686 Cấp Giấy chứng nhận xuất xứ hàng hóa (C/O) - Trường hợp nộp Không cắt giảm Nộp trực tuyến tại Hệ thống Quản lý và cấp chứng nhận 30.000 đồng X - Nghị định số 31/2018/NĐ-CP ngày 08/3/2018 của Chính phủ quy định chi tiết Luật
2026-01-16,190/QĐ-UBND,1.000694,Cấp Giấy chứng nhận xuất xứ hàng hóa (C/O) ưu đãi mẫu AANZ - Trường hợp nộp qua Hệ thống điện tử Ecosys : 06 giờ làm,CÔNG THƯƠNG,modified,Sửa đổi/bổ sung,province,2026-01-16,not_in_current_master,https://cathai.haiphong.gov.vn/linh-vuc-cong-thuong/quyet-dinh-so-190-qd-ubnd-ngay-16-01-2026-cua-ubnd-thanh-pho-hai-phong-v-v-cong-bo-danh-muc-thu--848220,https://cdn.haiphong.gov.vn/gov-hpg/5889/tintuc/2026/1/qd-cong-bo-danh-muc-tthc-thuoc-pham-vi-chuc-nang-quan-ly-cua-so-cong-thuong..signed639045191347357139.pdf,d96683ab0ae3512ed72c72ecb60632c2e835a905fd506cbe421683ded8de2a8d,giản hóa thủ tục hành chính dựa trên dữ liệu. 6 1.000694 Cấp Giấy chứng nhận xuất xứ hàng hóa (C/O) ưu đãi mẫu AANZ - Trường hợp nộp qua Hệ thống điện tử Ecosys : 06 giờ làm việc kể từ khi
2026-01-16,190/QĐ-UBND,1.000695,Cấp Giấy chứng nhận xuất xứ hàng hóa (C/O) ưu đãi mẫu E - Trường hợp nộp qua Hệ thống điện tử Ecosys : 06 giờ,CÔNG THƯƠNG,modified,Sửa đổi/bổ sung,province,2026-01-16,not_in_current_master,https://cathai.haiphong.gov.vn/linh-vuc-cong-thuong/quyet-dinh-so-190-qd-ubnd-ngay-16-01-2026-cua-ubnd-thanh-pho-hai-phong-v-v-cong-bo-danh-muc-thu--848220,https://cdn.haiphong.gov.vn/gov-hpg/5889/tintuc/2026/1/qd-cong-bo-danh-muc-tthc-thuoc-pham-vi-chuc-nang-quan-ly-cua-so-cong-thuong..signed639045191347357139.pdf,d96683ab0ae3512ed72c72ecb60632c2e835a905fd506cbe421683ded8de2a8d,giản hóa thủ tục hành chính dựa trên dữ liệu. 2 1.000695 Cấp Giấy chứng nhận xuất xứ hàng hóa (C/O) ưu đãi mẫu E - Trường hợp nộp qua Hệ thống điện tử Ecosys : 06 giờ làm việc kể
2026-01-16,190/QĐ-UBND,1.000706,"Cấp Giấy chứng nhận đủ điều kiện thương nhân xuất khẩu, nhập khẩu CNG",CÔNG THƯƠNG,modified,Sửa đổi/bổ sung,province,2026-01-16,repealed,https://cathai.haiphong.gov.vn/linh-vuc-cong-thuong/quyet-dinh-so-190-qd-ubnd-ngay-16-01-2026-cua-ubnd-thanh-pho-hai-phong-v-v-cong-bo-danh-muc-thu--848220,https://cdn.haiphong.gov.vn/gov-hpg/5889/tintuc/2026/1/qd-cong-bo-danh-muc-tthc-thuoc-pham-vi-chuc-nang-quan-ly-cua-so-cong-thuong..signed639045191347357139.pdf,d96683ab0ae3512ed72c72ecb60632c2e835a905fd506cbe421683ded8de2a8d,"- Nghị quyết 66.7/2025/NQ-CP ngày 15 tháng 11 năm 2025 quy 2 1.000706 Cấp Giấy chứng nhận đủ điều kiện thương nhân xuất khẩu, nhập khẩu CNG 15 ngày làm việc kể từ ngày nhận được hồ sơ đầy đủ và hợp lệ 7,5 ngày"
2026-01-16,190/QĐ-UBND,1.000774,Cấp giấy phép lập cơ sở bán lẻ ngoài cơ sở bán lẻ thứ nhất thuộc trường hợp phải thực hiện thủ tục kiểm tra nhu cầu kinh tế (ENT) 28 ngày làm việc và,CÔNG THƯƠNG,modified,Sửa đổi/bổ sung,province,2026-01-16,not_in_current_master,https://cathai.haiphong.gov.vn/linh-vuc-cong-thuong/quyet-dinh-so-190-qd-ubnd-ngay-16-01-2026-cua-ubnd-thanh-pho-hai-phong-v-v-cong-bo-danh-muc-thu--848220,https://cdn.haiphong.gov.vn/gov-hpg/5889/tintuc/2026/1/qd-cong-bo-danh-muc-tthc-thuoc-pham-vi-chuc-nang-quan-ly-cua-so-cong-thuong..signed639045191347357139.pdf,d96683ab0ae3512ed72c72ecb60632c2e835a905fd506cbe421683ded8de2a8d,hóa thủ tục hành chính dựa trên dữ liệu. 9 1.000774 Cấp giấy phép lập cơ sở bán lẻ ngoài cơ sở bán lẻ thứ nhất thuộc trường hợp phải thực hiện thủ tục kiểm tra nhu cầu kinh tế (ENT) 28 ngày làm việc và 30 ngày
2026-01-16,190/QĐ-UBND,1.000799,"Sửa đổi, bổ sung thông tin đăng ký hoạt động đánh giá tín nhiệm website thương mại điện tử",CÔNG THƯƠNG,modified,Sửa đổi/bổ sung,province,2026-01-16,not_in_current_master,https://cathai.haiphong.gov.vn/linh-vuc-cong-thuong/quyet-dinh-so-190-qd-ubnd-ngay-16-01-2026-cua-ubnd-thanh-pho-hai-phong-v-v-cong-bo-danh-muc-thu--848220,https://cdn.haiphong.gov.vn/gov-hpg/5889/tintuc/2026/1/qd-cong-bo-danh-muc-tthc-thuoc-pham-vi-chuc-nang-quan-ly-cua-so-cong-thuong..signed639045191347357139.pdf,d96683ab0ae3512ed72c72ecb60632c2e835a905fd506cbe421683ded8de2a8d,"giản hóa thủ tục hành chính dựa trên dữ liệu. IX LĨNH VỰC THƯƠNG MẠI ĐIỆN TỬ (02 TTHC) 1 1.000799 Sửa đổi, bổ sung thông tin đăng ký hoạt động đánh giá tín nhiệm website thương mại điện tử 07 ngày làm việc kể từ ngày nhận được thông báo đầy"
2026-01-16,190/QĐ-UBND,1.000878,Cấp Giấy chứng nhận đăng ký hoạt động giám,CÔNG THƯƠNG,modified,Sửa đổi/bổ sung,province,2026-01-16,not_in_current_master,https://cathai.haiphong.gov.vn/linh-vuc-cong-thuong/quyet-dinh-so-190-qd-ubnd-ngay-16-01-2026-cua-ubnd-thanh-pho-hai-phong-v-v-cong-bo-danh-muc-thu--848220,https://cdn.haiphong.gov.vn/gov-hpg/5889/tintuc/2026/1/qd-cong-bo-danh-muc-tthc-thuoc-pham-vi-chuc-nang-quan-ly-cua-so-cong-thuong..signed639045191347357139.pdf,d96683ab0ae3512ed72c72ecb60632c2e835a905fd506cbe421683ded8de2a8d,"phí hiện hành X 3 1.000878 Cấp Giấy chứng nhận đăng ký hoạt động giám 10 ngày làm việc, kể từ khi 05 ngày làm việc, kể - Trung tâm Phục vụ hành chính công thành phố Hải Phòng; Không quy định X"
2026-01-16,190/QĐ-UBND,1.000880,Đăng ký hoạt động đánh giá tín nhiệm website thương mại điện tử,CÔNG THƯƠNG,modified,Sửa đổi/bổ sung,province,2026-01-16,not_in_current_master,https://cathai.haiphong.gov.vn/linh-vuc-cong-thuong/quyet-dinh-so-190-qd-ubnd-ngay-16-01-2026-cua-ubnd-thanh-pho-hai-phong-v-v-cong-bo-danh-muc-thu--848220,https://cdn.haiphong.gov.vn/gov-hpg/5889/tintuc/2026/1/qd-cong-bo-danh-muc-tthc-thuoc-pham-vi-chuc-nang-quan-ly-cua-so-cong-thuong..signed639045191347357139.pdf,d96683ab0ae3512ed72c72ecb60632c2e835a905fd506cbe421683ded8de2a8d,"giảm, đơn gi ản hóa th ủ tục hành chính d ựa trên d ữ liệu. 2 1.000880 Đăng ký hoạt động đánh giá tín nhiệm website thương mại điện tử 15 ngày làm việc 7,5 ngày làm việc Nộp trực tuyến tại Hệ thống quản lý hoạt động thương mại điện tử (http://online.gov.v n/) Không quy định X"
2026-01-16,190/QĐ-UBND,1.000890,"Thủ tục Giấy phép kinh doanh chuyển khẩu 05 ngày làm việc kể từ ngày nhận được hồ sơ 2,5 ngày làm việc,",CÔNG THƯƠNG,modified,Sửa đổi/bổ sung,province,2026-01-16,current,https://cathai.haiphong.gov.vn/linh-vuc-cong-thuong/quyet-dinh-so-190-qd-ubnd-ngay-16-01-2026-cua-ubnd-thanh-pho-hai-phong-v-v-cong-bo-danh-muc-thu--848220,https://cdn.haiphong.gov.vn/gov-hpg/5889/tintuc/2026/1/qd-cong-bo-danh-muc-tthc-thuoc-pham-vi-chuc-nang-quan-ly-cua-so-cong-thuong..signed639045191347357139.pdf,d96683ab0ae3512ed72c72ecb60632c2e835a905fd506cbe421683ded8de2a8d,"hóa thủ tục hành chính dựa trên dữ liệu. 34 1.000890 Thủ tục Giấy phép kinh doanh chuyển khẩu 05 ngày làm việc kể từ ngày nhận được hồ sơ 2,5 ngày làm việc, kể từ ngày"
2026-01-16,190/QĐ-UBND,1.000905,"Thủ tục cấp Giấy phép tạm xuất, tái nhập 05 ngày làm việc kể từ ngày nhận được hồ sơ hợp lệ. 2,5 ngày làm",CÔNG THƯƠNG,modified,Sửa đổi/bổ sung,province,2026-01-16,current,https://cathai.haiphong.gov.vn/linh-vuc-cong-thuong/quyet-dinh-so-190-qd-ubnd-ngay-16-01-2026-cua-ubnd-thanh-pho-hai-phong-v-v-cong-bo-danh-muc-thu--848220,https://cdn.haiphong.gov.vn/gov-hpg/5889/tintuc/2026/1/qd-cong-bo-danh-muc-tthc-thuoc-pham-vi-chuc-nang-quan-ly-cua-so-cong-thuong..signed639045191347357139.pdf,d96683ab0ae3512ed72c72ecb60632c2e835a905fd506cbe421683ded8de2a8d,"hóa thủ tục hành chính dựa trên dữ liệu. 33 1.000905 Thủ tục cấp Giấy phép tạm xuất, tái nhập 05 ngày làm việc kể từ ngày nhận được hồ sơ hợp lệ. 2,5 ngày làm việc, kể từ"
2026-01-16,190/QĐ-UBND,1.000957,"Thủ tục cấp Giấy phép tạm nhập, tái xuất theo hình thức khác 05 ngày làm việc kể từ ngày nhận 2,5 ngày làm việc,",CÔNG THƯƠNG,modified,Sửa đổi/bổ sung,province,2026-01-16,current,https://cathai.haiphong.gov.vn/linh-vuc-cong-thuong/quyet-dinh-so-190-qd-ubnd-ngay-16-01-2026-cua-ubnd-thanh-pho-hai-phong-v-v-cong-bo-danh-muc-thu--848220,https://cdn.haiphong.gov.vn/gov-hpg/5889/tintuc/2026/1/qd-cong-bo-danh-muc-tthc-thuoc-pham-vi-chuc-nang-quan-ly-cua-so-cong-thuong..signed639045191347357139.pdf,d96683ab0ae3512ed72c72ecb60632c2e835a905fd506cbe421683ded8de2a8d,"hóa thủ tục hành chính dựa trên dữ liệu. 32 1.000957 Thủ tục cấp Giấy phép tạm nhập, tái xuất theo hình thức khác 05 ngày làm việc kể từ ngày nhận 2,5 ngày làm việc, kể từ ngày"
2026-01-16,190/QĐ-UBND,1.000981,Cấp Gi ấy phép chế biến nguyên li ệu,CÔNG THƯƠNG,modified,Sửa đổi/bổ sung,province,2026-01-16,not_in_current_master,https://cathai.haiphong.gov.vn/linh-vuc-cong-thuong/quyet-dinh-so-190-qd-ubnd-ngay-16-01-2026-cua-ubnd-thanh-pho-hai-phong-v-v-cong-bo-danh-muc-thu--848220,https://cdn.haiphong.gov.vn/gov-hpg/5889/tintuc/2026/1/qd-cong-bo-danh-muc-tthc-thuoc-pham-vi-chuc-nang-quan-ly-cua-so-cong-thuong..signed639045191347357139.pdf,d96683ab0ae3512ed72c72ecb60632c2e835a905fd506cbe421683ded8de2a8d,"vi chức năng quản lý của Bộ Công Thương. III LĨNH VỰC CÔNG NGHIỆP TIÊU DÙNG (01 TTHC) 1 1.000981 Cấp Gi ấy phép chế biến nguyên li ệu 20 ngày làm việc kể từ 10 ngày làm việc kể từ - Trung tâm Phục vụ hành chính công thành phố Hải Theo quy định của pháp luật về phí, lệ phí hiện hành X"
2026-01-16,190/QĐ-UBND,1.001062,"Thủ tục cấp Giấy phép kinh doanh tạm nhập, tái xuất 05 ngày làm việc kể từ ngày nhận được hồ sơ hợp lệ. 2,5 ngày",CÔNG THƯƠNG,modified,Sửa đổi/bổ sung,province,2026-01-16,current,https://cathai.haiphong.gov.vn/linh-vuc-cong-thuong/quyet-dinh-so-190-qd-ubnd-ngay-16-01-2026-cua-ubnd-thanh-pho-hai-phong-v-v-cong-bo-danh-muc-thu--848220,https://cdn.haiphong.gov.vn/gov-hpg/5889/tintuc/2026/1/qd-cong-bo-danh-muc-tthc-thuoc-pham-vi-chuc-nang-quan-ly-cua-so-cong-thuong..signed639045191347357139.pdf,d96683ab0ae3512ed72c72ecb60632c2e835a905fd506cbe421683ded8de2a8d,"giản hóa thủ tục hành chính dựa trên dữ liệu. 31 1.001062 Thủ tục cấp Giấy phép kinh doanh tạm nhập, tái xuất 05 ngày làm việc kể từ ngày nhận được hồ sơ hợp lệ. 2,5 ngày làm việc,"
2026-01-16,190/QĐ-UBND,1.001238,Thủ tục cấp Giấy chứng nhận lưu hành tự do (CFS) đối với hàng hóa xuất khẩu 03 ngày làm việc kể từ ngày nhận được hồ sơ hợp lệ,CÔNG THƯƠNG,modified,Sửa đổi/bổ sung,province,2026-01-16,current,https://cathai.haiphong.gov.vn/linh-vuc-cong-thuong/quyet-dinh-so-190-qd-ubnd-ngay-16-01-2026-cua-ubnd-thanh-pho-hai-phong-v-v-cong-bo-danh-muc-thu--848220,https://cdn.haiphong.gov.vn/gov-hpg/5889/tintuc/2026/1/qd-cong-bo-danh-muc-tthc-thuoc-pham-vi-chuc-nang-quan-ly-cua-so-cong-thuong..signed639045191347357139.pdf,d96683ab0ae3512ed72c72ecb60632c2e835a905fd506cbe421683ded8de2a8d,hóa thủ tục hành chính dựa trên dữ liệu. 35 1.001238 Thủ tục cấp Giấy chứng nhận lưu hành tự do (CFS) đối với hàng hóa xuất khẩu 03 ngày làm việc kể từ ngày nhận được hồ sơ hợp lệ 03 ngày
2026-01-16,190/QĐ-UBND,1.001271,Cấp Giấy chứng nhận đăng ký hoạt động thử nghiệm,CÔNG THƯƠNG,modified,Sửa đổi/bổ sung,province,2026-01-16,not_in_current_master,https://cathai.haiphong.gov.vn/linh-vuc-cong-thuong/quyet-dinh-so-190-qd-ubnd-ngay-16-01-2026-cua-ubnd-thanh-pho-hai-phong-v-v-cong-bo-danh-muc-thu--848220,https://cdn.haiphong.gov.vn/gov-hpg/5889/tintuc/2026/1/qd-cong-bo-danh-muc-tthc-thuoc-pham-vi-chuc-nang-quan-ly-cua-so-cong-thuong..signed639045191347357139.pdf,d96683ab0ae3512ed72c72ecb60632c2e835a905fd506cbe421683ded8de2a8d,"Khoa học và Công ngh ệ và một s ố quy đ ịnh v ề kiểm 2 1.001271 Cấp Giấy chứng nhận đăng ký hoạt động thử nghiệm 10 ngày làm việc, kể từ khi nhận được hồ sơ đầy đủ và hợp lệ 05 ngày làm việc, kể từ khi"
2026-01-16,190/QĐ-UBND,1.001274,Cấp Giấy chứng nhận hàng hóa,CÔNG THƯƠNG,modified,Sửa đổi/bổ sung,province,2026-01-16,not_in_current_master,https://cathai.haiphong.gov.vn/linh-vuc-cong-thuong/quyet-dinh-so-190-qd-ubnd-ngay-16-01-2026-cua-ubnd-thanh-pho-hai-phong-v-v-cong-bo-danh-muc-thu--848220,https://cdn.haiphong.gov.vn/gov-hpg/5889/tintuc/2026/1/qd-cong-bo-danh-muc-tthc-thuoc-pham-vi-chuc-nang-quan-ly-cua-so-cong-thuong..signed639045191347357139.pdf,d96683ab0ae3512ed72c72ecb60632c2e835a905fd506cbe421683ded8de2a8d,giản hóa thủ tục hành chính dựa trên dữ liệu. 30 1.001274 Cấp Giấy chứng nhận hàng hóa không thay đổi xuất xứ (CNM) - Trường hợp nộp qua Hệ thống điện tử Ecosys : 06 giờ làm việc kể từ khi
2026-01-16,190/QĐ-UBND,1.001279,Cấp lại Giấy phép sản xuất rượu thủ công nhằm mục đích kinh doanh,CÔNG THƯƠNG,modified,Sửa đổi/bổ sung,commune,2026-01-16,repealed,https://cathai.haiphong.gov.vn/linh-vuc-cong-thuong/quyet-dinh-so-190-qd-ubnd-ngay-16-01-2026-cua-ubnd-thanh-pho-hai-phong-v-v-cong-bo-danh-muc-thu--848220,https://cdn.haiphong.gov.vn/gov-hpg/5889/tintuc/2026/1/qd-cong-bo-danh-muc-tthc-thuoc-pham-vi-chuc-nang-quan-ly-cua-so-cong-thuong..signed639045191347357139.pdf,d96683ab0ae3512ed72c72ecb60632c2e835a905fd506cbe421683ded8de2a8d,"tháng 11 năm 2025 c ủa Chính ph ủ quy định cắt giảm, đơn gi ản hóa th ủ tục hành chính dựa trên dữ liệu. 2 1.001279 Cấp lại Giấy phép sản xuất rượu thủ công nhằm mục đích kinh doanh 7 ngày làm việc kể từ ngày nhận đủ hồ sơ hợp lệ 3.5 ngày làm việc kể từ ngày nhận đủ"
2026-01-16,190/QĐ-UBND,1.001292,Cấp Giấy chứng nhận đăng ký hoạt động chứng nhận,CÔNG THƯƠNG,modified,Sửa đổi/bổ sung,province,2026-01-16,not_in_current_master,https://cathai.haiphong.gov.vn/linh-vuc-cong-thuong/quyet-dinh-so-190-qd-ubnd-ngay-16-01-2026-cua-ubnd-thanh-pho-hai-phong-v-v-cong-bo-danh-muc-thu--848220,https://cdn.haiphong.gov.vn/gov-hpg/5889/tintuc/2026/1/qd-cong-bo-danh-muc-tthc-thuoc-pham-vi-chuc-nang-quan-ly-cua-so-cong-thuong..signed639045191347357139.pdf,d96683ab0ae3512ed72c72ecb60632c2e835a905fd506cbe421683ded8de2a8d,"TTHC) 1 1.001292 Cấp Giấy chứng nhận đăng ký hoạt động chứng nhận 10 ngày làm việc, kể từ khi nhận được hồ sơ hồ sơ đầy đủ và hợp lệ 05 ngày làm việc, kể"
2026-01-16,190/QĐ-UBND,1.001298,Cấp Giấy chứng nhận xuất xứ hàng hoá (C/O) cho hàng hóa xuất khẩu gửi kho ngoại quan đến các nước thành viên theo Điều ước quốc tế mà Việt Nam ký kết hoặc gia nhập,CÔNG THƯƠNG,modified,Sửa đổi/bổ sung,province,2026-01-16,not_in_current_master,https://cathai.haiphong.gov.vn/linh-vuc-cong-thuong/quyet-dinh-so-190-qd-ubnd-ngay-16-01-2026-cua-ubnd-thanh-pho-hai-phong-v-v-cong-bo-danh-muc-thu--848220,https://cdn.haiphong.gov.vn/gov-hpg/5889/tintuc/2026/1/qd-cong-bo-danh-muc-tthc-thuoc-pham-vi-chuc-nang-quan-ly-cua-so-cong-thuong..signed639045191347357139.pdf,d96683ab0ae3512ed72c72ecb60632c2e835a905fd506cbe421683ded8de2a8d,giản hóa thủ tục hành chính dựa trên dữ liệu. 20 1.001298 Cấp Giấy chứng nhận xuất xứ hàng hoá (C/O) cho hàng hóa xuất khẩu gửi kho ngoại quan đến các nước thành viên theo Điều ước quốc tế mà Việt Nam ký kết hoặc gia nhập - Trường
2026-01-16,190/QĐ-UBND,1.001338,Cấp Giấy phép phân phối sản phẩm thuốc lá,CÔNG THƯƠNG,modified,Sửa đổi/bổ sung,province,2026-01-16,not_in_current_master,https://cathai.haiphong.gov.vn/linh-vuc-cong-thuong/quyet-dinh-so-190-qd-ubnd-ngay-16-01-2026-cua-ubnd-thanh-pho-hai-phong-v-v-cong-bo-danh-muc-thu--848220,https://cdn.haiphong.gov.vn/gov-hpg/5889/tintuc/2026/1/qd-cong-bo-danh-muc-tthc-thuoc-pham-vi-chuc-nang-quan-ly-cua-so-cong-thuong..signed639045191347357139.pdf,d96683ab0ae3512ed72c72ecb60632c2e835a905fd506cbe421683ded8de2a8d,"định cắt giảm, đơn giản hóa thủ tục hành chính dựa trên dữ liệu. 5 1.001338 Cấp Giấy phép phân phối sản phẩm thuốc lá 15 ngày làm việc kể từ khi nhận 7,5 ngày làm việc kể từ khi nhận - Trung tâm Phục vụ hành chính công thành phố Hải Phòng; Theo quy định của"
2026-01-16,190/QĐ-UBND,1.001370,"Cấp Giấy chứng nhận xuất xứ hàng hoá (C/O) cho hàng hóa xuất khẩu, nhập khẩu từ doanh nghiệp chế xuất, khu chế xuất, - Trường hợp nộp",CÔNG THƯƠNG,modified,Sửa đổi/bổ sung,province,2026-01-16,not_in_current_master,https://cathai.haiphong.gov.vn/linh-vuc-cong-thuong/quyet-dinh-so-190-qd-ubnd-ngay-16-01-2026-cua-ubnd-thanh-pho-hai-phong-v-v-cong-bo-danh-muc-thu--848220,https://cdn.haiphong.gov.vn/gov-hpg/5889/tintuc/2026/1/qd-cong-bo-danh-muc-tthc-thuoc-pham-vi-chuc-nang-quan-ly-cua-so-cong-thuong..signed639045191347357139.pdf,d96683ab0ae3512ed72c72ecb60632c2e835a905fd506cbe421683ded8de2a8d,"giản hóa thủ tục hành chính dựa trên dữ liệu. 21 1.001370 Cấp Giấy chứng nhận xuất xứ hàng hoá (C/O) cho hàng hóa xuất khẩu, nhập khẩu từ doanh nghiệp chế xuất, khu chế xuất, - Trường hợp nộp qua Hệ thống"
2026-01-16,190/QĐ-UBND,1.001380,Cấp Giấy chứng nhận xuất xứ hàng hoá (C/O) cấp sau - Trường hợp nộp qua Hệ thống,CÔNG THƯƠNG,modified,Sửa đổi/bổ sung,province,2026-01-16,not_in_current_master,https://cathai.haiphong.gov.vn/linh-vuc-cong-thuong/quyet-dinh-so-190-qd-ubnd-ngay-16-01-2026-cua-ubnd-thanh-pho-hai-phong-v-v-cong-bo-danh-muc-thu--848220,https://cdn.haiphong.gov.vn/gov-hpg/5889/tintuc/2026/1/qd-cong-bo-danh-muc-tthc-thuoc-pham-vi-chuc-nang-quan-ly-cua-so-cong-thuong..signed639045191347357139.pdf,d96683ab0ae3512ed72c72ecb60632c2e835a905fd506cbe421683ded8de2a8d,giản hóa thủ tục hành chính dựa trên dữ liệu. 22 1.001380 Cấp Giấy chứng nhận xuất xứ hàng hoá (C/O) cấp sau - Trường hợp nộp qua Hệ thống Không cắt giảm Nộp trực tuyến tại Hệ thống Quản lý và cấp chứng nhận xuất xứ điện tử
2026-01-16,190/QĐ-UBND,1.001419,Cấp Giấy phép nhập khẩu sản phẩm thuốc lá để kinh doanh hàng miễn thuế. 10 ngày làm việc 05 ngày làm việc,CÔNG THƯƠNG,modified,Sửa đổi/bổ sung,province,2026-01-16,current,https://cathai.haiphong.gov.vn/linh-vuc-cong-thuong/quyet-dinh-so-190-qd-ubnd-ngay-16-01-2026-cua-ubnd-thanh-pho-hai-phong-v-v-cong-bo-danh-muc-thu--848220,https://cdn.haiphong.gov.vn/gov-hpg/5889/tintuc/2026/1/qd-cong-bo-danh-muc-tthc-thuoc-pham-vi-chuc-nang-quan-ly-cua-so-cong-thuong..signed639045191347357139.pdf,d96683ab0ae3512ed72c72ecb60632c2e835a905fd506cbe421683ded8de2a8d,an ninh) 37 1.001419 Cấp Giấy phép nhập khẩu sản phẩm thuốc lá để kinh doanh hàng miễn thuế. 10 ngày làm việc 05 ngày làm việc - Trung tâm Phục vụ hành chính công thành phố Hải
2026-01-16,190/QĐ-UBND,1.001441,"Gia hạn Giấy phép lập cơ sở bán lẻ 05 ngày làm việc, kể từ ngày nhận đủ h ồ sơ h ợp lệ 2,5 ngày",CÔNG THƯƠNG,modified,Sửa đổi/bổ sung,province,2026-01-16,not_in_current_master,https://cathai.haiphong.gov.vn/linh-vuc-cong-thuong/quyet-dinh-so-190-qd-ubnd-ngay-16-01-2026-cua-ubnd-thanh-pho-hai-phong-v-v-cong-bo-danh-muc-thu--848220,https://cdn.haiphong.gov.vn/gov-hpg/5889/tintuc/2026/1/qd-cong-bo-danh-muc-tthc-thuoc-pham-vi-chuc-nang-quan-ly-cua-so-cong-thuong..signed639045191347357139.pdf,d96683ab0ae3512ed72c72ecb60632c2e835a905fd506cbe421683ded8de2a8d,"hóa thủ tục hành chính dựa trên dữ liệu. 10 1.001441 Gia hạn Giấy phép lập cơ sở bán lẻ 05 ngày làm việc, kể từ ngày nhận đủ h ồ sơ h ợp lệ 2,5 ngày làm việc,"
2026-01-16,190/QĐ-UBND,1.002758,"Cấp GCN ĐĐK kinh doanh hóa chất sản xuất, kinh doanh có điều kiện trong lĩnh vực công nghiệp - 12 ngày làm việc kể từ ngày nhận đủ hồ sơ",CÔNG THƯƠNG,modified,Sửa đổi/bổ sung,province,2026-01-16,not_in_current_master,https://cathai.haiphong.gov.vn/linh-vuc-cong-thuong/quyet-dinh-so-190-qd-ubnd-ngay-16-01-2026-cua-ubnd-thanh-pho-hai-phong-v-v-cong-bo-danh-muc-thu--848220,https://cdn.haiphong.gov.vn/gov-hpg/5889/tintuc/2026/1/qd-cong-bo-danh-muc-tthc-thuoc-pham-vi-chuc-nang-quan-ly-cua-so-cong-thuong..signed639045191347357139.pdf,d96683ab0ae3512ed72c72ecb60632c2e835a905fd506cbe421683ded8de2a8d,"đặt trụ sở chính. 4 1.002758 Cấp GCN ĐĐK kinh doanh hóa chất sản xuất, kinh doanh có điều kiện trong lĩnh vực công nghiệp - 12 ngày làm việc kể từ ngày nhận đủ hồ sơ hợp lệ đối với"
2026-01-16,190/QĐ-UBND,1.002960,Cấp Giấy chứng nhận xuất xứ hàng hoá (C/O) mẫu Venezuela - Trường hợp nộp qua Hệ thống điện tử,CÔNG THƯƠNG,modified,Sửa đổi/bổ sung,province,2026-01-16,not_in_current_master,https://cathai.haiphong.gov.vn/linh-vuc-cong-thuong/quyet-dinh-so-190-qd-ubnd-ngay-16-01-2026-cua-ubnd-thanh-pho-hai-phong-v-v-cong-bo-danh-muc-thu--848220,https://cdn.haiphong.gov.vn/gov-hpg/5889/tintuc/2026/1/qd-cong-bo-danh-muc-tthc-thuoc-pham-vi-chuc-nang-quan-ly-cua-so-cong-thuong..signed639045191347357139.pdf,d96683ab0ae3512ed72c72ecb60632c2e835a905fd506cbe421683ded8de2a8d,giản hóa thủ tục hành chính dựa trên dữ liệu. 19 1.002960 Cấp Giấy chứng nhận xuất xứ hàng hoá (C/O) mẫu Venezuela - Trường hợp nộp qua Hệ thống điện tử Không cắt giảm Nộp trực tuyến tại Hệ thống Quản lý
2026-01-16,190/QĐ-UBND,1.003400,Cấp Giấy chứng nhận xuất xứ hàng hoá (C/O),CÔNG THƯƠNG,modified,Sửa đổi/bổ sung,province,2026-01-16,not_in_current_master,https://cathai.haiphong.gov.vn/linh-vuc-cong-thuong/quyet-dinh-so-190-qd-ubnd-ngay-16-01-2026-cua-ubnd-thanh-pho-hai-phong-v-v-cong-bo-danh-muc-thu--848220,https://cdn.haiphong.gov.vn/gov-hpg/5889/tintuc/2026/1/qd-cong-bo-danh-muc-tthc-thuoc-pham-vi-chuc-nang-quan-ly-cua-so-cong-thuong..signed639045191347357139.pdf,d96683ab0ae3512ed72c72ecb60632c2e835a905fd506cbe421683ded8de2a8d,giản hóa thủ tục hành chính dựa trên dữ liệu. 18 1.003400 Cấp Giấy chứng nhận xuất xứ hàng hoá (C/O) không ưu đãi mẫu Thổ Nhĩ Kỳ - Trường hợp nộp qua Hệ thống điện tử Ecosys : 06 giờ làm việc kể
2026-01-16,190/QĐ-UBND,1.003438,"Thủ tục cấp giấy phép nhập khẩu các mặt hàng có ảnh hưởng trực tiếp đến quốc phòng, an ninh (nhưng",CÔNG THƯƠNG,modified,Sửa đổi/bổ sung,province,2026-01-16,not_in_current_master,https://cathai.haiphong.gov.vn/linh-vuc-cong-thuong/quyet-dinh-so-190-qd-ubnd-ngay-16-01-2026-cua-ubnd-thanh-pho-hai-phong-v-v-cong-bo-danh-muc-thu--848220,https://cdn.haiphong.gov.vn/gov-hpg/5889/tintuc/2026/1/qd-cong-bo-danh-muc-tthc-thuoc-pham-vi-chuc-nang-quan-ly-cua-so-cong-thuong..signed639045191347357139.pdf,d96683ab0ae3512ed72c72ecb60632c2e835a905fd506cbe421683ded8de2a8d,"hóa thủ tục hành chính dựa trên dữ liệu. 36 1.003438 Thủ tục cấp giấy phép nhập khẩu các mặt hàng có ảnh hưởng trực tiếp đến quốc phòng, an ninh (nhưng không phục vụ mục đích quốc phòng, 17 ngày làm việc 8,5"
2026-01-16,190/QĐ-UBND,1.003477,Cấp Giấy chứng nhận xuất xứ hàng hoá (C/O),CÔNG THƯƠNG,modified,Sửa đổi/bổ sung,province,2026-01-16,not_in_current_master,https://cathai.haiphong.gov.vn/linh-vuc-cong-thuong/quyet-dinh-so-190-qd-ubnd-ngay-16-01-2026-cua-ubnd-thanh-pho-hai-phong-v-v-cong-bo-danh-muc-thu--848220,https://cdn.haiphong.gov.vn/gov-hpg/5889/tintuc/2026/1/qd-cong-bo-danh-muc-tthc-thuoc-pham-vi-chuc-nang-quan-ly-cua-so-cong-thuong..signed639045191347357139.pdf,d96683ab0ae3512ed72c72ecb60632c2e835a905fd506cbe421683ded8de2a8d,giản hóa thủ tục hành chính dựa trên dữ liệu. 17 1.003477 Cấp Giấy chứng nhận xuất xứ hàng hoá (C/O) không ưu đãi mẫu Peru - Trường hợp nộp qua Hệ thống điện tử Ecosys : 06 giờ làm việc kể Không
2026-01-16,190/QĐ-UBND,1.003522,Cấp Giấy chứng nhận xuất xứ hàng hoá (C/O) giáp lưng - Trường hợp nộp qua Hệ thống điện tử Ecosys : 06 giờ làm việc kể,CÔNG THƯƠNG,modified,Sửa đổi/bổ sung,province,2026-01-16,not_in_current_master,https://cathai.haiphong.gov.vn/linh-vuc-cong-thuong/quyet-dinh-so-190-qd-ubnd-ngay-16-01-2026-cua-ubnd-thanh-pho-hai-phong-v-v-cong-bo-danh-muc-thu--848220,https://cdn.haiphong.gov.vn/gov-hpg/5889/tintuc/2026/1/qd-cong-bo-danh-muc-tthc-thuoc-pham-vi-chuc-nang-quan-ly-cua-so-cong-thuong..signed639045191347357139.pdf,d96683ab0ae3512ed72c72ecb60632c2e835a905fd506cbe421683ded8de2a8d,giản hóa thủ tục hành chính dựa trên dữ liệu. 23 1.003522 Cấp Giấy chứng nhận xuất xứ hàng hoá (C/O) giáp lưng - Trường hợp nộp qua Hệ thống điện tử Ecosys : 06 giờ làm việc kể từ khi nhận
2026-01-16,190/QĐ-UBND,1.003860,Đăng ký chỉ định cơ sở kiểm nghiệm kiểm chứng về ATTP,CÔNG THƯƠNG,modified,Sửa đổi/bổ sung,province,2026-01-16,current,https://cathai.haiphong.gov.vn/linh-vuc-cong-thuong/quyet-dinh-so-190-qd-ubnd-ngay-16-01-2026-cua-ubnd-thanh-pho-hai-phong-v-v-cong-bo-danh-muc-thu--848220,https://cdn.haiphong.gov.vn/gov-hpg/5889/tintuc/2026/1/qd-cong-bo-danh-muc-tthc-thuoc-pham-vi-chuc-nang-quan-ly-cua-so-cong-thuong..signed639045191347357139.pdf,d96683ab0ae3512ed72c72ecb60632c2e835a905fd506cbe421683ded8de2a8d,"5 1.003860 Đăng ký chỉ định cơ sở kiểm nghiệm kiểm chứng về ATTP 45 ng ày làm việc. 22,5 ngày làm việc - Trung tâm Phục vụ hành chính công thành phố Hải Phòng; - Trung tâm Ph ục vụ hành chính công cấp"
2026-01-16,190/QĐ-UBND,1.003977,Cấp Giấy phép phân phối rượu,CÔNG THƯƠNG,modified,Sửa đổi/bổ sung,province,2026-01-16,repealed,https://cathai.haiphong.gov.vn/linh-vuc-cong-thuong/quyet-dinh-so-190-qd-ubnd-ngay-16-01-2026-cua-ubnd-thanh-pho-hai-phong-v-v-cong-bo-danh-muc-thu--848220,https://cdn.haiphong.gov.vn/gov-hpg/5889/tintuc/2026/1/qd-cong-bo-danh-muc-tthc-thuoc-pham-vi-chuc-nang-quan-ly-cua-so-cong-thuong..signed639045191347357139.pdf,d96683ab0ae3512ed72c72ecb60632c2e835a905fd506cbe421683ded8de2a8d,"quy đ ịnh c ắt gi ảm, đơn giản hóa thủ tục hành chính dựa trên dữ liệu. 9 1.003977 Cấp Giấy phép phân phối rượu 15 ngày làm việc kể từ khi nhận đủ hồ sơ hợp lệ 7,5 ngày làm việc kể từ ngày nhận đủ hồ sơ hợp lệ - Trung tâm Phục vụ"
2026-01-16,190/QĐ-UBND,1.003992,Cấp lại giấy phép sản xuất rượu công nghiệp (quy mô từ 3 triệu lít/năm trở lên),CÔNG THƯƠNG,modified,Sửa đổi/bổ sung,province,2026-01-16,repealed,https://cathai.haiphong.gov.vn/linh-vuc-cong-thuong/quyet-dinh-so-190-qd-ubnd-ngay-16-01-2026-cua-ubnd-thanh-pho-hai-phong-v-v-cong-bo-danh-muc-thu--848220,https://cdn.haiphong.gov.vn/gov-hpg/5889/tintuc/2026/1/qd-cong-bo-danh-muc-tthc-thuoc-pham-vi-chuc-nang-quan-ly-cua-so-cong-thuong..signed639045191347357139.pdf,d96683ab0ae3512ed72c72ecb60632c2e835a905fd506cbe421683ded8de2a8d,"Chính ph ủ về phân quy ền, phân c ấp trong lĩnh v ực công nghiệp và thương mại 14 1.003992 Cấp lại giấy phép sản xuất rượu công nghiệp (quy mô từ 3 triệu lít/năm trở lên) 7 ngày làm việc kể từ ngày nhận đủ hồ sơ hợp lệ của 3,5 ngày làm việc"
2026-01-16,190/QĐ-UBND,1.004021,Cấp giấy phép sản xuất rượu công nghiệp (quy mô từ 3 triệu lít/năm trở lên),CÔNG THƯƠNG,modified,Sửa đổi/bổ sung,province,2026-01-16,repealed,https://cathai.haiphong.gov.vn/linh-vuc-cong-thuong/quyet-dinh-so-190-qd-ubnd-ngay-16-01-2026-cua-ubnd-thanh-pho-hai-phong-v-v-cong-bo-danh-muc-thu--848220,https://cdn.haiphong.gov.vn/gov-hpg/5889/tintuc/2026/1/qd-cong-bo-danh-muc-tthc-thuoc-pham-vi-chuc-nang-quan-ly-cua-so-cong-thuong..signed639045191347357139.pdf,d96683ab0ae3512ed72c72ecb60632c2e835a905fd506cbe421683ded8de2a8d,"Chính ph ủ quy đ ịnh c ắt giảm, đơn gi ản hóa th ủ tục hành chính dựa trên dữ liệu 13 1.004021 Cấp giấy phép sản xuất rượu công nghiệp (quy mô từ 3 triệu lít/năm trở lên) 7 ngày làm việc kể từ ngày nhận đủ hồ sơ hợp lệ của Thương nhân."
2026-01-16,190/QĐ-UBND,1.005184,"Cấp Giấy chứng nhận đủ điều kiện thương nhân xuất khẩu, nhập khẩu LNG",CÔNG THƯƠNG,modified,Sửa đổi/bổ sung,province,2026-01-16,repealed,https://cathai.haiphong.gov.vn/linh-vuc-cong-thuong/quyet-dinh-so-190-qd-ubnd-ngay-16-01-2026-cua-ubnd-thanh-pho-hai-phong-v-v-cong-bo-danh-muc-thu--848220,https://cdn.haiphong.gov.vn/gov-hpg/5889/tintuc/2026/1/qd-cong-bo-danh-muc-tthc-thuoc-pham-vi-chuc-nang-quan-ly-cua-so-cong-thuong..signed639045191347357139.pdf,d96683ab0ae3512ed72c72ecb60632c2e835a905fd506cbe421683ded8de2a8d,"giảm, đơn gi ản hóa th ủ tục hành chính dựa trên dữ liệu VI LĨNH VỰC KINH DOANH KHÍ (13 TTHC) 1 1.005184 Cấp Giấy chứng nhận đủ điều kiện thương nhân xuất khẩu, nhập khẩu LNG 15 ngày làm việc kể từ ngày nhận được hồ sơ đầy đủ và hợp lệ 7,5 ngày"
2026-01-16,190/QĐ-UBND,1.005190,Đăng ký dấu nghiệp vụ giám định thương mại,CÔNG THƯƠNG,modified,Sửa đổi/bổ sung,province,2026-01-16,not_in_current_master,https://cathai.haiphong.gov.vn/linh-vuc-cong-thuong/quyet-dinh-so-190-qd-ubnd-ngay-16-01-2026-cua-ubnd-thanh-pho-hai-phong-v-v-cong-bo-danh-muc-thu--848220,https://cdn.haiphong.gov.vn/gov-hpg/5889/tintuc/2026/1/qd-cong-bo-danh-muc-tthc-thuoc-pham-vi-chuc-nang-quan-ly-cua-so-cong-thuong..signed639045191347357139.pdf,d96683ab0ae3512ed72c72ecb60632c2e835a905fd506cbe421683ded8de2a8d,"hành chính trong các lĩnh vực thuộc phạm vi quản lý của Bộ Công Thương. 2 1.005190 Đăng ký dấu nghiệp vụ giám định thương mại 07 ngày làm việc kể từ ngày nhận đủ hồ sơ hợp lệ 3,5 ngày làm việc kể từ ngày nhận đủ hồ sơ"
2026-01-16,190/QĐ-UBND,1.007968,Cấp Giấy chứng nhận xuất xứ hàng hóa (C/O) mẫu AHK - Trường hợp nộp qua Hệ thống điện tử Ecosys : 06 giờ làm việc kể,CÔNG THƯƠNG,modified,Sửa đổi/bổ sung,province,2026-01-16,not_in_current_master,https://cathai.haiphong.gov.vn/linh-vuc-cong-thuong/quyet-dinh-so-190-qd-ubnd-ngay-16-01-2026-cua-ubnd-thanh-pho-hai-phong-v-v-cong-bo-danh-muc-thu--848220,https://cdn.haiphong.gov.vn/gov-hpg/5889/tintuc/2026/1/qd-cong-bo-danh-muc-tthc-thuoc-pham-vi-chuc-nang-quan-ly-cua-so-cong-thuong..signed639045191347357139.pdf,d96683ab0ae3512ed72c72ecb60632c2e835a905fd506cbe421683ded8de2a8d,giản hóa thủ tục hành chính dựa trên dữ liệu. 25 1.007968 Cấp Giấy chứng nhận xuất xứ hàng hóa (C/O) mẫu AHK - Trường hợp nộp qua Hệ thống điện tử Ecosys : 06 giờ làm việc kể từ khi nhận
2026-01-16,190/QĐ-UBND,1.008361,Cấp Giấy chứng nhận xuất xứ hàng hóa (C/O) ưu đãi mẫu VN-CU - Trường hợp nộp qua Hệ thống điện tử Ecosys : 06 giờ làm,CÔNG THƯƠNG,modified,Sửa đổi/bổ sung,province,2026-01-16,not_in_current_master,https://cathai.haiphong.gov.vn/linh-vuc-cong-thuong/quyet-dinh-so-190-qd-ubnd-ngay-16-01-2026-cua-ubnd-thanh-pho-hai-phong-v-v-cong-bo-danh-muc-thu--848220,https://cdn.haiphong.gov.vn/gov-hpg/5889/tintuc/2026/1/qd-cong-bo-danh-muc-tthc-thuoc-pham-vi-chuc-nang-quan-ly-cua-so-cong-thuong..signed639045191347357139.pdf,d96683ab0ae3512ed72c72ecb60632c2e835a905fd506cbe421683ded8de2a8d,giản hóa thủ tục hành chính dựa trên dữ liệu. 26 1.008361 Cấp Giấy chứng nhận xuất xứ hàng hóa (C/O) ưu đãi mẫu VN-CU - Trường hợp nộp qua Hệ thống điện tử Ecosys : 06 giờ làm việc kể từ khi
2026-01-16,190/QĐ-UBND,1.008667,Cấp Giấy chứng nhận xuất xứ hàng hóa (C/O) ưu đãi mẫu EUR.1 - Trường hợp nộp qua Hệ thống điện tử Ecosys : 06 giờ làm,CÔNG THƯƠNG,modified,Sửa đổi/bổ sung,province,2026-01-16,not_in_current_master,https://cathai.haiphong.gov.vn/linh-vuc-cong-thuong/quyet-dinh-so-190-qd-ubnd-ngay-16-01-2026-cua-ubnd-thanh-pho-hai-phong-v-v-cong-bo-danh-muc-thu--848220,https://cdn.haiphong.gov.vn/gov-hpg/5889/tintuc/2026/1/qd-cong-bo-danh-muc-tthc-thuoc-pham-vi-chuc-nang-quan-ly-cua-so-cong-thuong..signed639045191347357139.pdf,d96683ab0ae3512ed72c72ecb60632c2e835a905fd506cbe421683ded8de2a8d,giản hóa thủ tục hành chính dựa trên dữ liệu. 27 1.008667 Cấp Giấy chứng nhận xuất xứ hàng hóa (C/O) ưu đãi mẫu EUR.1 - Trường hợp nộp qua Hệ thống điện tử Ecosys : 06 giờ làm việc kể từ khi
2026-01-16,190/QĐ-UBND,1.010056,Cấp Giấy chứng nhận xuất xứ hàng hoá (C/O) ưu đãi mẫu EUR.1 trong UKVFTA - Trường hợp nộp qua Hệ thống điện tử Ecosys : 06 giờ,CÔNG THƯƠNG,modified,Sửa đổi/bổ sung,province,2026-01-16,not_in_current_master,https://cathai.haiphong.gov.vn/linh-vuc-cong-thuong/quyet-dinh-so-190-qd-ubnd-ngay-16-01-2026-cua-ubnd-thanh-pho-hai-phong-v-v-cong-bo-danh-muc-thu--848220,https://cdn.haiphong.gov.vn/gov-hpg/5889/tintuc/2026/1/qd-cong-bo-danh-muc-tthc-thuoc-pham-vi-chuc-nang-quan-ly-cua-so-cong-thuong..signed639045191347357139.pdf,d96683ab0ae3512ed72c72ecb60632c2e835a905fd506cbe421683ded8de2a8d,giản hóa thủ tục hành chính dựa trên dữ liệu. 28 1.010056 Cấp Giấy chứng nhận xuất xứ hàng hoá (C/O) ưu đãi mẫu EUR.1 trong UKVFTA - Trường hợp nộp qua Hệ thống điện tử Ecosys : 06 giờ làm việc kể
2026-01-16,190/QĐ-UBND,1.010762,Cấp Giấy chứng nhận xuất xứ hàng hoá (C/O) ưu đãi mẫu RCEP - Trường hợp nộp qua Hệ thống điện tử Ecosys : 06 giờ làm,CÔNG THƯƠNG,modified,Sửa đổi/bổ sung,province,2026-01-16,not_in_current_master,https://cathai.haiphong.gov.vn/linh-vuc-cong-thuong/quyet-dinh-so-190-qd-ubnd-ngay-16-01-2026-cua-ubnd-thanh-pho-hai-phong-v-v-cong-bo-danh-muc-thu--848220,https://cdn.haiphong.gov.vn/gov-hpg/5889/tintuc/2026/1/qd-cong-bo-danh-muc-tthc-thuoc-pham-vi-chuc-nang-quan-ly-cua-so-cong-thuong..signed639045191347357139.pdf,d96683ab0ae3512ed72c72ecb60632c2e835a905fd506cbe421683ded8de2a8d,giản hóa thủ tục hành chính dựa trên dữ liệu. 29 1.010762 Cấp Giấy chứng nhận xuất xứ hàng hoá (C/O) ưu đãi mẫu RCEP - Trường hợp nộp qua Hệ thống điện tử Ecosys : 06 giờ làm việc kể từ khi
2026-01-16,190/QĐ-UBND,1.011506,"Cấp Giấy chứng nhận đủ điều kiện sản xuất và kinh doanh hóa chất sản xuất, kinh doanh có điều kiện trong lĩnh vực công nghiệp - 12 ngày làm việc kể từ",CÔNG THƯƠNG,modified,Sửa đổi/bổ sung,province,2026-01-16,not_in_current_master,https://cathai.haiphong.gov.vn/linh-vuc-cong-thuong/quyet-dinh-so-190-qd-ubnd-ngay-16-01-2026-cua-ubnd-thanh-pho-hai-phong-v-v-cong-bo-danh-muc-thu--848220,https://cdn.haiphong.gov.vn/gov-hpg/5889/tintuc/2026/1/qd-cong-bo-danh-muc-tthc-thuoc-pham-vi-chuc-nang-quan-ly-cua-so-cong-thuong..signed639045191347357139.pdf,d96683ab0ae3512ed72c72ecb60632c2e835a905fd506cbe421683ded8de2a8d,"đặt trụ sở chính. 5 1.011506 Cấp Giấy chứng nhận đủ điều kiện sản xuất và kinh doanh hóa chất sản xuất, kinh doanh có điều kiện trong lĩnh vực công nghiệp - 12 ngày làm việc kể từ ngày nhận đủ"
2026-01-16,190/QĐ-UBND,1.013394,Phê duyệt danh 12 6 ngày - Trung tâm Phục vụ Không quy định X - Luật Điện lực năm 2024,CÔNG THƯƠNG,modified,Sửa đổi/bổ sung,province,2026-01-16,not_in_current_master,https://cathai.haiphong.gov.vn/linh-vuc-cong-thuong/quyet-dinh-so-190-qd-ubnd-ngay-16-01-2026-cua-ubnd-thanh-pho-hai-phong-v-v-cong-bo-danh-muc-thu--848220,https://cdn.haiphong.gov.vn/gov-hpg/5889/tintuc/2026/1/qd-cong-bo-danh-muc-tthc-thuoc-pham-vi-chuc-nang-quan-ly-cua-so-cong-thuong..signed639045191347357139.pdf,d96683ab0ae3512ed72c72ecb60632c2e835a905fd506cbe421683ded8de2a8d,Bộ Tài chính X II LĨNH VỰC ĐIỆN LỰC (01 TTHC) 1 1.013394 Phê duyệt danh 12 6 ngày - Trung tâm Phục vụ Không quy định X - Luật Điện lực năm 2024;
2026-01-16,190/QĐ-UBND,1.013401,Cấp giấy phép hoạt động phát điện thuộc thẩm quyền cấp của Ủy ban nhân dân cấp tỉnh 14 ngày,CÔNG THƯƠNG,modified,Sửa đổi/bổ sung,province,2026-01-16,current,https://cathai.haiphong.gov.vn/linh-vuc-cong-thuong/quyet-dinh-so-190-qd-ubnd-ngay-16-01-2026-cua-ubnd-thanh-pho-hai-phong-v-v-cong-bo-danh-muc-thu--848220,https://cdn.haiphong.gov.vn/gov-hpg/5889/tintuc/2026/1/qd-cong-bo-danh-muc-tthc-thuoc-pham-vi-chuc-nang-quan-ly-cua-so-cong-thuong..signed639045191347357139.pdf,d96683ab0ae3512ed72c72ecb60632c2e835a905fd506cbe421683ded8de2a8d,Một phần I LĨNH VỰC ĐIỆN (08 TTHC) 1 1.013401 Cấp giấy phép hoạt động phát điện thuộc thẩm quyền cấp của Ủy ban nhân dân cấp tỉnh 14 ngày 7 ngày - Trung tâm Phục vụ hành chính công
2026-01-16,190/QĐ-UBND,1.013411,Cấp giấy phép hoạt động phân phối điện thuộc thẩm quyền cấp của Ủy ban nhân dân cấp tỉnh 14 ngày 7 ngày,CÔNG THƯƠNG,modified,Sửa đổi/bổ sung,province,2026-01-16,current,https://cathai.haiphong.gov.vn/linh-vuc-cong-thuong/quyet-dinh-so-190-qd-ubnd-ngay-16-01-2026-cua-ubnd-thanh-pho-hai-phong-v-v-cong-bo-danh-muc-thu--848220,https://cdn.haiphong.gov.vn/gov-hpg/5889/tintuc/2026/1/qd-cong-bo-danh-muc-tthc-thuoc-pham-vi-chuc-nang-quan-ly-cua-so-cong-thuong..signed639045191347357139.pdf,d96683ab0ae3512ed72c72ecb60632c2e835a905fd506cbe421683ded8de2a8d,6 1.013411 Cấp giấy phép hoạt động phân phối điện thuộc thẩm quyền cấp của Ủy ban nhân dân cấp tỉnh 14 ngày 7 ngày - Trung tâm Phục vụ hành chính công thành phố Hải Phòng; - Trung tâm Phục vụ hành chính công cấp
2026-01-16,190/QĐ-UBND,1.013412,Cấp giấy phép hoạt động bán buôn điện thuộc thẩm quyền cấp của Ủy ban nhân dân cấp tỉnh 14 ngày 7 ngày,CÔNG THƯƠNG,modified,Sửa đổi/bổ sung,province,2026-01-16,current,https://cathai.haiphong.gov.vn/linh-vuc-cong-thuong/quyet-dinh-so-190-qd-ubnd-ngay-16-01-2026-cua-ubnd-thanh-pho-hai-phong-v-v-cong-bo-danh-muc-thu--848220,https://cdn.haiphong.gov.vn/gov-hpg/5889/tintuc/2026/1/qd-cong-bo-danh-muc-tthc-thuoc-pham-vi-chuc-nang-quan-ly-cua-so-cong-thuong..signed639045191347357139.pdf,d96683ab0ae3512ed72c72ecb60632c2e835a905fd506cbe421683ded8de2a8d,2025 của Bộ trưởng Bộ Tài chính X 8 1.013412 Cấp giấy phép hoạt động bán buôn điện thuộc thẩm quyền cấp của Ủy ban nhân dân cấp tỉnh 14 ngày 7 ngày - Trung tâm Phục vụ hành chính công thành phố Hải Phòng; - Trung tâm Phục vụ hành chính công cấp
2026-01-16,190/QĐ-UBND,1.013416,Cấp giấy phép hoạt động bán lẻ điện thuộc thẩm quyền cấp của Ủy ban nhân dân cấp tỉnh 14 ngày 7 ngày,CÔNG THƯƠNG,modified,Sửa đổi/bổ sung,province,2026-01-16,current,https://cathai.haiphong.gov.vn/linh-vuc-cong-thuong/quyet-dinh-so-190-qd-ubnd-ngay-16-01-2026-cua-ubnd-thanh-pho-hai-phong-v-v-cong-bo-danh-muc-thu--848220,https://cdn.haiphong.gov.vn/gov-hpg/5889/tintuc/2026/1/qd-cong-bo-danh-muc-tthc-thuoc-pham-vi-chuc-nang-quan-ly-cua-so-cong-thuong..signed639045191347357139.pdf,d96683ab0ae3512ed72c72ecb60632c2e835a905fd506cbe421683ded8de2a8d,2025 của Bộ trưởng Bộ Tài chính X 4 1.013416 Cấp giấy phép hoạt động bán lẻ điện thuộc thẩm quyền cấp của Ủy ban nhân dân cấp tỉnh 14 ngày 7 ngày - Trung tâm Phục vụ hành chính công thành phố Hải Phòng; - Trung tâm Phục vụ hành chính công cấp xã.
2026-01-16,190/QĐ-UBND,1.013417,"Cấp lại giấy phép hoạt động điện lực thuộc thẩm quyền cấp của Ủy ban nhân dân cấp tỉnh (trừ trường hợp giấy phép bị mất, bị hỏng) 10 ngày 5 ngày",CÔNG THƯƠNG,modified,Sửa đổi/bổ sung,province,2026-01-16,current,https://cathai.haiphong.gov.vn/linh-vuc-cong-thuong/quyet-dinh-so-190-qd-ubnd-ngay-16-01-2026-cua-ubnd-thanh-pho-hai-phong-v-v-cong-bo-danh-muc-thu--848220,https://cdn.haiphong.gov.vn/gov-hpg/5889/tintuc/2026/1/qd-cong-bo-danh-muc-tthc-thuoc-pham-vi-chuc-nang-quan-ly-cua-so-cong-thuong..signed639045191347357139.pdf,d96683ab0ae3512ed72c72ecb60632c2e835a905fd506cbe421683ded8de2a8d,"2025 của Bộ trưởng Bộ Tài chính X 7 1.013417 Cấp lại giấy phép hoạt động điện lực thuộc thẩm quyền cấp của Ủy ban nhân dân cấp tỉnh (trừ trường hợp giấy phép bị mất, bị hỏng) 10 ngày 5 ngày - Trung tâm Phục vụ hành chính công thành phố Hải Phòng;"
2026-01-16,190/QĐ-UBND,1.013418,Cấp gia hạn giấy phép hoạt động điện lực thuộc thẩm quyền cấp của Ủy ban nhân dân cấp tỉnh 10 ngày 5 ngày,CÔNG THƯƠNG,modified,Sửa đổi/bổ sung,province,2026-01-16,current,https://cathai.haiphong.gov.vn/linh-vuc-cong-thuong/quyet-dinh-so-190-qd-ubnd-ngay-16-01-2026-cua-ubnd-thanh-pho-hai-phong-v-v-cong-bo-danh-muc-thu--848220,https://cdn.haiphong.gov.vn/gov-hpg/5889/tintuc/2026/1/qd-cong-bo-danh-muc-tthc-thuoc-pham-vi-chuc-nang-quan-ly-cua-so-cong-thuong..signed639045191347357139.pdf,d96683ab0ae3512ed72c72ecb60632c2e835a905fd506cbe421683ded8de2a8d,thuộc phạm vi chức năng quản lý của Bộ Công Thương. 3 1.013418 Cấp gia hạn giấy phép hoạt động điện lực thuộc thẩm quyền cấp của Ủy ban nhân dân cấp tỉnh 10 ngày 5 ngày - Trung tâm Phục vụ hành chính công thành phố Hải Phòng; - Trung tâm Phục vụ hành chính công cấp
2026-01-16,190/QĐ-UBND,1.013419,"Cấp sửa đổi, bổ sung giấy phép hoạt động điện lực thuộc thẩm quyền cấp của Ủy ban 10 ngày 5 ngày",CÔNG THƯƠNG,modified,Sửa đổi/bổ sung,province,2026-01-16,not_in_current_master,https://cathai.haiphong.gov.vn/linh-vuc-cong-thuong/quyet-dinh-so-190-qd-ubnd-ngay-16-01-2026-cua-ubnd-thanh-pho-hai-phong-v-v-cong-bo-danh-muc-thu--848220,https://cdn.haiphong.gov.vn/gov-hpg/5889/tintuc/2026/1/qd-cong-bo-danh-muc-tthc-thuoc-pham-vi-chuc-nang-quan-ly-cua-so-cong-thuong..signed639045191347357139.pdf,d96683ab0ae3512ed72c72ecb60632c2e835a905fd506cbe421683ded8de2a8d,"phân quyền, phân cấp trong lĩnh vực công nghiệp và thương mại; 2 1.013419 Cấp sửa đổi, bổ sung giấy phép hoạt động điện lực thuộc thẩm quyền cấp của Ủy ban 10 ngày 5 ngày - Trung tâm Phục vụ hành chính công thành phố Hải Phòng; - Trung tâm Phục vụ hành chính công cấp Theo quy định tại Thông tư số"
2026-01-16,190/QĐ-UBND,1.013420,"Cấp lại giấy phép hoạt động điện lực thuộc thẩm quyền cấp của Ủy ban nhân dân cấp tỉnh trong trường hợp giấy phép bị mất, bị hỏng 10 ngày 5 ngày",CÔNG THƯƠNG,modified,Sửa đổi/bổ sung,province,2026-01-16,current,https://cathai.haiphong.gov.vn/linh-vuc-cong-thuong/quyet-dinh-so-190-qd-ubnd-ngay-16-01-2026-cua-ubnd-thanh-pho-hai-phong-v-v-cong-bo-danh-muc-thu--848220,https://cdn.haiphong.gov.vn/gov-hpg/5889/tintuc/2026/1/qd-cong-bo-danh-muc-tthc-thuoc-pham-vi-chuc-nang-quan-ly-cua-so-cong-thuong..signed639045191347357139.pdf,d96683ab0ae3512ed72c72ecb60632c2e835a905fd506cbe421683ded8de2a8d,"2025 của Bộ trưởng Bộ Tài chính X 5 1.013420 Cấp lại giấy phép hoạt động điện lực thuộc thẩm quyền cấp của Ủy ban nhân dân cấp tỉnh trong trường hợp giấy phép bị mất, bị hỏng 10 ngày 5 ngày - Trung tâm Phục vụ hành chính công thành phố Hải Phòng;"
2026-01-16,190/QĐ-UBND,2.000063,"Cấp Giấy - 07 - 3,5 - Trung tâm Phục vụ 3.000.000 đồng/GP X - Nghị định số",CÔNG THƯƠNG,modified,Sửa đổi/bổ sung,province,2026-01-16,not_in_current_master,https://cathai.haiphong.gov.vn/linh-vuc-cong-thuong/quyet-dinh-so-190-qd-ubnd-ngay-16-01-2026-cua-ubnd-thanh-pho-hai-phong-v-v-cong-bo-danh-muc-thu--848220,https://cdn.haiphong.gov.vn/gov-hpg/5889/tintuc/2026/1/qd-cong-bo-danh-muc-tthc-thuoc-pham-vi-chuc-nang-quan-ly-cua-so-cong-thuong..signed639045191347357139.pdf,d96683ab0ae3512ed72c72ecb60632c2e835a905fd506cbe421683ded8de2a8d,"định cắt giảm, đơn giản hóa thủ tục hành chính dựa trên dữ liệu. 14 2.000063 Cấp Giấy - 07 - 3,5 - Trung tâm Phục vụ 3.000.000 đồng/GP X - Nghị định số"
2026-01-16,190/QĐ-UBND,2.000073,Cấp Giấy chứng nh ận đủ điều ki ện trạm nạp LPG vào chai Trong thời hạn,CÔNG THƯƠNG,modified,Sửa đổi/bổ sung,province,2026-01-16,repealed,https://cathai.haiphong.gov.vn/linh-vuc-cong-thuong/quyet-dinh-so-190-qd-ubnd-ngay-16-01-2026-cua-ubnd-thanh-pho-hai-phong-v-v-cong-bo-danh-muc-thu--848220,https://cdn.haiphong.gov.vn/gov-hpg/5889/tintuc/2026/1/qd-cong-bo-danh-muc-tthc-thuoc-pham-vi-chuc-nang-quan-ly-cua-so-cong-thuong..signed639045191347357139.pdf,d96683ab0ae3512ed72c72ecb60632c2e835a905fd506cbe421683ded8de2a8d,"quy đ ịnh c ắt gi ảm, đơn giản hóa thủ tục hành chính dựa trên dữ liệu 8 2.000073 Cấp Giấy chứng nh ận đủ điều ki ện trạm nạp LPG vào chai Trong thời hạn 15 ngày làm việc kể từ ngày nhận 7,5 ngày làm việc kể từ ngày nhận"
2026-01-16,190/QĐ-UBND,2.000110,Đăng ký thay đổi dấu nghiệp vụ giám định,CÔNG THƯƠNG,modified,Sửa đổi/bổ sung,province,2026-01-16,not_in_current_master,https://cathai.haiphong.gov.vn/linh-vuc-cong-thuong/quyet-dinh-so-190-qd-ubnd-ngay-16-01-2026-cua-ubnd-thanh-pho-hai-phong-v-v-cong-bo-danh-muc-thu--848220,https://cdn.haiphong.gov.vn/gov-hpg/5889/tintuc/2026/1/qd-cong-bo-danh-muc-tthc-thuoc-pham-vi-chuc-nang-quan-ly-cua-so-cong-thuong..signed639045191347357139.pdf,d96683ab0ae3512ed72c72ecb60632c2e835a905fd506cbe421683ded8de2a8d,"giản hóa thủ tục hành chính dựa trên dữ liệu VII LĨNH VỰC GIÁM ĐỊNH THƯƠNG MẠI (02 TTHC) 1 2.000110 Đăng ký thay đổi dấu nghiệp vụ giám định 07 ngày làm việc kể từ ngày 3,5 ngày làm việc kể từ ngày - Trung tâm Phục vụ hành chính công thành phố Hải Phòng; Không quy định X"
2026-01-16,190/QĐ-UBND,2.000115,Cấp lại Giấy 1. 1. - Trung tâm Phục vụ 1. Trường hợp cơ sở X - Luật An toàn thực phẩm,CÔNG THƯƠNG,modified,Sửa đổi/bổ sung,province,2026-01-16,not_in_current_master,https://cathai.haiphong.gov.vn/linh-vuc-cong-thuong/quyet-dinh-so-190-qd-ubnd-ngay-16-01-2026-cua-ubnd-thanh-pho-hai-phong-v-v-cong-bo-danh-muc-thu--848220,https://cdn.haiphong.gov.vn/gov-hpg/5889/tintuc/2026/1/qd-cong-bo-danh-muc-tthc-thuoc-pham-vi-chuc-nang-quan-ly-cua-so-cong-thuong..signed639045191347357139.pdf,d96683ab0ae3512ed72c72ecb60632c2e835a905fd506cbe421683ded8de2a8d,"định cắt giảm, đơn giản hóa thủ tục hành chính dựa trên dữ liệu 3 2.000115 Cấp lại Giấy 1. 1. - Trung tâm Phục vụ 1. Trường hợp cơ sở X - Luật An toàn thực phẩm;"
2026-01-16,190/QĐ-UBND,2.000117,Cấp Giấy chứng nhận đủ điều kiện ATTP đối với cơ sở kinh doanh thực phẩm do Bộ Công Thương thực hiện,CÔNG THƯƠNG,modified,Sửa đổi/bổ sung,province,2026-01-16,not_in_current_master,https://cathai.haiphong.gov.vn/linh-vuc-cong-thuong/quyet-dinh-so-190-qd-ubnd-ngay-16-01-2026-cua-ubnd-thanh-pho-hai-phong-v-v-cong-bo-danh-muc-thu--848220,https://cdn.haiphong.gov.vn/gov-hpg/5889/tintuc/2026/1/qd-cong-bo-danh-muc-tthc-thuoc-pham-vi-chuc-nang-quan-ly-cua-so-cong-thuong..signed639045191347357139.pdf,d96683ab0ae3512ed72c72ecb60632c2e835a905fd506cbe421683ded8de2a8d,"1,5 ngày làm việc 4 2.000117 Cấp Giấy chứng nhận đủ điều kiện ATTP đối với cơ sở kinh doanh thực phẩm do Bộ Công Thương thực hiện 25 ngày làm việc (chưa bao gồm thời gian khắc phục của cơ"
2026-01-16,190/QĐ-UBND,2.000129,"Điều chỉnh Giấy phép thành lập - 05 ngày làm - 2,5 ngày làm",CÔNG THƯƠNG,modified,Sửa đổi/bổ sung,province,2026-01-16,not_in_current_master,https://cathai.haiphong.gov.vn/linh-vuc-cong-thuong/quyet-dinh-so-190-qd-ubnd-ngay-16-01-2026-cua-ubnd-thanh-pho-hai-phong-v-v-cong-bo-danh-muc-thu--848220,https://cdn.haiphong.gov.vn/gov-hpg/5889/tintuc/2026/1/qd-cong-bo-danh-muc-tthc-thuoc-pham-vi-chuc-nang-quan-ly-cua-so-cong-thuong..signed639045191347357139.pdf,d96683ab0ae3512ed72c72ecb60632c2e835a905fd506cbe421683ded8de2a8d,"hóa thủ tục hành chính dựa trên dữ liệu. 12 2.000129 Điều chỉnh Giấy phép thành lập - 05 ngày làm - 2,5 ngày làm - Trung tâm Phục vụ hành chính công Không quy định X - Nghị định số 07/2016/NĐ-CP ngày 25/01/2016 của Chính phủ"
2026-01-16,190/QĐ-UBND,2.000142,Cấp Giấy chứng nhận đủ điều kiện thương nhân kinh doanh mua bán LPG,CÔNG THƯƠNG,modified,Sửa đổi/bổ sung,province,2026-01-16,repealed,https://cathai.haiphong.gov.vn/linh-vuc-cong-thuong/quyet-dinh-so-190-qd-ubnd-ngay-16-01-2026-cua-ubnd-thanh-pho-hai-phong-v-v-cong-bo-danh-muc-thu--848220,https://cdn.haiphong.gov.vn/gov-hpg/5889/tintuc/2026/1/qd-cong-bo-danh-muc-tthc-thuoc-pham-vi-chuc-nang-quan-ly-cua-so-cong-thuong..signed639045191347357139.pdf,d96683ab0ae3512ed72c72ecb60632c2e835a905fd506cbe421683ded8de2a8d,"định cắt giảm, đơn giản hóa thủ tục hành chính dựa trên dữ liệu. 4 2.000142 Cấp Giấy chứng nhận đủ điều kiện thương nhân kinh doanh mua bán LPG 15 ngày làm việc kể từ ngày nhận được hồ sơ đầy đủ và hợp lệ 7,5 ngày"
2026-01-16,190/QĐ-UBND,2.000150,Cấp lại Giấy phép bán lẻ sản phẩm thuốc lá,CÔNG THƯƠNG,modified,Sửa đổi/bổ sung,commune,2026-01-16,current,https://cathai.haiphong.gov.vn/linh-vuc-cong-thuong/quyet-dinh-so-190-qd-ubnd-ngay-16-01-2026-cua-ubnd-thanh-pho-hai-phong-v-v-cong-bo-danh-muc-thu--848220,https://cdn.haiphong.gov.vn/gov-hpg/5889/tintuc/2026/1/qd-cong-bo-danh-muc-tthc-thuoc-pham-vi-chuc-nang-quan-ly-cua-so-cong-thuong..signed639045191347357139.pdf,d96683ab0ae3512ed72c72ecb60632c2e835a905fd506cbe421683ded8de2a8d,"15/01/2018 của Chính phủ sửa đổi một số Nghị định liên quan đ ến điều kiện đầu tư kinh doanh thu ộc ph ạm vi qu ản lý nhà 5 2.000150 Cấp lại Giấy phép bán lẻ sản phẩm thuốc lá 15 ngày làm việc kể từ khi nhận đủ hồ sơ hợp lệ 7,5 ngày làm việc kể từ khi nhận đủ hồ sơ hợp lệ - Trung tâm Phục vụ hành chính"
2026-01-16,190/QĐ-UBND,2.000163,Cấp Giấy chứng nhận đủ điều kiện trạm nạp CNG vào phương tiện vận tải Trong thời hạn,CÔNG THƯƠNG,modified,Sửa đổi/bổ sung,province,2026-01-16,repealed,https://cathai.haiphong.gov.vn/linh-vuc-cong-thuong/quyet-dinh-so-190-qd-ubnd-ngay-16-01-2026-cua-ubnd-thanh-pho-hai-phong-v-v-cong-bo-danh-muc-thu--848220,https://cdn.haiphong.gov.vn/gov-hpg/5889/tintuc/2026/1/qd-cong-bo-danh-muc-tthc-thuoc-pham-vi-chuc-nang-quan-ly-cua-so-cong-thuong..signed639045191347357139.pdf,d96683ab0ae3512ed72c72ecb60632c2e835a905fd506cbe421683ded8de2a8d,"quy đ ịnh c ắt gi ảm, đơn giản hóa thủ tục hành chính dựa trên dữ liệu 11 2.000163 Cấp Giấy chứng nhận đủ điều kiện trạm nạp CNG vào phương tiện vận tải Trong thời hạn 15 ngày làm việc kể từ ngày nhận được hồ sơ đầy đủ, hợp lệ."
2026-01-16,190/QĐ-UBND,2.000166,Giấy chứng nhận đủ điều kiện thương nhân kinh,CÔNG THƯƠNG,modified,Sửa đổi/bổ sung,province,2026-01-16,repealed,https://cathai.haiphong.gov.vn/linh-vuc-cong-thuong/quyet-dinh-so-190-qd-ubnd-ngay-16-01-2026-cua-ubnd-thanh-pho-hai-phong-v-v-cong-bo-danh-muc-thu--848220,https://cdn.haiphong.gov.vn/gov-hpg/5889/tintuc/2026/1/qd-cong-bo-danh-muc-tthc-thuoc-pham-vi-chuc-nang-quan-ly-cua-so-cong-thuong..signed639045191347357139.pdf,d96683ab0ae3512ed72c72ecb60632c2e835a905fd506cbe421683ded8de2a8d,"pháp luật về phí, lệ phí hiện hành X 6 2.000166 Giấy chứng nhận đủ điều kiện thương nhân kinh 15 ngày làm việc kể từ ngày 7,5 ngày làm việc kể từ ngày - Trung tâm Phục vụ hành chính công thành phố Hải Phòng; Theo quy định của"
2026-01-16,190/QĐ-UBND,2.000167,Cấp lại Giấy phép bán buôn sản phẩm thuốc lá,CÔNG THƯƠNG,modified,Sửa đổi/bổ sung,province,2026-01-16,current,https://cathai.haiphong.gov.vn/linh-vuc-cong-thuong/quyet-dinh-so-190-qd-ubnd-ngay-16-01-2026-cua-ubnd-thanh-pho-hai-phong-v-v-cong-bo-danh-muc-thu--848220,https://cdn.haiphong.gov.vn/gov-hpg/5889/tintuc/2026/1/qd-cong-bo-danh-muc-tthc-thuoc-pham-vi-chuc-nang-quan-ly-cua-so-cong-thuong..signed639045191347357139.pdf,d96683ab0ae3512ed72c72ecb60632c2e835a905fd506cbe421683ded8de2a8d,"BCT ngày 26 tháng 12 năm 2018 của Bộ Công Thương quy đ ịnh chi ti ết m ột s ố 7 2.000167 Cấp lại Giấy phép bán buôn sản phẩm thuốc lá 15 ngày làm việc kể từ khi nhận đủ hồ sơ hợp lệ 7,5 ngày làm việc kể từ ngày nhận đủ hồ sơ hợp lệ"
2026-01-16,190/QĐ-UBND,2.000181,Cấp Giấy phép bán lẻ sản phẩm thuốc lá,CÔNG THƯƠNG,modified,Sửa đổi/bổ sung,commune,2026-01-16,current,https://cathai.haiphong.gov.vn/linh-vuc-cong-thuong/quyet-dinh-so-190-qd-ubnd-ngay-16-01-2026-cua-ubnd-thanh-pho-hai-phong-v-v-cong-bo-danh-muc-thu--848220,https://cdn.haiphong.gov.vn/gov-hpg/5889/tintuc/2026/1/qd-cong-bo-danh-muc-tthc-thuoc-pham-vi-chuc-nang-quan-ly-cua-so-cong-thuong..signed639045191347357139.pdf,d96683ab0ae3512ed72c72ecb60632c2e835a905fd506cbe421683ded8de2a8d,"15 tháng 11 năm 2025 quy đ ịnh cắt giảm, đơn giản hóa th ủ tục hành chính d ựa trên dữ liệu. 4 2.000181 Cấp Giấy phép bán lẻ sản phẩm thuốc lá 15 ngày làm việc kể từ khi nhận đủ hồ sơ hợp lệ 7,5 ngày làm việc kể từ khi nhận đủ hồ sơ hợp lệ - Trung tâm Phục vụ hành chính"
2026-01-16,190/QĐ-UBND,2.000190,Cấp Giấy phép bán buôn sản phẩm thuốc lá,CÔNG THƯƠNG,modified,Sửa đổi/bổ sung,province,2026-01-16,not_in_current_master,https://cathai.haiphong.gov.vn/linh-vuc-cong-thuong/quyet-dinh-so-190-qd-ubnd-ngay-16-01-2026-cua-ubnd-thanh-pho-hai-phong-v-v-cong-bo-danh-muc-thu--848220,https://cdn.haiphong.gov.vn/gov-hpg/5889/tintuc/2026/1/qd-cong-bo-danh-muc-tthc-thuoc-pham-vi-chuc-nang-quan-ly-cua-so-cong-thuong..signed639045191347357139.pdf,d96683ab0ae3512ed72c72ecb60632c2e835a905fd506cbe421683ded8de2a8d,"quy đ ịnh c ắt gi ảm, đơn giản hóa thủ tục hành chính dựa trên dữ liệu. 6 2.000190 Cấp Giấy phép bán buôn sản phẩm thuốc lá 15 ngày làm việc kể từ khi nhận đủ hồ sơ hợp lệ 7,5 ngày làm việc kể từ ngày nhận đủ hồ sơ - Trung tâm Phục vụ"
2026-01-16,190/QĐ-UBND,2.000194,Cấp Gi ấy chứng nh ận đủ điều ki ện trạm nạp LPG vào xe bồn Trong thời hạn,CÔNG THƯƠNG,modified,Sửa đổi/bổ sung,province,2026-01-16,repealed,https://cathai.haiphong.gov.vn/linh-vuc-cong-thuong/quyet-dinh-so-190-qd-ubnd-ngay-16-01-2026-cua-ubnd-thanh-pho-hai-phong-v-v-cong-bo-danh-muc-thu--848220,https://cdn.haiphong.gov.vn/gov-hpg/5889/tintuc/2026/1/qd-cong-bo-danh-muc-tthc-thuoc-pham-vi-chuc-nang-quan-ly-cua-so-cong-thuong..signed639045191347357139.pdf,d96683ab0ae3512ed72c72ecb60632c2e835a905fd506cbe421683ded8de2a8d,"- Trung tâm Ph ục vụ hành chính công cấp xã. 7 2.000194 Cấp Gi ấy chứng nh ận đủ điều ki ện trạm nạp LPG vào xe bồn Trong thời hạn 15 ngày làm việc kể từ ngày nhận được hồ sơ đầy đủ, hợp lệ. 7,5 ngày"
2026-01-16,190/QĐ-UBND,2.000196,Cấp Giấy chứng nhận đủ điều kiện trạm nạp LPG vào phương tiện vận tải Trong thời hạn,CÔNG THƯƠNG,modified,Sửa đổi/bổ sung,province,2026-01-16,repealed,https://cathai.haiphong.gov.vn/linh-vuc-cong-thuong/quyet-dinh-so-190-qd-ubnd-ngay-16-01-2026-cua-ubnd-thanh-pho-hai-phong-v-v-cong-bo-danh-muc-thu--848220,https://cdn.haiphong.gov.vn/gov-hpg/5889/tintuc/2026/1/qd-cong-bo-danh-muc-tthc-thuoc-pham-vi-chuc-nang-quan-ly-cua-so-cong-thuong..signed639045191347357139.pdf,d96683ab0ae3512ed72c72ecb60632c2e835a905fd506cbe421683ded8de2a8d,"quy đ ịnh c ắt gi ảm, đơn giản hóa thủ tục hành chính dựa trên dữ liệu 9 2.000196 Cấp Giấy chứng nhận đủ điều kiện trạm nạp LPG vào phương tiện vận tải Trong thời hạn 15 ngày làm việc kể từ ngày nhận được hồ sơ đầy đủ, hợp"
2026-01-16,190/QĐ-UBND,2.000255,Cấp Giấy phép kinh doanh cho tổ chức kinh tế có vốn đầu 10 ngày làm việc k ể từ ngày 05 ngày làm việc k ể,CÔNG THƯƠNG,modified,Sửa đổi/bổ sung,province,2026-01-16,not_in_current_master,https://cathai.haiphong.gov.vn/linh-vuc-cong-thuong/quyet-dinh-so-190-qd-ubnd-ngay-16-01-2026-cua-ubnd-thanh-pho-hai-phong-v-v-cong-bo-danh-muc-thu--848220,https://cdn.haiphong.gov.vn/gov-hpg/5889/tintuc/2026/1/qd-cong-bo-danh-muc-tthc-thuoc-pham-vi-chuc-nang-quan-ly-cua-so-cong-thuong..signed639045191347357139.pdf,d96683ab0ae3512ed72c72ecb60632c2e835a905fd506cbe421683ded8de2a8d,XII LĨNH VỰC THƯƠNG MẠI QUỐC TẾ (15 TTHC) 1 2.000255 Cấp Giấy phép kinh doanh cho tổ chức kinh tế có vốn đầu 10 ngày làm việc k ể từ ngày 05 ngày làm việc k ể từ ngày - Trung tâm Phục vụ
2026-01-16,190/QĐ-UBND,2.000257,"Cấp Gi ấy phép xu ất khẩu, nh ập khẩu hóa ch ất Bảng 2, hoá chất Bảng 3 Trong thời hạn",CÔNG THƯƠNG,modified,Sửa đổi/bổ sung,province,2026-01-16,not_in_current_master,https://cathai.haiphong.gov.vn/linh-vuc-cong-thuong/quyet-dinh-so-190-qd-ubnd-ngay-16-01-2026-cua-ubnd-thanh-pho-hai-phong-v-v-cong-bo-danh-muc-thu--848220,https://cdn.haiphong.gov.vn/gov-hpg/5889/tintuc/2026/1/qd-cong-bo-danh-muc-tthc-thuoc-pham-vi-chuc-nang-quan-ly-cua-so-cong-thuong..signed639045191347357139.pdf,d96683ab0ae3512ed72c72ecb60632c2e835a905fd506cbe421683ded8de2a8d,"quy định cắt giảm, đơn giản hóa thủ tục hành chính dựa trên dữ liệu 2 2.000257 Cấp Gi ấy phép xu ất khẩu, nh ập khẩu hóa ch ất Bảng 2, hoá chất Bảng 3 Trong thời hạn 07 ngày làm việc kể từ ngày nhận được hồ sơ đầy đủ và 5 ngày xin"
2026-01-16,190/QĐ-UBND,2.000260,Cấp Giấy chứng nhận xuất xứ hàng hóa (C/O) ưu đãi mẫu X - Trường hợp nộp qua Hệ thống điện tử Ecosys : 06 giờ làm,CÔNG THƯƠNG,modified,Sửa đổi/bổ sung,province,2026-01-16,not_in_current_master,https://cathai.haiphong.gov.vn/linh-vuc-cong-thuong/quyet-dinh-so-190-qd-ubnd-ngay-16-01-2026-cua-ubnd-thanh-pho-hai-phong-v-v-cong-bo-danh-muc-thu--848220,https://cdn.haiphong.gov.vn/gov-hpg/5889/tintuc/2026/1/qd-cong-bo-danh-muc-tthc-thuoc-pham-vi-chuc-nang-quan-ly-cua-so-cong-thuong..signed639045191347357139.pdf,d96683ab0ae3512ed72c72ecb60632c2e835a905fd506cbe421683ded8de2a8d,giản hóa thủ tục hành chính dựa trên dữ liệu. 8 2.000260 Cấp Giấy chứng nhận xuất xứ hàng hóa (C/O) ưu đãi mẫu X - Trường hợp nộp qua Hệ thống điện tử Ecosys : 06 giờ làm việc kể từ khi
2026-01-16,190/QĐ-UBND,2.000272,Cấp giấy 20 10 - Trung tâm Phục vụ Không quy định X - Luật thương mại ngày 14,CÔNG THƯƠNG,modified,Sửa đổi/bổ sung,province,2026-01-16,not_in_current_master,https://cathai.haiphong.gov.vn/linh-vuc-cong-thuong/quyet-dinh-so-190-qd-ubnd-ngay-16-01-2026-cua-ubnd-thanh-pho-hai-phong-v-v-cong-bo-danh-muc-thu--848220,https://cdn.haiphong.gov.vn/gov-hpg/5889/tintuc/2026/1/qd-cong-bo-danh-muc-tthc-thuoc-pham-vi-chuc-nang-quan-ly-cua-so-cong-thuong..signed639045191347357139.pdf,d96683ab0ae3512ed72c72ecb60632c2e835a905fd506cbe421683ded8de2a8d,"định cắt giảm, đơn giản hóa thủ tục hành chính dựa trên dữ liệu. 7 2.000272 Cấp giấy 20 10 - Trung tâm Phục vụ Không quy định X - Luật thương mại ngày 14"
2026-01-16,190/QĐ-UBND,2.000303,Xuất nhập khẩu Cấp - Trường,CÔNG THƯƠNG,modified,Sửa đổi/bổ sung,province,2026-01-16,not_in_current_master,https://cathai.haiphong.gov.vn/linh-vuc-cong-thuong/quyet-dinh-so-190-qd-ubnd-ngay-16-01-2026-cua-ubnd-thanh-pho-hai-phong-v-v-cong-bo-danh-muc-thu--848220,https://cdn.haiphong.gov.vn/gov-hpg/5889/tintuc/2026/1/qd-cong-bo-danh-muc-tthc-thuoc-pham-vi-chuc-nang-quan-ly-cua-so-cong-thuong..signed639045191347357139.pdf,d96683ab0ae3512ed72c72ecb60632c2e835a905fd506cbe421683ded8de2a8d,"quy định cắt giảm, đơn giản hóa thủ tục hành chính dựa trên dữ liệu. 5 2.000303 Xuất nhập khẩu Cấp - Trường Không cắt Nộp trực tuyến tại 30.000 đồng X - Nghị định số 31/2018/NĐ-CP ngày"
2026-01-16,190/QĐ-UBND,2.000304,Cấp Giấy chứng nhận đủ điều kiện sản xuất chai LPG mini Trong thời hạn,CÔNG THƯƠNG,modified,Sửa đổi/bổ sung,province,2026-01-16,repealed,https://cathai.haiphong.gov.vn/linh-vuc-cong-thuong/quyet-dinh-so-190-qd-ubnd-ngay-16-01-2026-cua-ubnd-thanh-pho-hai-phong-v-v-cong-bo-danh-muc-thu--848220,https://cdn.haiphong.gov.vn/gov-hpg/5889/tintuc/2026/1/qd-cong-bo-danh-muc-tthc-thuoc-pham-vi-chuc-nang-quan-ly-cua-so-cong-thuong..signed639045191347357139.pdf,d96683ab0ae3512ed72c72ecb60632c2e835a905fd506cbe421683ded8de2a8d,"quy đ ịnh c ắt gi ảm, đơn giản hóa thủ tục hành chính dựa trên dữ liệu 12 2.000304 Cấp Giấy chứng nhận đủ điều kiện sản xuất chai LPG mini Trong thời hạn 15 ngày làm việc kể từ ngày nhận được hồ sơ đầy đủ, hợp lệ. 7,5 ngày"
2026-01-16,190/QĐ-UBND,2.000309,Đăng ký hoạt động bán hàng đa cấp,CÔNG THƯƠNG,modified,Sửa đổi/bổ sung,province,2026-01-16,not_in_current_master,https://cathai.haiphong.gov.vn/linh-vuc-cong-thuong/quyet-dinh-so-190-qd-ubnd-ngay-16-01-2026-cua-ubnd-thanh-pho-hai-phong-v-v-cong-bo-danh-muc-thu--848220,https://cdn.haiphong.gov.vn/gov-hpg/5889/tintuc/2026/1/qd-cong-bo-danh-muc-tthc-thuoc-pham-vi-chuc-nang-quan-ly-cua-so-cong-thuong..signed639045191347357139.pdf,d96683ab0ae3512ed72c72ecb60632c2e835a905fd506cbe421683ded8de2a8d,thủ tục hành chính dựa trên dữ liệu. VIII LĨNH VỰC QUẢN LÝ BÁN HÀNG ĐA CẤP (03 TTHC) 1 2.000309 Đăng ký hoạt động bán hàng đa cấp tại địa phương 10 ngày làm việc kể từ ngày nhận đủ hồ sơ hợp lệ 05 ngày làm việc kể từ ngày nhận đủ
2026-01-16,190/QĐ-UBND,2.000330,Điều chỉnh Giấy phép kinh doanh cho tổ chức kinh tế có vốn đầu tư nước ngoài 28 ngày làm việc k ể từ ngày nhận đủ h ồ 14 ngày,CÔNG THƯƠNG,modified,Sửa đổi/bổ sung,province,2026-01-16,not_in_current_master,https://cathai.haiphong.gov.vn/linh-vuc-cong-thuong/quyet-dinh-so-190-qd-ubnd-ngay-16-01-2026-cua-ubnd-thanh-pho-hai-phong-v-v-cong-bo-danh-muc-thu--848220,https://cdn.haiphong.gov.vn/gov-hpg/5889/tintuc/2026/1/qd-cong-bo-danh-muc-tthc-thuoc-pham-vi-chuc-nang-quan-ly-cua-so-cong-thuong..signed639045191347357139.pdf,d96683ab0ae3512ed72c72ecb60632c2e835a905fd506cbe421683ded8de2a8d,hóa thủ tục hành chính dựa trên dữ liệu. 6 2.000330 Điều chỉnh Giấy phép kinh doanh cho tổ chức kinh tế có vốn đầu tư nước ngoài 28 ngày làm việc k ể từ ngày nhận đủ h ồ 14 ngày làm việc k ể
2026-01-16,190/QĐ-UBND,2.000331,Cấp Giấy chứng nhận sản phẩm công nghiệp nông thôn tiêu biểu cấp tỉnh 30 ngày làm việc kể từ ngày nhận đủ hồ,CÔNG THƯƠNG,modified,Sửa đổi/bổ sung,province,2026-01-16,not_in_current_master,https://cathai.haiphong.gov.vn/linh-vuc-cong-thuong/quyet-dinh-so-190-qd-ubnd-ngay-16-01-2026-cua-ubnd-thanh-pho-hai-phong-v-v-cong-bo-danh-muc-thu--848220,https://cdn.haiphong.gov.vn/gov-hpg/5889/tintuc/2026/1/qd-cong-bo-danh-muc-tthc-thuoc-pham-vi-chuc-nang-quan-ly-cua-so-cong-thuong..signed639045191347357139.pdf,d96683ab0ae3512ed72c72ecb60632c2e835a905fd506cbe421683ded8de2a8d,"giảm, đơn gi ản hóa th ủ tục hành chính dựa trên dữ liệu IV LĨNH VỰC CÔNG NGHIỆP ĐỊA PHƯƠNG (01 TTHC) 1 2.000331 Cấp Giấy chứng nhận sản phẩm công nghiệp nông thôn tiêu biểu cấp tỉnh 30 ngày làm việc kể từ ngày nhận đủ hồ sơ hợp lệ"
2026-01-16,190/QĐ-UBND,2.000340,Cấp lại Giấy phép kinh doanh cho tổ chức kinh tế có vốn đầu tư nước ngoài 05 ngày làm việc k ể từ ngày nhận đủ h ồ sơ h ợp lệ,CÔNG THƯƠNG,modified,Sửa đổi/bổ sung,province,2026-01-16,not_in_current_master,https://cathai.haiphong.gov.vn/linh-vuc-cong-thuong/quyet-dinh-so-190-qd-ubnd-ngay-16-01-2026-cua-ubnd-thanh-pho-hai-phong-v-v-cong-bo-danh-muc-thu--848220,https://cdn.haiphong.gov.vn/gov-hpg/5889/tintuc/2026/1/qd-cong-bo-danh-muc-tthc-thuoc-pham-vi-chuc-nang-quan-ly-cua-so-cong-thuong..signed639045191347357139.pdf,d96683ab0ae3512ed72c72ecb60632c2e835a905fd506cbe421683ded8de2a8d,"hóa thủ tục hành chính dựa trên dữ liệu. 5 2.000340 Cấp lại Giấy phép kinh doanh cho tổ chức kinh tế có vốn đầu tư nước ngoài 05 ngày làm việc k ể từ ngày nhận đủ h ồ sơ h ợp lệ 2,5 ngày"
2026-01-16,190/QĐ-UBND,2.000347,Điều chỉnh Giấy phép thành lập Văn phòng đại diện của thương nhân nước ngoài,CÔNG THƯƠNG,modified,Sửa đổi/bổ sung,province,2026-01-16,not_in_current_master,https://cathai.haiphong.gov.vn/linh-vuc-cong-thuong/quyet-dinh-so-190-qd-ubnd-ngay-16-01-2026-cua-ubnd-thanh-pho-hai-phong-v-v-cong-bo-danh-muc-thu--848220,https://cdn.haiphong.gov.vn/gov-hpg/5889/tintuc/2026/1/qd-cong-bo-danh-muc-tthc-thuoc-pham-vi-chuc-nang-quan-ly-cua-so-cong-thuong..signed639045191347357139.pdf,d96683ab0ae3512ed72c72ecb60632c2e835a905fd506cbe421683ded8de2a8d,15 2.000347 Điều chỉnh Giấy phép thành lập Văn phòng đại diện của thương nhân nước ngoài tại Việt Nam - 05 ngày làm việc kể từ ngày nhận đủ hồ sơ hợp lệ. (trường
2026-01-16,190/QĐ-UBND,2.000351,"Cấp Giấy phép kinh doanh cho tổ chức kinh tế có vốn đầu tư nước ngoài để thực hiện các dịch vụ khác quy định tại khoản d, đ, e, g, h, i Điều 5 Nghị định 09/2018/NĐ",CÔNG THƯƠNG,modified,Sửa đổi/bổ sung,province,2026-01-16,not_in_current_master,https://cathai.haiphong.gov.vn/linh-vuc-cong-thuong/quyet-dinh-so-190-qd-ubnd-ngay-16-01-2026-cua-ubnd-thanh-pho-hai-phong-v-v-cong-bo-danh-muc-thu--848220,https://cdn.haiphong.gov.vn/gov-hpg/5889/tintuc/2026/1/qd-cong-bo-danh-muc-tthc-thuoc-pham-vi-chuc-nang-quan-ly-cua-so-cong-thuong..signed639045191347357139.pdf,d96683ab0ae3512ed72c72ecb60632c2e835a905fd506cbe421683ded8de2a8d,"hóa thủ tục hành chính dựa trên dữ liệu. 4 2.000351 Cấp Giấy phép kinh doanh cho tổ chức kinh tế có vốn đầu tư nước ngoài để thực hiện các dịch vụ khác quy định tại khoản d, đ, e, g, h, i Điều 5 Nghị định 09/2018/NĐ -CP 28"
2026-01-16,190/QĐ-UBND,2.000354,Cấp Giấy chứng nhận đủ điều kiện thương nhân kinh doanh mua bán CNG,CÔNG THƯƠNG,modified,Sửa đổi/bổ sung,province,2026-01-16,repealed,https://cathai.haiphong.gov.vn/linh-vuc-cong-thuong/quyet-dinh-so-190-qd-ubnd-ngay-16-01-2026-cua-ubnd-thanh-pho-hai-phong-v-v-cong-bo-danh-muc-thu--848220,https://cdn.haiphong.gov.vn/gov-hpg/5889/tintuc/2026/1/qd-cong-bo-danh-muc-tthc-thuoc-pham-vi-chuc-nang-quan-ly-cua-so-cong-thuong..signed639045191347357139.pdf,d96683ab0ae3512ed72c72ecb60632c2e835a905fd506cbe421683ded8de2a8d,"định cắt giảm, đơn giản hóa thủ tục hành chính dựa trên dữ liệu. 5 2.000354 Cấp Giấy chứng nhận đủ điều kiện thương nhân kinh doanh mua bán CNG 15 ngày làm việc kể từ ngày nhận được hồ sơ đầy đủ và hợp lệ 7,5 ngày"
2026-01-16,190/QĐ-UBND,2.000361,"Cấp giấy phép lập cơ sở bán lẻ thứ nhất, cơ sở bán lẻ ngoài cơ sở bán lẻ thứ nhất thuộc trường hợp không phải thực hiện thủ tục kiểm tra nhu cầu kinh tế (ENT) 20 ngày",CÔNG THƯƠNG,modified,Sửa đổi/bổ sung,province,2026-01-16,not_in_current_master,https://cathai.haiphong.gov.vn/linh-vuc-cong-thuong/quyet-dinh-so-190-qd-ubnd-ngay-16-01-2026-cua-ubnd-thanh-pho-hai-phong-v-v-cong-bo-danh-muc-thu--848220,https://cdn.haiphong.gov.vn/gov-hpg/5889/tintuc/2026/1/qd-cong-bo-danh-muc-tthc-thuoc-pham-vi-chuc-nang-quan-ly-cua-so-cong-thuong..signed639045191347357139.pdf,d96683ab0ae3512ed72c72ecb60632c2e835a905fd506cbe421683ded8de2a8d,"hóa thủ tục hành chính dựa trên dữ liệu. 8 2.000361 Cấp giấy phép lập cơ sở bán lẻ thứ nhất, cơ sở bán lẻ ngoài cơ sở bán lẻ thứ nhất thuộc trường hợp không phải thực hiện thủ tục kiểm tra nhu cầu kinh tế (ENT) 20 ngày làm việc kể"
2026-01-16,190/QĐ-UBND,2.000362,"Cấp Giấy phép kinh doanh cho tổ chức kinh tế có vốn đầu tư nước ngoài để thực hiện quyền phân phối bán lẻ các hàng hóa là gạo; đường; vật phẩm ghi hình; sách, báo và tạp",CÔNG THƯƠNG,modified,Sửa đổi/bổ sung,province,2026-01-16,not_in_current_master,https://cathai.haiphong.gov.vn/linh-vuc-cong-thuong/quyet-dinh-so-190-qd-ubnd-ngay-16-01-2026-cua-ubnd-thanh-pho-hai-phong-v-v-cong-bo-danh-muc-thu--848220,https://cdn.haiphong.gov.vn/gov-hpg/5889/tintuc/2026/1/qd-cong-bo-danh-muc-tthc-thuoc-pham-vi-chuc-nang-quan-ly-cua-so-cong-thuong..signed639045191347357139.pdf,d96683ab0ae3512ed72c72ecb60632c2e835a905fd506cbe421683ded8de2a8d,"hóa thủ tục hành chính dựa trên dữ liệu. 3 2.000362 Cấp Giấy phép kinh doanh cho tổ chức kinh tế có vốn đầu tư nước ngoài để thực hiện quyền phân phối bán lẻ các hàng hóa là gạo; đường; vật phẩm ghi hình; sách, báo và tạp chí 28"
2026-01-16,190/QĐ-UBND,2.000370,"Cấp Giấy phép kinh doanh cho tổ chức kinh tế có vốn đầu tư nước ngoài để thực hiện quyền nhập khẩu, quyền phân phối bán buôn các hàng hóa là dầu, mỡ bôi trơn 28",CÔNG THƯƠNG,modified,Sửa đổi/bổ sung,province,2026-01-16,not_in_current_master,https://cathai.haiphong.gov.vn/linh-vuc-cong-thuong/quyet-dinh-so-190-qd-ubnd-ngay-16-01-2026-cua-ubnd-thanh-pho-hai-phong-v-v-cong-bo-danh-muc-thu--848220,https://cdn.haiphong.gov.vn/gov-hpg/5889/tintuc/2026/1/qd-cong-bo-danh-muc-tthc-thuoc-pham-vi-chuc-nang-quan-ly-cua-so-cong-thuong..signed639045191347357139.pdf,d96683ab0ae3512ed72c72ecb60632c2e835a905fd506cbe421683ded8de2a8d,"dựa trên dữ liệu. 2 2.000370 Cấp Giấy phép kinh doanh cho tổ chức kinh tế có vốn đầu tư nước ngoài để thực hiện quyền nhập khẩu, quyền phân phối bán buôn các hàng hóa là dầu, mỡ bôi trơn 28 ngày làm"
2026-01-16,190/QĐ-UBND,2.000387,Cấp Giấy chứng nhận đủ điều kiện trạm nạp LNG vào phương tiện vận tải Trong thời hạn,CÔNG THƯƠNG,modified,Sửa đổi/bổ sung,province,2026-01-16,repealed,https://cathai.haiphong.gov.vn/linh-vuc-cong-thuong/quyet-dinh-so-190-qd-ubnd-ngay-16-01-2026-cua-ubnd-thanh-pho-hai-phong-v-v-cong-bo-danh-muc-thu--848220,https://cdn.haiphong.gov.vn/gov-hpg/5889/tintuc/2026/1/qd-cong-bo-danh-muc-tthc-thuoc-pham-vi-chuc-nang-quan-ly-cua-so-cong-thuong..signed639045191347357139.pdf,d96683ab0ae3512ed72c72ecb60632c2e835a905fd506cbe421683ded8de2a8d,"10 2.000387 Cấp Giấy chứng nhận đủ điều kiện trạm nạp LNG vào phương tiện vận tải Trong thời hạn 15 ngày làm việc kể từ ngày nhận được hồ sơ đầy đủ, hợp"
2026-01-16,190/QĐ-UBND,2.000431,"Cấp Gi ấy phép xu ất khẩu, nh ập khẩu hóa ch ất Bảng 1 Trong thời hạn",CÔNG THƯƠNG,modified,Sửa đổi/bổ sung,province,2026-01-16,not_in_current_master,https://cathai.haiphong.gov.vn/linh-vuc-cong-thuong/quyet-dinh-so-190-qd-ubnd-ngay-16-01-2026-cua-ubnd-thanh-pho-hai-phong-v-v-cong-bo-danh-muc-thu--848220,https://cdn.haiphong.gov.vn/gov-hpg/5889/tintuc/2026/1/qd-cong-bo-danh-muc-tthc-thuoc-pham-vi-chuc-nang-quan-ly-cua-so-cong-thuong..signed639045191347357139.pdf,d96683ab0ae3512ed72c72ecb60632c2e835a905fd506cbe421683ded8de2a8d,"X LĨNH VỰC HOÁ CHẤT (05 TTHC) 1 2.000431 Cấp Gi ấy phép xu ất khẩu, nh ập khẩu hóa ch ất Bảng 1 Trong thời hạn 07 ngày làm việc kể từ ngày nhận được hồ sơ đầy đủ và 5 ngày xin"
2026-01-16,190/QĐ-UBND,2.000535,"Cấp lại Giấy chứng nhận đủ điều kiện ATTP đối với cơ sở sản xuất, kinh doanh thực phẩm do Sở Công Thương/Sở ATTP/ Ban quản lý ATTP thực hiện 1. Trường",CÔNG THƯƠNG,modified,Sửa đổi/bổ sung,province,2026-01-16,not_in_current_master,https://cathai.haiphong.gov.vn/linh-vuc-cong-thuong/quyet-dinh-so-190-qd-ubnd-ngay-16-01-2026-cua-ubnd-thanh-pho-hai-phong-v-v-cong-bo-danh-muc-thu--848220,https://cdn.haiphong.gov.vn/gov-hpg/5889/tintuc/2026/1/qd-cong-bo-danh-muc-tthc-thuoc-pham-vi-chuc-nang-quan-ly-cua-so-cong-thuong..signed639045191347357139.pdf,d96683ab0ae3512ed72c72ecb60632c2e835a905fd506cbe421683ded8de2a8d,"TTHC) 1 2.000535 Cấp lại Giấy chứng nhận đủ điều kiện ATTP đối với cơ sở sản xuất, kinh doanh thực phẩm do Sở Công Thương/Sở ATTP/ Ban quản lý ATTP thực hiện 1. Trường hợp cơ sở thay"
2026-01-16,190/QĐ-UBND,2.000591,"Cấp Giấy chứng nhận đủ điều kiện ATTP đối với cơ sở sản xuất, kinh doanh thực phẩm",CÔNG THƯƠNG,modified,Sửa đổi/bổ sung,province,2026-01-16,not_in_current_master,https://cathai.haiphong.gov.vn/linh-vuc-cong-thuong/quyet-dinh-so-190-qd-ubnd-ngay-16-01-2026-cua-ubnd-thanh-pho-hai-phong-v-v-cong-bo-danh-muc-thu--848220,https://cdn.haiphong.gov.vn/gov-hpg/5889/tintuc/2026/1/qd-cong-bo-danh-muc-tthc-thuoc-pham-vi-chuc-nang-quan-ly-cua-so-cong-thuong..signed639045191347357139.pdf,d96683ab0ae3512ed72c72ecb60632c2e835a905fd506cbe421683ded8de2a8d,"làm việc 2 2.000591 Cấp Giấy chứng nhận đủ điều kiện ATTP đối với cơ sở sản xuất, kinh doanh thực phẩm 25 ngày làm việc (chưa bao gồm thời gian khắc phục của cơ sở) kể từ"
2026-01-16,190/QĐ-UBND,2.000598,Cấp lại Giấy phép phân phối sản phẩm thuốc lá,CÔNG THƯƠNG,modified,Sửa đổi/bổ sung,province,2026-01-16,current,https://cathai.haiphong.gov.vn/linh-vuc-cong-thuong/quyet-dinh-so-190-qd-ubnd-ngay-16-01-2026-cua-ubnd-thanh-pho-hai-phong-v-v-cong-bo-danh-muc-thu--848220,https://cdn.haiphong.gov.vn/gov-hpg/5889/tintuc/2026/1/qd-cong-bo-danh-muc-tthc-thuoc-pham-vi-chuc-nang-quan-ly-cua-so-cong-thuong..signed639045191347357139.pdf,d96683ab0ae3512ed72c72ecb60632c2e835a905fd506cbe421683ded8de2a8d,"định cắt giảm, đơn giản hóa thủ tục hành chính d ựa trên dữ liệu. 8 2.000598 Cấp lại Giấy phép phân phối sản phẩm thuốc lá 15 ngày làm việc kể từ khi nhận đủ hồ sơ hợp lệ 7,5 ngày làm việc kể từ ngày nhận đủ hồ sơ hợp lệ"
2026-01-16,190/QĐ-UBND,2.000604,Cấp Giấy chứng nhận đăng ký hoạt động kiểm định,CÔNG THƯƠNG,modified,Sửa đổi/bổ sung,province,2026-01-16,repealed,https://cathai.haiphong.gov.vn/linh-vuc-cong-thuong/quyet-dinh-so-190-qd-ubnd-ngay-16-01-2026-cua-ubnd-thanh-pho-hai-phong-v-v-cong-bo-danh-muc-thu--848220,https://cdn.haiphong.gov.vn/gov-hpg/5889/tintuc/2026/1/qd-cong-bo-danh-muc-tthc-thuoc-pham-vi-chuc-nang-quan-ly-cua-so-cong-thuong..signed639045191347357139.pdf,d96683ab0ae3512ed72c72ecb60632c2e835a905fd506cbe421683ded8de2a8d,"Công Thương XIV LĨNH VỰC CHẤT LƯỢNG SẢN PHẨM HÀNG HÓA (01 TTHC) 1 2.000604 Cấp Giấy chứng nhận đăng ký hoạt động kiểm định 10 ngày làm việc kể từ ngày nhận được hồ sơ đầy đủ và hợp lệ 05 ngày làm việc, kể từ khi"
2026-01-16,190/QĐ-UBND,2.000620,Cấp Giấy phép bán lẻ rượu,CÔNG THƯƠNG,modified,Sửa đổi/bổ sung,commune,2026-01-16,repealed,https://cathai.haiphong.gov.vn/linh-vuc-cong-thuong/quyet-dinh-so-190-qd-ubnd-ngay-16-01-2026-cua-ubnd-thanh-pho-hai-phong-v-v-cong-bo-danh-muc-thu--848220,https://cdn.haiphong.gov.vn/gov-hpg/5889/tintuc/2026/1/qd-cong-bo-danh-muc-tthc-thuoc-pham-vi-chuc-nang-quan-ly-cua-so-cong-thuong..signed639045191347357139.pdf,d96683ab0ae3512ed72c72ecb60632c2e835a905fd506cbe421683ded8de2a8d,"tháng 11 năm 2025 c ủa Chính ph ủ quy định cắt giảm, đơn gi ản hóa th ủ tục hành chính dựa trên dữ liệu. 3 2.000620 Cấp Giấy phép bán lẻ rượu 10 ngày làm việc kể từ ngày nhận được hồ sơ 05 ngày làm việc kể từ ngày nhận được hồ sơ - Trung tâm Phục vụ hành chính công thành Theo quy định của"
2026-01-16,190/QĐ-UBND,2.000626,Cấp Giấy phép mua bán nguyên liệu thuốc lá,CÔNG THƯƠNG,modified,Sửa đổi/bổ sung,province,2026-01-16,not_in_current_master,https://cathai.haiphong.gov.vn/linh-vuc-cong-thuong/quyet-dinh-so-190-qd-ubnd-ngay-16-01-2026-cua-ubnd-thanh-pho-hai-phong-v-v-cong-bo-danh-muc-thu--848220,https://cdn.haiphong.gov.vn/gov-hpg/5889/tintuc/2026/1/qd-cong-bo-danh-muc-tthc-thuoc-pham-vi-chuc-nang-quan-ly-cua-so-cong-thuong..signed639045191347357139.pdf,d96683ab0ae3512ed72c72ecb60632c2e835a905fd506cbe421683ded8de2a8d,"Chính phủ sửa đổi, bổ sung một số điều của các Nghị định liên quan đến điều 4 2.000626 Cấp Giấy phép mua bán nguyên liệu thuốc lá 10 ngày làm việc kể từ ngày nhận đủ hồ sơ hợp lệ 05 ngày làm việc kể từ ngày nhận đủ hồ sơ"
2026-01-16,190/QĐ-UBND,2.000631,"Đăng ký sửa đổi, bổ sung nội dung hoạt động bán hàng đa cấp tại địa phương",CÔNG THƯƠNG,modified,Sửa đổi/bổ sung,province,2026-01-16,not_in_current_master,https://cathai.haiphong.gov.vn/linh-vuc-cong-thuong/quyet-dinh-so-190-qd-ubnd-ngay-16-01-2026-cua-ubnd-thanh-pho-hai-phong-v-v-cong-bo-danh-muc-thu--848220,https://cdn.haiphong.gov.vn/gov-hpg/5889/tintuc/2026/1/qd-cong-bo-danh-muc-tthc-thuoc-pham-vi-chuc-nang-quan-ly-cua-so-cong-thuong..signed639045191347357139.pdf,d96683ab0ae3512ed72c72ecb60632c2e835a905fd506cbe421683ded8de2a8d,"Chính phủ về quản lý ho ạt động kinh doanh theo phương thức đa cấp 2 2.000631 Đăng ký sửa đổi, bổ sung nội dung hoạt động bán hàng đa cấp tại địa phương 07 ngày làm việc kể từ ngày nhận đủ hồ sơ hợp lệ 3,5 ngày làm việc"
2026-01-16,190/QĐ-UBND,2.000633,Cấp Giấy phép sản xuất rượu thủ công nhằm mục đích kinh doanh,CÔNG THƯƠNG,reduced,Có bằng chứng trong phụ lục về nội dung sau cắt giảm,commune,2026-01-16,repealed,https://cathai.haiphong.gov.vn/linh-vuc-cong-thuong/quyet-dinh-so-190-qd-ubnd-ngay-16-01-2026-cua-ubnd-thanh-pho-hai-phong-v-v-cong-bo-danh-muc-thu--848220,https://cdn.haiphong.gov.vn/gov-hpg/5889/tintuc/2026/1/qd-cong-bo-danh-muc-tthc-thuoc-pham-vi-chuc-nang-quan-ly-cua-so-cong-thuong..signed639045191347357139.pdf,d96683ab0ae3512ed72c72ecb60632c2e835a905fd506cbe421683ded8de2a8d,Sau cắt giảm I LĨNH VỰC LƯU THÔNG HÀNG HÓA TRONG NƯỚC (05 TTHC) 1 2.000633 Cấp Giấy phép sản xuất rượu thủ công nhằm mục đích kinh doanh 10 ngày làm việc kể từ ngày nhận đủ hồ sơ hợp lệ. 5 ngày làm việc kể từ ngày nhận đủ hồ sơ hợp lệ
2026-01-16,190/QĐ-UBND,2.000637,Cấp Giấy chứng nhận đủ điều kiện đầu tư trồng cây thuốc lá,CÔNG THƯƠNG,modified,Sửa đổi/bổ sung,province,2026-01-16,current,https://cathai.haiphong.gov.vn/linh-vuc-cong-thuong/quyet-dinh-so-190-qd-ubnd-ngay-16-01-2026-cua-ubnd-thanh-pho-hai-phong-v-v-cong-bo-danh-muc-thu--848220,https://cdn.haiphong.gov.vn/gov-hpg/5889/tintuc/2026/1/qd-cong-bo-danh-muc-tthc-thuoc-pham-vi-chuc-nang-quan-ly-cua-so-cong-thuong..signed639045191347357139.pdf,d96683ab0ae3512ed72c72ecb60632c2e835a905fd506cbe421683ded8de2a8d,"định cắt giảm, đơn giản hóa thủ tục hành chính dựa trên dữ liệu. 3 2.000637 Cấp Giấy chứng nhận đủ điều kiện đầu tư trồng cây thuốc lá 10 ngày làm việc kể từ ngày nhận đủ hồ sơ 05 ngày làm việc kể từ ngày nhận đủ hồ sơ"
2026-01-16,190/QĐ-UBND,2.000648,Cấp Giấy chứng nhận cửa hàng đủ điều kiện bán lẻ xăng dầu,CÔNG THƯƠNG,modified,Sửa đổi/bổ sung,province,2026-01-16,not_in_current_master,https://cathai.haiphong.gov.vn/linh-vuc-cong-thuong/quyet-dinh-so-190-qd-ubnd-ngay-16-01-2026-cua-ubnd-thanh-pho-hai-phong-v-v-cong-bo-danh-muc-thu--848220,https://cdn.haiphong.gov.vn/gov-hpg/5889/tintuc/2026/1/qd-cong-bo-danh-muc-tthc-thuoc-pham-vi-chuc-nang-quan-ly-cua-so-cong-thuong..signed639045191347357139.pdf,d96683ab0ae3512ed72c72ecb60632c2e835a905fd506cbe421683ded8de2a8d,hành chính d ựa trên d ữ liệu. V LĨNH VỰC LƯU THÔNG HÀNG HÓA TRONG NƯỚC ( 14 TTHC) 1 2.000648 Cấp Giấy chứng nhận cửa hàng đủ điều kiện bán lẻ xăng dầu 20 ngày làm việc kể từ ngày nhận đủ hồ sơ 10 ngày làm việc kể từ ngày nhận đủ
2026-01-16,190/QĐ-UBND,2.000662,"Cấp Giấy phép lập cơ sở bán lẻ cho phép cơ sở bán lẻ được tiếp tục hoạt động 55 ngày làm việc, kể từ ngày nhận đủ h ồ sơ h ợp",CÔNG THƯƠNG,modified,Sửa đổi/bổ sung,province,2026-01-16,not_in_current_master,https://cathai.haiphong.gov.vn/linh-vuc-cong-thuong/quyet-dinh-so-190-qd-ubnd-ngay-16-01-2026-cua-ubnd-thanh-pho-hai-phong-v-v-cong-bo-danh-muc-thu--848220,https://cdn.haiphong.gov.vn/gov-hpg/5889/tintuc/2026/1/qd-cong-bo-danh-muc-tthc-thuoc-pham-vi-chuc-nang-quan-ly-cua-so-cong-thuong..signed639045191347357139.pdf,d96683ab0ae3512ed72c72ecb60632c2e835a905fd506cbe421683ded8de2a8d,"hóa thủ tục hành chính dựa trên dữ liệu. 11 2.000662 Cấp Giấy phép lập cơ sở bán lẻ cho phép cơ sở bán lẻ được tiếp tục hoạt động 55 ngày làm việc, kể từ ngày nhận đủ h ồ sơ h ợp 27,5 ngày"
2026-01-16,190/QĐ-UBND,2.000673,Cấp Giấy xác nhận đủ điều kiện làm đại lý bán lẻ xăng dầu,CÔNG THƯƠNG,modified,Sửa đổi/bổ sung,province,2026-01-16,current,https://cathai.haiphong.gov.vn/linh-vuc-cong-thuong/quyet-dinh-so-190-qd-ubnd-ngay-16-01-2026-cua-ubnd-thanh-pho-hai-phong-v-v-cong-bo-danh-muc-thu--848220,https://cdn.haiphong.gov.vn/gov-hpg/5889/tintuc/2026/1/qd-cong-bo-danh-muc-tthc-thuoc-pham-vi-chuc-nang-quan-ly-cua-so-cong-thuong..signed639045191347357139.pdf,d96683ab0ae3512ed72c72ecb60632c2e835a905fd506cbe421683ded8de2a8d,"BCT ngày 15 tháng 11 năm 2021 của Bộ trưởng Bộ Công Thương sửa đổi, bổ 2 2.000673 Cấp Giấy xác nhận đủ điều kiện làm đại lý bán lẻ xăng dầu 30 ngày làm việc kể từ khi nhận đủ hồ sơ hợp lệ 15 ngày làm việc kể từ khi nhận đủ hồ sơ hợp lệ"
2026-01-16,190/QĐ-UBND,2.001372,Cấp Giấy chứng nhận xuất xứ hàng hoá (C/O) ưu đãi mẫu CPTPP - Trường hợp nộp qua Hệ thống điện tử Ecosys : 06 giờ làm,CÔNG THƯƠNG,modified,Sửa đổi/bổ sung,province,2026-01-16,not_in_current_master,https://cathai.haiphong.gov.vn/linh-vuc-cong-thuong/quyet-dinh-so-190-qd-ubnd-ngay-16-01-2026-cua-ubnd-thanh-pho-hai-phong-v-v-cong-bo-danh-muc-thu--848220,https://cdn.haiphong.gov.vn/gov-hpg/5889/tintuc/2026/1/qd-cong-bo-danh-muc-tthc-thuoc-pham-vi-chuc-nang-quan-ly-cua-so-cong-thuong..signed639045191347357139.pdf,d96683ab0ae3512ed72c72ecb60632c2e835a905fd506cbe421683ded8de2a8d,giản hóa thủ tục hành chính dựa trên dữ liệu. 24 2.001372 Cấp Giấy chứng nhận xuất xứ hàng hoá (C/O) ưu đãi mẫu CPTPP - Trường hợp nộp qua Hệ thống điện tử Ecosys : 06 giờ làm việc kể từ khi
2026-01-16,190/QĐ-UBND,2.001424,Cấp Giấy chứng nhận đủ điều kiện,CÔNG THƯƠNG,modified,Sửa đổi/bổ sung,province,2026-01-16,repealed,https://cathai.haiphong.gov.vn/linh-vuc-cong-thuong/quyet-dinh-so-190-qd-ubnd-ngay-16-01-2026-cua-ubnd-thanh-pho-hai-phong-v-v-cong-bo-danh-muc-thu--848220,https://cdn.haiphong.gov.vn/gov-hpg/5889/tintuc/2026/1/qd-cong-bo-danh-muc-tthc-thuoc-pham-vi-chuc-nang-quan-ly-cua-so-cong-thuong..signed639045191347357139.pdf,d96683ab0ae3512ed72c72ecb60632c2e835a905fd506cbe421683ded8de2a8d,"pháp luật về phí, lệ phí hiện hành X 3 2.001424 Cấp Giấy chứng nhận đủ điều kiện 15 ngày làm việc kể từ 7,5 ngày làm việc kể từ - Trung tâm Phục vụ hành chính công thành phố Hải Theo quy định của pháp luật về phí, lệ phí hiện hành X"
2026-01-16,190/QĐ-UBND,2.001547,Cấp GCN ĐĐK sản - 12 ngày - 6 ngày làm việc,CÔNG THƯƠNG,modified,Sửa đổi/bổ sung,province,2026-01-16,not_in_current_master,https://cathai.haiphong.gov.vn/linh-vuc-cong-thuong/quyet-dinh-so-190-qd-ubnd-ngay-16-01-2026-cua-ubnd-thanh-pho-hai-phong-v-v-cong-bo-danh-muc-thu--848220,https://cdn.haiphong.gov.vn/gov-hpg/5889/tintuc/2026/1/qd-cong-bo-danh-muc-tthc-thuoc-pham-vi-chuc-nang-quan-ly-cua-so-cong-thuong..signed639045191347357139.pdf,d96683ab0ae3512ed72c72ecb60632c2e835a905fd506cbe421683ded8de2a8d,"hành chính công cấp xã. Không thu phí, lệ phí X 3 2.001547 Cấp GCN ĐĐK sản - 12 ngày - 6 ngày làm việc - Trung tâm Phục vụ hành chính công 1.200.000 đồng/GP X - Luật Hóa chất ngày 21 tháng 11 năm 2007;"
2026-01-16,190/QĐ-UBND,2.001573,Chấm dứt hoạt động bán hàng đa cấp,CÔNG THƯƠNG,modified,Sửa đổi/bổ sung,province,2026-01-16,not_in_current_master,https://cathai.haiphong.gov.vn/linh-vuc-cong-thuong/quyet-dinh-so-190-qd-ubnd-ngay-16-01-2026-cua-ubnd-thanh-pho-hai-phong-v-v-cong-bo-danh-muc-thu--848220,https://cdn.haiphong.gov.vn/gov-hpg/5889/tintuc/2026/1/qd-cong-bo-danh-muc-tthc-thuoc-pham-vi-chuc-nang-quan-ly-cua-so-cong-thuong..signed639045191347357139.pdf,d96683ab0ae3512ed72c72ecb60632c2e835a905fd506cbe421683ded8de2a8d,"định cắt giảm, đơn giản hóa thủ tục hành chính d ựa trên dữ liệu. 3 2.001573 Chấm dứt hoạt động bán hàng đa cấp 10 ngày làm việc kể từ ngày nhận đủ hồ sơ hợp lệ 05 ngày làm việc kể từ ngày nhận đủ hồ sơ"
2026-01-16,190/QĐ-UBND,2.001624,"Cấp Giấy phép bán buôn rượu trên địa bàn tỉnh, thành phố trực thuộc trung ương",CÔNG THƯƠNG,modified,Sửa đổi/bổ sung,province,2026-01-16,repealed,https://cathai.haiphong.gov.vn/linh-vuc-cong-thuong/quyet-dinh-so-190-qd-ubnd-ngay-16-01-2026-cua-ubnd-thanh-pho-hai-phong-v-v-cong-bo-danh-muc-thu--848220,https://cdn.haiphong.gov.vn/gov-hpg/5889/tintuc/2026/1/qd-cong-bo-danh-muc-tthc-thuoc-pham-vi-chuc-nang-quan-ly-cua-so-cong-thuong..signed639045191347357139.pdf,d96683ab0ae3512ed72c72ecb60632c2e835a905fd506cbe421683ded8de2a8d,"quy đ ịnh c ắt gi ảm, đơn giản hóa thủ tục hành chính dựa trên dữ liệu. 10 2.001624 Cấp Giấy phép bán buôn rượu trên địa bàn tỉnh, thành phố trực thuộc trung ương 15 ngày làm việc kể từ khi nhận đủ hồ sơ hợp lệ 7,5 ngày làm việc kể từ"
2026-01-16,190/QĐ-UBND,2.001630,Cấp lại Giấy phép sản xuất rượu công nghiệp (quy mô dưới 3 triệu lít/năm),CÔNG THƯƠNG,modified,Sửa đổi/bổ sung,province,2026-01-16,repealed,https://cathai.haiphong.gov.vn/linh-vuc-cong-thuong/quyet-dinh-so-190-qd-ubnd-ngay-16-01-2026-cua-ubnd-thanh-pho-hai-phong-v-v-cong-bo-danh-muc-thu--848220,https://cdn.haiphong.gov.vn/gov-hpg/5889/tintuc/2026/1/qd-cong-bo-danh-muc-tthc-thuoc-pham-vi-chuc-nang-quan-ly-cua-so-cong-thuong..signed639045191347357139.pdf,d96683ab0ae3512ed72c72ecb60632c2e835a905fd506cbe421683ded8de2a8d,"bỏ thuộc chức năng quản lý của Bộ công thương. - Quyết định số 685/QĐ - 12 2.001630 Cấp lại Giấy phép sản xuất rượu công nghiệp (quy mô dưới 3 triệu lít/năm) 7 ngày làm việc kể từ ngày nhận đủ hồ sơ hợp lệ 3,5 ngày làm việc kể"
2026-01-16,190/QĐ-UBND,2.001646,Cấp Giấy phép sản xuất rượu công nghiệp ( quy mô dưới 3 triệu lít/năm),CÔNG THƯƠNG,modified,Sửa đổi/bổ sung,province,2026-01-16,repealed,https://cathai.haiphong.gov.vn/linh-vuc-cong-thuong/quyet-dinh-so-190-qd-ubnd-ngay-16-01-2026-cua-ubnd-thanh-pho-hai-phong-v-v-cong-bo-danh-muc-thu--848220,https://cdn.haiphong.gov.vn/gov-hpg/5889/tintuc/2026/1/qd-cong-bo-danh-muc-tthc-thuoc-pham-vi-chuc-nang-quan-ly-cua-so-cong-thuong..signed639045191347357139.pdf,d96683ab0ae3512ed72c72ecb60632c2e835a905fd506cbe421683ded8de2a8d,"định cắt giảm, đơn giản hóa thủ tục hành chính d ựa trên dữ liệu. 11 2.001646 Cấp Giấy phép sản xuất rượu công nghiệp ( quy mô dưới 3 triệu lít/năm) 15 ngày làm việc kể từ ngày nhận đủ hồ sơ hợp lệ của Thương nhân 7,5"
2026-01-16,190/QĐ-UBND,2.001660,"Đăng ký thay đổi, bổ sung phạm vi chỉ định cơ sở kiểm nghiệm thực phẩm phục vụ quản lý nhà nước",CÔNG THƯƠNG,modified,Sửa đổi/bổ sung,province,2026-01-16,not_in_current_master,https://cathai.haiphong.gov.vn/linh-vuc-cong-thuong/quyet-dinh-so-190-qd-ubnd-ngay-16-01-2026-cua-ubnd-thanh-pho-hai-phong-v-v-cong-bo-danh-muc-thu--848220,https://cdn.haiphong.gov.vn/gov-hpg/5889/tintuc/2026/1/qd-cong-bo-danh-muc-tthc-thuoc-pham-vi-chuc-nang-quan-ly-cua-so-cong-thuong..signed639045191347357139.pdf,d96683ab0ae3512ed72c72ecb60632c2e835a905fd506cbe421683ded8de2a8d,"7 2.001660 Đăng ký thay đổi, bổ sung phạm vi chỉ định cơ sở kiểm nghiệm thực phẩm phục vụ quản lý nhà nước 30 ngày làm việc (chưa bao gồm thời gian đánh giá cơ s ở kiểm nghiệm)"
2026-01-16,190/QĐ-UBND,2.001682,Đăng ký chỉ định cơ sở kiểm nghiệm thực phẩm phục vụ quản lý nhà nước,CÔNG THƯƠNG,modified,Sửa đổi/bổ sung,province,2026-01-16,current,https://cathai.haiphong.gov.vn/linh-vuc-cong-thuong/quyet-dinh-so-190-qd-ubnd-ngay-16-01-2026-cua-ubnd-thanh-pho-hai-phong-v-v-cong-bo-danh-muc-thu--848220,https://cdn.haiphong.gov.vn/gov-hpg/5889/tintuc/2026/1/qd-cong-bo-danh-muc-tthc-thuoc-pham-vi-chuc-nang-quan-ly-cua-so-cong-thuong..signed639045191347357139.pdf,d96683ab0ae3512ed72c72ecb60632c2e835a905fd506cbe421683ded8de2a8d,"BCT ngày 31 tháng 12 năm 2013 của Bộ Công Thương 6 2.001682 Đăng ký chỉ định cơ sở kiểm nghiệm thực phẩm phục vụ quản lý nhà nước 45 ng ày làm việc. 22,5 ngày làm việc - Trung tâm Phục vụ hành chính công thành phố Hải Phòng; - Trung tâm Ph ục vụ"
2026-01-16,190/QĐ-UBND,2.002096,Cấp Giấy chứng nhận sản phẩm công nghiệp nông thôn,CÔNG THƯƠNG,modified,Sửa đổi/bổ sung,commune,2026-01-16,current,https://cathai.haiphong.gov.vn/linh-vuc-cong-thuong/quyet-dinh-so-190-qd-ubnd-ngay-16-01-2026-cua-ubnd-thanh-pho-hai-phong-v-v-cong-bo-danh-muc-thu--848220,https://cdn.haiphong.gov.vn/gov-hpg/5889/tintuc/2026/1/qd-cong-bo-danh-muc-tthc-thuoc-pham-vi-chuc-nang-quan-ly-cua-so-cong-thuong..signed639045191347357139.pdf,d96683ab0ae3512ed72c72ecb60632c2e835a905fd506cbe421683ded8de2a8d,đơn giản hóa th ủ tục hành chính d ựa trên dữ liệu. II LĨNH VỰC CÔNG NGHIỆP ĐỊA PHƯƠNG (01 TTHC) 1 2.002096 Cấp Giấy chứng nhận sản phẩm công nghiệp nông thôn 30 ngày làm việc kể từ ngày nhận đủ hồ sơ hợp lệ 15 ngày làm việc kể từ ngày nhận đủ hồ sơ hợp lệ - Trung tâm
2026-01-29,394/QĐ-UBND,1.000824,"Cấp l ại gi ấy phép thăm dò nước dư ới đ ất, giấy phép khai thác tài nguyên nước",TÀI NGUYÊN NƯỚC,modified,Sửa đổi/bổ sung,province,2026-01-29,repealed,https://sonnmt.haiphong.gov.vn/thu-tuc-hanh-chinh/quyet-dinh-so-394-qd-ubnd-ngay-29-01-2026-cua-uy-ban-nhan-dan-thanh-pho-hai-phong-cong-bo-danh-m-854758,https://cdn.haiphong.gov.vn/gov-hpg/5892/tintuc/2026/2/qd-394-ngay-29.01.2026-ubnd-hp-cong-bo-dm-tthc-sua-doi-bo-sung-thay-the-lvuc-tai-nguyen-nuoc639057127055571579.pdf,98bcf38daa4c7387158284bf68529206ca14cd9c1e826896bb7faaafa16c2eaa,"08/2025/ND- HĐND ngày 17/6/2025. 7 1.000824 Cấp l ại gi ấy phép thăm dò nước dư ới đ ất, giấy phép khai thác tài nguyên nước 11 ngày làm việc (Thời h ạn kiểm tra hồ sơ: Trong thời hạn 01 ngày làm việc, k ể từ ngày nh ận h ồ sơ, B ộ phận 08 ngày làm việc (Thời h ạn kiểm tra hồ sơ: Trong thời hạn"
2026-01-29,394/QĐ-UBND,1.001662,"Đăng ký khai thác, s ử dụng nước dưới đất",TÀI NGUYÊN NƯỚC,replaced,Thay thế/được thay thế,commune,2026-01-29,current,https://sonnmt.haiphong.gov.vn/thu-tuc-hanh-chinh/quyet-dinh-so-394-qd-ubnd-ngay-29-01-2026-cua-uy-ban-nhan-dan-thanh-pho-hai-phong-cong-bo-danh-m-854758,https://cdn.haiphong.gov.vn/gov-hpg/5892/tintuc/2026/2/qd-394-ngay-29.01.2026-ubnd-hp-cong-bo-dm-tthc-sua-doi-bo-sung-thay-the-lvuc-tai-nguyen-nuoc639057127055571579.pdf,98bcf38daa4c7387158284bf68529206ca14cd9c1e826896bb7faaafa16c2eaa,"Một phần I LĨNH VỰC QUẢN LÝ TÀI NGUYÊN NƯỚC 1 1.001662 Đăng ký khai thác, s ử dụng nước dưới đất 07 ngày làm việc 05 ngày làm việc - Trung tâm Phục v ụ hành chính công thành phố - Trung tâm Phục v ụ hành chính công c ấp xã Không quy"
2026-01-29,394/QĐ-UBND,1.004122,Cấp gi ấy phép hành ngh ề khoan nư ớc dưới đất,TÀI NGUYÊN NƯỚC,modified,Sửa đổi/bổ sung,province,2026-01-29,not_in_current_master,https://sonnmt.haiphong.gov.vn/thu-tuc-hanh-chinh/quyet-dinh-so-394-qd-ubnd-ngay-29-01-2026-cua-uy-ban-nhan-dan-thanh-pho-hai-phong-cong-bo-danh-m-854758,https://cdn.haiphong.gov.vn/gov-hpg/5892/tintuc/2026/2/qd-394-ngay-29.01.2026-ubnd-hp-cong-bo-dm-tthc-sua-doi-bo-sung-thay-the-lvuc-tai-nguyen-nuoc639057127055571579.pdf,98bcf38daa4c7387158284bf68529206ca14cd9c1e826896bb7faaafa16c2eaa,"23/2026/NĐ- CP ngày 17/01/2026. 10 1.004122 Cấp gi ấy phép hành ngh ề khoan nư ớc dưới đất 13 ngày làm việc (Thời h ạn kiểm tra hồ sơ: Trong thời hạn 01 ngày làm việc, k ể từ ngày nh ận h ồ sơ, B ộ phận Một c ửa có trách nhi ệm xem xét, ki ểm 10 ngày làm việc (Thời h ạn kiểm tra hồ sơ:"
2026-01-29,394/QĐ-UBND,1.004167,"Gia h ạn, đi ều chỉnh gi ấy phép khai thác nư ớc mặt, nước biển",TÀI NGUYÊN NƯỚC,modified,Sửa đổi/bổ sung,province,2026-01-29,not_in_current_master,https://sonnmt.haiphong.gov.vn/thu-tuc-hanh-chinh/quyet-dinh-so-394-qd-ubnd-ngay-29-01-2026-cua-uy-ban-nhan-dan-thanh-pho-hai-phong-cong-bo-danh-m-854758,https://cdn.haiphong.gov.vn/gov-hpg/5892/tintuc/2026/2/qd-394-ngay-29.01.2026-ubnd-hp-cong-bo-dm-tthc-sua-doi-bo-sung-thay-the-lvuc-tai-nguyen-nuoc639057127055571579.pdf,98bcf38daa4c7387158284bf68529206ca14cd9c1e826896bb7faaafa16c2eaa,"100.000m³/ngày đêm: 5.900.000đ 6 1.004167 Gia h ạn, đi ều chỉnh gi ấy phép khai thác nư ớc mặt, nước biển 24 ngày làm việc (Thời h ạn kiểm tra hồ sơ: Trong thời hạn 01 ngày làm việc, k ể từ ngày nh ận h ồ sơ, B ộ phận Một c ửa có trách nhi ệm xem xét, ki ểm tra h ồ sơ. - Thời hạn thẩm định báo cáo:"
2026-01-29,394/QĐ-UBND,1.004179,"Cấp gi ấy phép khai thác nư ớc mặt, nư ớc bi ển (đối v ới các",TÀI NGUYÊN NƯỚC,modified,Sửa đổi/bổ sung,province,2026-01-29,not_in_current_master,https://sonnmt.haiphong.gov.vn/thu-tuc-hanh-chinh/quyet-dinh-so-394-qd-ubnd-ngay-29-01-2026-cua-uy-ban-nhan-dan-thanh-pho-hai-phong-cong-bo-danh-m-854758,https://cdn.haiphong.gov.vn/gov-hpg/5892/tintuc/2026/2/qd-394-ngay-29.01.2026-ubnd-hp-cong-bo-dm-tthc-sua-doi-bo-sung-thay-the-lvuc-tai-nguyen-nuoc639057127055571579.pdf,98bcf38daa4c7387158284bf68529206ca14cd9c1e826896bb7faaafa16c2eaa,"08/2025/ND- HĐND ngày 17/6/2025. 5 1.004179 Cấp gi ấy phép khai thác nư ớc mặt, nư ớc bi ển (đối v ới các 30 ngày làm việc (Thời h ạn kiểm tra hồ sơ: Trong thời hạn 20 ngày làm việc việc (Thời hạn kiểm tra hồ sơ: Trong th ời - Trung tâm Phục vụ hành chính (1) Phí ""b ằng 0 đồng"" tính t ừ"
2026-01-29,394/QĐ-UBND,1.004211,"Gia h ạn, đi ều chỉnh gi ấy phép khai thác nư ớc dưới đất đối với công trình có quy mô dư ới 5.000m3/ngày đêm",TÀI NGUYÊN NƯỚC,modified,Sửa đổi/bổ sung,province,2026-01-29,not_in_current_master,https://sonnmt.haiphong.gov.vn/thu-tuc-hanh-chinh/quyet-dinh-so-394-qd-ubnd-ngay-29-01-2026-cua-uy-ban-nhan-dan-thanh-pho-hai-phong-cong-bo-danh-m-854758,https://cdn.haiphong.gov.vn/gov-hpg/5892/tintuc/2026/2/qd-394-ngay-29.01.2026-ubnd-hp-cong-bo-dm-tthc-sua-doi-bo-sung-thay-the-lvuc-tai-nguyen-nuoc639057127055571579.pdf,98bcf38daa4c7387158284bf68529206ca14cd9c1e826896bb7faaafa16c2eaa,"5.000m³/ngày đêm: chưa quy định 4 1.004211 Gia h ạn, đi ều chỉnh gi ấy phép khai thác nư ớc dưới đất đối với công trình có quy mô dư ới 5.000m3/ngày đêm 24 ngày làm việc (Thời h ạn kiểm tra hồ sơ: Trong thời hạn 01 ngày làm việc, k ể từ ngày nh ận h ồ sơ, B ộ phận Một c ửa có 16 ngày làm"
2026-01-29,394/QĐ-UBND,1.004223,Cấp gi ấy phép khai thác nư ớc dưới đất đối với công trình có quy mô dư ới 5.000 m3/ngày đêm,TÀI NGUYÊN NƯỚC,modified,Sửa đổi/bổ sung,province,2026-01-29,not_in_current_master,https://sonnmt.haiphong.gov.vn/thu-tuc-hanh-chinh/quyet-dinh-so-394-qd-ubnd-ngay-29-01-2026-cua-uy-ban-nhan-dan-thanh-pho-hai-phong-cong-bo-danh-m-854758,https://cdn.haiphong.gov.vn/gov-hpg/5892/tintuc/2026/2/qd-394-ngay-29.01.2026-ubnd-hp-cong-bo-dm-tthc-sua-doi-bo-sung-thay-the-lvuc-tai-nguyen-nuoc639057127055571579.pdf,98bcf38daa4c7387158284bf68529206ca14cd9c1e826896bb7faaafa16c2eaa,"phần HĐND ngày 17/6/2025. 3 1.004223 Cấp gi ấy phép khai thác nư ớc dưới đất đối với công trình có quy mô dư ới 5.000 m3/ngày đêm 30 ngày làm việc (Thời h ạn kiểm tra hồ sơ: Trong thời hạn 01 ngày làm việc, k ể từ ngày nh ận h ồ sơ, B ộ phận Một c ửa có trách nhi ệm xem xét, ki ểm"
2026-01-29,394/QĐ-UBND,1.004228,"Gia h ạn, đi ều chỉnh giấy phép thăm dò nư ớc dưới đất đối với công trình có quy mô dư ới 5.000 m3/ngày đêm",TÀI NGUYÊN NƯỚC,modified,Sửa đổi/bổ sung,province,2026-01-29,not_in_current_master,https://sonnmt.haiphong.gov.vn/thu-tuc-hanh-chinh/quyet-dinh-so-394-qd-ubnd-ngay-29-01-2026-cua-uy-ban-nhan-dan-thanh-pho-hai-phong-cong-bo-danh-m-854758,https://cdn.haiphong.gov.vn/gov-hpg/5892/tintuc/2026/2/qd-394-ngay-29.01.2026-ubnd-hp-cong-bo-dm-tthc-sua-doi-bo-sung-thay-the-lvuc-tai-nguyen-nuoc639057127055571579.pdf,98bcf38daa4c7387158284bf68529206ca14cd9c1e826896bb7faaafa16c2eaa,"trình Một phần 2 1.004228 Gia h ạn, đi ều chỉnh giấy phép thăm dò nư ớc dưới đất đối với công trình có quy mô dư ới 5.000 m3/ngày đêm 24 ngày làm việc (Thời h ạn kiểm tra hồ sơ: Trong thời hạn 01 ngày làm việc, k ể từ ngày nh ận h ồ sơ, B ộ phận Một c ửa có trách nhi ệm"
2026-01-29,394/QĐ-UBND,1.004232,Cấp gi ấy phép thăm dò nư ớc dưới đất đối với công trình có quy mô dư ới 5.000 m3/ngày đêm,TÀI NGUYÊN NƯỚC,modified,Sửa đổi/bổ sung,province,2026-01-29,not_in_current_master,https://sonnmt.haiphong.gov.vn/thu-tuc-hanh-chinh/quyet-dinh-so-394-qd-ubnd-ngay-29-01-2026-cua-uy-ban-nhan-dan-thanh-pho-hai-phong-cong-bo-danh-m-854758,https://cdn.haiphong.gov.vn/gov-hpg/5892/tintuc/2026/2/qd-394-ngay-29.01.2026-ubnd-hp-cong-bo-dm-tthc-sua-doi-bo-sung-thay-the-lvuc-tai-nguyen-nuoc639057127055571579.pdf,98bcf38daa4c7387158284bf68529206ca14cd9c1e826896bb7faaafa16c2eaa,"Một phần I LĨNH VỰC QUẢN LÝ TÀI NGUYÊN 1 1.004232 Cấp gi ấy phép thăm dò nư ớc dưới đất đối với công trình có quy mô dư ới 5.000 m3/ngày đêm 30 ngày làm việc (Thời h ạn kiểm tra hồ sơ: Trong thời hạn 01 ngày làm việc, k ể từ ngày nh ận h ồ sơ, B ộ phận Một c ửa có trách nhiệm xem xét, ki ểm"
2026-01-29,394/QĐ-UBND,1.004253,Cấp lại giấy phép hành ngh ề khoan nư ớc dưới đất,TÀI NGUYÊN NƯỚC,modified,Sửa đổi/bổ sung,province,2026-01-29,not_in_current_master,https://sonnmt.haiphong.gov.vn/thu-tuc-hanh-chinh/quyet-dinh-so-394-qd-ubnd-ngay-29-01-2026-cua-uy-ban-nhan-dan-thanh-pho-hai-phong-cong-bo-danh-m-854758,https://cdn.haiphong.gov.vn/gov-hpg/5892/tintuc/2026/2/qd-394-ngay-29.01.2026-ubnd-hp-cong-bo-dm-tthc-sua-doi-bo-sung-thay-the-lvuc-tai-nguyen-nuoc639057127055571579.pdf,98bcf38daa4c7387158284bf68529206ca14cd9c1e826896bb7faaafa16c2eaa,"giấy phép cho tổ chức, cá nhân) 12 1.004253 Cấp lại giấy phép hành ngh ề khoan nư ớc dưới đất 06 ngày làm việc (Thời hạn kiểm tra hồ sơ: Trong thời hạn 01 ngày làm việc, k ể từ ngày nh ận h ồ sơ, B ộ phận Một c ửa có trách nhi ệm xem xét, ki ểm tra tính đầy đủ, hợp l ệ của h ồ sơ. Th ời h ạn"
2026-01-29,394/QĐ-UBND,1.004283,Điều ch ỉnh ti ền cấp quy ền khai thác tài nguyên nước - Trường h ợp theo quy đ ịnh,TÀI NGUYÊN NƯỚC,modified,Sửa đổi/bổ sung,province,2026-01-29,not_in_current_master,https://sonnmt.haiphong.gov.vn/thu-tuc-hanh-chinh/quyet-dinh-so-394-qd-ubnd-ngay-29-01-2026-cua-uy-ban-nhan-dan-thanh-pho-hai-phong-cong-bo-danh-m-854758,https://cdn.haiphong.gov.vn/gov-hpg/5892/tintuc/2026/2/qd-394-ngay-29.01.2026-ubnd-hp-cong-bo-dm-tthc-sua-doi-bo-sung-thay-the-lvuc-tai-nguyen-nuoc639057127055571579.pdf,98bcf38daa4c7387158284bf68529206ca14cd9c1e826896bb7faaafa16c2eaa,"23/2026/NĐ- CP ngày 17/01/2026. 15 1.004283 Điều ch ỉnh ti ền cấp quy ền khai thác tài nguyên nước - Trường h ợp theo quy đ ịnh tại đi ểm a khoản 1 Đi ều 52 Ngh ị định số 54/2024/NĐ- CP đư ợc s ửa đổi, b ổ sung bởi kho ản 33 Điều 2 Ngh ị định s ố 23/2026/NĐ- CP: 24 ngày"
2026-01-29,394/QĐ-UBND,1.009669,Tính ti ền c ấp quyền khai thác tài nguyên nước đối v ới công trình chưa v ận hành được c ấp giấy phép khai thác tài nguyên nước nhưng chưa đư ợc phê duy ệt tiền c ấp quyền,TÀI NGUYÊN NƯỚC,repealed,Bãi bỏ,province,2026-01-29,repealed,https://sonnmt.haiphong.gov.vn/thu-tuc-hanh-chinh/quyet-dinh-so-394-qd-ubnd-ngay-29-01-2026-cua-uy-ban-nhan-dan-thanh-pho-hai-phong-cong-bo-danh-m-854758,https://cdn.haiphong.gov.vn/gov-hpg/5892/tintuc/2026/2/qd-394-ngay-29.01.2026-ubnd-hp-cong-bo-dm-tthc-sua-doi-bo-sung-thay-the-lvuc-tai-nguyen-nuoc639057127055571579.pdf,98bcf38daa4c7387158284bf68529206ca14cd9c1e826896bb7faaafa16c2eaa,trình Một phần 1.009669 Tính ti ền c ấp quyền khai thác tài nguyên nước đối v ới công trình chưa v ận hành được c ấp giấy phép khai thác tài nguyên nước nhưng chưa đư ợc phê duy ệt tiền c ấp quyền (1.014716) trách nhiệm
2026-01-29,394/QĐ-UBND,1.011516,"Đăng ký khai thác, s ử dụng nước m ặt, nư ớc biển hồ, ao, sông, suối, kênh, mương, rạch",TÀI NGUYÊN NƯỚC,repealed,Bãi bỏ,province,2026-01-29,repealed,https://sonnmt.haiphong.gov.vn/thu-tuc-hanh-chinh/quyet-dinh-so-394-qd-ubnd-ngay-29-01-2026-cua-uy-ban-nhan-dan-thanh-pho-hai-phong-cong-bo-danh-m-854758,https://cdn.haiphong.gov.vn/gov-hpg/5892/tintuc/2026/2/qd-394-ngay-29.01.2026-ubnd-hp-cong-bo-dm-tthc-sua-doi-bo-sung-thay-the-lvuc-tai-nguyen-nuoc639057127055571579.pdf,98bcf38daa4c7387158284bf68529206ca14cd9c1e826896bb7faaafa16c2eaa,"trình Một phần 1.011516 Đăng ký khai thác, s ử dụng nước m ặt, nư ớc biển hồ, ao, sông, suối, kênh, mương, rạch (2.002835) - Trung tâm Ph ục vụ hành chính công c ấp xã lĩnh v ực nông nghiệp và môi trường năm 2025."
2026-01-29,394/QĐ-UBND,1.011518,"Trả lại giấy phép thăm dò nư ớc dưới đất, gi ấy phép khai thác tài nguyên nước",TÀI NGUYÊN NƯỚC,modified,Sửa đổi/bổ sung,province,2026-01-29,not_in_current_master,https://sonnmt.haiphong.gov.vn/thu-tuc-hanh-chinh/quyet-dinh-so-394-qd-ubnd-ngay-29-01-2026-cua-uy-ban-nhan-dan-thanh-pho-hai-phong-cong-bo-danh-m-854758,https://cdn.haiphong.gov.vn/gov-hpg/5892/tintuc/2026/2/qd-394-ngay-29.01.2026-ubnd-hp-cong-bo-dm-tthc-sua-doi-bo-sung-thay-the-lvuc-tai-nguyen-nuoc639057127055571579.pdf,98bcf38daa4c7387158284bf68529206ca14cd9c1e826896bb7faaafa16c2eaa,"23/2026/NĐ- CP ngày 17/01/2026. 8 1.011518 Trả lại giấy phép thăm dò nư ớc dưới đất, gi ấy phép khai thác tài nguyên nước 11 ngày làm việc (Thời h ạn kiểm tra hồ sơ: Trong thời hạn 01 ngày làm việc, k ể từ ngày nh ận h ồ sơ, B ộ phận Một c ửa có 08 ngày làm việc (Thời h ạn kiểm tra hồ sơ: Trong thời hạn"
2026-01-29,394/QĐ-UBND,1.012500,"Tạm d ừng hi ệu lực gi ấy phép thăm dò nư ớc dưới đ ất, gi ấy phép khai thác tài nguyên nước",TÀI NGUYÊN NƯỚC,modified,Sửa đổi/bổ sung,province,2026-01-29,repealed,https://sonnmt.haiphong.gov.vn/thu-tuc-hanh-chinh/quyet-dinh-so-394-qd-ubnd-ngay-29-01-2026-cua-uy-ban-nhan-dan-thanh-pho-hai-phong-cong-bo-danh-m-854758,https://cdn.haiphong.gov.vn/gov-hpg/5892/tintuc/2026/2/qd-394-ngay-29.01.2026-ubnd-hp-cong-bo-dm-tthc-sua-doi-bo-sung-thay-the-lvuc-tai-nguyen-nuoc639057127055571579.pdf,98bcf38daa4c7387158284bf68529206ca14cd9c1e826896bb7faaafa16c2eaa,"23/2026/NĐ- CP ngày 17/01/2026. 9 1.012500 Tạm d ừng hi ệu lực gi ấy phép thăm dò nư ớc dưới đ ất, gi ấy phép khai thác tài nguyên nước 11 ngày làm việc (Thời h ạn kiểm tra hồ sơ: Trong thời hạn 01 ngày làm việc, k ể từ ngày nh ận h ồ sơ, B ộ phận Một c ửa có trách nhi ệm 08 ngày làm việc (Thời h ạn"
2026-01-29,394/QĐ-UBND,1.012501,Trả lại giấy phép hành ngh ề khoan nư ớc dưới đất,TÀI NGUYÊN NƯỚC,modified,Sửa đổi/bổ sung,province,2026-01-29,not_in_current_master,https://sonnmt.haiphong.gov.vn/thu-tuc-hanh-chinh/quyet-dinh-so-394-qd-ubnd-ngay-29-01-2026-cua-uy-ban-nhan-dan-thanh-pho-hai-phong-cong-bo-danh-m-854758,https://cdn.haiphong.gov.vn/gov-hpg/5892/tintuc/2026/2/qd-394-ngay-29.01.2026-ubnd-hp-cong-bo-dm-tthc-sua-doi-bo-sung-thay-the-lvuc-tai-nguyen-nuoc639057127055571579.pdf,98bcf38daa4c7387158284bf68529206ca14cd9c1e826896bb7faaafa16c2eaa,"thẩm đ ịnh h ồ sơ, cấp lại giấy phép) 13 1.012501 Trả lại giấy phép hành ngh ề khoan nư ớc dưới đất 06 ngày làm việc (Thời hạn kiểm tra hồ sơ: Trong thời hạn 01 ngày làm việc, k ể từ ngày nh ận h ồ sơ, B ộ phận Một c ửa có trách nhi ệm xem xét, ki ểm tra tính đầy đủ, hợp l ệ của h ồ sơ. Th ời h ạn"
2026-01-29,394/QĐ-UBND,1.012503,Lấy ý ki ến v ề phương án b ổ sung nhân t ạo nước dưới đất,TÀI NGUYÊN NƯỚC,modified,Sửa đổi/bổ sung,province,2026-01-29,not_in_current_master,https://sonnmt.haiphong.gov.vn/thu-tuc-hanh-chinh/quyet-dinh-so-394-qd-ubnd-ngay-29-01-2026-cua-uy-ban-nhan-dan-thanh-pho-hai-phong-cong-bo-danh-m-854758,https://cdn.haiphong.gov.vn/gov-hpg/5892/tintuc/2026/2/qd-394-ngay-29.01.2026-ubnd-hp-cong-bo-dm-tthc-sua-doi-bo-sung-thay-the-lvuc-tai-nguyen-nuoc639057127055571579.pdf,98bcf38daa4c7387158284bf68529206ca14cd9c1e826896bb7faaafa16c2eaa,"làm việc CP ngày 17/01/2026. 16 1.012503 Lấy ý ki ến v ề phương án b ổ sung nhân t ạo nước dưới đất 12 ngày làm việc (Thời h ạn kiểm tra hồ sơ: Trong thời hạn không quá 01 ngày làm vi ệc, kể từ ngày nhận hồ sơ, Bộ phận Một c ửa có trách nhiệm xem xét, ki ểm tra tính đầy đủ, hợp l ệ của h ồ 08 ngày làm"
2026-01-29,394/QĐ-UBND,1.012504,Lấy ý ki ến v ề kết quả vận hành thử nghiệm b ổ sung nhân t ạo nước dưới đất,TÀI NGUYÊN NƯỚC,modified,Sửa đổi/bổ sung,province,2026-01-29,not_in_current_master,https://sonnmt.haiphong.gov.vn/thu-tuc-hanh-chinh/quyet-dinh-so-394-qd-ubnd-ngay-29-01-2026-cua-uy-ban-nhan-dan-thanh-pho-hai-phong-cong-bo-danh-m-854758,https://cdn.haiphong.gov.vn/gov-hpg/5892/tintuc/2026/2/qd-394-ngay-29.01.2026-ubnd-hp-cong-bo-dm-tthc-sua-doi-bo-sung-thay-the-lvuc-tai-nguyen-nuoc639057127055571579.pdf,98bcf38daa4c7387158284bf68529206ca14cd9c1e826896bb7faaafa16c2eaa,"06/2026/TT- BNNMT ngày 17/01/2026). 17 1.012504 Lấy ý ki ến v ề kết quả vận hành thử nghiệm b ổ sung nhân t ạo nước dưới đất 12 ngày làm việc (Thời hạn kiểm tra hồ sơ: Trong thời hạn không quá 01 ngày làm việc, kể từ ngày nhận hồ sơ, Bộ phận Một cửa có trách nhiệm xem xét, kiểm tra tính đầy đủ, hợp lệ của"
2026-01-29,394/QĐ-UBND,1.013799,Lấy ý kiến về tác động c ủa công trình khai thác nước,TÀI NGUYÊN NƯỚC,modified,Sửa đổi/bổ sung,province,2026-01-29,not_in_current_master,https://sonnmt.haiphong.gov.vn/thu-tuc-hanh-chinh/quyet-dinh-so-394-qd-ubnd-ngay-29-01-2026-cua-uy-ban-nhan-dan-thanh-pho-hai-phong-cong-bo-danh-m-854758,https://cdn.haiphong.gov.vn/gov-hpg/5892/tintuc/2026/2/qd-394-ngay-29.01.2026-ubnd-hp-cong-bo-dm-tthc-sua-doi-bo-sung-thay-the-lvuc-tai-nguyen-nuoc639057127055571579.pdf,98bcf38daa4c7387158284bf68529206ca14cd9c1e826896bb7faaafa16c2eaa,"trình Một phần 19 1.013799 Lấy ý kiến về tác động c ủa công trình khai thác nước 26 ngày làm việc (Thời hạn kiểm tra hồ sơ: Trong thời hạn 01 ngày làm việc, k ể từ ngày nh ận h ồ sơ, B ộ phận Một c ửa có trách nhi ệm xem xét, ki ểm tra h ồ sơ. - Thời hạn thẩm định: Trong"
2026-01-29,394/QĐ-UBND,1.014716,Tính ti ền c ấp quyền khai thác tài nguyên nước đối v ới công trình c ấp cho sinh ho ạt đã đi vào vận hành và được c ấp gi ấy phép khai thác tài nguyên nước nhưng chưa được phê duy ệt tiền cấp quyền Tính ti ền cấp quy ền khai thác tài,TÀI NGUYÊN NƯỚC,replaced,Thay thế/được thay thế,province,2026-01-29,not_in_current_master,https://sonnmt.haiphong.gov.vn/thu-tuc-hanh-chinh/quyet-dinh-so-394-qd-ubnd-ngay-29-01-2026-cua-uy-ban-nhan-dan-thanh-pho-hai-phong-cong-bo-danh-m-854758,https://cdn.haiphong.gov.vn/gov-hpg/5892/tintuc/2026/2/qd-394-ngay-29.01.2026-ubnd-hp-cong-bo-dm-tthc-sua-doi-bo-sung-thay-the-lvuc-tai-nguyen-nuoc639057127055571579.pdf,98bcf38daa4c7387158284bf68529206ca14cd9c1e826896bb7faaafa16c2eaa,"Một phần 2 1.014716 Tính ti ền c ấp quyền khai thác tài nguyên nước đối v ới công trình c ấp cho sinh ho ạt đã đi vào vận hành và được c ấp gi ấy phép khai thác tài nguyên nước nhưng chưa được phê duy ệt tiền cấp quyền Tính ti ền cấp quy ền khai thác tài nguyên nước đối với | phê duy ệt tiền c ấp quyền (1.014716) trách nhiệm xem xét, kiểm tra hồ sơ; Thời h ạn thẩm định: Trong thời hạn 10 ngày làm việc, kể từ ngày nh ận đủ hồ sơ hợp l ệ, Sở Nông nghiệp và Môi"
2026-01-29,394/QĐ-UBND,2.001738,Gia h ạn gi ấy phép hành ngh ề khoan nư ớc dưới đất,TÀI NGUYÊN NƯỚC,modified,Sửa đổi/bổ sung,province,2026-01-29,not_in_current_master,https://sonnmt.haiphong.gov.vn/thu-tuc-hanh-chinh/quyet-dinh-so-394-qd-ubnd-ngay-29-01-2026-cua-uy-ban-nhan-dan-thanh-pho-hai-phong-cong-bo-danh-m-854758,https://cdn.haiphong.gov.vn/gov-hpg/5892/tintuc/2026/2/qd-394-ngay-29.01.2026-ubnd-hp-cong-bo-dm-tthc-sua-doi-bo-sung-thay-the-lvuc-tai-nguyen-nuoc639057127055571579.pdf,98bcf38daa4c7387158284bf68529206ca14cd9c1e826896bb7faaafa16c2eaa,"08/2025/ND- HĐND ngày 17/6/2025. 11 2.001738 Gia h ạn gi ấy phép hành ngh ề khoan nư ớc dưới đất 07 ngày làm việc (Thời h ạn kiểm tra hồ sơ: Trong thời hạn 01 ngày làm 05 ngày làm việc (Thời h ạn kiểm tra hồ sơ: Trong thời hạn 0,5 ngày làm - Trung tâm Ph ục vụ hành chính"
2026-01-29,394/QĐ-UBND,2.001770,Tính ti ền c ấp quyền khai thác tài nguyên nư ớc đối v ới công trình đã v ận hành - Trường h ợp nộp cùng v ới hồ sơ đ ề nghị cấp gi ấy phép khai thác tài nguyên nư ớc,TÀI NGUYÊN NƯỚC,modified,Sửa đổi/bổ sung,province,2026-01-29,not_in_current_master,https://sonnmt.haiphong.gov.vn/thu-tuc-hanh-chinh/quyet-dinh-so-394-qd-ubnd-ngay-29-01-2026-cua-uy-ban-nhan-dan-thanh-pho-hai-phong-cong-bo-danh-m-854758,https://cdn.haiphong.gov.vn/gov-hpg/5892/tintuc/2026/2/qd-394-ngay-29.01.2026-ubnd-hp-cong-bo-dm-tthc-sua-doi-bo-sung-thay-the-lvuc-tai-nguyen-nuoc639057127055571579.pdf,98bcf38daa4c7387158284bf68529206ca14cd9c1e826896bb7faaafa16c2eaa,"phép) CP ngày 17/01/2026. 14 2.001770 Tính ti ền c ấp quyền khai thác tài nguyên nư ớc đối v ới công trình đã v ận hành - Trường h ợp nộp cùng v ới hồ sơ đ ề nghị cấp gi ấy phép khai thác tài nguyên nư ớc: 30 ngày làm việc - Trường h ợp nộp cùng hồ sơ đề nghị gia hạn, đi ều"
2026-01-29,394/QĐ-UBND,2.001850,"Thẩm đ ịnh, phê duyệt phương án cắm m ốc gi ới hành lang bảo vệ nguồn nước của hồ chứa th ủy điện",TÀI NGUYÊN NƯỚC,modified,Sửa đổi/bổ sung,province,2026-01-29,not_in_current_master,https://sonnmt.haiphong.gov.vn/thu-tuc-hanh-chinh/quyet-dinh-so-394-qd-ubnd-ngay-29-01-2026-cua-uy-ban-nhan-dan-thanh-pho-hai-phong-cong-bo-danh-m-854758,https://cdn.haiphong.gov.vn/gov-hpg/5892/tintuc/2026/2/qd-394-ngay-29.01.2026-ubnd-hp-cong-bo-dm-tthc-sua-doi-bo-sung-thay-the-lvuc-tai-nguyen-nuoc639057127055571579.pdf,98bcf38daa4c7387158284bf68529206ca14cd9c1e826896bb7faaafa16c2eaa,"06/2026/TT- BNNMT ngày 17/01/2026. 18 2.001850 Thẩm đ ịnh, phê duyệt phương án cắm m ốc gi ới hành lang bảo vệ nguồn nước của hồ chứa th ủy điện 29 ngày làm việc (Thời hạn kiểm tra hồ sơ: Trong thời hạn 01 ngày làm việc, k ể từ ngày nh ận h ồ sơ, B ộ phận Một c ửa có 20 ngày làm việc (Thời h ạn"
2026-01-29,394/QĐ-UBND,2.002835,"Đăng ký khai thác nước mặt, nước biển, đăng ký sử dụng mặt nước, đào hồ, ao, sông, suối, kênh, mương, rạch",TÀI NGUYÊN NƯỚC,replaced,Thay thế/được thay thế,province,2026-01-29,current,https://sonnmt.haiphong.gov.vn/thu-tuc-hanh-chinh/quyet-dinh-so-394-qd-ubnd-ngay-29-01-2026-cua-uy-ban-nhan-dan-thanh-pho-hai-phong-cong-bo-danh-m-854758,https://cdn.haiphong.gov.vn/gov-hpg/5892/tintuc/2026/2/qd-394-ngay-29.01.2026-ubnd-hp-cong-bo-dm-tthc-sua-doi-bo-sung-thay-the-lvuc-tai-nguyen-nuoc639057127055571579.pdf,98bcf38daa4c7387158284bf68529206ca14cd9c1e826896bb7faaafa16c2eaa,"Một phần I LĨNH VỰC QUẢN LÝ TÀI NGUYÊN 1 2.002835 Đăng ký s ử dụng m ặt nư ớc, đào h ồ, ao, sông, su ối, kênh, mương, rạch Đăng ký khai thác nước m ặt, nước bi ển, đăng ký s ử dụng m ặt nước, đào 07 ngày làm vi ệc kể từ ngày nhận hồ sơ hợp lệ | hồ, ao, sông, suối, kênh, mương, rạch (2.002835) - Trung tâm Ph ục vụ hành chính công c ấp xã lĩnh v ực nông nghiệp và môi trường năm 2025. - Nghị định s ố 54/2024/NĐ-CP ngày 16/5/2024. - Nghị định s ố 23/2026/NĐ-CP ngày 17/01/2026."
2026-01-31,454/QĐ-UBND,1.000501,Thủ tục cấp Giấy chứng nhận đủ điều kiện kinh doanh hoạt động thể thao đối với môn Quần vợt,THỂ DỤC THỂ THAO,repealed,Bãi bỏ,province,2026-01-31,repealed,https://cathai.haiphong.gov.vn/linh-vuc-the-duc-the-thao/quyet-dinh-so-454-qd-ubnd-ngay-31-01-2026-cua-ubnd-thanh-pho-hai-phong-ve-viec-cong-bo-danh-muc--856436,https://cdn.haiphong.gov.vn/gov-hpg/5889/tintuc/2026/2/qd-454-cong-bo-tthc-sua-doi-bo-sung-bai-bo-linh-vuc-tdtt639060121063071202.pdf,42823a16ca9482b6f65c10e28e5cc93c0a27f6d4831870a96c6ead5ba541e2b0,"Bộ Văn hóa, Thể thao và Du lịch 10. 1.000518 Thủ tục cấp Giấy chứng nhận đủ điều kiện kinh doanh hoạt động thể thao đối với môn Bóng đá 11. 1.000501 Thủ tục cấp Giấy chứng nhận đủ điều kiện kinh doanh hoạt động thể thao đối với môn Quần vợt 12. 1.001500 Thủ tục cấp giấy chứng nhận đủ điều kiện kinh doanh hoạt động thể thao đối với môn Bóng ném 13. 1.001527 Thủ tục cấp Giấy chứng nhận đủ điều kiện kinh doanh hoạt động thể thao đối với môn Bóng rổ"
2026-01-31,454/QĐ-UBND,1.000518,Thủ tục cấp Giấy chứng nhận đủ điều kiện kinh doanh hoạt động thể thao đối với môn Bóng đá,THỂ DỤC THỂ THAO,repealed,Bãi bỏ,province,2026-01-31,repealed,https://cathai.haiphong.gov.vn/linh-vuc-the-duc-the-thao/quyet-dinh-so-454-qd-ubnd-ngay-31-01-2026-cua-ubnd-thanh-pho-hai-phong-ve-viec-cong-bo-danh-muc--856436,https://cdn.haiphong.gov.vn/gov-hpg/5889/tintuc/2026/2/qd-454-cong-bo-tthc-sua-doi-bo-sung-bai-bo-linh-vuc-tdtt639060121063071202.pdf,42823a16ca9482b6f65c10e28e5cc93c0a27f6d4831870a96c6ead5ba541e2b0,"Thông tư số 21/2025/TT- BVHTTDL ngày 26/12/2025 của Bộ Văn hóa, Thể thao và Du lịch 10. 1.000518 Thủ tục cấp Giấy chứng nhận đủ điều kiện kinh doanh hoạt động thể thao đối với môn Bóng đá 11. 1.000501 Thủ tục cấp Giấy chứng nhận đủ điều kiện kinh doanh hoạt động thể thao đối với môn Quần vợt 12. 1.001500 Thủ tục cấp giấy chứng nhận đủ điều kiện kinh doanh hoạt động thể thao đối với môn Bóng ném 13. 1.001527 Thủ tục cấp Giấy chứng nhận đủ điều kiện kinh doanh hoạt động thể thao đối với môn Bóng r"
2026-01-31,454/QĐ-UBND,1.000594,"Thủ tục cấp Giấy chứng nhận đủ điều kiện kinh doanh hoạt động thể thao đối với môn Vũ đạo thể thao giải trí Thông tư số 21/2025/TT- BVHTTDL ngày 26/12/2025 của Bộ Văn hóa, Thể thao và Du lịch",THỂ DỤC THỂ THAO,repealed,Bãi bỏ,province,2026-01-31,repealed,https://cathai.haiphong.gov.vn/linh-vuc-the-duc-the-thao/quyet-dinh-so-454-qd-ubnd-ngay-31-01-2026-cua-ubnd-thanh-pho-hai-phong-ve-viec-cong-bo-danh-muc--856436,https://cdn.haiphong.gov.vn/gov-hpg/5889/tintuc/2026/2/qd-454-cong-bo-tthc-sua-doi-bo-sung-bai-bo-linh-vuc-tdtt639060121063071202.pdf,42823a16ca9482b6f65c10e28e5cc93c0a27f6d4831870a96c6ead5ba541e2b0,"3 STT Mã số TTHC Tên TTHC Tên VBQPPL quy định 9. 1.000594 Thủ tục cấp Giấy chứng nhận đủ điều kiện kinh doanh hoạt động thể thao đối với môn Vũ đạo thể thao giải trí Thông tư số 21/2025/TT- BVHTTDL ngày 26/12/2025 của Bộ Văn hóa, Thể thao và Du lịch 10. 1.000518 Thủ tục cấp Giấy chứng nhận đủ điều kiện kinh doanh hoạt động thể thao đối với môn Bóng đá 11. 1.000501 Thủ tục cấp Giấy chứng nhận đủ điều kiện kinh doanh hoạt động thể thao đối với môn Quần vợt 12. 1.001500 Thủ tục cấp giấy chứng nhận "
2026-01-31,454/QĐ-UBND,1.000644,Thủ tục cấp Giấy chứng nhận đủ điều kiện kinh doanh hoạt động thể thao đối với môn Thể dục thẩm mỹ,THỂ DỤC THỂ THAO,repealed,Bãi bỏ,province,2026-01-31,repealed,https://cathai.haiphong.gov.vn/linh-vuc-the-duc-the-thao/quyet-dinh-so-454-qd-ubnd-ngay-31-01-2026-cua-ubnd-thanh-pho-hai-phong-ve-viec-cong-bo-danh-muc--856436,https://cdn.haiphong.gov.vn/gov-hpg/5889/tintuc/2026/2/qd-454-cong-bo-tthc-sua-doi-bo-sung-bai-bo-linh-vuc-tdtt639060121063071202.pdf,42823a16ca9482b6f65c10e28e5cc93c0a27f6d4831870a96c6ead5ba541e2b0,thể thao đối với môn Bóng bàn 6. 1.000814 Thủ tục cấp Giấy chứng nhận đủ điều kiện kinh doanh hoạt động thể thao đối với môn Khiêu vũ thể thao 7. 1.000644 Thủ tục cấp Giấy chứng nhận đủ điều kiện kinh doanh hoạt động thể thao đối với môn Thể dục thẩm mỹ 8. 1.005163 Thủ tục cấp Giấy chứng nhận đủ điều kiện kinh doanh hoạt động thể thao đối với môn Thể dục thể hình và Fitness
2026-01-31,454/QĐ-UBND,1.000814,Thủ tục cấp Giấy chứng nhận đủ điều kiện kinh doanh hoạt động thể thao đối với môn Khiêu vũ thể thao,THỂ DỤC THỂ THAO,repealed,Bãi bỏ,province,2026-01-31,repealed,https://cathai.haiphong.gov.vn/linh-vuc-the-duc-the-thao/quyet-dinh-so-454-qd-ubnd-ngay-31-01-2026-cua-ubnd-thanh-pho-hai-phong-ve-viec-cong-bo-danh-muc--856436,https://cdn.haiphong.gov.vn/gov-hpg/5889/tintuc/2026/2/qd-454-cong-bo-tthc-sua-doi-bo-sung-bai-bo-linh-vuc-tdtt639060121063071202.pdf,42823a16ca9482b6f65c10e28e5cc93c0a27f6d4831870a96c6ead5ba541e2b0,thể thao đối với môn Billiards & Snooker 5. 1.000847 Thủ tục cấp Giấy chứng nhận đủ điều kiện kinh doanh hoạt động thể thao đối với môn Bóng bàn 6. 1.000814 Thủ tục cấp Giấy chứng nhận đủ điều kiện kinh doanh hoạt động thể thao đối với môn Khiêu vũ thể thao 7. 1.000644 Thủ tục cấp Giấy chứng nhận đủ điều kiện kinh doanh hoạt động thể thao đối với môn Thể dục thẩm mỹ 8. 1.005163 Thủ tục cấp Giấy chứng nhận đủ điều kiện kinh doanh hoạt động thể thao đối với môn Thể dục thể hình và Fitness
2026-01-31,454/QĐ-UBND,1.000847,Thủ tục cấp Giấy chứng nhận đủ điều kiện kinh doanh hoạt động thể thao đối với môn Bóng bàn,THỂ DỤC THỂ THAO,repealed,Bãi bỏ,province,2026-01-31,repealed,https://cathai.haiphong.gov.vn/linh-vuc-the-duc-the-thao/quyet-dinh-so-454-qd-ubnd-ngay-31-01-2026-cua-ubnd-thanh-pho-hai-phong-ve-viec-cong-bo-danh-muc--856436,https://cdn.haiphong.gov.vn/gov-hpg/5889/tintuc/2026/2/qd-454-cong-bo-tthc-sua-doi-bo-sung-bai-bo-linh-vuc-tdtt639060121063071202.pdf,42823a16ca9482b6f65c10e28e5cc93c0a27f6d4831870a96c6ead5ba541e2b0,thể thao đối với môn Cầu lông 4. 1.000863 Thủ tục cấp Giấy chứng nhận đủ điều kiện kinh doanh hoạt động thể thao đối với môn Billiards & Snooker 5. 1.000847 Thủ tục cấp Giấy chứng nhận đủ điều kiện kinh doanh hoạt động thể thao đối với môn Bóng bàn 6. 1.000814 Thủ tục cấp Giấy chứng nhận đủ điều kiện kinh doanh hoạt động thể thao đối với môn Khiêu vũ thể thao 7. 1.000644 Thủ tục cấp Giấy chứng nhận đủ điều kiện kinh doanh hoạt động thể thao đối với môn Thể dục thẩm mỹ 8. 1.005163 Thủ tục cấp Giấ
2026-01-31,454/QĐ-UBND,1.000863,Thủ tục cấp Giấy chứng nhận đủ điều kiện kinh doanh hoạt động thể thao đối với môn Billiards & Snooker,THỂ DỤC THỂ THAO,repealed,Bãi bỏ,province,2026-01-31,repealed,https://cathai.haiphong.gov.vn/linh-vuc-the-duc-the-thao/quyet-dinh-so-454-qd-ubnd-ngay-31-01-2026-cua-ubnd-thanh-pho-hai-phong-ve-viec-cong-bo-danh-muc--856436,https://cdn.haiphong.gov.vn/gov-hpg/5889/tintuc/2026/2/qd-454-cong-bo-tthc-sua-doi-bo-sung-bai-bo-linh-vuc-tdtt639060121063071202.pdf,42823a16ca9482b6f65c10e28e5cc93c0a27f6d4831870a96c6ead5ba541e2b0,thể thao đối với môn Golf 3. 1.000920 Thủ tục cấp Giấy chứng nhận đủ điều kiện kinh doanh hoạt động thể thao đối với môn Cầu lông 4. 1.000863 Thủ tục cấp Giấy chứng nhận đủ điều kiện kinh doanh hoạt động thể thao đối với môn Billiards & Snooker 5. 1.000847 Thủ tục cấp Giấy chứng nhận đủ điều kiện kinh doanh hoạt động thể thao đối với môn Bóng bàn 6. 1.000814 Thủ tục cấp Giấy chứng nhận đủ điều kiện kinh doanh hoạt động thể thao đối với môn Khiêu vũ thể thao 7. 1.000644 Thủ tục cấp Giấy chứng nhậ
2026-01-31,454/QĐ-UBND,1.000920,Thủ tục cấp Giấy chứng nhận đủ điều kiện kinh doanh hoạt động thể thao đối với môn Cầu lông,THỂ DỤC THỂ THAO,repealed,Bãi bỏ,province,2026-01-31,repealed,https://cathai.haiphong.gov.vn/linh-vuc-the-duc-the-thao/quyet-dinh-so-454-qd-ubnd-ngay-31-01-2026-cua-ubnd-thanh-pho-hai-phong-ve-viec-cong-bo-danh-muc--856436,https://cdn.haiphong.gov.vn/gov-hpg/5889/tintuc/2026/2/qd-454-cong-bo-tthc-sua-doi-bo-sung-bai-bo-linh-vuc-tdtt639060121063071202.pdf,42823a16ca9482b6f65c10e28e5cc93c0a27f6d4831870a96c6ead5ba541e2b0,"Bộ Văn hóa, Thể thao và Du lịch 2. 1.000936 Thủ tục cấp Giấy chứng nhận đủ điều kiện kinh doanh hoạt động thể thao đối với môn Golf 3. 1.000920 Thủ tục cấp Giấy chứng nhận đủ điều kiện kinh doanh hoạt động thể thao đối với môn Cầu lông 4. 1.000863 Thủ tục cấp Giấy chứng nhận đủ điều kiện kinh doanh hoạt động thể thao đối với môn Billiards & Snooker 5. 1.000847 Thủ tục cấp Giấy chứng nhận đủ điều kiện kinh doanh hoạt động thể thao đối với môn Bóng bàn 6. 1.000814 Thủ tục cấp Giấy chứng nhận đủ đi"
2026-01-31,454/QĐ-UBND,1.000936,Thủ tục cấp Giấy chứng nhận đủ điều kiện kinh doanh hoạt động thể thao đối với môn Golf,THỂ DỤC THỂ THAO,repealed,Bãi bỏ,province,2026-01-31,repealed,https://cathai.haiphong.gov.vn/linh-vuc-the-duc-the-thao/quyet-dinh-so-454-qd-ubnd-ngay-31-01-2026-cua-ubnd-thanh-pho-hai-phong-ve-viec-cong-bo-danh-muc--856436,https://cdn.haiphong.gov.vn/gov-hpg/5889/tintuc/2026/2/qd-454-cong-bo-tthc-sua-doi-bo-sung-bai-bo-linh-vuc-tdtt639060121063071202.pdf,42823a16ca9482b6f65c10e28e5cc93c0a27f6d4831870a96c6ead5ba541e2b0,"Thông tư số 21/2025/TT- BVHTTDL ngày 26/12/2025 của Bộ Văn hóa, Thể thao và Du lịch 2. 1.000936 Thủ tục cấp Giấy chứng nhận đủ điều kiện kinh doanh hoạt động thể thao đối với môn Golf 3. 1.000920 Thủ tục cấp Giấy chứng nhận đủ điều kiện kinh doanh hoạt động thể thao đối với môn Cầu lông 4. 1.000863 Thủ tục cấp Giấy chứng nhận đủ điều kiện kinh doanh hoạt động thể thao đối với môn Billiards & Snooker 5. 1.000847 Thủ tục cấp Giấy chứng nhận đủ điều kiện kinh doanh hoạt động thể thao đối với môn Bó"
2026-01-31,454/QĐ-UBND,1.000953,"Thủ tục cấp Giấy chứng nhận đủ điều kiện kinh doanh hoạt động thể thao đối với môn Yoga Thông tư số 21/2025/TT- BVHTTDL ngày 26/12/2025 của Bộ Văn hóa, Thể thao và Du lịch",THỂ DỤC THỂ THAO,repealed,Bãi bỏ,province,2026-01-31,repealed,https://cathai.haiphong.gov.vn/linh-vuc-the-duc-the-thao/quyet-dinh-so-454-qd-ubnd-ngay-31-01-2026-cua-ubnd-thanh-pho-hai-phong-ve-viec-cong-bo-danh-muc--856436,https://cdn.haiphong.gov.vn/gov-hpg/5889/tintuc/2026/2/qd-454-cong-bo-tthc-sua-doi-bo-sung-bai-bo-linh-vuc-tdtt639060121063071202.pdf,42823a16ca9482b6f65c10e28e5cc93c0a27f6d4831870a96c6ead5ba541e2b0,"STT Mã số TTHC Tên TTHC Tên VBQPPL quy định THỦ TỤC HÀNH CHÍNH CẤP TỈNH (13 TTHC) 1. 1.000953 Thủ tục cấp Giấy chứng nhận đủ điều kiện kinh doanh hoạt động thể thao đối với môn Yoga Thông tư số 21/2025/TT- BVHTTDL ngày 26/12/2025 của Bộ Văn hóa, Thể thao và Du lịch 2. 1.000936 Thủ tục cấp Giấy chứng nhận đủ điều kiện kinh doanh hoạt động thể thao đối với môn Golf 3. 1.000920 Thủ tục cấp Giấy chứng nhận đủ điều kiện kinh doanh hoạt động thể thao đối với môn Cầu lông 4. 1.000863 Thủ tục cấp Giấy c"
2026-01-31,454/QĐ-UBND,1.001500,Thủ tục cấp giấy chứng nhận đủ điều kiện kinh doanh hoạt động thể thao đối với môn Bóng ném,THỂ DỤC THỂ THAO,repealed,Bãi bỏ,province,2026-01-31,repealed,https://cathai.haiphong.gov.vn/linh-vuc-the-duc-the-thao/quyet-dinh-so-454-qd-ubnd-ngay-31-01-2026-cua-ubnd-thanh-pho-hai-phong-ve-viec-cong-bo-danh-muc--856436,https://cdn.haiphong.gov.vn/gov-hpg/5889/tintuc/2026/2/qd-454-cong-bo-tthc-sua-doi-bo-sung-bai-bo-linh-vuc-tdtt639060121063071202.pdf,42823a16ca9482b6f65c10e28e5cc93c0a27f6d4831870a96c6ead5ba541e2b0,thể thao đối với môn Bóng đá 11. 1.000501 Thủ tục cấp Giấy chứng nhận đủ điều kiện kinh doanh hoạt động thể thao đối với môn Quần vợt 12. 1.001500 Thủ tục cấp giấy chứng nhận đủ điều kiện kinh doanh hoạt động thể thao đối với môn Bóng ném 13. 1.001527 Thủ tục cấp Giấy chứng nhận đủ điều kiện kinh doanh hoạt động thể thao đối với môn Bóng rổ
2026-01-31,454/QĐ-UBND,1.001527,Thủ tục cấp Giấy chứng nhận đủ điều kiện kinh doanh hoạt động thể thao đối với môn Bóng rổ,THỂ DỤC THỂ THAO,repealed,Bãi bỏ,province,2026-01-31,repealed,https://cathai.haiphong.gov.vn/linh-vuc-the-duc-the-thao/quyet-dinh-so-454-qd-ubnd-ngay-31-01-2026-cua-ubnd-thanh-pho-hai-phong-ve-viec-cong-bo-danh-muc--856436,https://cdn.haiphong.gov.vn/gov-hpg/5889/tintuc/2026/2/qd-454-cong-bo-tthc-sua-doi-bo-sung-bai-bo-linh-vuc-tdtt639060121063071202.pdf,42823a16ca9482b6f65c10e28e5cc93c0a27f6d4831870a96c6ead5ba541e2b0,thể thao đối với môn Quần vợt 12. 1.001500 Thủ tục cấp giấy chứng nhận đủ điều kiện kinh doanh hoạt động thể thao đối với môn Bóng ném 13. 1.001527 Thủ tục cấp Giấy chứng nhận đủ điều kiện kinh doanh hoạt động thể thao đối với môn Bóng rổ
2026-01-31,454/QĐ-UBND,1.005163,Thủ tục cấp Giấy chứng nhận đủ điều kiện kinh doanh hoạt động thể thao đối với môn Thể dục thể hình và Fitness,THỂ DỤC THỂ THAO,repealed,Bãi bỏ,province,2026-01-31,repealed,https://cathai.haiphong.gov.vn/linh-vuc-the-duc-the-thao/quyet-dinh-so-454-qd-ubnd-ngay-31-01-2026-cua-ubnd-thanh-pho-hai-phong-ve-viec-cong-bo-danh-muc--856436,https://cdn.haiphong.gov.vn/gov-hpg/5889/tintuc/2026/2/qd-454-cong-bo-tthc-sua-doi-bo-sung-bai-bo-linh-vuc-tdtt639060121063071202.pdf,42823a16ca9482b6f65c10e28e5cc93c0a27f6d4831870a96c6ead5ba541e2b0,thể thao đối với môn Khiêu vũ thể thao 7. 1.000644 Thủ tục cấp Giấy chứng nhận đủ điều kiện kinh doanh hoạt động thể thao đối với môn Thể dục thẩm mỹ 8. 1.005163 Thủ tục cấp Giấy chứng nhận đủ điều kiện kinh doanh hoạt động thể thao đối với môn Thể dục thể hình và Fitness
2026-01-31,454/QĐ-UBND,2.000794,Thủ tục công nhận câu lạc bộ thể dục thể thao cơ sở,THỂ DỤC THỂ THAO,repealed,Bãi bỏ,commune,2026-01-31,repealed,https://cathai.haiphong.gov.vn/linh-vuc-the-duc-the-thao/quyet-dinh-so-454-qd-ubnd-ngay-31-01-2026-cua-ubnd-thanh-pho-hai-phong-ve-viec-cong-bo-danh-muc--856436,https://cdn.haiphong.gov.vn/gov-hpg/5889/tintuc/2026/2/qd-454-cong-bo-tthc-sua-doi-bo-sung-bai-bo-linh-vuc-tdtt639060121063071202.pdf,42823a16ca9482b6f65c10e28e5cc93c0a27f6d4831870a96c6ead5ba541e2b0,"Một phần THỦ TỤC HÀNH CHÍNH CẤP XÃ (01 TTHC) 1. 2.000794 Thủ tục công nhận câu lạc bộ thể dục thể thao cơ sở 05 ngày làm việc 2,5 ngày làm việc Trung tâm PVHCC thành phố; Trung tâm PVHCC xã, phường, đặc khu Không quy định x Thông tư s ố 16/2025/TT- BVHTTDL"
2026-01-31,467/QĐ-UBND,1.000419,Đăng ký khai tử lưu động,HỘ TỊCH,modified,Sửa đổi/bổ sung,commune,2026-01-31,current,https://giavien.haiphong.gov.vn/so-tu-phap-92285/quyet-dinh-so-467-qd-ubnd-ngay-31-01-2026-ve-viec-cong-bo-danh-muc-thu-tuc-hanh-chinh-duoc-sua-d-884412,https://cdn.haiphong.gov.vn/gov-hpg/6798/tintuc/2026/4/qd-467-cong-chung-chung-thuc-quan-tai-vien-ho-tich639057302800587100639116699603616818.pdf,de5c2d5937d1057724bc90f4b938f02fe618511141baf6e73bdaafb897b15e7d,HĐND ngày 08/12/2023; - Nghị quyết số 08/2025/NQ- HĐND ngày 17/6/2025. 32. 1.000419 Đăng ký khai tử lưu động 05 ngày làm việc 2.5 ngày làm việc Địa điểm lưu động Đăng ký khai tử quá hạn: 8.000 đồng (Miễn lệ phí với người thuộc gia đình có công với cách mạng; người
2026-01-31,467/QĐ-UBND,1.000593,Đăng ký kết hôn lưu động,HỘ TỊCH,modified,Sửa đổi/bổ sung,commune,2026-01-31,current,https://giavien.haiphong.gov.vn/so-tu-phap-92285/quyet-dinh-so-467-qd-ubnd-ngay-31-01-2026-ve-viec-cong-bo-danh-muc-thu-tuc-hanh-chinh-duoc-sua-d-884412,https://cdn.haiphong.gov.vn/gov-hpg/6798/tintuc/2026/4/qd-467-cong-chung-chung-thuc-quan-tai-vien-ho-tich639057302800587100639116699603616818.pdf,de5c2d5937d1057724bc90f4b938f02fe618511141baf6e73bdaafb897b15e7d,HĐND ngày 08/12/2023; - Nghị quyết số 08/2025/NQ- HĐND ngày 17/6/2025. 31. 1.000593 Đăng ký kết hôn lưu động 05 ngày làm việc 2.5 ngày làm việc Địa điểm lưu động Miễn lệ phí x - Luật Hôn nhân và gia đình năm 2014 - Luật Hộ tịch năm 2014; - Nghị định số 123/2015/NĐ- CP ngày 15/11/2015; - Nghị định số 87/2020/NĐ- CP ngày 28/7/2020; - Nghị định số 104/2022/NĐ- CP ngày 21/12/2022;
2026-01-31,467/QĐ-UBND,1.000656,"Đăng ký khai tử Ngay trong ngày, trường hợp nhận hồ sơ sau 15 giờ thì trả kết Ngay trong ngày, trường hợp nhận hồ sơ sau Trung tâm Phục vụ hành chính",HỘ TỊCH,modified,Sửa đổi/bổ sung,commune,2026-01-31,current,https://giavien.haiphong.gov.vn/so-tu-phap-92285/quyet-dinh-so-467-qd-ubnd-ngay-31-01-2026-ve-viec-cong-bo-danh-muc-thu-tuc-hanh-chinh-duoc-sua-d-884412,https://cdn.haiphong.gov.vn/gov-hpg/6798/tintuc/2026/4/qd-467-cong-chung-chung-thuc-quan-tai-vien-ho-tich639057302800587100639116699603616818.pdf,de5c2d5937d1057724bc90f4b938f02fe618511141baf6e73bdaafb897b15e7d,"trực tuyến: 0 đồng x 15. 1.000656 Đăng ký khai tử Ngay trong ngày, trường hợp nhận hồ sơ sau 15 giờ thì trả kết Ngay trong ngày, trường hợp nhận hồ sơ sau Trung tâm Phục vụ hành chính công cấp - 8.000"
2026-01-31,467/QĐ-UBND,1.000689,"Đăng ký khai sinh kết hợp đăng ký nhận cha, mẹ, con",HỘ TỊCH,modified,Sửa đổi/bổ sung,commune,2026-01-31,current,https://giavien.haiphong.gov.vn/so-tu-phap-92285/quyet-dinh-so-467-qd-ubnd-ngay-31-01-2026-ve-viec-cong-bo-danh-muc-thu-tuc-hanh-chinh-duoc-sua-d-884412,https://cdn.haiphong.gov.vn/gov-hpg/6798/tintuc/2026/4/qd-467-cong-chung-chung-thuc-quan-tai-vien-ho-tich639057302800587100639116699603616818.pdf,de5c2d5937d1057724bc90f4b938f02fe618511141baf6e73bdaafb897b15e7d,"7. 1.000689 Đăng ký khai sinh kết hợp đăng ký nhận cha, mẹ, con 03 ngày làm việc, trường hợp phải xác minh thì không quá 08 ngày làm việc. 1.5 ngày làm việc, trường hợp phải xác minh thì không"
2026-01-31,467/QĐ-UBND,1.000893,"Đăng ký khai sinh có yếu tố nước ngoài cho người đã có hồ sơ, giấy tờ cá nhân",HỘ TỊCH,modified,Sửa đổi/bổ sung,commune,2026-01-31,current,https://giavien.haiphong.gov.vn/so-tu-phap-92285/quyet-dinh-so-467-qd-ubnd-ngay-31-01-2026-ve-viec-cong-bo-danh-muc-thu-tuc-hanh-chinh-duoc-sua-d-884412,https://cdn.haiphong.gov.vn/gov-hpg/6798/tintuc/2026/4/qd-467-cong-chung-chung-thuc-quan-tai-vien-ho-tich639057302800587100639116699603616818.pdf,de5c2d5937d1057724bc90f4b938f02fe618511141baf6e73bdaafb897b15e7d,"BTC ngày 29/11/2019; - Thông tư s ố 106/2021/TT- BTC ngày 26/11/2021; 10. 1.000893 Đăng ký khai sinh có yếu tố nước ngoài cho người đã có h ồ sơ, giấy tờ cá nhân 05 ngày làm việc. Trường hợp phải có văn bản xác minh thì thời hạn giải quyết không quá 25 ngày. 2.5 ngày làm việc. Trường hợp phải"
2026-01-31,467/QĐ-UBND,1.000894,Đăng ký kết hôn Ngay trong ngày tiếp nhận hồ sơ; trường hợp nhận hồ sơ sau 15 giờ mà không giải quyết được ngay thì trả kết quả trong ngày làm việc tiếp theo. Trường hợp cần,HỘ TỊCH,modified,Sửa đổi/bổ sung,commune,2026-01-31,current,https://giavien.haiphong.gov.vn/so-tu-phap-92285/quyet-dinh-so-467-qd-ubnd-ngay-31-01-2026-ve-viec-cong-bo-danh-muc-thu-tuc-hanh-chinh-duoc-sua-d-884412,https://cdn.haiphong.gov.vn/gov-hpg/6798/tintuc/2026/4/qd-467-cong-chung-chung-thuc-quan-tai-vien-ho-tich639057302800587100639116699603616818.pdf,de5c2d5937d1057724bc90f4b938f02fe618511141baf6e73bdaafb897b15e7d,HĐND ngày 08/12/2023; - Nghị quyết số 08/2025/NQ- HĐND ngày 17/6/2025. 11. 1.000894 Đăng ký kết hôn Ngay trong ngày tiếp nhận hồ sơ; trường hợp nhận hồ sơ sau 15 giờ mà không giải quyết được ngay thì trả kết quả trong ngày làm việc tiếp theo. Trường hợp cần xác minh điều kiện
2026-01-31,467/QĐ-UBND,1.001022,"Đăng ký nhận cha, mẹ, con",HỘ TỊCH,modified,Sửa đổi/bổ sung,commune,2026-01-31,current,https://giavien.haiphong.gov.vn/so-tu-phap-92285/quyet-dinh-so-467-qd-ubnd-ngay-31-01-2026-ve-viec-cong-bo-danh-muc-thu-tuc-hanh-chinh-duoc-sua-d-884412,https://cdn.haiphong.gov.vn/gov-hpg/6798/tintuc/2026/4/qd-467-cong-chung-chung-thuc-quan-tai-vien-ho-tich639057302800587100639116699603616818.pdf,de5c2d5937d1057724bc90f4b938f02fe618511141baf6e73bdaafb897b15e7d,"HĐND ngày 08/12/2023; - Nghị quyết số 08/2025/NQ- HĐND ngày 17/6/2025. 5. 1.001022 Đăng ký nhận cha, mẹ, con 03 ngày làm việc, trường hợp phải xác minh thì không quá 08 ngày làm việc. 1.5 ngày làm việc, trường hợp phải xác minh thì không quá 04"
2026-01-31,467/QĐ-UBND,1.001193,"Đăng ký khai sinh Ngay trong ngày tiếp nhận hồ sơ, trường hợp nhận hồ sơ sau 15 giờ thì trả kết quả trong ngày làm việc tiếp theo Ngay trong ngày tiếp nhận hồ sơ,",HỘ TỊCH,modified,Sửa đổi/bổ sung,commune,2026-01-31,current,https://giavien.haiphong.gov.vn/so-tu-phap-92285/quyet-dinh-so-467-qd-ubnd-ngay-31-01-2026-ve-viec-cong-bo-danh-muc-thu-tuc-hanh-chinh-duoc-sua-d-884412,https://cdn.haiphong.gov.vn/gov-hpg/6798/tintuc/2026/4/qd-467-cong-chung-chung-thuc-quan-tai-vien-ho-tich639057302800587100639116699603616818.pdf,de5c2d5937d1057724bc90f4b938f02fe618511141baf6e73bdaafb897b15e7d,"Một phần LĨNH VỰC HỘ TỊCH 1. 1.001193 Đăng ký khai sinh Ngay trong ngày tiếp nhận hồ sơ, trường hợp nhận hồ sơ sau 15 giờ thì trả kết quả trong ngày làm việc tiếp theo Ngay trong ngày tiếp nhận hồ sơ, trường hợp nhận"
2026-01-31,467/QĐ-UBND,1.001669,Đăng ký giám hộ có yếu tố nước ngoài,HỘ TỊCH,modified,Sửa đổi/bổ sung,commune,2026-01-31,current,https://giavien.haiphong.gov.vn/so-tu-phap-92285/quyet-dinh-so-467-qd-ubnd-ngay-31-01-2026-ve-viec-cong-bo-danh-muc-thu-tuc-hanh-chinh-duoc-sua-d-884412,https://cdn.haiphong.gov.vn/gov-hpg/6798/tintuc/2026/4/qd-467-cong-chung-chung-thuc-quan-tai-vien-ho-tich639057302800587100639116699603616818.pdf,de5c2d5937d1057724bc90f4b938f02fe618511141baf6e73bdaafb897b15e7d,"BTP ngày 04/01/2022; - Thông tư s ố 03/2023/TT- BTP ngày 02/8/2023; 20. 1.001669 Đăng ký giám hộ có yếu tố nước ngoài 05 ngày làm việc đối với việc đăng ký giám hộ cử, 03 ngày làm việc đối với việc đăng ký giám hộ đương nhiên 2.5 ngày làm việc đối"
2026-01-31,467/QĐ-UBND,1.001695,"Đăng ký khai sinh kết hợp đăng ký nhận cha, mẹ, con có yếu tố nước ngoài",HỘ TỊCH,modified,Sửa đổi/bổ sung,commune,2026-01-31,current,https://giavien.haiphong.gov.vn/so-tu-phap-92285/quyet-dinh-so-467-qd-ubnd-ngay-31-01-2026-ve-viec-cong-bo-danh-muc-thu-tuc-hanh-chinh-duoc-sua-d-884412,https://cdn.haiphong.gov.vn/gov-hpg/6798/tintuc/2026/4/qd-467-cong-chung-chung-thuc-quan-tai-vien-ho-tich639057302800587100639116699603616818.pdf,de5c2d5937d1057724bc90f4b938f02fe618511141baf6e73bdaafb897b15e7d,"HĐND ngày 08/12/2023; - Nghị quyết số 08/2025/NQ- HĐND ngày 17/6/2025. 8. 1.001695 Đăng ký khai sinh k ết hợp đăng ký nhận cha, mẹ, con có y ếu t ố nước ngoài 10 ngày làm việc 7.5 ngày làm việc Trung tâm Phục vụ hành chính công cấp tỉnh và cấp xã - Nhận cha, mẹ, con: 1.500.000"
2026-01-31,467/QĐ-UBND,1.001766,Đăng ký khai tử có yếu tố nước ngoài,HỘ TỊCH,modified,Sửa đổi/bổ sung,commune,2026-01-31,current,https://giavien.haiphong.gov.vn/so-tu-phap-92285/quyet-dinh-so-467-qd-ubnd-ngay-31-01-2026-ve-viec-cong-bo-danh-muc-thu-tuc-hanh-chinh-duoc-sua-d-884412,https://cdn.haiphong.gov.vn/gov-hpg/6798/tintuc/2026/4/qd-467-cong-chung-chung-thuc-quan-tai-vien-ho-tich639057302800587100639116699603616818.pdf,de5c2d5937d1057724bc90f4b938f02fe618511141baf6e73bdaafb897b15e7d,"BTC ngày 29/11/2019; - Thông tư s ố 106/2021/TT- BTC ngày 26/11/2021; 16. 1.001766 Đăng ký khai tử có yếu tố nước ngoài Ngay trong ngày, hồ sơ nhận sau 15 giờ thì trả kết quả trong ngày làm việc tiếp theo (nếu cần xác minh thì thời hạn giải quyết không quá 03 ngày làm việc) Ngay"
2026-01-31,467/QĐ-UBND,1.001842,"Đăng ký hành ngh ề quản lý, thanh lý tài",HỘ TỊCH,modified,Sửa đổi/bổ sung,province,2026-01-31,not_in_current_master,https://giavien.haiphong.gov.vn/so-tu-phap-92285/quyet-dinh-so-467-qd-ubnd-ngay-31-01-2026-ve-viec-cong-bo-danh-muc-thu-tuc-hanh-chinh-duoc-sua-d-884412,https://cdn.haiphong.gov.vn/gov-hpg/6798/tintuc/2026/4/qd-467-cong-chung-chung-thuc-quan-tai-vien-ho-tich639057302800587100639116699603616818.pdf,de5c2d5937d1057724bc90f4b938f02fe618511141baf6e73bdaafb897b15e7d,"- Thông tư s ố 64/2025/TT- BTC ngày 30/6/2025. 7. 1.001842 Đăng ký hành ngh ề quản lý, thanh lý tài 07 ngày làm việc 3,5 ngày làm việc Trung tâm Phục Phí: 500.000 đồng/hồ sơ x - Luật Phá sản ngày 19 tháng 6 năm 2014;"
2026-01-31,467/QĐ-UBND,1.002626,"Đăng ký hành ngh ề quản lý, thanh lý tài sản với tư cách cá nhân",HỘ TỊCH,modified,Sửa đổi/bổ sung,province,2026-01-31,current,https://giavien.haiphong.gov.vn/so-tu-phap-92285/quyet-dinh-so-467-qd-ubnd-ngay-31-01-2026-ve-viec-cong-bo-danh-muc-thu-tuc-hanh-chinh-duoc-sua-d-884412,https://cdn.haiphong.gov.vn/gov-hpg/6798/tintuc/2026/4/qd-467-cong-chung-chung-thuc-quan-tai-vien-ho-tich639057302800587100639116699603616818.pdf,de5c2d5937d1057724bc90f4b938f02fe618511141baf6e73bdaafb897b15e7d,"- Thông tư s ố 64/2025/TT- BTC ngày 30/6/2025. 6. 1.002626 Đăng ký hành ngh ề quản lý, thanh lý tài sản với tư cách cá nhân 07 ngày làm việc 3,5 ngày làm việc Trung tâm Phục vụ hành chính công cấp tỉnh và cấp xã Phí: 500.000 đồng/hồ sơ (áp dụng mức phí 250.000"
2026-01-31,467/QĐ-UBND,1.002681,Cấp ch ứng ch ỉ hành nghề Quản tài viên đối,HỘ TỊCH,modified,Sửa đổi/bổ sung,province,2026-01-31,not_in_current_master,https://giavien.haiphong.gov.vn/so-tu-phap-92285/quyet-dinh-so-467-qd-ubnd-ngay-31-01-2026-ve-viec-cong-bo-danh-muc-thu-tuc-hanh-chinh-duoc-sua-d-884412,https://cdn.haiphong.gov.vn/gov-hpg/6798/tintuc/2026/4/qd-467-cong-chung-chung-thuc-quan-tai-vien-ho-tich639057302800587100639116699603616818.pdf,de5c2d5937d1057724bc90f4b938f02fe618511141baf6e73bdaafb897b15e7d,- Thông tư s ố 64/2025/TT- BTC ngày 30/6/2025. 4. 1.002681 Cấp ch ứng ch ỉ hành nghề Quản tài viên đối 10 ngày 5 ngày Trung tâm Phục Phí: 800.000 đồng/hồ sơ x - Luật Phá sản ngày 19 tháng 6 năm 2014;
2026-01-31,467/QĐ-UBND,1.003583,Đăng ký khai sinh lưu động,HỘ TỊCH,modified,Sửa đổi/bổ sung,commune,2026-01-31,current,https://giavien.haiphong.gov.vn/so-tu-phap-92285/quyet-dinh-so-467-qd-ubnd-ngay-31-01-2026-ve-viec-cong-bo-danh-muc-thu-tuc-hanh-chinh-duoc-sua-d-884412,https://cdn.haiphong.gov.vn/gov-hpg/6798/tintuc/2026/4/qd-467-cong-chung-chung-thuc-quan-tai-vien-ho-tich639057302800587100639116699603616818.pdf,de5c2d5937d1057724bc90f4b938f02fe618511141baf6e73bdaafb897b15e7d,"ngày làm việc 30. 1.003583 Đăng ký khai sinh lưu động 05 ngày làm việc 2.5 ngày làm việc Địa điểm lưu động Đăng ký khai sinh quá hạn: 8.000 đồng (Miễn lệ phí với trường hợp khai sinh đúng hạn, người thuộc gia đình có công với cách"
2026-01-31,467/QĐ-UBND,1.004746,Đăng ký lại kết hôn 05 ngày làm việc; trường hợp phải xác minh thì,HỘ TỊCH,modified,Sửa đổi/bổ sung,commune,2026-01-31,current,https://giavien.haiphong.gov.vn/so-tu-phap-92285/quyet-dinh-so-467-qd-ubnd-ngay-31-01-2026-ve-viec-cong-bo-danh-muc-thu-tuc-hanh-chinh-duoc-sua-d-884412,https://cdn.haiphong.gov.vn/gov-hpg/6798/tintuc/2026/4/qd-467-cong-chung-chung-thuc-quan-tai-vien-ho-tich639057302800587100639116699603616818.pdf,de5c2d5937d1057724bc90f4b938f02fe618511141baf6e73bdaafb897b15e7d,trực tuyến: 0 đồng x 13. 1.004746 Đăng ký lại kết hôn 05 ngày làm việc; trường hợp phải xác minh thì 2.5 ngày làm việc; trường hợp phải xác minh thì Trung tâm Phục vụ hành chính công cấp - 30.000 đồng/lần.
2026-01-31,467/QĐ-UBND,1.004772,"Đăng ký khai sinh cho người đã có h ồ sơ, giấy tờ cá nhân",HỘ TỊCH,modified,Sửa đổi/bổ sung,commune,2026-01-31,current,https://giavien.haiphong.gov.vn/so-tu-phap-92285/quyet-dinh-so-467-qd-ubnd-ngay-31-01-2026-ve-viec-cong-bo-danh-muc-thu-tuc-hanh-chinh-duoc-sua-d-884412,https://cdn.haiphong.gov.vn/gov-hpg/6798/tintuc/2026/4/qd-467-cong-chung-chung-thuc-quan-tai-vien-ho-tich639057302800587100639116699603616818.pdf,de5c2d5937d1057724bc90f4b938f02fe618511141baf6e73bdaafb897b15e7d,"trực tuyến: 0 đồng x 9. 1.004772 Đăng ký khai sinh cho người đã có h ồ sơ, giấy tờ cá nhân 05 ngày làm việc. Trường hợp phải có văn bản xác minh 2.5 ngày làm việc. Trường hợp phải có văn bản xác minh Trung tâm Phục"
2026-01-31,467/QĐ-UBND,1.004837,Đăng ký giám hộ 03 ngày làm việc,HỘ TỊCH,modified,Sửa đổi/bổ sung,commune,2026-01-31,current,https://giavien.haiphong.gov.vn/so-tu-phap-92285/quyet-dinh-so-467-qd-ubnd-ngay-31-01-2026-ve-viec-cong-bo-danh-muc-thu-tuc-hanh-chinh-duoc-sua-d-884412,https://cdn.haiphong.gov.vn/gov-hpg/6798/tintuc/2026/4/qd-467-cong-chung-chung-thuc-quan-tai-vien-ho-tich639057302800587100639116699603616818.pdf,de5c2d5937d1057724bc90f4b938f02fe618511141baf6e73bdaafb897b15e7d,- Đăng ký trực tuyến: 0 đồng 19. 1.004837 Đăng ký giám hộ 03 ngày làm việc 1.5 ngày làm việc Trung tâm Phục vụ hành chính công cấp tỉnh và cấp xã Miễn lệ phí x - Bộ luật Dân sự năm 2015; - Luật Hộ tịch năm 2014; - Nghị định số 123/2015/NĐ- CP ngày 15/11/2015; - Nghị định số 87/2020/NĐ- CP ngày 28/7/2020;
2026-01-31,467/QĐ-UBND,1.004845,Đăng ký chấm dứt giám hộ,HỘ TỊCH,modified,Sửa đổi/bổ sung,commune,2026-01-31,current,https://giavien.haiphong.gov.vn/so-tu-phap-92285/quyet-dinh-so-467-qd-ubnd-ngay-31-01-2026-ve-viec-cong-bo-danh-muc-thu-tuc-hanh-chinh-duoc-sua-d-884412,https://cdn.haiphong.gov.vn/gov-hpg/6798/tintuc/2026/4/qd-467-cong-chung-chung-thuc-quan-tai-vien-ho-tich639057302800587100639116699603616818.pdf,de5c2d5937d1057724bc90f4b938f02fe618511141baf6e73bdaafb897b15e7d,trực tuyến: 0 đồng x 21. 1.004845 Đăng ký chấm dứt giám hộ 02 ngày làm việc 1 ngày làm việc Trung tâm Phục vụ hành Miễn lệ phí x
2026-01-31,467/QĐ-UBND,1.004859,"Thay đ ổi, c ải chính, bổ sung thông tin h ộ tịch, xác đ ịnh l ại dân tộc - Ngay trong ngày làm việc đối với việc bổ sung thông tin hộ tịch, trường hợp nhận hồ sơ sau 15 giờ mà không giải quyết",HỘ TỊCH,modified,Sửa đổi/bổ sung,commune,2026-01-31,current,https://giavien.haiphong.gov.vn/so-tu-phap-92285/quyet-dinh-so-467-qd-ubnd-ngay-31-01-2026-ve-viec-cong-bo-danh-muc-thu-tuc-hanh-chinh-duoc-sua-d-884412,https://cdn.haiphong.gov.vn/gov-hpg/6798/tintuc/2026/4/qd-467-cong-chung-chung-thuc-quan-tai-vien-ho-tich639057302800587100639116699603616818.pdf,de5c2d5937d1057724bc90f4b938f02fe618511141baf6e73bdaafb897b15e7d,"Không quy định x 25. 1.004859 Thay đ ổi, c ải chính, bổ sung thông tin h ộ tịch, xác đ ịnh l ại dân tộc - Ngay trong ngày làm việc đối với việc bổ sung thông tin hộ tịch, trường hợp nhận hồ sơ sau 15 giờ mà không giải quyết được ngay thì trả kết"
2026-01-31,467/QĐ-UBND,1.004873,Cấp Gi ấy xác nh ận tình trạng hôn nhân,HỘ TỊCH,modified,Sửa đổi/bổ sung,commune,2026-01-31,current,https://giavien.haiphong.gov.vn/so-tu-phap-92285/quyet-dinh-so-467-qd-ubnd-ngay-31-01-2026-ve-viec-cong-bo-danh-muc-thu-tuc-hanh-chinh-duoc-sua-d-884412,https://cdn.haiphong.gov.vn/gov-hpg/6798/tintuc/2026/4/qd-467-cong-chung-chung-thuc-quan-tai-vien-ho-tich639057302800587100639116699603616818.pdf,de5c2d5937d1057724bc90f4b938f02fe618511141baf6e73bdaafb897b15e7d,"HĐND ngày 08/12/2023; - Nghị quyết số 08/2025/NQ- HĐND ngày 17/6/2025. 33. 1.004873 Cấp Gi ấy xác nh ận tình trạng hôn nhân 03 ngày làm việc, trường hợp phải xác minh thì thời hạn 1.5 ngày làm việc, trường hợp phải xác minh thì Trung tâm Phục vụ hành chính"
2026-01-31,467/QĐ-UBND,1.004884,Đăng ký lại khai sinh 05 ngày làm việc. Trường hợp phải có văn bản xác minh thì thời hạn giải quyết,HỘ TỊCH,modified,Sửa đổi/bổ sung,commune,2026-01-31,current,https://giavien.haiphong.gov.vn/so-tu-phap-92285/quyet-dinh-so-467-qd-ubnd-ngay-31-01-2026-ve-viec-cong-bo-danh-muc-thu-tuc-hanh-chinh-duoc-sua-d-884412,https://cdn.haiphong.gov.vn/gov-hpg/6798/tintuc/2026/4/qd-467-cong-chung-chung-thuc-quan-tai-vien-ho-tich639057302800587100639116699603616818.pdf,de5c2d5937d1057724bc90f4b938f02fe618511141baf6e73bdaafb897b15e7d,3. 1.004884 Đăng ký lại khai sinh 05 ngày làm việc. Trường hợp phải có văn bản xác minh thì thời hạn giải quyết không quá 25 ngày. 2.5 ngày làm việc. Trường hợp phải có văn bản xác minh thì
2026-01-31,467/QĐ-UBND,1.005461,Đăng ký lại khai tử 05 ngày làm việc; trường hợp cần xác minh thì thời hạn giải quyết,HỘ TỊCH,modified,Sửa đổi/bổ sung,commune,2026-01-31,current,https://giavien.haiphong.gov.vn/so-tu-phap-92285/quyet-dinh-so-467-qd-ubnd-ngay-31-01-2026-ve-viec-cong-bo-danh-muc-thu-tuc-hanh-chinh-duoc-sua-d-884412,https://cdn.haiphong.gov.vn/gov-hpg/6798/tintuc/2026/4/qd-467-cong-chung-chung-thuc-quan-tai-vien-ho-tich639057302800587100639116699603616818.pdf,de5c2d5937d1057724bc90f4b938f02fe618511141baf6e73bdaafb897b15e7d,HĐND ngày 08/12/2023; - Nghị quyết số 08/2025/NQ- HĐND ngày 17/6/2025. 17. 1.005461 Đăng ký lại khai tử 05 ngày làm việc; trường hợp cần xác minh thì thời hạn giải quyết không quá 10 ngày làm việc. 2.5 ngày làm việc; trường hợp cần xác minh thì thời hạn giải
2026-01-31,467/QĐ-UBND,1.013818,Đăng ký tham dự kiểm tra kết quả tập sự hành nghề công chứng,HỘ TỊCH,modified,Sửa đổi/bổ sung,province,2026-01-31,current,https://giavien.haiphong.gov.vn/so-tu-phap-92285/quyet-dinh-so-467-qd-ubnd-ngay-31-01-2026-ve-viec-cong-bo-danh-muc-thu-tuc-hanh-chinh-duoc-sua-d-884412,https://cdn.haiphong.gov.vn/gov-hpg/6798/tintuc/2026/4/qd-467-cong-chung-chung-thuc-quan-tai-vien-ho-tich639057302800587100639116699603616818.pdf,de5c2d5937d1057724bc90f4b938f02fe618511141baf6e73bdaafb897b15e7d,"phần I. LĨNH VỰC CÔNG CHỨNG (02 TTHC) 1. 1.013818 Đăng ký tham dự kiểm tra kết quả tập sự hành nghề công chứng 15 ngày làm việc 7,5 ngày làm việc Trung tâm Phục vụ hành chính công cấp tỉnh và cấp xã 3.500.000 đồng/hồ sơ (áp dụng mức phí 1.750.000"
2026-01-31,467/QĐ-UBND,1.013836,Thay đổi nội dung đăng ký hoạt động của Văn phòng công chứng,HỘ TỊCH,modified,Sửa đổi/bổ sung,province,2026-01-31,current,https://giavien.haiphong.gov.vn/so-tu-phap-92285/quyet-dinh-so-467-qd-ubnd-ngay-31-01-2026-ve-viec-cong-bo-danh-muc-thu-tuc-hanh-chinh-duoc-sua-d-884412,https://cdn.haiphong.gov.vn/gov-hpg/6798/tintuc/2026/4/qd-467-cong-chung-chung-thuc-quan-tai-vien-ho-tich639057302800587100639116699603616818.pdf,de5c2d5937d1057724bc90f4b938f02fe618511141baf6e73bdaafb897b15e7d,"2. 1.013836 Thay đổi nội dung đăng ký hoạt động của Văn phòng công chứng 05 ngày làm việc 2,5 ngày làm việc Trung tâm Phục vụ hành chính công cấp tỉnh và cấp xã - Đối với trường hợp thay đổi nội"
2026-01-31,467/QĐ-UBND,2.000497,Đăng ký lại khai tử có yếu tố nước ngoài,HỘ TỊCH,modified,Sửa đổi/bổ sung,commune,2026-01-31,current,https://giavien.haiphong.gov.vn/so-tu-phap-92285/quyet-dinh-so-467-qd-ubnd-ngay-31-01-2026-ve-viec-cong-bo-danh-muc-thu-tuc-hanh-chinh-duoc-sua-d-884412,https://cdn.haiphong.gov.vn/gov-hpg/6798/tintuc/2026/4/qd-467-cong-chung-chung-thuc-quan-tai-vien-ho-tich639057302800587100639116699603616818.pdf,de5c2d5937d1057724bc90f4b938f02fe618511141baf6e73bdaafb897b15e7d,trực tuyến: 0 đồng x 18. 2.000497 Đăng ký lại khai tử có yếu tố nước ngoài 05 ngày làm việc. Trường hợp phải có văn bản xác minh thì thời hạn giải quyết không quá 2.5 ngày làm việc. Trường hợp phải có văn bản xác minh
2026-01-31,467/QĐ-UBND,2.000513,Đăng ký lại kết hôn có yếu tố nước ngoài,HỘ TỊCH,modified,Sửa đổi/bổ sung,commune,2026-01-31,current,https://giavien.haiphong.gov.vn/so-tu-phap-92285/quyet-dinh-so-467-qd-ubnd-ngay-31-01-2026-ve-viec-cong-bo-danh-muc-thu-tuc-hanh-chinh-duoc-sua-d-884412,https://cdn.haiphong.gov.vn/gov-hpg/6798/tintuc/2026/4/qd-467-cong-chung-chung-thuc-quan-tai-vien-ho-tich639057302800587100639116699603616818.pdf,de5c2d5937d1057724bc90f4b938f02fe618511141baf6e73bdaafb897b15e7d,- Đăng ký trực tuyến: 0 đồng 14. 2.000513 Đăng ký lại kết hôn có yếu tố nước ngoài 05 ngày làm việc; trường hợp phải xác minh thì thời hạn giải quyết không quá 25 ngày. 2.5 ngày làm việc; trường hợp phải xác minh thì thời hạn
2026-01-31,467/QĐ-UBND,2.000522,Đăng ký l ại khai sinh có yếu tố nước ngoài,HỘ TỊCH,modified,Sửa đổi/bổ sung,commune,2026-01-31,current,https://giavien.haiphong.gov.vn/so-tu-phap-92285/quyet-dinh-so-467-qd-ubnd-ngay-31-01-2026-ve-viec-cong-bo-danh-muc-thu-tuc-hanh-chinh-duoc-sua-d-884412,https://cdn.haiphong.gov.vn/gov-hpg/6798/tintuc/2026/4/qd-467-cong-chung-chung-thuc-quan-tai-vien-ho-tich639057302800587100639116699603616818.pdf,de5c2d5937d1057724bc90f4b938f02fe618511141baf6e73bdaafb897b15e7d,BTP ngày 12/6/2025; - Thông tư s ố 09/2022/TT- BTP ngày 30/12/2022 4. 2.000522 Đăng ký l ại khai sinh có yếu tố nước ngoài 05 ngày làm việc. Trường hợp phải có văn bản xác minh thì thời hạn giải quyết không quá 25 ngày. 2.5 ngày làm việc. Trường hợp phải có văn bản
2026-01-31,467/QĐ-UBND,2.000528,Đăng ký khai sinh có yếu tố nước ngoài,HỘ TỊCH,modified,Sửa đổi/bổ sung,commune,2026-01-31,current,https://giavien.haiphong.gov.vn/so-tu-phap-92285/quyet-dinh-so-467-qd-ubnd-ngay-31-01-2026-ve-viec-cong-bo-danh-muc-thu-tuc-hanh-chinh-duoc-sua-d-884412,https://cdn.haiphong.gov.vn/gov-hpg/6798/tintuc/2026/4/qd-467-cong-chung-chung-thuc-quan-tai-vien-ho-tich639057302800587100639116699603616818.pdf,de5c2d5937d1057724bc90f4b938f02fe618511141baf6e73bdaafb897b15e7d,HĐND ngày 08/12/2023; - Nghị quyết số 08/2025/NQ- HĐND ngày 17/6/2025. 2. 2.000528 Đăng ký khai sinh có yếu tố nước ngoài Ngay trong ngày tiếp nhận hồ sơ; hồ sơ nhận sau 15 giờ thì trả kết quả trong ngày làm việc tiếp theo Ngay trong ngày tiếp nhận hồ sơ; hồ sơ nhận sau
2026-01-31,467/QĐ-UBND,2.000547,"Ghi vào sổ hộ tịch việc hộ tịch khác của công dân Việt Nam đã được giải quyết tại cơ quan có thẩm quyền của nước ngoài (khai sinh; giám hộ; nhận cha, mẹ, con; xác định cha, mẹ, con; nuôi con nuôi; khai tử; thay đổi hộ tịch)",HỘ TỊCH,modified,Sửa đổi/bổ sung,commune,2026-01-31,current,https://giavien.haiphong.gov.vn/so-tu-phap-92285/quyet-dinh-so-467-qd-ubnd-ngay-31-01-2026-ve-viec-cong-bo-danh-muc-thu-tuc-hanh-chinh-duoc-sua-d-884412,https://cdn.haiphong.gov.vn/gov-hpg/6798/tintuc/2026/4/qd-467-cong-chung-chung-thuc-quan-tai-vien-ho-tich639057302800587100639116699603616818.pdf,de5c2d5937d1057724bc90f4b938f02fe618511141baf6e73bdaafb897b15e7d,"HĐND ngày 08/12/2023; - Nghị quyết số 08/2025/NQ- HĐND ngày 17/6/2025. 29. 2.000547 Ghi vào sổ hộ tịch việc hộ tịch khác của công dân Việt Nam đã được giải quyết tại cơ quan có th ẩm quyền c ủa nước ngoài (khai sinh; giám h ộ; nh ận cha, mẹ, con; xác định cha, mẹ, con; nuôi con nuôi; khai tử; thay đổi hộ tịch) Ngay trong ngày tiếp nhận hồ sơ, trường hợp nhận hồ sơ sau 15 giờ mà không"
2026-01-31,467/QĐ-UBND,2.000554,"Ghi vào sổ hộ tịch việc ly hôn, hủy việc kết hôn của công dân Việt Nam đã được giải quyết tại cơ quan có thẩm quyền của nước ngoài",HỘ TỊCH,modified,Sửa đổi/bổ sung,commune,2026-01-31,current,https://giavien.haiphong.gov.vn/so-tu-phap-92285/quyet-dinh-so-467-qd-ubnd-ngay-31-01-2026-ve-viec-cong-bo-danh-muc-thu-tuc-hanh-chinh-duoc-sua-d-884412,https://cdn.haiphong.gov.vn/gov-hpg/6798/tintuc/2026/4/qd-467-cong-chung-chung-thuc-quan-tai-vien-ho-tich639057302800587100639116699603616818.pdf,de5c2d5937d1057724bc90f4b938f02fe618511141baf6e73bdaafb897b15e7d,"trực tuyến: 0 đồng 28. 2.000554 Ghi vào sổ hộ tịch việc ly hôn, h ủy vi ệc k ết hôn của công dân Việt Nam đã đư ợc gi ải quyết tại cơ quan có thẩm quyền c ủa nư ớc ngoài 05 ngày làm việc (nếu cần xác minh thì thời hạn giải quyết không quá 08 ngày làm việc) 2.5 ngày làm việc"
2026-01-31,467/QĐ-UBND,2.000635,"Cấp bản sao Trích l ục hộ tịch, bản sao Giấy khai sinh",HỘ TỊCH,modified,Sửa đổi/bổ sung,shared_including_commune,2026-01-31,current,https://giavien.haiphong.gov.vn/so-tu-phap-92285/quyet-dinh-so-467-qd-ubnd-ngay-31-01-2026-ve-viec-cong-bo-danh-muc-thu-tuc-hanh-chinh-duoc-sua-d-884412,https://cdn.haiphong.gov.vn/gov-hpg/6798/tintuc/2026/4/qd-467-cong-chung-chung-thuc-quan-tai-vien-ho-tich639057302800587100639116699603616818.pdf,de5c2d5937d1057724bc90f4b938f02fe618511141baf6e73bdaafb897b15e7d,"việc tiếp theo. II. LĨNH VỰC HỘ TỊCH ( 02 TTHC) 2. 2.000635 Cấp bản sao Trích l ục hộ tịch, bản sao Giấy khai sinh Ngay trong ngày tiếp nhận hồ sơ; trường hợp nhận hồ sơ sau 15 giờ mà không giải quyết được ngay thì trả kết quả trong ngày làm việc tiếp theo. Ngay"
2026-01-31,467/QĐ-UBND,2.000748,"Thay đổi, cải chính, bổ sung thông tin hộ tịch, xác định lại dân tộc có yếu tố nước ngoài",HỘ TỊCH,modified,Sửa đổi/bổ sung,commune,2026-01-31,current,https://giavien.haiphong.gov.vn/so-tu-phap-92285/quyet-dinh-so-467-qd-ubnd-ngay-31-01-2026-ve-viec-cong-bo-danh-muc-thu-tuc-hanh-chinh-duoc-sua-d-884412,https://cdn.haiphong.gov.vn/gov-hpg/6798/tintuc/2026/4/qd-467-cong-chung-chung-thuc-quan-tai-vien-ho-tich639057302800587100639116699603616818.pdf,de5c2d5937d1057724bc90f4b938f02fe618511141baf6e73bdaafb897b15e7d,"HĐND ngày 08/12/2023; - Nghị quyết số 08/2025/NQ- HĐND ngày 17/6/2025. 26. 2.000748 Thay đổi, cải chính, bổ sung thông tin hộ tịch, xác định lại dân tộc có yếu tố nước ngoài - Trong ngày làm việc đối với việc bổ sung thông - Trong ngày làm việc đối với việc bổ Trung tâm Phục vụ hành chính"
2026-01-31,467/QĐ-UBND,2.000756,Đăng ký chấm dứt giám hộ có yếu tố nước ngoài,HỘ TỊCH,modified,Sửa đổi/bổ sung,commune,2026-01-31,current,https://giavien.haiphong.gov.vn/so-tu-phap-92285/quyet-dinh-so-467-qd-ubnd-ngay-31-01-2026-ve-viec-cong-bo-danh-muc-thu-tuc-hanh-chinh-duoc-sua-d-884412,https://cdn.haiphong.gov.vn/gov-hpg/6798/tintuc/2026/4/qd-467-cong-chung-chung-thuc-quan-tai-vien-ho-tich639057302800587100639116699603616818.pdf,de5c2d5937d1057724bc90f4b938f02fe618511141baf6e73bdaafb897b15e7d,HĐND ngày 08/12/2023; - Nghị quyết số 08/2025/NQ- HĐND ngày 17/6/2025. 22. 2.000756 Đăng ký chấm dứt giám hộ có y ếu t ố nước ngoài 02 ngày làm viêc 1 ngày làm việc Trung tâm Phục vụ hành chính công cấp tỉnh và cấp xã - 75.000 đồng (Miễn lệ phí cho người
2026-01-31,467/QĐ-UBND,2.000779,"Đăng ký nhận cha, mẹ, con có yếu tố nước ngoài",HỘ TỊCH,modified,Sửa đổi/bổ sung,commune,2026-01-31,current,https://giavien.haiphong.gov.vn/so-tu-phap-92285/quyet-dinh-so-467-qd-ubnd-ngay-31-01-2026-ve-viec-cong-bo-danh-muc-thu-tuc-hanh-chinh-duoc-sua-d-884412,https://cdn.haiphong.gov.vn/gov-hpg/6798/tintuc/2026/4/qd-467-cong-chung-chung-thuc-quan-tai-vien-ho-tich639057302800587100639116699603616818.pdf,de5c2d5937d1057724bc90f4b938f02fe618511141baf6e73bdaafb897b15e7d,"6. 2.000779 Đăng ký nhận cha, mẹ, con có y ếu t ố nước ngoài 10 ngày làm việc 7.5 ngày làm việc Trung tâm Phục vụ hành chính công cấp tỉnh và cấp xã - 1.500.000 đồng (Miễn lệ phí cho người"
2026-01-31,467/QĐ-UBND,2.000806,Đăng ký kết hôn có yếu tố nước ngoài,HỘ TỊCH,modified,Sửa đổi/bổ sung,commune,2026-01-31,current,https://giavien.haiphong.gov.vn/so-tu-phap-92285/quyet-dinh-so-467-qd-ubnd-ngay-31-01-2026-ve-viec-cong-bo-danh-muc-thu-tuc-hanh-chinh-duoc-sua-d-884412,https://cdn.haiphong.gov.vn/gov-hpg/6798/tintuc/2026/4/qd-467-cong-chung-chung-thuc-quan-tai-vien-ho-tich639057302800587100639116699603616818.pdf,de5c2d5937d1057724bc90f4b938f02fe618511141baf6e73bdaafb897b15e7d,HĐND ngày 08/12/2023; - Nghị quyết số 08/2025/NQ- HĐND ngày 17/6/2025. 12. 2.000806 Đăng ký kết hôn có yếu tố nước ngoài 05 ngày làm việc (nếu cần xác minh thì thời hạn giải quyết không quá 10 ngày) 2.5 ngày làm việc (nếu cần xác minh thì thời hạn giải quyết không
2026-01-31,467/QĐ-UBND,2.000908,Cấp bản sao từ sổ gốc,HỘ TỊCH,modified,Sửa đổi/bổ sung,shared_including_commune,2026-01-31,current,https://giavien.haiphong.gov.vn/so-tu-phap-92285/quyet-dinh-so-467-qd-ubnd-ngay-31-01-2026-ve-viec-cong-bo-danh-muc-thu-tuc-hanh-chinh-duoc-sua-d-884412,https://cdn.haiphong.gov.vn/gov-hpg/6798/tintuc/2026/4/qd-467-cong-chung-chung-thuc-quan-tai-vien-ho-tich639057302800587100639116699603616818.pdf,de5c2d5937d1057724bc90f4b938f02fe618511141baf6e73bdaafb897b15e7d,Một phần I. LĨNH VỰC CHỨNG THỰC (01 TTHC) 1. 2.000908 Thủ tục cấp bản sao từ sổ gốc Trong ngày tiếp nhận hồ sơ. Trường hợp tiếp nhận sau 15 giờ thì trả kết quả trong ngày làm việc tiếp theo. Trong ngày tiếp nhận hồ sơ. Trường
2026-01-31,467/QĐ-UBND,2.001117,Cấp lại chứng chỉ hành nghề Quản tài viên,HỘ TỊCH,modified,Sửa đổi/bổ sung,province,2026-01-31,current,https://giavien.haiphong.gov.vn/so-tu-phap-92285/quyet-dinh-so-467-qd-ubnd-ngay-31-01-2026-ve-viec-cong-bo-danh-muc-thu-tuc-hanh-chinh-duoc-sua-d-884412,https://cdn.haiphong.gov.vn/gov-hpg/6798/tintuc/2026/4/qd-467-cong-chung-chung-thuc-quan-tai-vien-ho-tich639057302800587100639116699603616818.pdf,de5c2d5937d1057724bc90f4b938f02fe618511141baf6e73bdaafb897b15e7d,"- Thông tư s ố 64/2025/TT- BTC ngày 30/6/2025. 5. 2.001117 Cấp lại chứng chỉ hành nghề Quản tài viên 07 ngày làm việc 3,5 ngày làm việc Trung tâm Phục vụ hành chính công cấp tỉnh và cấp xã Phí: 800.000"
2026-01-31,467/QĐ-UBND,2.001130,"Cấp chứng chỉ hành nghề Quản tài viên đối với luật sư, kiểm toán viên, người có trình độ cử nhân luật, kinh tế, kế toán, tài chính, ngân hàng và có thời gian công tác trong lĩnh vực được đào tạo từ 05 năm trở lên",HỘ TỊCH,modified,Sửa đổi/bổ sung,province,2026-01-31,current,https://giavien.haiphong.gov.vn/so-tu-phap-92285/quyet-dinh-so-467-qd-ubnd-ngay-31-01-2026-ve-viec-cong-bo-danh-muc-thu-tuc-hanh-chinh-duoc-sua-d-884412,https://cdn.haiphong.gov.vn/gov-hpg/6798/tintuc/2026/4/qd-467-cong-chung-chung-thuc-quan-tai-vien-ho-tich639057302800587100639116699603616818.pdf,de5c2d5937d1057724bc90f4b938f02fe618511141baf6e73bdaafb897b15e7d,"mức phí: 0đ. II. LĨNH VỰC QUẢN TÀI VIÊN (05 TTHC) 3. 2.001130 Cấp ch ứng ch ỉ hành nghề Quản tài viên đối với luật sư, ki ểm toán viên, người có trình độ cử nhân lu ật, kinh t ế, kế toán, tài chính, ngân hàng và có th ời gian công tác trong lĩnh vực được đào t ạo t ừ 05 năm trở lên 10 ngày 5 ngày Trung tâm Phục vụ hành chính công cấp tỉnh và cấp xã Phí: 800.000"
2026-01-31,467/QĐ-UBND,2.002189,Ghi vào sổ hộ tịch việc kết hôn c ủa công dân Việt Nam đã được giải quyết t ại cơ quan có,HỘ TỊCH,modified,Sửa đổi/bổ sung,commune,2026-01-31,current,https://giavien.haiphong.gov.vn/so-tu-phap-92285/quyet-dinh-so-467-qd-ubnd-ngay-31-01-2026-ve-viec-cong-bo-danh-muc-thu-tuc-hanh-chinh-duoc-sua-d-884412,https://cdn.haiphong.gov.vn/gov-hpg/6798/tintuc/2026/4/qd-467-cong-chung-chung-thuc-quan-tai-vien-ho-tich639057302800587100639116699603616818.pdf,de5c2d5937d1057724bc90f4b938f02fe618511141baf6e73bdaafb897b15e7d,- Đăng ký trực tuyến: 0 đồng 27. 2.002189 Ghi vào sổ hộ tịch việc kết hôn c ủa công dân Việt Nam đã được giải quyết t ại cơ quan có 05 ngày làm việc (nếu cần xác minh 2.5 ngày làm việc (nếu cần xác minh Trung tâm Phục vụ hành chính - 75.000 đồng (Miễn lệ phí
2026-01-31,467/QĐ-UBND,2.002516,Thủ tục xác nhận thông tin hộ tịch,HỘ TỊCH,modified,Sửa đổi/bổ sung,shared_including_commune,2026-01-31,current,https://giavien.haiphong.gov.vn/so-tu-phap-92285/quyet-dinh-so-467-qd-ubnd-ngay-31-01-2026-ve-viec-cong-bo-danh-muc-thu-tuc-hanh-chinh-duoc-sua-d-884412,https://cdn.haiphong.gov.vn/gov-hpg/6798/tintuc/2026/4/qd-467-cong-chung-chung-thuc-quan-tai-vien-ho-tich639057302800587100639116699603616818.pdf,de5c2d5937d1057724bc90f4b938f02fe618511141baf6e73bdaafb897b15e7d,"HĐND ngày 08/12/2023; - Nghị quyết số 08/2025/NQ- HĐND ngày 17/6/2025. 3. 2.002516 Thủ tục xác nhận thông tin hộ tịch 03 ngày làm việc . (Trường hợp phải kiểm tra, xác minh thì thời hạn có thể kéo dài nhưng không quá 10 ngày làm việc) 1.5 ngày làm việc . (Trường hợp phải"
2026-01-31,467/QĐ-UBND,3.000322,Đăng ký chấm dứt giám sát việc giám hộ,HỘ TỊCH,modified,Sửa đổi/bổ sung,commune,2026-01-31,current,https://giavien.haiphong.gov.vn/so-tu-phap-92285/quyet-dinh-so-467-qd-ubnd-ngay-31-01-2026-ve-viec-cong-bo-danh-muc-thu-tuc-hanh-chinh-duoc-sua-d-884412,https://cdn.haiphong.gov.vn/gov-hpg/6798/tintuc/2026/4/qd-467-cong-chung-chung-thuc-quan-tai-vien-ho-tich639057302800587100639116699603616818.pdf,de5c2d5937d1057724bc90f4b938f02fe618511141baf6e73bdaafb897b15e7d,24. 3.000322 Đăng ký chấm dứt giám sát việc giám hộ 03 ngày làm việc (trường hợp phải xác minh thì kéo dài không quá 05 ngày) 1.5 ngày làm việc (trường hợp phải xác minh thì kéo dài không
2026-01-31,467/QĐ-UBND,3.000323,Đăng ký giám sát việc giám hộ,HỘ TỊCH,modified,Sửa đổi/bổ sung,commune,2026-01-31,current,https://giavien.haiphong.gov.vn/so-tu-phap-92285/quyet-dinh-so-467-qd-ubnd-ngay-31-01-2026-ve-viec-cong-bo-danh-muc-thu-tuc-hanh-chinh-duoc-sua-d-884412,https://cdn.haiphong.gov.vn/gov-hpg/6798/tintuc/2026/4/qd-467-cong-chung-chung-thuc-quan-tai-vien-ho-tich639057302800587100639116699603616818.pdf,de5c2d5937d1057724bc90f4b938f02fe618511141baf6e73bdaafb897b15e7d,trực tuyến: 0 đồng x 23. 3.000323 Đăng ký giám sát việc giám hộ 03 ngày làm việc (trường hợp phải xác minh thì kéo dài không quá 05 ngày làm việc) 1.5 ngày làm việc (trường hợp phải xác minh thì kéo dài
2026-02-07,541/QĐ-UBND,1.000081,"Phê duyệt đề án du lịch sinh thái, nghỉ dưỡng, giải trí trong rừng phòng hộ , thu ộc thẩm quy ền c ủa Chủ tịch Ủy ban nhân dân c ấp tỉnh",NÔNG NGHIỆP VÀ MÔI TRƯỜNG,modified,Sửa đổi/bổ sung,province,2026-02-07,not_in_current_master,https://cathai.haiphong.gov.vn/bao-ton-thien-nhien-va-da-dang-sinh-hoc/quyet-dinh-so-541-qd-ubnd-ngay-7-2-2026-cua-ubnd-thanh-pho-v-v-cong-khai-thu-tuc-hanh-chinh-moi--859548,https://cdn.haiphong.gov.vn/gov-hpg/5889/tintuc/2026/2/quyet-dinh-2026-cong-bo-dmttc-so-nn-va-mt-ttr87-qdbnnmt-339-364-375-379-..signed639065923231925699.pdf,8c1a2063586aa3965c2144bb3baf06bb6a7373dc08fd01b86989d179aa711288,"- Nghị định s ố 42/2026/NĐ-CP ngày 26/01/2026 5 1.000081 Phê duyệt đề án du lịch sinh thái, nghỉ dưỡng, giải trí trong rừng phòng hộ , thu ộc thẩm quy ền c ủa Chủ tịch Ủy ban nhân dân c ấp tỉnh 25 ngày làm việc kể từ ngày nhận đủ hồ sơ hợp lệ 12,5 ngày làm việc kể từ ngày nhận đ ủ hồ sơ hợp lệ - Trung tâm"
2026-02-07,541/QĐ-UBND,1.000084,"Phê duyệt đề án du lịch sinh thái, nghỉ dưỡng, giải trí trong rừng đặc dụng thuộc thẩm quy ền c ủa Chủ tịch Ủy ban nhân dân c ấp tỉnh",NÔNG NGHIỆP VÀ MÔI TRƯỜNG,modified,Sửa đổi/bổ sung,province,2026-02-07,not_in_current_master,https://cathai.haiphong.gov.vn/bao-ton-thien-nhien-va-da-dang-sinh-hoc/quyet-dinh-so-541-qd-ubnd-ngay-7-2-2026-cua-ubnd-thanh-pho-v-v-cong-khai-thu-tuc-hanh-chinh-moi--859548,https://cdn.haiphong.gov.vn/gov-hpg/5889/tintuc/2026/2/quyet-dinh-2026-cong-bo-dmttc-so-nn-va-mt-ttr87-qdbnnmt-339-364-375-379-..signed639065923231925699.pdf,8c1a2063586aa3965c2144bb3baf06bb6a7373dc08fd01b86989d179aa711288,"- Nghị định s ố 42/2026/NĐ-CP ngày 26/01/2026 3 1.000084 Phê duyệt đề án du lịch sinh thái, nghỉ dưỡng, giải trí trong rừng đặc dụng thuộc thẩm quy ền c ủa Chủ tịch Ủy ban nhân dân c ấp tỉnh 25 ngày làm việc kể từ ngày nhận đủ hồ sơ hợp lệ 12,5 ngày làm việc kể từ ngày nhận đ ủ hồ sơ hợp lệ - Trung tâm"
2026-02-07,541/QĐ-UBND,1.000705,"Khai thác và s ử dụng cơ s ở dữ liệu tài nguyên, - Thời hạn kiểm tra h ồ sơ: Cơ quan quản lý cơ - Thời hạn kiểm tra h ồ sơ: Cơ quan quản lý cơ",NÔNG NGHIỆP VÀ MÔI TRƯỜNG,modified,Sửa đổi/bổ sung,province,2026-02-07,not_in_current_master,https://cathai.haiphong.gov.vn/bao-ton-thien-nhien-va-da-dang-sinh-hoc/quyet-dinh-so-541-qd-ubnd-ngay-7-2-2026-cua-ubnd-thanh-pho-v-v-cong-khai-thu-tuc-hanh-chinh-moi--859548,https://cdn.haiphong.gov.vn/gov-hpg/5889/tintuc/2026/2/quyet-dinh-2026-cong-bo-dmttc-so-nn-va-mt-ttr87-qdbnnmt-339-364-375-379-..signed639065923231925699.pdf,8c1a2063586aa3965c2144bb3baf06bb6a7373dc08fd01b86989d179aa711288,"định c ấp phép nghiên c ứu khoa học. 13 1.000705 Khai thác và s ử dụng cơ s ở dữ liệu tài nguyên, - Thời hạn kiểm tra h ồ sơ: Cơ quan quản lý cơ - Thời hạn kiểm tra h ồ sơ: Cơ quan quản lý cơ - Trung tâm Phục v ụ hành chính Biểu phí kèm theo x - Thông tư: s ố 20/2016/TT-"
2026-02-07,541/QĐ-UBND,1.000942,"Trả lại giấy phép nhận chìm (c ấp tỉnh) - Thời hạn kiểm tra hồ sơ + Trong th ời hạn 01 ngày làm vi ệc, TTHCC ki ểm tra thành phần, nội dung của hồ sơ, trường h ợp hồ sơ theo đúng quy đ ịnh, TTHCC ban hành văn b ản",NÔNG NGHIỆP VÀ MÔI TRƯỜNG,modified,Sửa đổi/bổ sung,province,2026-02-07,not_in_current_master,https://cathai.haiphong.gov.vn/bao-ton-thien-nhien-va-da-dang-sinh-hoc/quyet-dinh-so-541-qd-ubnd-ngay-7-2-2026-cua-ubnd-thanh-pho-v-v-cong-khai-thu-tuc-hanh-chinh-moi--859548,https://cdn.haiphong.gov.vn/gov-hpg/5889/tintuc/2026/2/quyet-dinh-2026-cong-bo-dmttc-so-nn-va-mt-ttr87-qdbnnmt-339-364-375-379-..signed639065923231925699.pdf,8c1a2063586aa3965c2144bb3baf06bb6a7373dc08fd01b86989d179aa711288,"trình Một phần 9 1.000942 Trả lại giấy phép nhận chìm (c ấp tỉnh) - Thời hạn kiểm tra hồ sơ + Trong th ời hạn 01 ngày làm vi ệc, TTHCC ki ểm tra thành phần, nội dung của hồ sơ, trường h ợp hồ sơ theo đúng quy đ ịnh, TTHCC ban hành văn b ản tiếp nh ận và hẹn gi ải quy ết"
2026-02-07,541/QĐ-UBND,1.000969,"Sửa đổi, bổ sung Giấy phép nh ận chìm ở biển (cấp tỉnh) - Thời hạn kiểm tra hồ sơ + Trong th ời hạn 01 ngày làm vi ệc, TTHCC ki ểm tra thành ph ần, nội dung của hồ sơ, trư ờng h ợp hồ sơ theo đúng quy đ ịnh, TTHCC ban",NÔNG NGHIỆP VÀ MÔI TRƯỜNG,modified,Sửa đổi/bổ sung,province,2026-02-07,not_in_current_master,https://cathai.haiphong.gov.vn/bao-ton-thien-nhien-va-da-dang-sinh-hoc/quyet-dinh-so-541-qd-ubnd-ngay-7-2-2026-cua-ubnd-thanh-pho-v-v-cong-khai-thu-tuc-hanh-chinh-moi--859548,https://cdn.haiphong.gov.vn/gov-hpg/5889/tintuc/2026/2/quyet-dinh-2026-cong-bo-dmttc-so-nn-va-mt-ttr87-qdbnnmt-339-364-375-379-..signed639065923231925699.pdf,8c1a2063586aa3965c2144bb3baf06bb6a7373dc08fd01b86989d179aa711288,"trình Ủy ban nhân dân cấp tỉnh 8 1.000969 Sửa đổi, bổ sung Giấy phép nh ận chìm ở biển (cấp tỉnh) - Thời hạn kiểm tra hồ sơ + Trong th ời hạn 01 ngày làm vi ệc, TTHCC ki ểm tra thành ph ần, nội dung của hồ sơ, trư ờng h ợp hồ sơ theo đúng quy đ ịnh, TTHCC ban hành văn b ản tiếp nh ận và"
2026-02-07,541/QĐ-UBND,1.003726,Cấp lại Giấy chứng nhận cơ sở đủ điều kiện đăng kiểm tàu cá (đối với cơ s ở đăng kiểm tàu cá trên địa bàn quản lý trừ cơ sở đăng kiểm tàu cá thuộc Bộ Nông nghiệp và Môi trường quản lý) Điều 42 Ngh ị định số 41/2026/NĐ-CP ngày 25/01/2026 c ủa,NÔNG NGHIỆP VÀ MÔI TRƯỜNG,repealed,Bãi bỏ,province,2026-02-07,repealed,https://cathai.haiphong.gov.vn/bao-ton-thien-nhien-va-da-dang-sinh-hoc/quyet-dinh-so-541-qd-ubnd-ngay-7-2-2026-cua-ubnd-thanh-pho-v-v-cong-khai-thu-tuc-hanh-chinh-moi--859548,https://cdn.haiphong.gov.vn/gov-hpg/5889/tintuc/2026/2/quyet-dinh-2026-cong-bo-dmttc-so-nn-va-mt-ttr87-qdbnnmt-339-364-375-379-..signed639065923231925699.pdf,8c1a2063586aa3965c2144bb3baf06bb6a7373dc08fd01b86989d179aa711288,"02/02/2018 của Chính ph ủ sửa đổi, bổ sung một số điều của Nghị định số 67/2014/NĐ-CP ngày 07 tháng 7 năm 2014 c ủa Chính phủ về một số chính sách phát triển thủy sản 5 1.003726 Cấp lại Giấy chứng nhận cơ sở đủ điều kiện đăng kiểm tàu cá (đối với cơ s ở đăng kiểm tàu cá trên địa bàn quản lý trừ cơ sở đăng kiểm tàu cá thuộc Bộ Nông nghiệp và Môi trường quản lý) Điều 42 Ngh ị định số 41/2026/NĐ-CP ngày 25/01/2026 c ủa Chính phủ quy định chi tiết một số điều và biện pháp thi hành Luật Thủy sản Lí d"
2026-02-07,541/QĐ-UBND,1.003741,"Cấp, cấp lại Giấy chứng nhận cơ sở đủ điều ki ện đăng kiểm tàu cá (đối v ới cơ s ở đăng kiểm tàu cá trên địa bàn quản lý trừ cơ sở đăng kiểm tàu cá thuộc Bộ Nông ngh iệp - Trường h ợp cấp Gi ấy chứng nh ận",NÔNG NGHIỆP VÀ MÔI TRƯỜNG,modified,Sửa đổi/bổ sung,province,2026-02-07,not_in_current_master,https://cathai.haiphong.gov.vn/bao-ton-thien-nhien-va-da-dang-sinh-hoc/quyet-dinh-so-541-qd-ubnd-ngay-7-2-2026-cua-ubnd-thanh-pho-v-v-cong-khai-thu-tuc-hanh-chinh-moi--859548,https://cdn.haiphong.gov.vn/gov-hpg/5889/tintuc/2026/2/quyet-dinh-2026-cong-bo-dmttc-so-nn-va-mt-ttr87-qdbnnmt-339-364-375-379-..signed639065923231925699.pdf,8c1a2063586aa3965c2144bb3baf06bb6a7373dc08fd01b86989d179aa711288,"- Nghị định s ố 41/2026/NĐ-CP ngày 25/01/2026. 8 1.003741 Cấp, cấp lại Giấy chứng nhận cơ sở đủ điều ki ện đăng kiểm tàu cá (đối v ới cơ s ở đăng kiểm tàu cá trên địa bàn quản lý trừ cơ sở đăng kiểm tàu cá thuộc Bộ Nông ngh iệp - Trường h ợp cấp Gi ấy chứng nh ận: 03 ngày làm việc kể từ ngày nhận đư ợc h ồ sơ đầy đủ, hợp lệ, cơ quan"
2026-02-07,541/QĐ-UBND,1.004056,"Hỗ trợ một lần sau đầu tư đóng mới tàu cá Khoản 19 Đi ều 1 Nghị định s ố 17/2018/NĐ-CP N gày 02/02/2018 của Chính ph ủ sửa đổi, bổ sung một số điều của Nghị định số 67/2014/NĐ-CP ngày 07 tháng 7 năm 2014 c ủa Chính phủ về một số chính sách phát triển thủy sản",NÔNG NGHIỆP VÀ MÔI TRƯỜNG,repealed,Bãi bỏ,province,2026-02-07,repealed,https://cathai.haiphong.gov.vn/bao-ton-thien-nhien-va-da-dang-sinh-hoc/quyet-dinh-so-541-qd-ubnd-ngay-7-2-2026-cua-ubnd-thanh-pho-v-v-cong-khai-thu-tuc-hanh-chinh-moi--859548,https://cdn.haiphong.gov.vn/gov-hpg/5889/tintuc/2026/2/quyet-dinh-2026-cong-bo-dmttc-so-nn-va-mt-ttr87-qdbnnmt-339-364-375-379-..signed639065923231925699.pdf,8c1a2063586aa3965c2144bb3baf06bb6a7373dc08fd01b86989d179aa711288,"trên bi ển cho t ổ chức, cá nhân Vi ệt Nam (trong phạm vi 06 hải lý) Điểm a khoản 20 Điều 14 Luật 146/2025/QH15 4 1.004056 Hỗ trợ một lần sau đầu tư đóng mới tàu cá Khoản 19 Đi ều 1 Nghị định s ố 17/2018/NĐ-CP N gày 02/02/2018 của Chính ph ủ sửa đổi, bổ sung một số điều của Nghị định số 67/2014/NĐ-CP ngày 07 tháng 7 năm 2014 c ủa Chính phủ về một số chính sách phát triển thủy sản 5 1.003726 Cấp lại Giấy chứng nhận cơ sở đủ điều kiện đăng kiểm tàu cá (đối với cơ s ở đăng kiểm tàu cá trên địa bàn "
2026-02-07,541/QĐ-UBND,1.004082,"Xác nhận Hợp đồng tiếp cận nguồn gen và chia sẻ lợi ích Điểm đ, khoản 2 Điều 40 Nghị định số 43/2026/NĐ-CP ngày 26/01/2026 của Chính ph ủ sửa đổi, bổ sung một số điều của các nghị định trong lĩnh v ực bảo tồn thiên nhiên và đa d ạng",NÔNG NGHIỆP VÀ MÔI TRƯỜNG,repealed,Bãi bỏ,commune,2026-02-07,repealed,https://cathai.haiphong.gov.vn/bao-ton-thien-nhien-va-da-dang-sinh-hoc/quyet-dinh-so-541-qd-ubnd-ngay-7-2-2026-cua-ubnd-thanh-pho-v-v-cong-khai-thu-tuc-hanh-chinh-moi--859548,https://cdn.haiphong.gov.vn/gov-hpg/5889/tintuc/2026/2/quyet-dinh-2026-cong-bo-dmttc-so-nn-va-mt-ttr87-qdbnnmt-339-364-375-379-..signed639065923231925699.pdf,8c1a2063586aa3965c2144bb3baf06bb6a7373dc08fd01b86989d179aa711288,"STT Mã số TTHC Tên thủ tục hành chính Tên VBQPPL quy định việc bãi bỏ thủ tục hành chính I LĨNH VỰC BẢO TỒN THIÊN NHIÊN VÀ ĐA DẠNG SINH HỌC (01 thủ tục) 1 1.004082 Xác nhận Hợp đồng tiếp cận nguồn gen và chia sẻ lợi ích Điểm đ, khoản 2 Điều 40 Nghị định số 43/2026/NĐ-CP ngày 26/01/2026 của Chính ph ủ sửa đổi, bổ sung một số điều của các nghị định trong lĩnh v ực bảo tồn thiên nhiên và đa d ạng sinh học"
2026-02-07,541/QĐ-UBND,1.004096,Gia hạn Giấy phép tiếp cận nguồn gen,NÔNG NGHIỆP VÀ MÔI TRƯỜNG,modified,Sửa đổi/bổ sung,province,2026-02-07,not_in_current_master,https://cathai.haiphong.gov.vn/bao-ton-thien-nhien-va-da-dang-sinh-hoc/quyet-dinh-so-541-qd-ubnd-ngay-7-2-2026-cua-ubnd-thanh-pho-v-v-cong-khai-thu-tuc-hanh-chinh-moi--859548,https://cdn.haiphong.gov.vn/gov-hpg/5889/tintuc/2026/2/quyet-dinh-2026-cong-bo-dmttc-so-nn-va-mt-ttr87-qdbnnmt-339-364-375-379-..signed639065923231925699.pdf,8c1a2063586aa3965c2144bb3baf06bb6a7373dc08fd01b86989d179aa711288,"- Nghị định s ố 43/2026/NĐ-CP ngày 26/01/2026. 2 1.004096 Gia hạn Giấy phép tiếp cận nguồn gen 10 ngày làm việc, k ể từ ngày nh ận 05 ngày làm việc, kể từ ngày - Trung tâm Phục v ụ hành chính Không quy định x - Luật Đa d ạng sinh h ọc s ố 20/2008/QH12"
2026-02-07,541/QĐ-UBND,1.004117,"Đưa nguồn gen ra nư ớc ngoài phục vụ học tập, nghiên cứu",NÔNG NGHIỆP VÀ MÔI TRƯỜNG,modified,Sửa đổi/bổ sung,province,2026-02-07,current,https://cathai.haiphong.gov.vn/bao-ton-thien-nhien-va-da-dang-sinh-hoc/quyet-dinh-so-541-qd-ubnd-ngay-7-2-2026-cua-ubnd-thanh-pho-v-v-cong-khai-thu-tuc-hanh-chinh-moi--859548,https://cdn.haiphong.gov.vn/gov-hpg/5889/tintuc/2026/2/quyet-dinh-2026-cong-bo-dmttc-so-nn-va-mt-ttr87-qdbnnmt-339-364-375-379-..signed639065923231925699.pdf,8c1a2063586aa3965c2144bb3baf06bb6a7373dc08fd01b86989d179aa711288,"- Nghị định s ố 43/2026/NĐ-CP ngày 26/01/2026. 3 1.004117 Đưa nguồn gen ra nư ớc ngoài phục vụ học tập, nghiên cứu không vì m ục đích thương mại 07 ngày làm việc, k ể từ ngày nh ận được đầy đủ hồ sơ hợp lệ 3,5 ngày làm việc, kể từ ngày nhận đư ợc đ ầy đủ hồ sơ hợp lệ - Trung tâm Phục v ụ hành chính"
2026-02-07,541/QĐ-UBND,1.004150,Cấp Giấy phép tiếp cận nguồn gen,NÔNG NGHIỆP VÀ MÔI TRƯỜNG,modified,Sửa đổi/bổ sung,province,2026-02-07,current,https://cathai.haiphong.gov.vn/bao-ton-thien-nhien-va-da-dang-sinh-hoc/quyet-dinh-so-541-qd-ubnd-ngay-7-2-2026-cua-ubnd-thanh-pho-v-v-cong-khai-thu-tuc-hanh-chinh-moi--859548,https://cdn.haiphong.gov.vn/gov-hpg/5889/tintuc/2026/2/quyet-dinh-2026-cong-bo-dmttc-so-nn-va-mt-ttr87-qdbnnmt-339-364-375-379-..signed639065923231925699.pdf,8c1a2063586aa3965c2144bb3baf06bb6a7373dc08fd01b86989d179aa711288,"41/2026/NĐ-CP ngày 25/01/2026. IV LĨNH VỰC BẢO TỒN THIÊN NHIÊN VÀ ĐA DẠNG SINH HỌC 1 1.004150 Cấp Giấy phép tiếp cận nguồn gen 18 ngày làm việc, k ể từ ngày nh ận được đầy đủ hồ sơ hợp lệ 09 ngày làm việc, kể từ ngày nhận đư ợc đ ầy đủ hồ sơ hợp lệ - Trung tâm Phục v ụ hành chính công thành phố - Trung tâm"
2026-02-07,541/QĐ-UBND,1.004160,"Đăng ký tiếp cận nguồn gen Điểm đ, khoản 2 Điều 40 Nghị định số 43/2026/NĐ-CP ngày 26/01/2026 của Chính ph ủ sửa đổi, bổ sung một số điều của các nghị định trong lĩnh v ực bảo tồn thiên nhiên và đa d ạng sinh học III LĨNH VỰC BIỂN VÀ HẢI ĐẢO",NÔNG NGHIỆP VÀ MÔI TRƯỜNG,repealed,Bãi bỏ,province,2026-02-07,repealed,https://cathai.haiphong.gov.vn/bao-ton-thien-nhien-va-da-dang-sinh-hoc/quyet-dinh-so-541-qd-ubnd-ngay-7-2-2026-cua-ubnd-thanh-pho-v-v-cong-khai-thu-tuc-hanh-chinh-moi--859548,https://cdn.haiphong.gov.vn/gov-hpg/5889/tintuc/2026/2/quyet-dinh-2026-cong-bo-dmttc-so-nn-va-mt-ttr87-qdbnnmt-339-364-375-379-..signed639065923231925699.pdf,8c1a2063586aa3965c2144bb3baf06bb6a7373dc08fd01b86989d179aa711288,"địa bàn qu ản lý tr ừ cơ sở đăng kiểm tàu cá thuộc Bộ Nông nghiệp và Môi trường quản lý) II LĨNH VỰC BẢO TỒN THIÊN NHIÊN VÀ ĐA DẠNG SINH HỌC 1 1.004160 Đăng ký tiếp cận nguồn gen Điểm đ, khoản 2 Điều 40 Nghị định số 43/2026/NĐ-CP ngày 26/01/2026 của Chính ph ủ sửa đổi, bổ sung một số điều của các nghị định trong lĩnh v ực bảo tồn thiên nhiên và đa d ạng sinh học III LĨNH VỰC BIỂN VÀ HẢI ĐẢO 1 2.000444 Cấp lại giấy phép nhận chìm (cấp tỉnh) Nghị định số 44/2026/NĐ-CP ngày 26 tháng 01 năm 2026 của"
2026-02-07,541/QĐ-UBND,1.004344,"Cấp văn b ản chấp thu ận đóng mới, c ải hoán,",NÔNG NGHIỆP VÀ MÔI TRƯỜNG,modified,Sửa đổi/bổ sung,province,2026-02-07,not_in_current_master,https://cathai.haiphong.gov.vn/bao-ton-thien-nhien-va-da-dang-sinh-hoc/quyet-dinh-so-541-qd-ubnd-ngay-7-2-2026-cua-ubnd-thanh-pho-v-v-cong-khai-thu-tuc-hanh-chinh-moi--859548,https://cdn.haiphong.gov.vn/gov-hpg/5889/tintuc/2026/2/quyet-dinh-2026-cong-bo-dmttc-so-nn-va-mt-ttr87-qdbnnmt-339-364-375-379-..signed639065923231925699.pdf,8c1a2063586aa3965c2144bb3baf06bb6a7373dc08fd01b86989d179aa711288,"nhận đư ợc h ồ sơ đầy đủ, hợp lệ. 10 1.004344 Cấp văn b ản chấp thu ận đóng mới, c ải hoán, 02 ngày làm việc, kể từ ngày nh ận Không cắt giảm thời gian - Trung tâm Phục v ụ hành chính Không quy định x - Luật Th ủy s ản số 18/2017/QH14 được s ửa đ ổi, b ổ"
2026-02-07,541/QĐ-UBND,1.004359,"Cấp, cấp lại Giấy phép khai thác thuỷ sản - 05 ngày làm việc (đ ối v ới cấp mới), - 03 ngày làm việc (đ ối v ới cấp l ại), k ể từ ngày nh ận đ ủ hồ sơ. - 03 ngày làm việc (đ ối v ới cấp mới), - 02 ngày làm việc (đ ối v ới",NÔNG NGHIỆP VÀ MÔI TRƯỜNG,modified,Sửa đổi/bổ sung,province,2026-02-07,not_in_current_master,https://cathai.haiphong.gov.vn/bao-ton-thien-nhien-va-da-dang-sinh-hoc/quyet-dinh-so-541-qd-ubnd-ngay-7-2-2026-cua-ubnd-thanh-pho-v-v-cong-khai-thu-tuc-hanh-chinh-moi--859548,https://cdn.haiphong.gov.vn/gov-hpg/5889/tintuc/2026/2/quyet-dinh-2026-cong-bo-dmttc-so-nn-va-mt-ttr87-qdbnnmt-339-364-375-379-..signed639065923231925699.pdf,8c1a2063586aa3965c2144bb3baf06bb6a7373dc08fd01b86989d179aa711288,"phần giống th ủy s ản bố mẹ) 5 1.004359 Cấp, cấp lại Giấy phép khai thác thuỷ sản - 05 ngày làm việc (đ ối v ới cấp mới), - 03 ngày làm việc (đ ối v ới cấp l ại), k ể từ ngày nh ận đ ủ hồ sơ. - 03 ngày làm việc (đ ối v ới cấp mới), - 02 ngày làm việc (đ ối v ới cấp l ại), k ể từ ngày nh ận đ ủ"
2026-02-07,541/QĐ-UBND,1.004669,"Cấp, cấp lại, gia hạn Giấy phép nuôi trồng thuỷ sản trên biển đối với nhà đ ầu tư nư ớc ngoài, t ổ chức kinh tế có vốn đầu tư nước ngoài Điểm a khoản 20 Điều 14 Luật 146/2025/QH15",NÔNG NGHIỆP VÀ MÔI TRƯỜNG,repealed,Bãi bỏ,province,2026-02-07,repealed,https://cathai.haiphong.gov.vn/bao-ton-thien-nhien-va-da-dang-sinh-hoc/quyet-dinh-so-541-qd-ubnd-ngay-7-2-2026-cua-ubnd-thanh-pho-v-v-cong-khai-thu-tuc-hanh-chinh-moi--859548,https://cdn.haiphong.gov.vn/gov-hpg/5889/tintuc/2026/2/quyet-dinh-2026-cong-bo-dmttc-so-nn-va-mt-ttr87-qdbnnmt-339-364-375-379-..signed639065923231925699.pdf,8c1a2063586aa3965c2144bb3baf06bb6a7373dc08fd01b86989d179aa711288,"ương, khu vực biển nằm đồng thời trong và ngoài 06 hải lý) Điểm a khoản 20 Điều 14 Luật 146/2025/QH15 2 1.004669 Cấp, cấp lại, gia hạn Giấy phép nuôi trồng thuỷ sản trên biển đối với nhà đ ầu tư nư ớc ngoài, t ổ chức kinh tế có vốn đầu tư nước ngoài Điểm a khoản 20 Điều 14 Luật 146/2025/QH15 3 1.004684 Cấp, cấp lại, gia hạn Giấy phép nuôi trồng thuỷ sản trên bi ển cho t ổ chức, cá nhân Vi ệt Nam (trong phạm vi 06 hải lý) Điểm a khoản 20 Điều 14 Luật 146/2025/QH15 4 1.004056 Hỗ trợ một lần sau đầ"
2026-02-07,541/QĐ-UBND,1.004678,"Cấp, cấp lại, gia hạn Giấy phép nuôi trồng thuỷ sản trên biển cho tổ chức, cá nhân Vi ệt Nam (đối với khu vực biển ngoài 06 h ải lý, khu v ực biển giáp ranh gi ữa các t ỉnh, thành phố trực thu ộc trung ương, khu vực biển nằm đồng thời trong và ngoài",NÔNG NGHIỆP VÀ MÔI TRƯỜNG,repealed,Bãi bỏ,province,2026-02-07,repealed,https://cathai.haiphong.gov.vn/bao-ton-thien-nhien-va-da-dang-sinh-hoc/quyet-dinh-so-541-qd-ubnd-ngay-7-2-2026-cua-ubnd-thanh-pho-v-v-cong-khai-thu-tuc-hanh-chinh-moi--859548,https://cdn.haiphong.gov.vn/gov-hpg/5889/tintuc/2026/2/quyet-dinh-2026-cong-bo-dmttc-so-nn-va-mt-ttr87-qdbnnmt-339-364-375-379-..signed639065923231925699.pdf,8c1a2063586aa3965c2144bb3baf06bb6a7373dc08fd01b86989d179aa711288,"STT Mã số TTHC Tên thủ tục hành chính Tên VBQPPL quy định việc bãi bỏ thủ tục hành chính I LĨNH VỰC THUỶ SẢN 1 1.004678 Cấp, cấp lại, gia hạn Giấy phép nuôi trồng thuỷ sản trên biển cho tổ chức, cá nhân Vi ệt Nam (đối với khu vực biển ngoài 06 h ải lý, khu v ực biển giáp ranh gi ữa các t ỉnh, thành phố trực thu ộc trung ương, khu vực biển nằm đồng thời trong và ngoài 06 hải lý) Điểm a khoản 20 Điều 14 Luật 146/2025/QH15 2 1.004669 Cấp, cấp lại, gia hạn Giấy phép nuôi trồng thuỷ sản trên biển đối"
2026-02-07,541/QĐ-UBND,1.004683,"Công nh ận k ết quả khảo nghiệm thức ăn thuỷ sản, sản ph ẩm xử lý môi trư ờng nuôi trồng thuỷ sản - 08 ngày làm việc kể từ ngày nhận đư ợc h ồ sơ đầy đủ, hợp lệ để tổ chức thẩm đ ịnh h ồ sơ, ki ểm tra điều kiện khảo nghiệm và phê",NÔNG NGHIỆP VÀ MÔI TRƯỜNG,modified,Sửa đổi/bổ sung,province,2026-02-07,not_in_current_master,https://cathai.haiphong.gov.vn/bao-ton-thien-nhien-va-da-dang-sinh-hoc/quyet-dinh-so-541-qd-ubnd-ngay-7-2-2026-cua-ubnd-thanh-pho-v-v-cong-khai-thu-tuc-hanh-chinh-moi--859548,https://cdn.haiphong.gov.vn/gov-hpg/5889/tintuc/2026/2/quyet-dinh-2026-cong-bo-dmttc-so-nn-va-mt-ttr87-qdbnnmt-339-364-375-379-..signed639065923231925699.pdf,8c1a2063586aa3965c2144bb3baf06bb6a7373dc08fd01b86989d179aa711288,"kết qu ả khảo nghiệm gi ống thủy sản. 2 1.004683 Công nh ận k ết quả khảo nghiệm thức ăn thuỷ sản, sản ph ẩm xử lý môi trư ờng nuôi trồng thuỷ sản - 08 ngày làm việc kể từ ngày nhận đư ợc h ồ sơ đầy đủ, hợp lệ để tổ chức thẩm đ ịnh h ồ sơ, ki ểm tra điều kiện khảo nghiệm và phê duyệt đề cương khảo nghi ệm và c ấp phép"
2026-02-07,541/QĐ-UBND,1.004684,"Cấp, cấp lại, gia hạn Giấy phép nuôi trồng thuỷ sản trên bi ển cho t ổ chức, cá nhân Vi ệt Nam (trong phạm vi 06 hải lý) Điểm a khoản 20 Điều 14 Luật 146/2025/QH15",NÔNG NGHIỆP VÀ MÔI TRƯỜNG,repealed,Bãi bỏ,province,2026-02-07,repealed,https://cathai.haiphong.gov.vn/bao-ton-thien-nhien-va-da-dang-sinh-hoc/quyet-dinh-so-541-qd-ubnd-ngay-7-2-2026-cua-ubnd-thanh-pho-v-v-cong-khai-thu-tuc-hanh-chinh-moi--859548,https://cdn.haiphong.gov.vn/gov-hpg/5889/tintuc/2026/2/quyet-dinh-2026-cong-bo-dmttc-so-nn-va-mt-ttr87-qdbnnmt-339-364-375-379-..signed639065923231925699.pdf,8c1a2063586aa3965c2144bb3baf06bb6a7373dc08fd01b86989d179aa711288,"trên biển đối với nhà đ ầu tư nư ớc ngoài, t ổ chức kinh tế có vốn đầu tư nước ngoài Điểm a khoản 20 Điều 14 Luật 146/2025/QH15 3 1.004684 Cấp, cấp lại, gia hạn Giấy phép nuôi trồng thuỷ sản trên bi ển cho t ổ chức, cá nhân Vi ệt Nam (trong phạm vi 06 hải lý) Điểm a khoản 20 Điều 14 Luật 146/2025/QH15 4 1.004056 Hỗ trợ một lần sau đầu tư đóng mới tàu cá Khoản 19 Đi ều 1 Nghị định s ố 17/2018/NĐ-CP N gày 02/02/2018 của Chính ph ủ sửa đổi, bổ sung một số điều của Nghị định số 67/2014/NĐ-CP ngày 07"
2026-02-07,541/QĐ-UBND,1.004692,"Cấp, cấp lại Giấy xác nhận đăng ký",NÔNG NGHIỆP VÀ MÔI TRƯỜNG,modified,Sửa đổi/bổ sung,province,2026-02-07,not_in_current_master,https://cathai.haiphong.gov.vn/bao-ton-thien-nhien-va-da-dang-sinh-hoc/quyet-dinh-so-541-qd-ubnd-ngay-7-2-2026-cua-ubnd-thanh-pho-v-v-cong-khai-thu-tuc-hanh-chinh-moi--859548,https://cdn.haiphong.gov.vn/gov-hpg/5889/tintuc/2026/2/quyet-dinh-2026-cong-bo-dmttc-so-nn-va-mt-ttr87-qdbnnmt-339-364-375-379-..signed639065923231925699.pdf,8c1a2063586aa3965c2144bb3baf06bb6a7373dc08fd01b86989d179aa711288,"- Nghị định s ố 41/2026/NĐ-CP ngày 25/01/2026. 7 1.004692 Cấp, cấp lại Giấy xác nhận đăng ký 05 ngày làm việc kể từ ngày 3,5 ngày làm việc kể từ ngày - Trung tâm Phục v ụ Không quy định x - Luật Th ủy s ản số 18/2017/QH14"
2026-02-07,541/QĐ-UBND,1.004697,"Cấp, cấp lại Giấy chứng nhận cơ sở đủ điều ki ện đóng m ới, c ải hoán tàu cá - Trường h ợp cấp Giấy chứng nh ận",NÔNG NGHIỆP VÀ MÔI TRƯỜNG,modified,Sửa đổi/bổ sung,province,2026-02-07,not_in_current_master,https://cathai.haiphong.gov.vn/bao-ton-thien-nhien-va-da-dang-sinh-hoc/quyet-dinh-so-541-qd-ubnd-ngay-7-2-2026-cua-ubnd-thanh-pho-v-v-cong-khai-thu-tuc-hanh-chinh-moi--859548,https://cdn.haiphong.gov.vn/gov-hpg/5889/tintuc/2026/2/quyet-dinh-2026-cong-bo-dmttc-so-nn-va-mt-ttr87-qdbnnmt-339-364-375-379-..signed639065923231925699.pdf,8c1a2063586aa3965c2144bb3baf06bb6a7373dc08fd01b86989d179aa711288,"trình Một phần 9 1.004697 Cấp, cấp lại Giấy chứng nhận cơ sở đủ điều ki ện đóng m ới, c ải hoán tàu cá - Trường h ợp cấp Giấy chứng nh ận: 03 ngày làm việc kể từ ngày nhận đư ợc h ồ sơ đầy đủ, hợp lệ, cơ quan quản lý nhà nước v ề thủy sản c ấp t ỉnh kiểm tra, đánh giá th ực t ế"
2026-02-07,541/QĐ-UBND,1.004913,Cấp Giấy ch ứng nhận cơ s ở đủ điều ki ện nuôi trồng thu ỷ sản (theo yêu cầu),NÔNG NGHIỆP VÀ MÔI TRƯỜNG,modified,Sửa đổi/bổ sung,province,2026-02-07,current,https://cathai.haiphong.gov.vn/bao-ton-thien-nhien-va-da-dang-sinh-hoc/quyet-dinh-so-541-qd-ubnd-ngay-7-2-2026-cua-ubnd-thanh-pho-v-v-cong-khai-thu-tuc-hanh-chinh-moi--859548,https://cdn.haiphong.gov.vn/gov-hpg/5889/tintuc/2026/2/quyet-dinh-2026-cong-bo-dmttc-so-nn-va-mt-ttr87-qdbnnmt-339-364-375-379-..signed639065923231925699.pdf,8c1a2063586aa3965c2144bb3baf06bb6a7373dc08fd01b86989d179aa711288,"Thông tư s ố 94/2021/TT-BTC ngày 02/11/2021) 6 1.004913 Cấp Giấy ch ứng nhận cơ s ở đủ điều ki ện nuôi trồng thu ỷ sản (theo yêu cầu) 06 ngày làm việc kể từ ngày nhận được hồ sơ đầy đủ, hợp lệ 05 ngày làm việc kể từ ngày nhận được hồ sơ đầy đủ, hợp lệ - Trung tâm Phục v ụ hành chính"
2026-02-07,541/QĐ-UBND,1.004915,"Cấp, cấp lại Giấy chứng nhận cơ sở đủ điều ki ện s ản xuất thức ăn thuỷ sản, sản phẩm xử lý môi trư ờng nuôi tr ồng thu ỷ sản (tr ừ nhà đ ầu tư nước ngoài, tổ chức kinh t ế có vốn đ ầu tư nư ớc ngoài) - Trường h ợp cấp m ới: 09",NÔNG NGHIỆP VÀ MÔI TRƯỜNG,modified,Sửa đổi/bổ sung,province,2026-02-07,not_in_current_master,https://cathai.haiphong.gov.vn/bao-ton-thien-nhien-va-da-dang-sinh-hoc/quyet-dinh-so-541-qd-ubnd-ngay-7-2-2026-cua-ubnd-thanh-pho-v-v-cong-khai-thu-tuc-hanh-chinh-moi--859548,https://cdn.haiphong.gov.vn/gov-hpg/5889/tintuc/2026/2/quyet-dinh-2026-cong-bo-dmttc-so-nn-va-mt-ttr87-qdbnnmt-339-364-375-379-..signed639065923231925699.pdf,8c1a2063586aa3965c2144bb3baf06bb6a7373dc08fd01b86989d179aa711288,"trình Một phần 3 1.004915 Cấp, cấp lại Giấy chứng nhận cơ sở đủ điều ki ện s ản xuất thức ăn thuỷ sản, sản phẩm xử lý môi trư ờng nuôi tr ồng thu ỷ sản (tr ừ nhà đ ầu tư nước ngoài, tổ chức kinh t ế có vốn đ ầu tư nư ớc ngoài) - Trường h ợp cấp m ới: 09 ngày làm vi ệc, kể từ ngày nhận đủ hồ sơ; - Trường h ợp"
2026-02-07,541/QĐ-UBND,1.004918,"Cấp, cấp lại Giấy chứng nhận cơ sở đủ điều ki ện s ản xuất, ương dưỡng gi ống thuỷ sản (tr ừ cơ sở sản xuất, ương dưỡng gi ống thủy s ản b ố mẹ, cơ s ở sản xuất, ương dư ỡng đồng th ời gi ống thủy s ản b ố mẹ và giống thủy sản",NÔNG NGHIỆP VÀ MÔI TRƯỜNG,modified,Sửa đổi/bổ sung,province,2026-02-07,not_in_current_master,https://cathai.haiphong.gov.vn/bao-ton-thien-nhien-va-da-dang-sinh-hoc/quyet-dinh-so-541-qd-ubnd-ngay-7-2-2026-cua-ubnd-thanh-pho-v-v-cong-khai-thu-tuc-hanh-chinh-moi--859548,https://cdn.haiphong.gov.vn/gov-hpg/5889/tintuc/2026/2/quyet-dinh-2026-cong-bo-dmttc-so-nn-va-mt-ttr87-qdbnnmt-339-364-375-379-..signed639065923231925699.pdf,8c1a2063586aa3965c2144bb3baf06bb6a7373dc08fd01b86989d179aa711288,"- Nghị định s ố 41/2026/NĐ-CP ngày 25/01/2026. 4 1.004918 Cấp, cấp lại Giấy chứng nhận cơ sở đủ điều ki ện s ản xuất, ương dưỡng gi ống thuỷ sản (tr ừ cơ sở sản xuất, ương dưỡng gi ống thủy s ản b ố mẹ, cơ s ở sản xuất, ương dư ỡng đồng th ời gi ống thủy s ản b ố mẹ và giống thủy sản không ph ải là - Trường h ợp cấp m ới: 09 ngày làm vi ệc,"
2026-02-07,541/QĐ-UBND,1.004935,Gia hạn thời hạn giao khu v ực biển (cấp tỉnh) - Thời hạn thẩm định hồ sơ: + Trong th ời hạn không quá,NÔNG NGHIỆP VÀ MÔI TRƯỜNG,modified,Sửa đổi/bổ sung,province,2026-02-07,not_in_current_master,https://cathai.haiphong.gov.vn/bao-ton-thien-nhien-va-da-dang-sinh-hoc/quyet-dinh-so-541-qd-ubnd-ngay-7-2-2026-cua-ubnd-thanh-pho-v-v-cong-khai-thu-tuc-hanh-chinh-moi--859548,https://cdn.haiphong.gov.vn/gov-hpg/5889/tintuc/2026/2/quyet-dinh-2026-cong-bo-dmttc-so-nn-va-mt-ttr87-qdbnnmt-339-364-375-379-..signed639065923231925699.pdf,8c1a2063586aa3965c2144bb3baf06bb6a7373dc08fd01b86989d179aa711288,"định s ố 44/2026/NĐ-CP ngày 26/01/2026. 2 1.004935 Gia hạn thời hạn giao khu v ực biển (cấp tỉnh) - Thời hạn thẩm định hồ sơ: + Trong th ời hạn không quá 25 ngày làm việc kể từ nhận được đầy đủ hồ sơ theo đúng quy đ ịnh. Th ời gian các b ộ, ngành và các cơ quan có liên quan tr ả lời bằng văn b ản không quá 1 4"
2026-02-07,541/QĐ-UBND,1.004943,"Công nh ận k ết quả khảo nghiệm giống thủy sản - 08 ngày làm việc kể từ ngày nhận đ ủ hồ sơ hợp lệ để thẩm định, ki ểm tra điều kiện khảo nghiệm và phê duyệt đ ề cương kh ảo nghiệm, đ ồng thời c ấp phép nhập kh ẩu giống thủy sản",NÔNG NGHIỆP VÀ MÔI TRƯỜNG,modified,Sửa đổi/bổ sung,province,2026-02-07,not_in_current_master,https://cathai.haiphong.gov.vn/bao-ton-thien-nhien-va-da-dang-sinh-hoc/quyet-dinh-so-541-qd-ubnd-ngay-7-2-2026-cua-ubnd-thanh-pho-v-v-cong-khai-thu-tuc-hanh-chinh-moi--859548,https://cdn.haiphong.gov.vn/gov-hpg/5889/tintuc/2026/2/quyet-dinh-2026-cong-bo-dmttc-so-nn-va-mt-ttr87-qdbnnmt-339-364-375-379-..signed639065923231925699.pdf,8c1a2063586aa3965c2144bb3baf06bb6a7373dc08fd01b86989d179aa711288,"được hồ sơ đầy đủ, hợp lệ. III LĨNH VỰC THUỶ SẢN 1 1.004943 Công nh ận k ết quả khảo nghiệm giống thủy sản - 08 ngày làm việc kể từ ngày nhận đ ủ hồ sơ hợp lệ để thẩm định, ki ểm tra điều kiện khảo nghiệm và phê duyệt đ ề cương kh ảo nghiệm, đ ồng thời c ấp phép nhập kh ẩu giống thủy sản cho tổ chức, cá nhân đ ể phục"
2026-02-07,541/QĐ-UBND,1.005181,"Khai thác và s ử dụng cơ s ở dữ liệu tài nguyên, môi trư ờng bi ển và hải đảo thông qua mạng điện tử (cấp tỉnh) - Thời hạn kiểm tra h ồ sơ: Cơ quan quản lý cơ sở dữ liệu có trách nhi ệm xem xét yêu cầu khai thác và s ử dụng cơ s ở dữ",NÔNG NGHIỆP VÀ MÔI TRƯỜNG,modified,Sửa đổi/bổ sung,province,2026-02-07,not_in_current_master,https://cathai.haiphong.gov.vn/bao-ton-thien-nhien-va-da-dang-sinh-hoc/quyet-dinh-so-541-qd-ubnd-ngay-7-2-2026-cua-ubnd-thanh-pho-v-v-cong-khai-thu-tuc-hanh-chinh-moi--859548,https://cdn.haiphong.gov.vn/gov-hpg/5889/tintuc/2026/2/quyet-dinh-2026-cong-bo-dmttc-so-nn-va-mt-ttr87-qdbnnmt-339-364-375-379-..signed639065923231925699.pdf,8c1a2063586aa3965c2144bb3baf06bb6a7373dc08fd01b86989d179aa711288,"nghĩa v ụ tài chính theo quy định. 14 1.005181 Khai thác và s ử dụng cơ s ở dữ liệu tài nguyên, môi trư ờng bi ển và hải đảo thông qua mạng điện tử (cấp tỉnh) - Thời hạn kiểm tra h ồ sơ: Cơ quan quản lý cơ sở dữ liệu có trách nhi ệm xem xét yêu cầu khai thác và s ử dụng cơ s ở dữ liệu c ủa t ổ chức, cá nhân. + Trư ờng h ợp"
2026-02-07,541/QĐ-UBND,1.005189,"Cấp gi ấy phép nhận chìm ở biển (cấp tỉnh) + Th ời h ạn kiểm tra h ồ sơ + Trong th ời hạn 01 ngày làm vi ệc, TTHCC ki ểm tra thành phần, nội dung của hồ sơ, trường h ợp hồ sơ theo đúng quy đ ịnh, TTHCC ban hành văn b ản",NÔNG NGHIỆP VÀ MÔI TRƯỜNG,modified,Sửa đổi/bổ sung,province,2026-02-07,not_in_current_master,https://cathai.haiphong.gov.vn/bao-ton-thien-nhien-va-da-dang-sinh-hoc/quyet-dinh-so-541-qd-ubnd-ngay-7-2-2026-cua-ubnd-thanh-pho-v-v-cong-khai-thu-tuc-hanh-chinh-moi--859548,https://cdn.haiphong.gov.vn/gov-hpg/5889/tintuc/2026/2/quyet-dinh-2026-cong-bo-dmttc-so-nn-va-mt-ttr87-qdbnnmt-339-364-375-379-..signed639065923231925699.pdf,8c1a2063586aa3965c2144bb3baf06bb6a7373dc08fd01b86989d179aa711288,"nghiệp và Môi trường trình hồ sơ. 6 1.005189 Cấp gi ấy phép nhận chìm ở biển (cấp tỉnh) + Th ời h ạn kiểm tra h ồ sơ + Trong th ời hạn 01 ngày làm vi ệc, TTHCC ki ểm tra thành phần, nội dung của hồ sơ, trường h ợp hồ sơ theo đúng quy đ ịnh, TTHCC ban hành văn b ản tiếp nh ận và hẹn gi ải quy ết"
2026-02-07,541/QĐ-UBND,1.005399,"Trả lại khu v ực biển (cấp tỉnh) - Thời h ạn kiểm tra hồ sơ: + Trong th ời hạn 01 ngày làm vi ệc,",NÔNG NGHIỆP VÀ MÔI TRƯỜNG,modified,Sửa đổi/bổ sung,province,2026-02-07,not_in_current_master,https://cathai.haiphong.gov.vn/bao-ton-thien-nhien-va-da-dang-sinh-hoc/quyet-dinh-so-541-qd-ubnd-ngay-7-2-2026-cua-ubnd-thanh-pho-v-v-cong-khai-thu-tuc-hanh-chinh-moi--859548,https://cdn.haiphong.gov.vn/gov-hpg/5889/tintuc/2026/2/quyet-dinh-2026-cong-bo-dmttc-so-nn-va-mt-ttr87-qdbnnmt-339-364-375-379-..signed639065923231925699.pdf,8c1a2063586aa3965c2144bb3baf06bb6a7373dc08fd01b86989d179aa711288,"tin gi ải quy ết thủ tục hành chính. 3 1.005399 Trả lại khu v ực biển (cấp tỉnh) - Thời h ạn kiểm tra hồ sơ: + Trong th ời hạn 01 ngày làm vi ệc, Trung tâm Phục v ụ hành chính công cấp tỉnh ki ểm tra thành ph ần, nội dung c ủa hồ sơ. Trư ờng hợp hồ sơ theo đúng quy định, trong th ời h ạn không quá 01"
2026-02-07,541/QĐ-UBND,1.005400,"Sửa đổi, bổ sung Quyết đ ịnh giao khu v ực bi ển (cấp tỉnh) - Thời hạn kiểm tra hồ sơ: + Trong th ời hạn 01 ngày làm việc, Trung tâm Ph ục v ụ - Thời hạn kiểm tra hồ sơ: + Trong th ời hạn 01 ngày làm việc, Trung tâm Ph ục v ụ",NÔNG NGHIỆP VÀ MÔI TRƯỜNG,modified,Sửa đổi/bổ sung,province,2026-02-07,not_in_current_master,https://cathai.haiphong.gov.vn/bao-ton-thien-nhien-va-da-dang-sinh-hoc/quyet-dinh-so-541-qd-ubnd-ngay-7-2-2026-cua-ubnd-thanh-pho-v-v-cong-khai-thu-tuc-hanh-chinh-moi--859548,https://cdn.haiphong.gov.vn/gov-hpg/5889/tintuc/2026/2/quyet-dinh-2026-cong-bo-dmttc-so-nn-va-mt-ttr87-qdbnnmt-339-364-375-379-..signed639065923231925699.pdf,8c1a2063586aa3965c2144bb3baf06bb6a7373dc08fd01b86989d179aa711288,"Nông nghiệp và Môi trư ờng trình hồ sơ. 4 1.005400 Sửa đổi, bổ sung Quyết đ ịnh giao khu v ực bi ển (cấp tỉnh) - Thời hạn kiểm tra hồ sơ: + Trong th ời hạn 01 ngày làm việc, Trung tâm Ph ục v ụ - Thời hạn kiểm tra hồ sơ: + Trong th ời hạn 01 ngày làm việc, Trung tâm Ph ục v ụ - Trung tâm Phục v ụ"
2026-02-07,541/QĐ-UBND,1.005401,Giao khu v ực biển (cấp tỉnh) - Thời h ạn thẩm đ ịnh h ồ sơ: Không quá,NÔNG NGHIỆP VÀ MÔI TRƯỜNG,modified,Sửa đổi/bổ sung,province,2026-02-07,not_in_current_master,https://cathai.haiphong.gov.vn/bao-ton-thien-nhien-va-da-dang-sinh-hoc/quyet-dinh-so-541-qd-ubnd-ngay-7-2-2026-cua-ubnd-thanh-pho-v-v-cong-khai-thu-tuc-hanh-chinh-moi--859548,https://cdn.haiphong.gov.vn/gov-hpg/5889/tintuc/2026/2/quyet-dinh-2026-cong-bo-dmttc-so-nn-va-mt-ttr87-qdbnnmt-339-364-375-379-..signed639065923231925699.pdf,8c1a2063586aa3965c2144bb3baf06bb6a7373dc08fd01b86989d179aa711288,"trình Một phần 1 1.005401 Giao khu v ực biển (cấp tỉnh) - Thời h ạn thẩm đ ịnh h ồ sơ: Không quá 40 ngày k ể từ nhận được đầy đủ hồ sơ theo đúng quy định. - Thời h ạn trình, gi ải quyết hồ sơ: + Trong th ời hạn không quá 01 ngày làm việc, k ể từ ngày hoàn thành vi ệc"
2026-02-07,541/QĐ-UBND,1.007918,"Thẩm đ ịnh thi ết kế, dự toán hoặc thẩm đ ịnh đi ều chỉnh thiết kế, dự toán công trình lâm sinh sử dụng vốn đ ầu tư công đối với các dự án do Ch ủ tịch U ỷ ban nhân dân cấp tỉnh quy ết đ ịnh đầu tư",NÔNG NGHIỆP VÀ MÔI TRƯỜNG,modified,Sửa đổi/bổ sung,province,2026-02-07,not_in_current_master,https://cathai.haiphong.gov.vn/bao-ton-thien-nhien-va-da-dang-sinh-hoc/quyet-dinh-so-541-qd-ubnd-ngay-7-2-2026-cua-ubnd-thanh-pho-v-v-cong-khai-thu-tuc-hanh-chinh-moi--859548,https://cdn.haiphong.gov.vn/gov-hpg/5889/tintuc/2026/2/quyet-dinh-2026-cong-bo-dmttc-so-nn-va-mt-ttr87-qdbnnmt-339-364-375-379-..signed639065923231925699.pdf,8c1a2063586aa3965c2144bb3baf06bb6a7373dc08fd01b86989d179aa711288,"- Nghị định s ố 42/2026/NĐ-CP ngày 26/01/2026. 10 1.007918 Thẩm đ ịnh thi ết kế, dự toán hoặc thẩm đ ịnh đi ều chỉnh thiết kế, dự toán công trình lâm sinh sử dụng vốn đ ầu tư công đối với các dự án do Ch ủ tịch U ỷ ban nhân dân cấp tỉnh quy ết đ ịnh đầu tư 09 ngày làm việc kể từ ngày nhận đ ủ hồ sơ hợp lệ 7,5 ngày làm việc kể từ ngày"
2026-02-07,541/QĐ-UBND,1.007919,"Thẩm đ ịnh thi ết kế, d ự toán công trình lâm sinh",NÔNG NGHIỆP VÀ MÔI TRƯỜNG,modified,Sửa đổi/bổ sung,commune,2026-02-07,current,https://cathai.haiphong.gov.vn/bao-ton-thien-nhien-va-da-dang-sinh-hoc/quyet-dinh-so-541-qd-ubnd-ngay-7-2-2026-cua-ubnd-thanh-pho-v-v-cong-khai-thu-tuc-hanh-chinh-moi--859548,https://cdn.haiphong.gov.vn/gov-hpg/5889/tintuc/2026/2/quyet-dinh-2026-cong-bo-dmttc-so-nn-va-mt-ttr87-qdbnnmt-339-364-375-379-..signed639065923231925699.pdf,8c1a2063586aa3965c2144bb3baf06bb6a7373dc08fd01b86989d179aa711288,"42/2026/NĐ-CP ngày 26/01/2026. 3 1.007919 Thẩm đ ịnh thi ết kế, d ự toán công trình lâm sinh 09 ngày làm việc kể từ ngày nhận đủ hồ sơ hợp lệ 4,5 ngày làm việc k ể từ ngày - Trung tâm Phục v ụ Không quy định x - Nghị định s ố 58/2024/ NĐ-CP ngày 24/5/2024."
2026-02-07,541/QĐ-UBND,1.009481,"Công nh ận khu vực biển cấp tỉnh - Thời h ạn kiểm tra hồ sơ: + Trong th ời hạn 01 ngày làm vi ệc,",NÔNG NGHIỆP VÀ MÔI TRƯỜNG,modified,Sửa đổi/bổ sung,province,2026-02-07,not_in_current_master,https://cathai.haiphong.gov.vn/bao-ton-thien-nhien-va-da-dang-sinh-hoc/quyet-dinh-so-541-qd-ubnd-ngay-7-2-2026-cua-ubnd-thanh-pho-v-v-cong-khai-thu-tuc-hanh-chinh-moi--859548,https://cdn.haiphong.gov.vn/gov-hpg/5889/tintuc/2026/2/quyet-dinh-2026-cong-bo-dmttc-so-nn-va-mt-ttr87-qdbnnmt-339-364-375-379-..signed639065923231925699.pdf,8c1a2063586aa3965c2144bb3baf06bb6a7373dc08fd01b86989d179aa711288,"Nông nghiệp và Môi trư ờng trình hồ sơ. 5 1.009481 Công nh ận khu vực biển cấp tỉnh - Thời h ạn kiểm tra hồ sơ: + Trong th ời hạn 01 ngày làm vi ệc, Trung tâm Phục v ụ hành chính công kiểm tra thành phần, nội dung của h ồ sơ. Trường hợp hồ sơ theo đúng - Thời h ạn kiểm tra hồ sơ: + Trong th ời"
2026-02-07,541/QĐ-UBND,1.012531,Hỗ trợ lãi su ất vốn vay ngân hàng đ ể trồng rừng g ỗ lớn đối với ch ủ rừng là,NÔNG NGHIỆP VÀ MÔI TRƯỜNG,modified,Sửa đổi/bổ sung,province,2026-02-07,current,https://cathai.haiphong.gov.vn/bao-ton-thien-nhien-va-da-dang-sinh-hoc/quyet-dinh-so-541-qd-ubnd-ngay-7-2-2026-cua-ubnd-thanh-pho-v-v-cong-khai-thu-tuc-hanh-chinh-moi--859548,https://cdn.haiphong.gov.vn/gov-hpg/5889/tintuc/2026/2/quyet-dinh-2026-cong-bo-dmttc-so-nn-va-mt-ttr87-qdbnnmt-339-364-375-379-..signed639065923231925699.pdf,8c1a2063586aa3965c2144bb3baf06bb6a7373dc08fd01b86989d179aa711288,- Nghị định số 42/2026/NĐ-CP ngày 26/01/2026 9 1.012531 Hỗ trợ lãi su ất vốn vay ngân hàng đ ể trồng rừng g ỗ lớn đối với ch ủ rừng là 12 ngày làm việc kể từ ngày nhận đ ủ hồ sơ hợp lệ 06 ngày làm việc k ể từ ngày nhận đ ủ hồ sơ hợp lệ - Trung tâm Phục vụ hành chính công thành phố
2026-02-07,541/QĐ-UBND,1.012687,Điều ch ỉnh phân khu ch ức năng của khu rừng đặc dụng thu ộc đ ịa phương quản lý,NÔNG NGHIỆP VÀ MÔI TRƯỜNG,modified,Sửa đổi/bổ sung,province,2026-02-07,current,https://cathai.haiphong.gov.vn/bao-ton-thien-nhien-va-da-dang-sinh-hoc/quyet-dinh-so-541-qd-ubnd-ngay-7-2-2026-cua-ubnd-thanh-pho-v-v-cong-khai-thu-tuc-hanh-chinh-moi--859548,https://cdn.haiphong.gov.vn/gov-hpg/5889/tintuc/2026/2/quyet-dinh-2026-cong-bo-dmttc-so-nn-va-mt-ttr87-qdbnnmt-339-364-375-379-..signed639065923231925699.pdf,8c1a2063586aa3965c2144bb3baf06bb6a7373dc08fd01b86989d179aa711288,Nghị định s ố 42/2026/NĐ-CP ngày 26/01/2026. 2 1.012687 Điều ch ỉnh phân khu ch ức năng của khu rừng đặc dụng thu ộc đ ịa phương quản lý 18 ngày làm việc kể từ ngày nhận đủ hồ sơ hợp lệ 09 ngày làm việc kể từ ngày nhận đ ủ hồ sơ hợp lệ - Trung tâm Phục v ụ hành chính công thành phố
2026-02-07,541/QĐ-UBND,1.012689,Quyết đ ịnh chuyển mục đích sử dụng r ừng sang m ục đích khác đối v ới t ổ chức,NÔNG NGHIỆP VÀ MÔI TRƯỜNG,modified,Sửa đổi/bổ sung,province,2026-02-07,current,https://cathai.haiphong.gov.vn/bao-ton-thien-nhien-va-da-dang-sinh-hoc/quyet-dinh-so-541-qd-ubnd-ngay-7-2-2026-cua-ubnd-thanh-pho-v-v-cong-khai-thu-tuc-hanh-chinh-moi--859548,https://cdn.haiphong.gov.vn/gov-hpg/5889/tintuc/2026/2/quyet-dinh-2026-cong-bo-dmttc-so-nn-va-mt-ttr87-qdbnnmt-339-364-375-379-..signed639065923231925699.pdf,8c1a2063586aa3965c2144bb3baf06bb6a7373dc08fd01b86989d179aa711288,tỉnh trình H ội đồng nhân dân cấp tỉnh 3 1.012689 Quyết đ ịnh chuyển mục đích sử dụng r ừng sang m ục đích khác đối v ới t ổ chức 08 ngày k ể từ ngày nh ận được hồ sơ hợp lệ 07 ngày k ể từ ngày nhận được hồ sơ hợp lệ - Trung tâm Phục v ụ hành chính công thành phố
2026-02-07,541/QĐ-UBND,1.012690,Phê duy ệt phương án s ử dụng rừng để xây dựng các công trình k ết c ấu h ạ tầng phục vụ bảo vệ và phát tri ển rừng thuộc đ ịa phương quản lý,NÔNG NGHIỆP VÀ MÔI TRƯỜNG,modified,Sửa đổi/bổ sung,province,2026-02-07,current,https://cathai.haiphong.gov.vn/bao-ton-thien-nhien-va-da-dang-sinh-hoc/quyet-dinh-so-541-qd-ubnd-ngay-7-2-2026-cua-ubnd-thanh-pho-v-v-cong-khai-thu-tuc-hanh-chinh-moi--859548,https://cdn.haiphong.gov.vn/gov-hpg/5889/tintuc/2026/2/quyet-dinh-2026-cong-bo-dmttc-so-nn-va-mt-ttr87-qdbnnmt-339-364-375-379-..signed639065923231925699.pdf,8c1a2063586aa3965c2144bb3baf06bb6a7373dc08fd01b86989d179aa711288,"- Nghị định s ố 42/2026/NĐ-CP ngày 26/01/2026 4 1.012690 Phê duy ệt phương án s ử dụng rừng để xây dựng các công trình k ết c ấu h ạ tầng phục vụ bảo vệ và phát tri ển rừng thuộc đ ịa phương quản lý 15 ngày k ể từ ngày nh ận được hồ sơ hợp lệ 7,5 ngày k ể từ ngày nhận được hồ sơ hợp lệ - Trung tâm Phục v ụ"
2026-02-07,541/QĐ-UBND,1.012692,Điều ch ỉnh ch ủ trương chuy ển mục đích sử dụng rừng sang m ục đích khác thuộc thẩm quy ền c ủa Hội đ ồng nhân dân cấp tỉnh - Đối v ới trường h ợp,NÔNG NGHIỆP VÀ MÔI TRƯỜNG,modified,Sửa đổi/bổ sung,province,2026-02-07,not_in_current_master,https://cathai.haiphong.gov.vn/bao-ton-thien-nhien-va-da-dang-sinh-hoc/quyet-dinh-so-541-qd-ubnd-ngay-7-2-2026-cua-ubnd-thanh-pho-v-v-cong-khai-thu-tuc-hanh-chinh-moi--859548,https://cdn.haiphong.gov.vn/gov-hpg/5889/tintuc/2026/2/quyet-dinh-2026-cong-bo-dmttc-so-nn-va-mt-ttr87-qdbnnmt-339-364-375-379-..signed639065923231925699.pdf,8c1a2063586aa3965c2144bb3baf06bb6a7373dc08fd01b86989d179aa711288,"trình Một phần 2 1.012692 Điều ch ỉnh ch ủ trương chuy ển mục đích sử dụng rừng sang m ục đích khác thuộc thẩm quy ền c ủa Hội đ ồng nhân dân cấp tỉnh - Đối v ới trường h ợp không phải lấy ý kiến của các bộ, ngành ch ủ quản ho ặc B ộ Quốc phòng: 16 ngày làm việc kể từ ngày nhận đủ hồ sơ"
2026-02-07,541/QĐ-UBND,1.012694,Chuyển m ục đích sử dụng rừng sang mục đích khác đối với cá nhân,NÔNG NGHIỆP VÀ MÔI TRƯỜNG,modified,Sửa đổi/bổ sung,commune,2026-02-07,current,https://cathai.haiphong.gov.vn/bao-ton-thien-nhien-va-da-dang-sinh-hoc/quyet-dinh-so-541-qd-ubnd-ngay-7-2-2026-cua-ubnd-thanh-pho-v-v-cong-khai-thu-tuc-hanh-chinh-moi--859548,https://cdn.haiphong.gov.vn/gov-hpg/5889/tintuc/2026/2/quyet-dinh-2026-cong-bo-dmttc-so-nn-va-mt-ttr87-qdbnnmt-339-364-375-379-..signed639065923231925699.pdf,8c1a2063586aa3965c2144bb3baf06bb6a7373dc08fd01b86989d179aa711288,"ngày 26/01/2026. II LĨNH VỰC KIỂM LÂM 1 1.012694 Chuyển m ục đích sử dụng rừng sang mục đích khác đối với cá nhân 08 ngày k ể từ ngày nhận được hồ sơ hợp lệ 5,5 ngày k ể từ ngày nhận được hồ sơ hợp lệ - Trung tâm Phục v ụ hành chính công cấp xã - Trung tâm Phục v ụ hành chính công thành"
2026-02-07,541/QĐ-UBND,1.012921,Thanh lý r ừng trồng thuộc thẩm quyền quyết định của Ch ủ tịch Ủy ban nhân dân cấp tỉnh,NÔNG NGHIỆP VÀ MÔI TRƯỜNG,modified,Sửa đổi/bổ sung,province,2026-02-07,current,https://cathai.haiphong.gov.vn/bao-ton-thien-nhien-va-da-dang-sinh-hoc/quyet-dinh-so-541-qd-ubnd-ngay-7-2-2026-cua-ubnd-thanh-pho-v-v-cong-khai-thu-tuc-hanh-chinh-moi--859548,https://cdn.haiphong.gov.vn/gov-hpg/5889/tintuc/2026/2/quyet-dinh-2026-cong-bo-dmttc-so-nn-va-mt-ttr87-qdbnnmt-339-364-375-379-..signed639065923231925699.pdf,8c1a2063586aa3965c2144bb3baf06bb6a7373dc08fd01b86989d179aa711288,- Nghị định s ố 42/2026/NĐ-CP ngày 26/01/2026 6 1.012921 Thanh lý r ừng trồng thuộc thẩm quyền quyết định của Ch ủ tịch Ủy ban nhân dân cấp tỉnh 15 ngày làm việc kể từ ngày nhận đủ hồ sơ hợp lệ 10 ngày làm việc kể từ ngày nhận đ ủ hồ sơ hợp lệ - Trung tâm Phục v ụ hành chính công thành
2026-02-07,541/QĐ-UBND,1.012922,Kiểm tra hi ện trường rừng trồng bị thiệt hại,NÔNG NGHIỆP VÀ MÔI TRƯỜNG,modified,Sửa đổi/bổ sung,commune,2026-02-07,current,https://cathai.haiphong.gov.vn/bao-ton-thien-nhien-va-da-dang-sinh-hoc/quyet-dinh-so-541-qd-ubnd-ngay-7-2-2026-cua-ubnd-thanh-pho-v-v-cong-khai-thu-tuc-hanh-chinh-moi--859548,https://cdn.haiphong.gov.vn/gov-hpg/5889/tintuc/2026/2/quyet-dinh-2026-cong-bo-dmttc-so-nn-va-mt-ttr87-qdbnnmt-339-364-375-379-..signed639065923231925699.pdf,8c1a2063586aa3965c2144bb3baf06bb6a7373dc08fd01b86989d179aa711288,"Một phần I LĨNH VỰC LÂM NGHIỆP 1 1.012922 Kiểm tra hi ện trường rừng trồng bị thiệt hại 03 ngày làm việc kể từ ngày nhận được văn bản đề nghị của tổ chức có rừng trồng bị thiệt hại 2,5 ngày làm việc k ể từ ngày nhận đư ợc văn bản đề nghị của tổ chức có r ừng trồng bị thiệt hại - Trung tâm Phục v ụ hành chính"
2026-02-07,541/QĐ-UBND,1.014801,"Cấp, cấp lại Giấy xác nhận nuôi trồng thủy sản lồng bè, đối tượng thủy sản nuôi chủ lực (hoạt động trên nội địa thuộc phạm vi quản lý và cơ sở nuôi trồng thủy sản lồng bè thuộc thẩm quyền giao khu vực biển của Chủ tịch Ủy ban nhân dân cấp xã)",NÔNG NGHIỆP VÀ MÔI TRƯỜNG,modified,Sửa đổi/bổ sung,commune,2026-02-07,current,https://cathai.haiphong.gov.vn/bao-ton-thien-nhien-va-da-dang-sinh-hoc/quyet-dinh-so-541-qd-ubnd-ngay-7-2-2026-cua-ubnd-thanh-pho-v-v-cong-khai-thu-tuc-hanh-chinh-moi--859548,https://cdn.haiphong.gov.vn/gov-hpg/5889/tintuc/2026/2/quyet-dinh-2026-cong-bo-dmttc-so-nn-va-mt-ttr87-qdbnnmt-339-364-375-379-..signed639065923231925699.pdf,8c1a2063586aa3965c2144bb3baf06bb6a7373dc08fd01b86989d179aa711288,"Một phần I LĨNH VỰC THUỶ SẢN 1 1.014801 Cấp, c ấp l ại Gi ấy xác nh ận nuôi trồng th ủy s ản lồng bè, đối tượng thủy sản nuôi ch ủ lực (hoạt động trên nội đ ịa thu ộc phạm vi quản lý và cơ s ở nuôi tr ồng thủy s ản l ồng bè thuộc th ẩm quy ền giao khu v ực biển của Ch ủ tịch Ủy ban nhân dân c ấp xã) 05 ngày làm việc kể từ ngày nh ận được hồ sơ đầy"
2026-02-07,541/QĐ-UBND,1.014832,"Giao r ừng, cho thuê r ừng khi đã được giao đất, cho thuê đ ất có r ừng hoặc đã đư ợc công nh ận quy ền sử dụng đ ất có rừng thu ộc th ẩm quyền c ủa Ch ủ tịch Ủy ban nhân dân cấp xã",NÔNG NGHIỆP VÀ MÔI TRƯỜNG,modified,Sửa đổi/bổ sung,commune,2026-02-07,current,https://cathai.haiphong.gov.vn/bao-ton-thien-nhien-va-da-dang-sinh-hoc/quyet-dinh-so-541-qd-ubnd-ngay-7-2-2026-cua-ubnd-thanh-pho-v-v-cong-khai-thu-tuc-hanh-chinh-moi--859548,https://cdn.haiphong.gov.vn/gov-hpg/5889/tintuc/2026/2/quyet-dinh-2026-cong-bo-dmttc-so-nn-va-mt-ttr87-qdbnnmt-339-364-375-379-..signed639065923231925699.pdf,8c1a2063586aa3965c2144bb3baf06bb6a7373dc08fd01b86989d179aa711288,"42/2026/NĐ-CP ngày 26/01/2026. 2 1.014832 Giao r ừng, cho thuê r ừng khi đã được giao đất, cho thuê đ ất có r ừng hoặc đã đư ợc công nh ận quy ền sử dụng đ ất có rừng thu ộc th ẩm quyền c ủa Ch ủ tịch Ủy ban nhân dân cấp xã 20 ngày làm việc kể từ ngày nhận được hồ sơ hợp lệ 10 ngày làm việc kể từ ngày nhận được hồ sơ hợp lệ - Trung tâm"
2026-02-07,541/QĐ-UBND,1.014833,Cấp lại Giấy phép tiếp cận nguồn gen,NÔNG NGHIỆP VÀ MÔI TRƯỜNG,replaced,Thay thế/được thay thế,province,2026-02-07,current,https://cathai.haiphong.gov.vn/bao-ton-thien-nhien-va-da-dang-sinh-hoc/quyet-dinh-so-541-qd-ubnd-ngay-7-2-2026-cua-ubnd-thanh-pho-v-v-cong-khai-thu-tuc-hanh-chinh-moi--859548,https://cdn.haiphong.gov.vn/gov-hpg/5889/tintuc/2026/2/quyet-dinh-2026-cong-bo-dmttc-so-nn-va-mt-ttr87-qdbnnmt-339-364-375-379-..signed639065923231925699.pdf,8c1a2063586aa3965c2144bb3baf06bb6a7373dc08fd01b86989d179aa711288,"Một phần I LĨNH VỰC BẢO TỒN THIÊN NHIÊN VÀ ĐA DANG SINH HỌC 1 1.014833 Cấp lại Giấy phép tiếp cận nguồn gen 03 ngày làm việc, kể từ ngày nhận đư ợc đ ầy đủ hồ sơ hợp lệ Không c ắt giảm th ời gian - Trung tâm Phục v ụ hành chính công thành phố - Trung tâm Phục v ụ hành chính công c ấp xã Không"
2026-02-07,541/QĐ-UBND,1.014836,"Điều ch ỉnh ranh giới, di ện tích khu r ừng đ ặc dụng thuộc thẩm quyền c ủa Ch ủ tịch Ủy ban nhân dân cấp tỉnh",NÔNG NGHIỆP VÀ MÔI TRƯỜNG,modified,Sửa đổi/bổ sung,province,2026-02-07,current,https://cathai.haiphong.gov.vn/bao-ton-thien-nhien-va-da-dang-sinh-hoc/quyet-dinh-so-541-qd-ubnd-ngay-7-2-2026-cua-ubnd-thanh-pho-v-v-cong-khai-thu-tuc-hanh-chinh-moi--859548,https://cdn.haiphong.gov.vn/gov-hpg/5889/tintuc/2026/2/quyet-dinh-2026-cong-bo-dmttc-so-nn-va-mt-ttr87-qdbnnmt-339-364-375-379-..signed639065923231925699.pdf,8c1a2063586aa3965c2144bb3baf06bb6a7373dc08fd01b86989d179aa711288,"Một phần I LĨNH VỰC LÂM NGHIỆP 1 1.014836 Điều ch ỉnh ranh giới, di ện tích khu r ừng đ ặc dụng thuộc thẩm quyền c ủa Ch ủ tịch Ủy ban nhân dân cấp tỉnh 23 ngày làm việc kể từ ngày nhận đủ hồ sơ hợp lệ 11,5 ngày làm việc kể từ ngày nhận đ ủ hồ sơ hợp lệ - Trung tâm Phục v ụ hành chính"
2026-02-07,541/QĐ-UBND,1.014837,"Điều ch ỉnh ranh giới, di ện tích khu r ừng phòng hộ thuộc th ẩm quyền c ủa Ch ủ tịch Ủy ban nhân dân cấp tỉnh",NÔNG NGHIỆP VÀ MÔI TRƯỜNG,modified,Sửa đổi/bổ sung,province,2026-02-07,current,https://cathai.haiphong.gov.vn/bao-ton-thien-nhien-va-da-dang-sinh-hoc/quyet-dinh-so-541-qd-ubnd-ngay-7-2-2026-cua-ubnd-thanh-pho-v-v-cong-khai-thu-tuc-hanh-chinh-moi--859548,https://cdn.haiphong.gov.vn/gov-hpg/5889/tintuc/2026/2/quyet-dinh-2026-cong-bo-dmttc-so-nn-va-mt-ttr87-qdbnnmt-339-364-375-379-..signed639065923231925699.pdf,8c1a2063586aa3965c2144bb3baf06bb6a7373dc08fd01b86989d179aa711288,"trình Một phần 4 1.014837 Điều ch ỉnh ranh giới, di ện tích khu r ừng phòng hộ thuộc th ẩm quyền c ủa Ch ủ tịch Ủy ban nhân dân cấp tỉnh 23 ngày làm việc kể từ ngày nhận đủ hồ sơ hợp lệ 11,5 ngày làm việc kể từ ngày nhận đ ủ hồ sơ hợp lệ - Trung tâm Phục v ụ hành chính"
2026-02-07,541/QĐ-UBND,1.014838,Chuyển loại rừng đối với khu r ừng thuộc thẩm quyền c ủa Chủ tịch Ủy ban nhân dân cấp tỉnh,NÔNG NGHIỆP VÀ MÔI TRƯỜNG,modified,Sửa đổi/bổ sung,province,2026-02-07,current,https://cathai.haiphong.gov.vn/bao-ton-thien-nhien-va-da-dang-sinh-hoc/quyet-dinh-so-541-qd-ubnd-ngay-7-2-2026-cua-ubnd-thanh-pho-v-v-cong-khai-thu-tuc-hanh-chinh-moi--859548,https://cdn.haiphong.gov.vn/gov-hpg/5889/tintuc/2026/2/quyet-dinh-2026-cong-bo-dmttc-so-nn-va-mt-ttr87-qdbnnmt-339-364-375-379-..signed639065923231925699.pdf,8c1a2063586aa3965c2144bb3baf06bb6a7373dc08fd01b86989d179aa711288,- Nghị định s ố 42/2026/NĐ-CP ngày 26/01/2026 8 1.014838 Chuyển loại rừng đối với khu r ừng thuộc thẩm quyền c ủa Chủ tịch Ủy ban nhân dân cấp tỉnh 18 ngày làm việc kể từ ngày nhận đủ hồ sơ hợp lệ 09 ngày làm việc kể từ ngày nhận đ ủ hồ sơ hợp lệ - Trung tâm Phục v ụ hành chính công thành
2026-02-07,541/QĐ-UBND,1.014839,"Giao r ừng, cho thuê rừng khi đã được giao đất, cho thuê đ ất có rừng ho ặc đã được công nh ận quyền s ử dụng đất có rừng thuộc thẩm quy ền c ủa Chủ tịch Ủy ban nhân dân c ấp tỉnh",NÔNG NGHIỆP VÀ MÔI TRƯỜNG,modified,Sửa đổi/bổ sung,province,2026-02-07,not_in_current_master,https://cathai.haiphong.gov.vn/bao-ton-thien-nhien-va-da-dang-sinh-hoc/quyet-dinh-so-541-qd-ubnd-ngay-7-2-2026-cua-ubnd-thanh-pho-v-v-cong-khai-thu-tuc-hanh-chinh-moi--859548,https://cdn.haiphong.gov.vn/gov-hpg/5889/tintuc/2026/2/quyet-dinh-2026-cong-bo-dmttc-so-nn-va-mt-ttr87-qdbnnmt-339-364-375-379-..signed639065923231925699.pdf,8c1a2063586aa3965c2144bb3baf06bb6a7373dc08fd01b86989d179aa711288,"trình Một phần 7 1.014839 Giao r ừng, cho thuê rừng khi đã được giao đất, cho thuê đ ất có rừng ho ặc đã được công nh ận quyền s ử dụng đất có rừng thuộc thẩm quy ền c ủa Chủ tịch Ủy ban nhân dân c ấp tỉnh 20 ngày làm việc kể từ ngày nhận đư ợc h ồ sơ hợp lệ 10 ngày làm việc kể từ ngày nhận"
2026-02-07,541/QĐ-UBND,2.000444,"Cấp lại giấy phép nhận chìm (cấp tỉnh) Nghị định số 44/2026/NĐ-CP ngày 26 tháng 01 năm 2026 của Chính phủ Sửa đổi, bổ sung một số điều của các Nghị định trong lĩnh vực biển và hải đảo",NÔNG NGHIỆP VÀ MÔI TRƯỜNG,repealed,Bãi bỏ,province,2026-02-07,repealed,https://cathai.haiphong.gov.vn/bao-ton-thien-nhien-va-da-dang-sinh-hoc/quyet-dinh-so-541-qd-ubnd-ngay-7-2-2026-cua-ubnd-thanh-pho-v-v-cong-khai-thu-tuc-hanh-chinh-moi--859548,https://cdn.haiphong.gov.vn/gov-hpg/5889/tintuc/2026/2/quyet-dinh-2026-cong-bo-dmttc-so-nn-va-mt-ttr87-qdbnnmt-339-364-375-379-..signed639065923231925699.pdf,8c1a2063586aa3965c2144bb3baf06bb6a7373dc08fd01b86989d179aa711288,"các nghị định trong lĩnh v ực bảo tồn thiên nhiên và đa d ạng sinh học III LĨNH VỰC BIỂN VÀ HẢI ĐẢO 1 2.000444 Cấp lại giấy phép nhận chìm (cấp tỉnh) Nghị định số 44/2026/NĐ-CP ngày 26 tháng 01 năm 2026 của Chính phủ Sửa đổi, bổ sung một số điều của các Nghị định trong lĩnh vực biển và hải đảo 2 3.000438 Cấp lại quyết định cấp phép nghiên cứu khoa học cấp tỉnh Nghị định số 44/2026/NĐ-CP ngày 26 tháng 01 năm 2026 của Chính phủ Sửa đổi, bổ sung một số điều của các Ngh ị định trong lĩnh vực biển và"
2026-02-07,541/QĐ-UBND,2.000472,"Gia h ạn Gi ấy phép nh ận chìm ở biển (cấp tỉnh) - Thời hạn kiểm tra hồ sơ + Trong th ời hạn 01 ngày làm vi ệc, TTHCC ki ểm tra thành phần, nội dung của hồ sơ, trường h ợp hồ sơ theo đúng quy đ ịnh, TTHCC ban hành văn b ản",NÔNG NGHIỆP VÀ MÔI TRƯỜNG,modified,Sửa đổi/bổ sung,province,2026-02-07,not_in_current_master,https://cathai.haiphong.gov.vn/bao-ton-thien-nhien-va-da-dang-sinh-hoc/quyet-dinh-so-541-qd-ubnd-ngay-7-2-2026-cua-ubnd-thanh-pho-v-v-cong-khai-thu-tuc-hanh-chinh-moi--859548,https://cdn.haiphong.gov.vn/gov-hpg/5889/tintuc/2026/2/quyet-dinh-2026-cong-bo-dmttc-so-nn-va-mt-ttr87-qdbnnmt-339-364-375-379-..signed639065923231925699.pdf,8c1a2063586aa3965c2144bb3baf06bb6a7373dc08fd01b86989d179aa711288,"trường trình Uỷ ban nhân dân cấp tỉnh 7 2.000472 Gia h ạn Gi ấy phép nh ận chìm ở biển (cấp tỉnh) - Thời hạn kiểm tra hồ sơ + Trong th ời hạn 01 ngày làm vi ệc, TTHCC ki ểm tra thành phần, nội dung của hồ sơ, trường h ợp hồ sơ theo đúng quy đ ịnh, TTHCC ban hành văn b ản tiếp nh ận và hẹn gi ải quy ết"
2026-02-07,541/QĐ-UBND,3.000152,Quyết đ ịnh ch ủ trương chuy ển mục đích sử dụng rừng sang m ục đích khác thu ộc thẩm quy ền c ủa - Đối v ới trường h ợp,NÔNG NGHIỆP VÀ MÔI TRƯỜNG,modified,Sửa đổi/bổ sung,province,2026-02-07,not_in_current_master,https://cathai.haiphong.gov.vn/bao-ton-thien-nhien-va-da-dang-sinh-hoc/quyet-dinh-so-541-qd-ubnd-ngay-7-2-2026-cua-ubnd-thanh-pho-v-v-cong-khai-thu-tuc-hanh-chinh-moi--859548,https://cdn.haiphong.gov.vn/gov-hpg/5889/tintuc/2026/2/quyet-dinh-2026-cong-bo-dmttc-so-nn-va-mt-ttr87-qdbnnmt-339-364-375-379-..signed639065923231925699.pdf,8c1a2063586aa3965c2144bb3baf06bb6a7373dc08fd01b86989d179aa711288,"42/2026/NĐ-CP ngày 26/01/2026. II LĨNH VỰC KIỂM LÂM 1 3.000152 Quyết đ ịnh ch ủ trương chuy ển mục đích sử dụng rừng sang m ục đích khác thu ộc thẩm quy ền c ủa - Đối v ới trường h ợp không phải lấy ý kiến của các bộ, ngành ch ủ quản ho ặc B ộ Quốc phòng: - Đối v ới trường h ợp không ph ải l ấy ý ki ến c ủa các bộ, ngành ch ủ"
2026-02-07,541/QĐ-UBND,3.000159,Xác nh ận ngu ồn gốc gỗ trước khi xuất khẩu - Trường h ợp,NÔNG NGHIỆP VÀ MÔI TRƯỜNG,modified,Sửa đổi/bổ sung,province,2026-02-07,not_in_current_master,https://cathai.haiphong.gov.vn/bao-ton-thien-nhien-va-da-dang-sinh-hoc/quyet-dinh-so-541-qd-ubnd-ngay-7-2-2026-cua-ubnd-thanh-pho-v-v-cong-khai-thu-tuc-hanh-chinh-moi--859548,https://cdn.haiphong.gov.vn/gov-hpg/5889/tintuc/2026/2/quyet-dinh-2026-cong-bo-dmttc-so-nn-va-mt-ttr87-qdbnnmt-339-364-375-379-..signed639065923231925699.pdf,8c1a2063586aa3965c2144bb3baf06bb6a7373dc08fd01b86989d179aa711288,- Nghị định s ố 42/2026/NĐ-CP ngày 26/01/2026 5 3.000159 Xác nh ận ngu ồn gốc gỗ trước khi xuất khẩu - Trường h ợp không có thông tin vi phạm: 02 ngày làm vi ệc Không đ ề xuất cắt giảm - Trung tâm Phục v ụ hành chính Không quy định x - Nghị định s ố 102/2020/NĐ-CP ngày 01 /9/2020 của Chính ph ủ
2026-02-07,541/QĐ-UBND,3.000160,"Phân lo ại doanh nghiệp tr ồng, khai thác và cung cấp g ỗ rừng trồng, ch ế biến, nhập kh ẩu, xuất khẩu gỗ - Trường h ợp",NÔNG NGHIỆP VÀ MÔI TRƯỜNG,modified,Sửa đổi/bổ sung,province,2026-02-07,not_in_current_master,https://cathai.haiphong.gov.vn/bao-ton-thien-nhien-va-da-dang-sinh-hoc/quyet-dinh-so-541-qd-ubnd-ngay-7-2-2026-cua-ubnd-thanh-pho-v-v-cong-khai-thu-tuc-hanh-chinh-moi--859548,https://cdn.haiphong.gov.vn/gov-hpg/5889/tintuc/2026/2/quyet-dinh-2026-cong-bo-dmttc-so-nn-va-mt-ttr87-qdbnnmt-339-364-375-379-..signed639065923231925699.pdf,8c1a2063586aa3965c2144bb3baf06bb6a7373dc08fd01b86989d179aa711288,"- Nghị định s ố 42/2026/NĐ-CP ngày 26/01/2026. 6 3.000160 Phân lo ại doanh nghiệp tr ồng, khai thác và cung cấp g ỗ rừng trồng, ch ế biến, nhập kh ẩu, xuất khẩu gỗ - Trường h ợp không ki ểm tra, xác minh: 04 ngày làm việc kể từ ngày nhận được h ồ sơ đầy đủ, hợp lệ. - Trường h ợp phải ki ểm tra, xác minh: 09"
2026-02-07,541/QĐ-UBND,3.000435,Cấp phép nghiên cứu khoa h ọc trong vùng bi ển quản lý hành chính trên bi ển của cấp tỉnh - Thời h ạn kiểm tra hồ sơ: trong th ời h ạn,NÔNG NGHIỆP VÀ MÔI TRƯỜNG,modified,Sửa đổi/bổ sung,province,2026-02-07,not_in_current_master,https://cathai.haiphong.gov.vn/bao-ton-thien-nhien-va-da-dang-sinh-hoc/quyet-dinh-so-541-qd-ubnd-ngay-7-2-2026-cua-ubnd-thanh-pho-v-v-cong-khai-thu-tuc-hanh-chinh-moi--859548,https://cdn.haiphong.gov.vn/gov-hpg/5889/tintuc/2026/2/quyet-dinh-2026-cong-bo-dmttc-so-nn-va-mt-ttr87-qdbnnmt-339-364-375-379-..signed639065923231925699.pdf,8c1a2063586aa3965c2144bb3baf06bb6a7373dc08fd01b86989d179aa711288,phần ban nhân dân cấp tỉnh. 10 3.000435 Cấp phép nghiên cứu khoa h ọc trong vùng bi ển quản lý hành chính trên bi ển của cấp tỉnh - Thời h ạn kiểm tra hồ sơ: trong th ời h ạn 05 ngày làm việc kể từ ngày nhận đư ợc h ồ sơ. - Thời hạn lấy ý ki ến: trong thời h ạn 05 ngày làm vi ệc kể từ ngày
2026-02-07,541/QĐ-UBND,3.000436,"Sửa đổi, bổ sung quyết đ ịnh c ấp phép nghiên c ứu khoa học trong vùng bi ển qu ản lý hành chính trên biển của cấp tỉnh - Thời h ạn kiểm tra hồ sơ: trong th ời h ạn",NÔNG NGHIỆP VÀ MÔI TRƯỜNG,modified,Sửa đổi/bổ sung,province,2026-02-07,not_in_current_master,https://cathai.haiphong.gov.vn/bao-ton-thien-nhien-va-da-dang-sinh-hoc/quyet-dinh-so-541-qd-ubnd-ngay-7-2-2026-cua-ubnd-thanh-pho-v-v-cong-khai-thu-tuc-hanh-chinh-moi--859548,https://cdn.haiphong.gov.vn/gov-hpg/5889/tintuc/2026/2/quyet-dinh-2026-cong-bo-dmttc-so-nn-va-mt-ttr87-qdbnnmt-339-364-375-379-..signed639065923231925699.pdf,8c1a2063586aa3965c2144bb3baf06bb6a7373dc08fd01b86989d179aa711288,"khoan ở đáy biển, lòng đ ất dưới đáy biển. 11 3.000436 Sửa đổi, bổ sung quyết đ ịnh c ấp phép nghiên c ứu khoa học trong vùng bi ển qu ản lý hành chính trên biển của cấp tỉnh - Thời h ạn kiểm tra hồ sơ: trong th ời h ạn 05 ngày làm việc kể từ ngày nhận đư ợc h ồ sơ, Ủy ban nhân dân cấp tỉnh có trách nhi ệm kiểm tra hồ sơ,"
2026-02-07,541/QĐ-UBND,3.000437,"Gia h ạn quy ết định c ấp phép nghiên c ứu khoa học cấp tỉnh - Thời hạn kiểm tra hồ sơ: trong thời h ạn 05 ngày làm vi ệc, kể từ ngày nhận đầy đ ủ hồ sơ, Ủy ban nhân dân cấp tỉnh có trách nhi ệm kiểm tra h ồ sơ, có văn b ản",NÔNG NGHIỆP VÀ MÔI TRƯỜNG,modified,Sửa đổi/bổ sung,province,2026-02-07,not_in_current_master,https://cathai.haiphong.gov.vn/bao-ton-thien-nhien-va-da-dang-sinh-hoc/quyet-dinh-so-541-qd-ubnd-ngay-7-2-2026-cua-ubnd-thanh-pho-v-v-cong-khai-thu-tuc-hanh-chinh-moi--859548,https://cdn.haiphong.gov.vn/gov-hpg/5889/tintuc/2026/2/quyet-dinh-2026-cong-bo-dmttc-so-nn-va-mt-ttr87-qdbnnmt-339-364-375-379-..signed639065923231925699.pdf,8c1a2063586aa3965c2144bb3baf06bb6a7373dc08fd01b86989d179aa711288,"khoa học phép nghiên cứu khoa học 12 3.000437 Gia h ạn quy ết định c ấp phép nghiên c ứu khoa học cấp tỉnh - Thời hạn kiểm tra hồ sơ: trong thời h ạn 05 ngày làm vi ệc, kể từ ngày nhận đầy đ ủ hồ sơ, Ủy ban nhân dân cấp tỉnh có trách nhi ệm kiểm tra h ồ sơ, có văn b ản thông báo cho tổ chức, cá nhân nước ngoài v ề"
2026-02-07,541/QĐ-UBND,3.000438,"Cấp lại quyết định cấp phép nghiên cứu khoa học cấp tỉnh Nghị định số 44/2026/NĐ-CP ngày 26 tháng 01 năm 2026 của Chính phủ Sửa đổi, bổ sung một số điều của các Ngh ị định trong lĩnh vực biển và hải đảo B. THỦ TỤC HÀNH CHÍNH CẤP XÃ",NÔNG NGHIỆP VÀ MÔI TRƯỜNG,repealed,Bãi bỏ,province,2026-02-07,repealed,https://cathai.haiphong.gov.vn/bao-ton-thien-nhien-va-da-dang-sinh-hoc/quyet-dinh-so-541-qd-ubnd-ngay-7-2-2026-cua-ubnd-thanh-pho-v-v-cong-khai-thu-tuc-hanh-chinh-moi--859548,https://cdn.haiphong.gov.vn/gov-hpg/5889/tintuc/2026/2/quyet-dinh-2026-cong-bo-dmttc-so-nn-va-mt-ttr87-qdbnnmt-339-364-375-379-..signed639065923231925699.pdf,8c1a2063586aa3965c2144bb3baf06bb6a7373dc08fd01b86989d179aa711288,"Nghị định số 44/2026/NĐ-CP ngày 26 tháng 01 năm 2026 của Chính phủ Sửa đổi, bổ sung một số điều của các Nghị định trong lĩnh vực biển và hải đảo 2 3.000438 Cấp lại quyết định cấp phép nghiên cứu khoa học cấp tỉnh Nghị định số 44/2026/NĐ-CP ngày 26 tháng 01 năm 2026 của Chính phủ Sửa đổi, bổ sung một số điều của các Ngh ị định trong lĩnh vực biển và hải đảo B. THỦ TỤC HÀNH CHÍNH CẤP XÃ STT Mã số TTHC Tên thủ tục hành chính Tên VBQPPL quy định việc bãi bỏ thủ tục hành chính I LĨNH VỰC BẢO TỒN THIÊ"
2026-02-07,541/QĐ-UBND,3.000439,Giao khu vực biển cho cá nhân Vi ệt Nam để nuôi trồng thủy sản - Thời h ạn ti ếp nhận h ồ sơ,NÔNG NGHIỆP VÀ MÔI TRƯỜNG,modified,Sửa đổi/bổ sung,commune,2026-02-07,current,https://cathai.haiphong.gov.vn/bao-ton-thien-nhien-va-da-dang-sinh-hoc/quyet-dinh-so-541-qd-ubnd-ngay-7-2-2026-cua-ubnd-thanh-pho-v-v-cong-khai-thu-tuc-hanh-chinh-moi--859548,https://cdn.haiphong.gov.vn/gov-hpg/5889/tintuc/2026/2/quyet-dinh-2026-cong-bo-dmttc-so-nn-va-mt-ttr87-qdbnnmt-339-364-375-379-..signed639065923231925699.pdf,8c1a2063586aa3965c2144bb3baf06bb6a7373dc08fd01b86989d179aa711288,42/2026/NĐ-CP ngày 26/01/2026 III LĨNH VỰC BIỂN VÀ HẢI ĐẢO 1 3.000439 Giao khu vực biển cho cá nhân Vi ệt Nam để nuôi trồng thủy sản - Thời h ạn ti ếp nhận h ồ sơ: Trung tâm Ph ục vụ hành chính - Thời h ạn ti ếp nhận h ồ sơ: Trung tâm Ph ục vụ hành chính - Trung tâm Phục v ụ hành chính công cấp xã Không quy định
2026-02-07,541/QĐ-UBND,3.000440,Gia h ạn th ời h ạn giao khu vực biển cho cá nhân Vi ệt Nam để nuôi trồng thủy sản - Thời h ạn ti ếp nhận h ồ sơ th ủ tục hành chính,NÔNG NGHIỆP VÀ MÔI TRƯỜNG,modified,Sửa đổi/bổ sung,commune,2026-02-07,current,https://cathai.haiphong.gov.vn/bao-ton-thien-nhien-va-da-dang-sinh-hoc/quyet-dinh-so-541-qd-ubnd-ngay-7-2-2026-cua-ubnd-thanh-pho-v-v-cong-khai-thu-tuc-hanh-chinh-moi--859548,https://cdn.haiphong.gov.vn/gov-hpg/5889/tintuc/2026/2/quyet-dinh-2026-cong-bo-dmttc-so-nn-va-mt-ttr87-qdbnnmt-339-364-375-379-..signed639065923231925699.pdf,8c1a2063586aa3965c2144bb3baf06bb6a7373dc08fd01b86989d179aa711288,Hệ thống thông tin giải quyết thủ tục hành chính. 2 3.000440 Gia h ạn th ời h ạn giao khu vực biển cho cá nhân Vi ệt Nam để nuôi trồng thủy sản - Thời h ạn ti ếp nhận h ồ sơ th ủ tục hành chính: Trung tâm Ph ục vụ hành chính công cấp xã thực hiện ti ếp nh ận hồ sơ th ủ tục hành chính theo quy đ ịnh t ại - Thời h ạn ti ếp nhận h ồ sơ th ủ tục hành chính:
2026-02-07,541/QĐ-UBND,3.000441,Trả lại khu v ực biển cho cá nhân Việt Nam để nuôi trồng thủy sản - Thời h ạn tiếp nhận h ồ sơ th ủ tục hành chính. - Thời hạn thẩm định hồ sơ + Thời gian thẩm định hồ sơ,NÔNG NGHIỆP VÀ MÔI TRƯỜNG,modified,Sửa đổi/bổ sung,commune,2026-02-07,current,https://cathai.haiphong.gov.vn/bao-ton-thien-nhien-va-da-dang-sinh-hoc/quyet-dinh-so-541-qd-ubnd-ngay-7-2-2026-cua-ubnd-thanh-pho-v-v-cong-khai-thu-tuc-hanh-chinh-moi--859548,https://cdn.haiphong.gov.vn/gov-hpg/5889/tintuc/2026/2/quyet-dinh-2026-cong-bo-dmttc-so-nn-va-mt-ttr87-qdbnnmt-339-364-375-379-..signed639065923231925699.pdf,8c1a2063586aa3965c2144bb3baf06bb6a7373dc08fd01b86989d179aa711288,từ ngày cơ quan thẩm đ ịnh trình hồ sơ. 3 3.000441 Trả lại khu v ực biển cho cá nhân Việt Nam để nuôi trồng thủy sản - Thời h ạn tiếp nhận h ồ sơ th ủ tục hành chính. - Thời hạn thẩm định hồ sơ + Thời gian thẩm định hồ sơ: không quá 20 ngày kể từ ngày nhận đư ợc đ ầy đủ hồ sơ theo đúng quy định. + Thời gian l ấy ý ki ến các cơ
2026-02-07,541/QĐ-UBND,3.000442,"Sửa đ ổi, b ổ sung Quyết đ ịnh giao khu v ực bi ển cho cá nhân Việt Nam để nuôi trồng thủy sản - Thời h ạn tiếp nhận hồ sơ",NÔNG NGHIỆP VÀ MÔI TRƯỜNG,modified,Sửa đổi/bổ sung,commune,2026-02-07,current,https://cathai.haiphong.gov.vn/bao-ton-thien-nhien-va-da-dang-sinh-hoc/quyet-dinh-so-541-qd-ubnd-ngay-7-2-2026-cua-ubnd-thanh-pho-v-v-cong-khai-thu-tuc-hanh-chinh-moi--859548,https://cdn.haiphong.gov.vn/gov-hpg/5889/tintuc/2026/2/quyet-dinh-2026-cong-bo-dmttc-so-nn-va-mt-ttr87-qdbnnmt-339-364-375-379-..signed639065923231925699.pdf,8c1a2063586aa3965c2144bb3baf06bb6a7373dc08fd01b86989d179aa711288,"việc, k ể từ ngày cơ quan th ẩm định trình hồ sơ 4 3.000442 Sửa đ ổi, b ổ sung Quyết đ ịnh giao khu v ực bi ển cho cá nhân Việt Nam để nuôi trồng thủy sản - Thời h ạn tiếp nhận hồ sơ: Trung tâm Ph ục vụ hành chính công cấp xã thực hiện ti ếp nh ận hồ sơ th ủ tục - Thời h ạn tiếp nhận hồ sơ: Trung tâm Ph ục vụ hành chính công cấp xã thực"
2026-02-07,541/QĐ-UBND,3.000443,Công nh ận khu vực bi ển cho cá nhân Việt Nam để nuôi tr ồng th ủy sản - Thời h ạn ti ếp nhận h ồ sơ,NÔNG NGHIỆP VÀ MÔI TRƯỜNG,modified,Sửa đổi/bổ sung,commune,2026-02-07,current,https://cathai.haiphong.gov.vn/bao-ton-thien-nhien-va-da-dang-sinh-hoc/quyet-dinh-so-541-qd-ubnd-ngay-7-2-2026-cua-ubnd-thanh-pho-v-v-cong-khai-thu-tuc-hanh-chinh-moi--859548,https://cdn.haiphong.gov.vn/gov-hpg/5889/tintuc/2026/2/quyet-dinh-2026-cong-bo-dmttc-so-nn-va-mt-ttr87-qdbnnmt-339-364-375-379-..signed639065923231925699.pdf,8c1a2063586aa3965c2144bb3baf06bb6a7373dc08fd01b86989d179aa711288,"nêu rõ lý do cho tổ chức, cá nhân. 5 3.000443 Công nh ận khu vực bi ển cho cá nhân Việt Nam để nuôi tr ồng th ủy sản - Thời h ạn ti ếp nhận h ồ sơ: Trung tâm Ph ục vụ hành chính công cấp xã thực hiện tiếp nhận hồ sơ th ủ tục hành chính theo quy định tại Điều 17 Nghị định s ố 118/2025/NĐ- CP ngày 09 tháng 6 năm"
2026-02-09,556/QĐ-UBND,1.003005,Giải quyết việc người nước ngoài cư trú ở khu vực biên giới nước láng giềng nhận trẻ em Việt Nam làm con nuôi,NUÔI CON NUÔI,modified,Sửa đổi/bổ sung,commune,2026-02-09,current,https://giavien.haiphong.gov.vn/so-tu-phap-92285/quyet-dinh-so-556-qd-ubnd-ngay-09-2-2026-ve-viec-cong-bo-danh-muc-thu-tuc-hanh-chinh-duoc-sua-do-884409,https://cdn.haiphong.gov.vn/gov-hpg/6798/tintuc/2026/4/qd-556-nuoi-con-nuoi639065875510491063639116698920797829.pdf,fe09ea0e9c116bf9d5ae9a28ce84aa4f14cb27731a3264d5dbc811db53a682f6,"- Thông tư s ố 07/2023/TT-BTP ngày 29 tháng 9 năm 2023. 2. 1.003005 Giải quyết việc người - UBND cấp xã ki ểm tra h ồ sơ, l ấy ý ki ến - UBND cấp xã ki ểm tra h ồ sơ, l ấy ý ki ến Trung tâm 4.500.000 đồng/ x - Luật Nuôi con nuôi;"
2026-02-09,556/QĐ-UBND,1.003160,Giải quyết việc người nước ngoài thường trú ở Việt Nam nhận trẻ em Việt Nam làm con nuôi,NUÔI CON NUÔI,modified,Sửa đổi/bổ sung,province,2026-02-09,current,https://giavien.haiphong.gov.vn/so-tu-phap-92285/quyet-dinh-so-556-qd-ubnd-ngay-09-2-2026-ve-viec-cong-bo-danh-muc-thu-tuc-hanh-chinh-duoc-sua-do-884409,https://cdn.haiphong.gov.vn/gov-hpg/6798/tintuc/2026/4/qd-556-nuoi-con-nuoi639065875510491063639116698920797829.pdf,fe09ea0e9c116bf9d5ae9a28ce84aa4f14cb27731a3264d5dbc811db53a682f6,ngày 29 tháng 9 năm 2023. 3. 1.003160 Giải quyết việc người nước ngoài thường trú ở Việt Nam nhận trẻ em Việt Nam làm con nuôi 35 ngày và 1 0 ngày làm việc 17.5 ngày và 10 ngày làm việc Trung tâm Phục vụ hành
2026-02-09,556/QĐ-UBND,1.003198,Cấp giấy xác nhận công dân Việt Nam ở trong nước đủ điều kiện nhận trẻ em nước ngoài làm con nuôi,NUÔI CON NUÔI,modified,Sửa đổi/bổ sung,province,2026-02-09,current,https://giavien.haiphong.gov.vn/so-tu-phap-92285/quyet-dinh-so-556-qd-ubnd-ngay-09-2-2026-ve-viec-cong-bo-danh-muc-thu-tuc-hanh-chinh-duoc-sua-do-884409,https://cdn.haiphong.gov.vn/gov-hpg/6798/tintuc/2026/4/qd-556-nuoi-con-nuoi639065875510491063639116698920797829.pdf,fe09ea0e9c116bf9d5ae9a28ce84aa4f14cb27731a3264d5dbc811db53a682f6,"07/2023/TT-BTP ngày 29 tháng 9 năm 2023. 4. 1.003198 Cấp giấy xác nhận công dân Việt Nam ở trong nước đủ điều kiện nhận trẻ em nước ngoài làm con nuôi Trong th ời h ạn 15 ngày, kể từ ngày nhận được đủ hồ sơ hợp lệ. Trường h ợp c ần xác minh thì th ời h ạn có thể kéo dài nhưng không quá 30 ngày."
2026-02-09,556/QĐ-UBND,1.003976,Giải quyết việc nuôi con nuôi có yếu tố nước ngoài đối với trẻ em sống ở cơ sở nuôi dưỡng,NUÔI CON NUÔI,modified,Sửa đổi/bổ sung,province,2026-02-09,current,https://giavien.haiphong.gov.vn/so-tu-phap-92285/quyet-dinh-so-556-qd-ubnd-ngay-09-2-2026-ve-viec-cong-bo-danh-muc-thu-tuc-hanh-chinh-duoc-sua-do-884409,https://cdn.haiphong.gov.vn/gov-hpg/6798/tintuc/2026/4/qd-556-nuoi-con-nuoi639065875510491063639116698920797829.pdf,fe09ea0e9c116bf9d5ae9a28ce84aa4f14cb27731a3264d5dbc811db53a682f6,trình Một phần 1. 1.003976 Giải quyết việc nuôi con nuôi có yếu tố nước ngoài đối với trẻ em sống ở cơ sở nuôi dưỡng 1. Thời gian giải quyết tại địa phương: - Cơ quan ch ủ quản cho ý ki ến: 05 ngày làm việc. - Sở Tư pháp th ẩm định và lấy ý ki ến: 20 ngày: + S ở Tư pháp đ ịa
2026-02-09,556/QĐ-UBND,1.004878,"Giải quyết việc nuôi con nuôi có yếu tố nước ngoài đối với trường hợp cha dượng, mẹ kế - Tại đ ịa phương: 35 ngày và 22 ngày làm việc; - Tại Trung ương: 60",NUÔI CON NUÔI,modified,Sửa đổi/bổ sung,province,2026-02-09,current,https://giavien.haiphong.gov.vn/so-tu-phap-92285/quyet-dinh-so-556-qd-ubnd-ngay-09-2-2026-ve-viec-cong-bo-danh-muc-thu-tuc-hanh-chinh-duoc-sua-do-884409,https://cdn.haiphong.gov.vn/gov-hpg/6798/tintuc/2026/4/qd-556-nuoi-con-nuoi639065875510491063639116698920797829.pdf,fe09ea0e9c116bf9d5ae9a28ce84aa4f14cb27731a3264d5dbc811db53a682f6,"07/2023/TT-BTP ngày 29 tháng 9 năm 2023. 2. 1.004878 Giải quyết việc nuôi con nuôi có yếu tố nước ngoài đối với trường hợp cha dượng, mẹ kế - Tại đ ịa phương: 35 ngày và 22 ngày làm việc; - Tại Trung ương: 60 ngày - Tại địa phương: 17.5"
2026-02-09,556/QĐ-UBND,2.001263,"Đăng ký việc nuôi con nuôi trong nước - Thời gian xác minh, đánh giá hoàn cảnh gia đình, tình trạng chỗ ở, điều ki ện kinh t ế của người nhận con nuôi: + Trư ờng h ợp ngư ời nhận con nuôi có nơi thường trú và t ạm trú giống nhau: 07 ngày",NUÔI CON NUÔI,modified,Sửa đổi/bổ sung,commune,2026-02-09,current,https://giavien.haiphong.gov.vn/so-tu-phap-92285/quyet-dinh-so-556-qd-ubnd-ngay-09-2-2026-ve-viec-cong-bo-danh-muc-thu-tuc-hanh-chinh-duoc-sua-do-884409,https://cdn.haiphong.gov.vn/gov-hpg/6798/tintuc/2026/4/qd-556-nuoi-con-nuoi639065875510491063639116698920797829.pdf,fe09ea0e9c116bf9d5ae9a28ce84aa4f14cb27731a3264d5dbc811db53a682f6,"trình Một phần 1. 2.001263 Đăng ký việc nuôi con nuôi trong nước - Thời gian xác minh, đánh giá hoàn cảnh gia đình, tình trạng chỗ ở, điều ki ện kinh t ế của người nhận con nuôi: + Trư ờng h ợp ngư ời nhận con nuôi có nơi thường trú và t ạm trú giống nhau: 07 ngày làm việc; + Trư ờng h ợp ngư ời nhận con nuôi có nơi thường trú và t ạm trú khác nhau: 12 ngà y"
2026-02-09,556/QĐ-UBND,2.002349,Cấp giấy xác nhận công dân Việt Nam thường trú ở khu vực biên giới đủ điều kiện nhận trẻ em của nước láng giềng cư trú ở khu vực biên giới làm con nuôi,NUÔI CON NUÔI,modified,Sửa đổi/bổ sung,commune,2026-02-09,current,https://giavien.haiphong.gov.vn/so-tu-phap-92285/quyet-dinh-so-556-qd-ubnd-ngay-09-2-2026-ve-viec-cong-bo-danh-muc-thu-tuc-hanh-chinh-duoc-sua-do-884409,https://cdn.haiphong.gov.vn/gov-hpg/6798/tintuc/2026/4/qd-556-nuoi-con-nuoi639065875510491063639116698920797829.pdf,fe09ea0e9c116bf9d5ae9a28ce84aa4f14cb27731a3264d5dbc811db53a682f6,- Thông tư s ố 07/2023/TT-BTP ngày 29 tháng 9 năm 2023. 3. 2.002349 Cấp giấy xác nhận công dân Việt Nam thường trú ở khu vực biên giới đủ điều kiện nhận trẻ em của nước láng giềng cư trú ở khu vực biên giới làm con nuôi 10 ngày 5 ngày Trung tâm
2026-02-09,556/QĐ-UBND,2.002363,Ghi vào Sổ đăng ký nuôi con nuôi việc nuôi con nuôi đã được giải quyết tại cơ quan có thẩm quyền của nước ngoài,NUÔI CON NUÔI,modified,Sửa đổi/bổ sung,commune,2026-02-09,current,https://giavien.haiphong.gov.vn/so-tu-phap-92285/quyet-dinh-so-556-qd-ubnd-ngay-09-2-2026-ve-viec-cong-bo-danh-muc-thu-tuc-hanh-chinh-duoc-sua-do-884409,https://cdn.haiphong.gov.vn/gov-hpg/6798/tintuc/2026/4/qd-556-nuoi-con-nuoi639065875510491063639116698920797829.pdf,fe09ea0e9c116bf9d5ae9a28ce84aa4f14cb27731a3264d5dbc811db53a682f6,- Thông tư s ố 07/2023/TT-BTP ngày 29 tháng 9 năm 2023. 4. 2.002363 Ghi vào Sổ đăng ký nuôi con nuôi việc nuôi con nuôi đã được giải quyết tại cơ quan có thẩm quyền của nước ngoài - Ngay trong ngày tiếp nhận h ồ sơ. Trư ờng hợp nhận hồ sơ sau 15 giờ mà không gi ải quyết đư ợc ngay thì trả kết quả trong ngày
2026-02-12,617/QĐ-UBND,1.014256,"Xác nhận đăng ký thu hồi khoáng sản (1) Trường h ợp tổ chức, cá nhân đề nghị cấp giấy xác nhận đăng (1) Trường h ợp tổ chức, cá nhân đề nghị cấp giấy xác nhận đăng",ĐỊA CHẤT VÀ KHOÁNG SẢN,modified,Sửa đổi/bổ sung,province,2026-02-12,not_in_current_master,https://cathai.haiphong.gov.vn/linh-vuc-dia-chat-va-khoang-san/quyet-dinh-so-617-qd-ubnd-ngay-12-2-2026-cua-ubnd-thanh-pho-hai-phong-v-v-cong-khai-danh-muc-thu-862042,https://cdn.haiphong.gov.vn/gov-hpg/5889/tintuc/2026/2/quyet-dinh-2026-cong-bo-thu-tuc-hanh-chinh-linh-vuc-ks..signed639076110873998711.pdf,6b64ee9c33058aefc8eb241bdbeff1159a49008fcdcdc0ea43d9765c68100d59,"04/2026/TT- BNNMT ngày 16/01/2026. 29 1.014256 Xác nhận đăng ký thu hồi khoáng sản (1) Trường h ợp tổ chức, cá nhân đề nghị cấp giấy xác nhận đăng (1) Trường h ợp tổ chức, cá nhân đề nghị cấp giấy xác nhận đăng - Trung tâm Phục v ụ hành chính Không quy định x - Luật Địa chất và Khoáng sản. - Luật s ửa đ ổi,"
2026-02-12,617/QĐ-UBND,1.014257,"Cấp gi ấy phép khai thác khoáng sản (1) Trường h ợp tổ chức, cá nhân đề nghị cấp giấy phép khai thác khoáng s ản nhóm II; gi ấy phép khai thác khoáng s ản nhóm III (tr ừ trường h ợp cấp giấy phép khai thác khoáng sản",ĐỊA CHẤT VÀ KHOÁNG SẢN,modified,Sửa đổi/bổ sung,province,2026-02-12,not_in_current_master,https://cathai.haiphong.gov.vn/linh-vuc-dia-chat-va-khoang-san/quyet-dinh-so-617-qd-ubnd-ngay-12-2-2026-cua-ubnd-thanh-pho-hai-phong-v-v-cong-khai-danh-muc-thu-862042,https://cdn.haiphong.gov.vn/gov-hpg/5889/tintuc/2026/2/quyet-dinh-2026-cong-bo-thu-tuc-hanh-chinh-linh-vuc-ks..signed639076110873998711.pdf,6b64ee9c33058aefc8eb241bdbeff1159a49008fcdcdc0ea43d9765c68100d59,"trình Một phần 9 1.014257 Cấp gi ấy phép khai thác khoáng sản (1) Trường h ợp tổ chức, cá nhân đề nghị cấp giấy phép khai thác khoáng s ản nhóm II; gi ấy phép khai thác khoáng s ản nhóm III (tr ừ trường h ợp cấp giấy phép khai thác khoáng sản nhóm III làm vật liệu xây dựng"
2026-02-12,617/QĐ-UBND,1.014258,"Xác nh ận đăng ký thu h ồi khoáng sản (1) Trường hợp tổ chức, cá nhân đ ề nghị cấp gi ấy xác nhận đăng ký thu hồi khoáng sản trong các trường hợp quy định tại điểm d khoản 1 Đi ều 75 c ủa Luật Địa ch ất và Khoáng sản",ĐỊA CHẤT VÀ KHOÁNG SẢN,modified,Sửa đổi/bổ sung,commune,2026-02-12,current,https://cathai.haiphong.gov.vn/linh-vuc-dia-chat-va-khoang-san/quyet-dinh-so-617-qd-ubnd-ngay-12-2-2026-cua-ubnd-thanh-pho-hai-phong-v-v-cong-khai-danh-muc-thu-862042,https://cdn.haiphong.gov.vn/gov-hpg/5889/tintuc/2026/2/quyet-dinh-2026-cong-bo-thu-tuc-hanh-chinh-linh-vuc-ks..signed639076110873998711.pdf,6b64ee9c33058aefc8eb241bdbeff1159a49008fcdcdc0ea43d9765c68100d59,"Một phần I LĨNH VỰC ĐỊA CHẤT VÀ KHOÁNG SẢN (02 THỦ TỤC) 1 1.014258 Xác nh ận đăng ký thu h ồi khoáng sản (1) Trường hợp tổ chức, cá nhân đ ề nghị cấp gi ấy xác nhận đăng ký thu hồi khoáng sản trong các trường hợp quy định tại điểm d khoản 1 Đi ều 75 c ủa Luật Địa ch ất và Khoáng sản - Thời hạn tiếp nhận và kiểm"
2026-02-12,617/QĐ-UBND,1.014259,"Quyết toán ti ền cấp quy ền khai thác khoáng sản Thời hạn quyết toán ti ền c ấp quyền khai thác khoáng sản là 90 ngày, kể từ ngày nhận đủ hồ sơ đề nghị quyết toán tiền cấp quyền khai thác khoáng s ản Thời hạn quyết toán ti ền c ấp",ĐỊA CHẤT VÀ KHOÁNG SẢN,modified,Sửa đổi/bổ sung,commune,2026-02-12,current,https://cathai.haiphong.gov.vn/linh-vuc-dia-chat-va-khoang-san/quyet-dinh-so-617-qd-ubnd-ngay-12-2-2026-cua-ubnd-thanh-pho-hai-phong-v-v-cong-khai-danh-muc-thu-862042,https://cdn.haiphong.gov.vn/gov-hpg/5889/tintuc/2026/2/quyet-dinh-2026-cong-bo-thu-tuc-hanh-chinh-linh-vuc-ks..signed639076110873998711.pdf,6b64ee9c33058aefc8eb241bdbeff1159a49008fcdcdc0ea43d9765c68100d59,"kể từ ngày nhận được kết quả giải quyết. 2 1.014259 Quyết toán ti ền cấp quy ền khai thác khoáng sản Thời hạn quyết toán ti ền c ấp quyền khai thác khoáng sản là 90 ngày, kể từ ngày nhận đủ hồ sơ đề nghị quyết toán tiền cấp quyền khai thác khoáng s ản Thời hạn quyết toán ti ền c ấp quyền khai thác khoáng"
2026-02-12,617/QĐ-UBND,1.014260,"Lựa chọn tổ chức, cá nhân để xem xét cấp giấy",ĐỊA CHẤT VÀ KHOÁNG SẢN,modified,Sửa đổi/bổ sung,province,2026-02-12,not_in_current_master,https://cathai.haiphong.gov.vn/linh-vuc-dia-chat-va-khoang-san/quyet-dinh-so-617-qd-ubnd-ngay-12-2-2026-cua-ubnd-thanh-pho-hai-phong-v-v-cong-khai-danh-muc-thu-862042,https://cdn.haiphong.gov.vn/gov-hpg/5889/tintuc/2026/2/quyet-dinh-2026-cong-bo-thu-tuc-hanh-chinh-linh-vuc-ks..signed639076110873998711.pdf,6b64ee9c33058aefc8eb241bdbeff1159a49008fcdcdc0ea43d9765c68100d59,"Một phần I LĨNH VỰC ĐỊA CHẤT VÀ KHOÁNG SẢN 1 1.014260 Lựa chọn tổ chức, cá nhân để xem xét cấp giấy 29 ngày làm việc, kể từ ngày nhận đư ợc h ồ sơ c ủa t ổ chức, 14,5 ngày làm việc, kể từ ngày nhận đư ợc h ồ sơ c ủa t ổ chức, - Trung tâm Phục v ụ hành chính Không quy định x - Luật Địa chất và Khoáng sản. - Luật s ửa đ ổi,"
2026-02-12,617/QĐ-UBND,1.014261,Cấp giấy phép thăm - Thời hạn tiếp nhận và kiểm tra - Thời hạn tiếp nhận và kiểm tra,ĐỊA CHẤT VÀ KHOÁNG SẢN,modified,Sửa đổi/bổ sung,province,2026-02-12,not_in_current_master,https://cathai.haiphong.gov.vn/linh-vuc-dia-chat-va-khoang-san/quyet-dinh-so-617-qd-ubnd-ngay-12-2-2026-cua-ubnd-thanh-pho-hai-phong-v-v-cong-khai-danh-muc-thu-862042,https://cdn.haiphong.gov.vn/gov-hpg/5889/tintuc/2026/2/quyet-dinh-2026-cong-bo-thu-tuc-hanh-chinh-linh-vuc-ks..signed639076110873998711.pdf,6b64ee9c33058aefc8eb241bdbeff1159a49008fcdcdc0ea43d9765c68100d59,04/2026/TT- BNNMT ngày 16/01/2026. 2 1.014261 Cấp giấy phép thăm - Thời hạn tiếp nhận và kiểm tra - Thời hạn tiếp nhận và kiểm tra - Trung tâm Phục v ụ - Diện tích thăm dò nhỏ hơn 100 hec-ta x - Luật Địa chất và Khoáng sản.
2026-02-12,617/QĐ-UBND,1.014262,"Cấp lại giấy phép thăm dò khoáng sản - Thời hạn tiếp nhận và kiểm tra hồ sơ: 03 ngày làm việc, kể từ - Thời hạn tiếp nhận và kiểm tra hồ sơ: 03 ngày làm việc, kể từ",ĐỊA CHẤT VÀ KHOÁNG SẢN,modified,Sửa đổi/bổ sung,province,2026-02-12,not_in_current_master,https://cathai.haiphong.gov.vn/linh-vuc-dia-chat-va-khoang-san/quyet-dinh-so-617-qd-ubnd-ngay-12-2-2026-cua-ubnd-thanh-pho-hai-phong-v-v-cong-khai-danh-muc-thu-862042,https://cdn.haiphong.gov.vn/gov-hpg/5889/tintuc/2026/2/quyet-dinh-2026-cong-bo-thu-tuc-hanh-chinh-linh-vuc-ks..signed639076110873998711.pdf,6b64ee9c33058aefc8eb241bdbeff1159a49008fcdcdc0ea43d9765c68100d59,"04/2026/TT- BNNMT ngày 16/01/2026. 3 1.014262 Cấp lại giấy phép thăm dò khoáng sản - Thời hạn tiếp nhận và kiểm tra hồ sơ: 03 ngày làm việc, kể từ - Thời hạn tiếp nhận và kiểm tra hồ sơ: 03 ngày làm việc, kể từ - Trung tâm Phục v ụ hành chính Không quy định x - Luật Địa chất và Khoáng sản. - Luật s ửa đ ổi,"
2026-02-12,617/QĐ-UBND,1.014263,"Gia hạn giấy phép thăm dò khoáng sản - Thời hạn tiếp nhận và kiểm tra hồ sơ: 03 ngày làm việc, kể từ khi nhận hồ sơ; Thời hạn thẩm định hồ sơ: 16 ngày làm việc, kể từ ngày nhận được hồ sơ đáp ứng quy đ ịnh (trường h ợp h ồ",ĐỊA CHẤT VÀ KHOÁNG SẢN,modified,Sửa đổi/bổ sung,province,2026-02-12,not_in_current_master,https://cathai.haiphong.gov.vn/linh-vuc-dia-chat-va-khoang-san/quyet-dinh-so-617-qd-ubnd-ngay-12-2-2026-cua-ubnd-thanh-pho-hai-phong-v-v-cong-khai-danh-muc-thu-862042,https://cdn.haiphong.gov.vn/gov-hpg/5889/tintuc/2026/2/quyet-dinh-2026-cong-bo-thu-tuc-hanh-chinh-linh-vuc-ks..signed639076110873998711.pdf,6b64ee9c33058aefc8eb241bdbeff1159a49008fcdcdc0ea43d9765c68100d59,"ngày nhận được kết qu ả giải quyết. 4 1.014263 Gia hạn giấy phép thăm dò khoáng sản - Thời hạn tiếp nhận và kiểm tra hồ sơ: 03 ngày làm việc, kể từ khi nhận hồ sơ; Thời hạn thẩm định hồ sơ: 16 ngày làm việc, kể từ ngày nhận được hồ sơ đáp ứng quy đ ịnh (trường h ợp h ồ sơ c ần ch ỉnh sửa, b ổ sung,"
2026-02-12,617/QĐ-UBND,1.014264,"Điều ch ỉnh giấy phép thăm dò khoáng sản - Trường hợp thay đổi tên tổ chức, cá nhân thăm dò khoáng sản - Trường hợp thay đổi tên tổ chức, cá nhân thăm dò khoáng sản",ĐỊA CHẤT VÀ KHOÁNG SẢN,modified,Sửa đổi/bổ sung,province,2026-02-12,not_in_current_master,https://cathai.haiphong.gov.vn/linh-vuc-dia-chat-va-khoang-san/quyet-dinh-so-617-qd-ubnd-ngay-12-2-2026-cua-ubnd-thanh-pho-hai-phong-v-v-cong-khai-danh-muc-thu-862042,https://cdn.haiphong.gov.vn/gov-hpg/5889/tintuc/2026/2/quyet-dinh-2026-cong-bo-thu-tuc-hanh-chinh-linh-vuc-ks..signed639076110873998711.pdf,6b64ee9c33058aefc8eb241bdbeff1159a49008fcdcdc0ea43d9765c68100d59,"37/2025/TT- BNNMT ngày 02/7/2025. 5 1.014264 Điều ch ỉnh giấy phép thăm dò khoáng sản - Trường hợp thay đổi tên tổ chức, cá nhân thăm dò khoáng sản - Trường hợp thay đổi tên tổ chức, cá nhân thăm dò khoáng sản - Trung tâm Phục v ụ hành chính công thành"
2026-02-12,617/QĐ-UBND,1.014265,"Cấp lại giấy phép khai thác khoáng sản (1) Trường hợp tổ chức, cá nhân đề nghị cấp lại giấy phép khai thác khoáng sản nhóm II; gi ấy phép khai thác khoáng s ản nhóm III (tr ừ trường h ợp c ấp lại gi ấy phép khai thác",ĐỊA CHẤT VÀ KHOÁNG SẢN,modified,Sửa đổi/bổ sung,province,2026-02-12,not_in_current_master,https://cathai.haiphong.gov.vn/linh-vuc-dia-chat-va-khoang-san/quyet-dinh-so-617-qd-ubnd-ngay-12-2-2026-cua-ubnd-thanh-pho-hai-phong-v-v-cong-khai-danh-muc-thu-862042,https://cdn.haiphong.gov.vn/gov-hpg/5889/tintuc/2026/2/quyet-dinh-2026-cong-bo-thu-tuc-hanh-chinh-linh-vuc-ks..signed639076110873998711.pdf,6b64ee9c33058aefc8eb241bdbeff1159a49008fcdcdc0ea43d9765c68100d59,"trình Một phần 10 1.014265 Cấp lại giấy phép khai thác khoáng sản (1) Trường hợp tổ chức, cá nhân đề nghị cấp lại giấy phép khai thác khoáng sản nhóm II; gi ấy phép khai thác khoáng s ản nhóm III (tr ừ trường h ợp c ấp lại gi ấy phép khai thác khoáng s ản nhóm III làm"
2026-02-12,617/QĐ-UBND,1.014266,"Gia hạn giấy phép khai thác khoáng sản (1) Trường hợp tổ chức, cá nhân đề nghị gia hạn giấy phép khai thác khoáng sản nhóm II; giấy phép khai thác khoáng sản nhóm III; giấy phép khai thác khoáng s ản nhóm I t ại khu",ĐỊA CHẤT VÀ KHOÁNG SẢN,modified,Sửa đổi/bổ sung,province,2026-02-12,not_in_current_master,https://cathai.haiphong.gov.vn/linh-vuc-dia-chat-va-khoang-san/quyet-dinh-so-617-qd-ubnd-ngay-12-2-2026-cua-ubnd-thanh-pho-hai-phong-v-v-cong-khai-danh-muc-thu-862042,https://cdn.haiphong.gov.vn/gov-hpg/5889/tintuc/2026/2/quyet-dinh-2026-cong-bo-thu-tuc-hanh-chinh-linh-vuc-ks..signed639076110873998711.pdf,6b64ee9c33058aefc8eb241bdbeff1159a49008fcdcdc0ea43d9765c68100d59,"việc, kể từ ngày nhận được hồ sơ trình phê duyệt. 11 1.014266 Gia hạn giấy phép khai thác khoáng sản (1) Trường hợp tổ chức, cá nhân đề nghị gia hạn giấy phép khai thác khoáng sản nhóm II; giấy phép khai thác khoáng sản nhóm III; giấy phép khai thác khoáng s ản nhóm I t ại khu vực có khoáng sản phân tán,"
2026-02-12,617/QĐ-UBND,1.014267,"Điều ch ỉnh giấy phép khai thác khoáng sản (1) Trường hợp tổ chức, cá nhân được cấp giấy phép khai thác khoáng sản nhóm II; gi ấy phép khai thác khoáng s ản nhóm III; gi ấy phép khai thác khoáng sản nhóm I tại khu",ĐỊA CHẤT VÀ KHOÁNG SẢN,modified,Sửa đổi/bổ sung,province,2026-02-12,not_in_current_master,https://cathai.haiphong.gov.vn/linh-vuc-dia-chat-va-khoang-san/quyet-dinh-so-617-qd-ubnd-ngay-12-2-2026-cua-ubnd-thanh-pho-hai-phong-v-v-cong-khai-danh-muc-thu-862042,https://cdn.haiphong.gov.vn/gov-hpg/5889/tintuc/2026/2/quyet-dinh-2026-cong-bo-thu-tuc-hanh-chinh-linh-vuc-ks..signed639076110873998711.pdf,6b64ee9c33058aefc8eb241bdbeff1159a49008fcdcdc0ea43d9765c68100d59,"Chủ tịch Ủy ban nhân dân c ấp tỉnh. 12 1.014267 Điều ch ỉnh giấy phép khai thác khoáng sản (1) Trường hợp tổ chức, cá nhân được cấp giấy phép khai thác khoáng sản nhóm II; gi ấy phép khai thác khoáng s ản nhóm III; gi ấy phép khai thác khoáng sản nhóm I tại khu vực có khoáng (1) Trường hợp"
2026-02-12,617/QĐ-UBND,1.014268,"Trả lại giấy phép thăm dò khoáng sản - Thời hạn tiếp nhận và kiểm tra hồ sơ: 03 ngày làm việc, kể từ khi nhận hồ sơ. - Thời hạn thẩm định hồ sơ: 16 ngày làm việc, kể từ ngày nhận được hồ sơ đáp ứng quy đ ịnh (trường h ợp h ồ",ĐỊA CHẤT VÀ KHOÁNG SẢN,modified,Sửa đổi/bổ sung,province,2026-02-12,not_in_current_master,https://cathai.haiphong.gov.vn/linh-vuc-dia-chat-va-khoang-san/quyet-dinh-so-617-qd-ubnd-ngay-12-2-2026-cua-ubnd-thanh-pho-hai-phong-v-v-cong-khai-danh-muc-thu-862042,https://cdn.haiphong.gov.vn/gov-hpg/5889/tintuc/2026/2/quyet-dinh-2026-cong-bo-thu-tuc-hanh-chinh-linh-vuc-ks..signed639076110873998711.pdf,6b64ee9c33058aefc8eb241bdbeff1159a49008fcdcdc0ea43d9765c68100d59,"ngày nhận được kết quả giải quyết. 6 1.014268 Trả lại giấy phép thăm dò khoáng sản - Thời hạn tiếp nhận và kiểm tra hồ sơ: 03 ngày làm việc, kể từ khi nhận hồ sơ. - Thời hạn thẩm định hồ sơ: 16 ngày làm việc, kể từ ngày nhận được hồ sơ đáp ứng quy đ ịnh (trường h ợp h ồ sơ c ần ch ỉnh sửa, b ổ sung,"
2026-02-12,617/QĐ-UBND,1.014269,"Trả lại gi ấy phép khai thác khoáng sản (1) Trường h ợp tổ chức, cá nhân đề nghị trả lại giấy phép khai thác khoáng sản nhóm II; giấy phép khai thác khoáng sản nhóm III; giấy phép khai thác khoáng s ản nhóm I t ại khu",ĐỊA CHẤT VÀ KHOÁNG SẢN,modified,Sửa đổi/bổ sung,province,2026-02-12,not_in_current_master,https://cathai.haiphong.gov.vn/linh-vuc-dia-chat-va-khoang-san/quyet-dinh-so-617-qd-ubnd-ngay-12-2-2026-cua-ubnd-thanh-pho-hai-phong-v-v-cong-khai-danh-muc-thu-862042,https://cdn.haiphong.gov.vn/gov-hpg/5889/tintuc/2026/2/quyet-dinh-2026-cong-bo-thu-tuc-hanh-chinh-linh-vuc-ks..signed639076110873998711.pdf,6b64ee9c33058aefc8eb241bdbeff1159a49008fcdcdc0ea43d9765c68100d59,"trình Một phần 13 1.014269 Trả lại gi ấy phép khai thác khoáng sản (1) Trường h ợp tổ chức, cá nhân đề nghị trả lại giấy phép khai thác khoáng sản nhóm II; giấy phép khai thác khoáng sản nhóm III; giấy phép khai thác khoáng s ản nhóm I t ại khu vực có khoáng sản phân tán,"
2026-02-12,617/QĐ-UBND,1.014270,"Chuyển nhượng quyền khai thác khoáng sản - Thời hạn tiếp nhận và kiểm tra hồ sơ: 03 ngày làm việc, kể từ khi nhận hồ sơ. - Thời hạn thẩm định hồ sơ: 24 ngày làm việc, kể từ ngày nhận được hồ sơ đáp ứng quy đ ịnh",ĐỊA CHẤT VÀ KHOÁNG SẢN,modified,Sửa đổi/bổ sung,province,2026-02-12,not_in_current_master,https://cathai.haiphong.gov.vn/linh-vuc-dia-chat-va-khoang-san/quyet-dinh-so-617-qd-ubnd-ngay-12-2-2026-cua-ubnd-thanh-pho-hai-phong-v-v-cong-khai-danh-muc-thu-862042,https://cdn.haiphong.gov.vn/gov-hpg/5889/tintuc/2026/2/quyet-dinh-2026-cong-bo-thu-tuc-hanh-chinh-linh-vuc-ks..signed639076110873998711.pdf,6b64ee9c33058aefc8eb241bdbeff1159a49008fcdcdc0ea43d9765c68100d59,"trình Một phần 14 1.014270 Chuyển nhượng quyền khai thác khoáng sản - Thời hạn tiếp nhận và kiểm tra hồ sơ: 03 ngày làm việc, kể từ khi nhận hồ sơ. - Thời hạn thẩm định hồ sơ: 24 ngày làm việc, kể từ ngày nhận được hồ sơ đáp ứng quy đ ịnh (trường h ợp h ồ sơ c ần ch ỉnh"
2026-02-12,617/QĐ-UBND,1.014271,"Chuyển nhượng quyền thăm dò khoáng sản - Thời hạn tiếp nhận và kiểm tra hồ sơ: 03 ngày làm việc, kể từ khi nhận hồ sơ. - Thời hạn thẩm định hồ sơ: 16 ngày làm việc, kể từ ngày nhận được hồ sơ đáp - Thời hạn tiếp",ĐỊA CHẤT VÀ KHOÁNG SẢN,modified,Sửa đổi/bổ sung,province,2026-02-12,not_in_current_master,https://cathai.haiphong.gov.vn/linh-vuc-dia-chat-va-khoang-san/quyet-dinh-so-617-qd-ubnd-ngay-12-2-2026-cua-ubnd-thanh-pho-hai-phong-v-v-cong-khai-danh-muc-thu-862042,https://cdn.haiphong.gov.vn/gov-hpg/5889/tintuc/2026/2/quyet-dinh-2026-cong-bo-thu-tuc-hanh-chinh-linh-vuc-ks..signed639076110873998711.pdf,6b64ee9c33058aefc8eb241bdbeff1159a49008fcdcdc0ea43d9765c68100d59,"ngày nhận được kết quả giải quyết. 7 1.014271 Chuyển nhượng quyền thăm dò khoáng sản - Thời hạn tiếp nhận và kiểm tra hồ sơ: 03 ngày làm việc, kể từ khi nhận hồ sơ. - Thời hạn thẩm định hồ sơ: 16 ngày làm việc, kể từ ngày nhận được hồ sơ đáp - Thời hạn tiếp nhận và kiểm tra hồ sơ: 03 ngày"
2026-02-12,617/QĐ-UBND,1.014272,"Cấp đổi giấy phép khai thác khoáng sản (1) Trường hợp tổ chức, cá nhân đề nghị cấp đổi giấy phép khai thác khoáng sản đối v ới gi ấy phép khai thác khoáng s ản được c ấp trư ớc ngày 01/01/2026 và nội dung gi ấy",ĐỊA CHẤT VÀ KHOÁNG SẢN,modified,Sửa đổi/bổ sung,province,2026-02-12,not_in_current_master,https://cathai.haiphong.gov.vn/linh-vuc-dia-chat-va-khoang-san/quyet-dinh-so-617-qd-ubnd-ngay-12-2-2026-cua-ubnd-thanh-pho-hai-phong-v-v-cong-khai-danh-muc-thu-862042,https://cdn.haiphong.gov.vn/gov-hpg/5889/tintuc/2026/2/quyet-dinh-2026-cong-bo-thu-tuc-hanh-chinh-linh-vuc-ks..signed639076110873998711.pdf,6b64ee9c33058aefc8eb241bdbeff1159a49008fcdcdc0ea43d9765c68100d59,"mức thu là 30.000.000 đồng/01 giấy phép 15 1.014272 Cấp đổi giấy phép khai thác khoáng sản (1) Trường hợp tổ chức, cá nhân đề nghị cấp đổi giấy phép khai thác khoáng sản đối v ới gi ấy phép khai thác khoáng s ản được c ấp trư ớc ngày 01/01/2026 và nội dung gi ấy phép khai thác khoáng s ản"
2026-02-12,617/QĐ-UBND,1.014273,"Thăm dò bổ sung để nâng cấp tài nguyên, tr ữ lượng khoáng sản - Thời hạn thẩm định h ồ sơ: 19 ngày làm việc, kể từ ngày ti ếp nhận h ồ sơ (trường h ợp đ ề án thăm dò c ần chỉnh s ửa, b ổ sung thì th ời hạn gi ải quy ết",ĐỊA CHẤT VÀ KHOÁNG SẢN,modified,Sửa đổi/bổ sung,province,2026-02-12,not_in_current_master,https://cathai.haiphong.gov.vn/linh-vuc-dia-chat-va-khoang-san/quyet-dinh-so-617-qd-ubnd-ngay-12-2-2026-cua-ubnd-thanh-pho-hai-phong-v-v-cong-khai-danh-muc-thu-862042,https://cdn.haiphong.gov.vn/gov-hpg/5889/tintuc/2026/2/quyet-dinh-2026-cong-bo-thu-tuc-hanh-chinh-linh-vuc-ks..signed639076110873998711.pdf,6b64ee9c33058aefc8eb241bdbeff1159a49008fcdcdc0ea43d9765c68100d59,"trình Một phần 8 1.014273 Thăm dò bổ sung để nâng cấp tài nguyên, tr ữ lượng khoáng sản - Thời hạn thẩm định h ồ sơ: 19 ngày làm việc, kể từ ngày ti ếp nhận h ồ sơ (trường h ợp đ ề án thăm dò c ần chỉnh s ửa, b ổ sung thì th ời hạn gi ải quy ết tăng thêm 05 ngày làm việc)"
2026-02-12,617/QĐ-UBND,1.014274,"Phê duyệt đề án đóng c ửa mỏ khoáng sản - Thời hạn tiếp nhận và kiểm tra hồ sơ: 03 ngày làm việc, kể từ khi nhận hồ sơ. - Thời hạn thẩm định h ồ sơ: 50 ngày, kể từ ngày nhận đư ợc h ồ sơ đáp ứng quy - Thời hạn tiếp nhận và kiểm tra",ĐỊA CHẤT VÀ KHOÁNG SẢN,modified,Sửa đổi/bổ sung,province,2026-02-12,not_in_current_master,https://cathai.haiphong.gov.vn/linh-vuc-dia-chat-va-khoang-san/quyet-dinh-so-617-qd-ubnd-ngay-12-2-2026-cua-ubnd-thanh-pho-hai-phong-v-v-cong-khai-danh-muc-thu-862042,https://cdn.haiphong.gov.vn/gov-hpg/5889/tintuc/2026/2/quyet-dinh-2026-cong-bo-thu-tuc-hanh-chinh-linh-vuc-ks..signed639076110873998711.pdf,6b64ee9c33058aefc8eb241bdbeff1159a49008fcdcdc0ea43d9765c68100d59,"nhận đư ợc hồ sơ trình phê duyệt. 17 1.014274 Phê duyệt đề án đóng c ửa mỏ khoáng sản - Thời hạn tiếp nhận và kiểm tra hồ sơ: 03 ngày làm việc, kể từ khi nhận hồ sơ. - Thời hạn thẩm định h ồ sơ: 50 ngày, kể từ ngày nhận đư ợc h ồ sơ đáp ứng quy - Thời hạn tiếp nhận và kiểm tra hồ sơ: 03 ngày làm việc, kể từ"
2026-02-12,617/QĐ-UBND,1.014276,"Điều chỉnh nội dung đ ề án đóng c ửa mỏ khoáng sản đã đư ợc phê duyệt - Thời hạn tiếp nhận và kiểm tra hồ sơ: 03 ngày làm việc, kể từ khi nhận hồ sơ. - Thời hạn thẩm định h ồ sơ: 50 ngày, kể từ ngày nhận đư ợc h ồ sơ đáp ứng quy",ĐỊA CHẤT VÀ KHOÁNG SẢN,modified,Sửa đổi/bổ sung,province,2026-02-12,not_in_current_master,https://cathai.haiphong.gov.vn/linh-vuc-dia-chat-va-khoang-san/quyet-dinh-so-617-qd-ubnd-ngay-12-2-2026-cua-ubnd-thanh-pho-hai-phong-v-v-cong-khai-danh-muc-thu-862042,https://cdn.haiphong.gov.vn/gov-hpg/5889/tintuc/2026/2/quyet-dinh-2026-cong-bo-thu-tuc-hanh-chinh-linh-vuc-ks..signed639076110873998711.pdf,6b64ee9c33058aefc8eb241bdbeff1159a49008fcdcdc0ea43d9765c68100d59,"quyết. kết quả giải quyết. 18 1.014276 Điều chỉnh nội dung đ ề án đóng c ửa mỏ khoáng sản đã đư ợc phê duyệt - Thời hạn tiếp nhận và kiểm tra hồ sơ: 03 ngày làm việc, kể từ khi nhận hồ sơ. - Thời hạn thẩm định h ồ sơ: 50 ngày, kể từ ngày nhận đư ợc h ồ sơ đáp ứng quy định (trư ờng hợp h ồ sơ c ần"
2026-02-12,617/QĐ-UBND,1.014277,"Chấp thu ận phương án đóng c ửa mỏ khoáng sản - Thời hạn tiếp nhận và kiểm tra hồ sơ: 03 ngày làm việc, kể từ khi nhận hồ sơ. - Thời hạn thẩm định h ồ sơ: 16 ngày làm vi ệc, kể từ ngày có phiếu ti ếp nh ận hồ sơ (trường",ĐỊA CHẤT VÀ KHOÁNG SẢN,modified,Sửa đổi/bổ sung,province,2026-02-12,not_in_current_master,https://cathai.haiphong.gov.vn/linh-vuc-dia-chat-va-khoang-san/quyet-dinh-so-617-qd-ubnd-ngay-12-2-2026-cua-ubnd-thanh-pho-hai-phong-v-v-cong-khai-danh-muc-thu-862042,https://cdn.haiphong.gov.vn/gov-hpg/5889/tintuc/2026/2/quyet-dinh-2026-cong-bo-thu-tuc-hanh-chinh-linh-vuc-ks..signed639076110873998711.pdf,6b64ee9c33058aefc8eb241bdbeff1159a49008fcdcdc0ea43d9765c68100d59,"04/2026/TT- BNNMT ngày 16/01/2026. 19 1.014277 Chấp thu ận phương án đóng c ửa mỏ khoáng sản - Thời hạn tiếp nhận và kiểm tra hồ sơ: 03 ngày làm việc, kể từ khi nhận hồ sơ. - Thời hạn thẩm định h ồ sơ: 16 ngày làm vi ệc, kể từ ngày có phiếu ti ếp nh ận hồ sơ (trường - Thời hạn tiếp nhận và kiểm tra"
2026-02-12,617/QĐ-UBND,1.014278,"Quyết định đóng cửa mỏ khoáng sản (1) Trường hợp ban hành quyết định đóng cửa mỏ khoáng sản sau khi tổ chức, cá nhân hoàn thành các hạng mục và khối lượng công việc theo đề án đóng cửa mỏ khoáng sản được phê duyệt hoặc",ĐỊA CHẤT VÀ KHOÁNG SẢN,modified,Sửa đổi/bổ sung,province,2026-02-12,not_in_current_master,https://cathai.haiphong.gov.vn/linh-vuc-dia-chat-va-khoang-san/quyet-dinh-so-617-qd-ubnd-ngay-12-2-2026-cua-ubnd-thanh-pho-hai-phong-v-v-cong-khai-danh-muc-thu-862042,https://cdn.haiphong.gov.vn/gov-hpg/5889/tintuc/2026/2/quyet-dinh-2026-cong-bo-thu-tuc-hanh-chinh-linh-vuc-ks..signed639076110873998711.pdf,6b64ee9c33058aefc8eb241bdbeff1159a49008fcdcdc0ea43d9765c68100d59,"trình Một phần 20 1.014278 Quyết định đóng cửa mỏ khoáng sản (1) Trường hợp ban hành quyết định đóng cửa mỏ khoáng sản sau khi tổ chức, cá nhân hoàn thành các hạng mục và khối lượng công việc theo đề án đóng cửa mỏ khoáng sản được phê duyệt hoặc phương án đóng cửa mỏ khoáng"
2026-02-12,617/QĐ-UBND,1.014279,"Cấp gi ấy phép khai thác t ận thu khoáng sản - Thời hạn tiếp nhận và kiểm tra hồ sơ: 03 ngày làm việc, kể từ khi nhận hồ sơ. - Thời hạn thẩm định hồ sơ: 16 ngày làm việc, kể từ ngày nhận được hồ sơ đáp ứng quy đ ịnh (trường h ợp h ồ",ĐỊA CHẤT VÀ KHOÁNG SẢN,modified,Sửa đổi/bổ sung,province,2026-02-12,not_in_current_master,https://cathai.haiphong.gov.vn/linh-vuc-dia-chat-va-khoang-san/quyet-dinh-so-617-qd-ubnd-ngay-12-2-2026-cua-ubnd-thanh-pho-hai-phong-v-v-cong-khai-danh-muc-thu-862042,https://cdn.haiphong.gov.vn/gov-hpg/5889/tintuc/2026/2/quyet-dinh-2026-cong-bo-thu-tuc-hanh-chinh-linh-vuc-ks..signed639076110873998711.pdf,6b64ee9c33058aefc8eb241bdbeff1159a49008fcdcdc0ea43d9765c68100d59,"04/2026/TT- BNNMT ngày 16/01/2026. 24 1.014279 Cấp gi ấy phép khai thác t ận thu khoáng sản - Thời hạn tiếp nhận và kiểm tra hồ sơ: 03 ngày làm việc, kể từ khi nhận hồ sơ. - Thời hạn thẩm định hồ sơ: 16 ngày làm việc, kể từ ngày nhận được hồ sơ đáp ứng quy đ ịnh (trường h ợp h ồ sơ c ần ch ỉnh sửa, b ổ sung,"
2026-02-12,617/QĐ-UBND,1.014280,"Gia hạn giấy phép khai thác t ận thu khoáng sản - Thời hạn tiếp nhận và kiểm tra hồ sơ: 03 ngày làm việc, kể từ khi nhận hồ sơ. - Thời hạn thẩm định hồ sơ: 08 ngày làm việc, kể từ ngày nhận - Thời hạn tiếp nhận và kiểm tra",ĐỊA CHẤT VÀ KHOÁNG SẢN,modified,Sửa đổi/bổ sung,province,2026-02-12,not_in_current_master,https://cathai.haiphong.gov.vn/linh-vuc-dia-chat-va-khoang-san/quyet-dinh-so-617-qd-ubnd-ngay-12-2-2026-cua-ubnd-thanh-pho-hai-phong-v-v-cong-khai-danh-muc-thu-862042,https://cdn.haiphong.gov.vn/gov-hpg/5889/tintuc/2026/2/quyet-dinh-2026-cong-bo-thu-tuc-hanh-chinh-linh-vuc-ks..signed639076110873998711.pdf,6b64ee9c33058aefc8eb241bdbeff1159a49008fcdcdc0ea43d9765c68100d59,"04/2026/TT- BNNMT ngày 16/01/2026. 25 1.014280 Gia hạn giấy phép khai thác t ận thu khoáng sản - Thời hạn tiếp nhận và kiểm tra hồ sơ: 03 ngày làm việc, kể từ khi nhận hồ sơ. - Thời hạn thẩm định hồ sơ: 08 ngày làm việc, kể từ ngày nhận - Thời hạn tiếp nhận và kiểm tra hồ sơ: 03 ngày làm việc, kể từ khi nhận hồ sơ."
2026-02-12,617/QĐ-UBND,1.014281,"Điều ch ỉnh giấy phép khai thác tận thu khoáng sản (1) Trường h ợp tổ chức, cá nhân khai thác t ận thu khoáng s ản đề nghị điều chỉnh một trong các n ội dung: điều ch ỉnh kh ối lượng khoáng sản; tăng ho ặc giảm công su ất",ĐỊA CHẤT VÀ KHOÁNG SẢN,modified,Sửa đổi/bổ sung,province,2026-02-12,not_in_current_master,https://cathai.haiphong.gov.vn/linh-vuc-dia-chat-va-khoang-san/quyet-dinh-so-617-qd-ubnd-ngay-12-2-2026-cua-ubnd-thanh-pho-hai-phong-v-v-cong-khai-danh-muc-thu-862042,https://cdn.haiphong.gov.vn/gov-hpg/5889/tintuc/2026/2/quyet-dinh-2026-cong-bo-thu-tuc-hanh-chinh-linh-vuc-ks..signed639076110873998711.pdf,6b64ee9c33058aefc8eb241bdbeff1159a49008fcdcdc0ea43d9765c68100d59,"trình Một phần 26 1.014281 Điều ch ỉnh giấy phép khai thác tận thu khoáng sản (1) Trường h ợp tổ chức, cá nhân khai thác t ận thu khoáng s ản đề nghị điều chỉnh một trong các n ội dung: điều ch ỉnh kh ối lượng khoáng sản; tăng ho ặc giảm công su ất khai thác; thay đổi tên t ổ chức,"
2026-02-12,617/QĐ-UBND,1.014282,"Trả lại gi ấy phép khai thác t ận thu khoáng sản - Thời hạn tiếp nhận và kiểm tra hồ sơ: 03 ngày làm việc, kể từ khi nhận hồ sơ. - Thời hạn thẩm định hồ sơ: 08 ngày làm việc, kể từ ngày nhận được hồ sơ đáp ứng quy đ ịnh (trường h ợp h ồ",ĐỊA CHẤT VÀ KHOÁNG SẢN,modified,Sửa đổi/bổ sung,province,2026-02-12,not_in_current_master,https://cathai.haiphong.gov.vn/linh-vuc-dia-chat-va-khoang-san/quyet-dinh-so-617-qd-ubnd-ngay-12-2-2026-cua-ubnd-thanh-pho-hai-phong-v-v-cong-khai-danh-muc-thu-862042,https://cdn.haiphong.gov.vn/gov-hpg/5889/tintuc/2026/2/quyet-dinh-2026-cong-bo-thu-tuc-hanh-chinh-linh-vuc-ks..signed639076110873998711.pdf,6b64ee9c33058aefc8eb241bdbeff1159a49008fcdcdc0ea43d9765c68100d59,"quyết. kết quả giải quyết. 27 1.014282 Trả lại gi ấy phép khai thác t ận thu khoáng sản - Thời hạn tiếp nhận và kiểm tra hồ sơ: 03 ngày làm việc, kể từ khi nhận hồ sơ. - Thời hạn thẩm định hồ sơ: 08 ngày làm việc, kể từ ngày nhận được hồ sơ đáp ứng quy đ ịnh (trường h ợp h ồ sơ c ần ch ỉnh sửa, b ổ sung,"
2026-02-12,617/QĐ-UBND,1.014283,"Chuyển nhượng quyền khai thác t ận thu khoáng sản - Thời hạn tiếp nhận và kiểm tra hồ sơ: 03 ngày làm việc, kể từ khi nhận hồ sơ. - Thời hạn thẩm định hồ sơ: 08 ngày làm việc, kể từ ngày nhận được hồ sơ đáp ứng quy đ ịnh",ĐỊA CHẤT VÀ KHOÁNG SẢN,modified,Sửa đổi/bổ sung,province,2026-02-12,not_in_current_master,https://cathai.haiphong.gov.vn/linh-vuc-dia-chat-va-khoang-san/quyet-dinh-so-617-qd-ubnd-ngay-12-2-2026-cua-ubnd-thanh-pho-hai-phong-v-v-cong-khai-danh-muc-thu-862042,https://cdn.haiphong.gov.vn/gov-hpg/5889/tintuc/2026/2/quyet-dinh-2026-cong-bo-thu-tuc-hanh-chinh-linh-vuc-ks..signed639076110873998711.pdf,6b64ee9c33058aefc8eb241bdbeff1159a49008fcdcdc0ea43d9765c68100d59,"04/2026/TT- BNNMT ngày 16/01/2026. 28 1.014283 Chuyển nhượng quyền khai thác t ận thu khoáng sản - Thời hạn tiếp nhận và kiểm tra hồ sơ: 03 ngày làm việc, kể từ khi nhận hồ sơ. - Thời hạn thẩm định hồ sơ: 08 ngày làm việc, kể từ ngày nhận được hồ sơ đáp ứng quy đ ịnh (trường h ợp h ồ sơ c ần ch ỉnh"
2026-02-12,617/QĐ-UBND,1.014285,"Cấp Giấy phép khai thác khoáng sản nhóm IV Điều 89 Nghị định số 193/2025/NĐ-CP ngày 02/7/2025 của Chính phủ được sửa đổi, bổ sung theo quy định tại Nghị định số 21/2026/NĐ-CP ngày 16/01/2026 của Chính phủ",ĐỊA CHẤT VÀ KHOÁNG SẢN,repealed,Bãi bỏ,province,2026-02-12,repealed,https://cathai.haiphong.gov.vn/linh-vuc-dia-chat-va-khoang-san/quyet-dinh-so-617-qd-ubnd-ngay-12-2-2026-cua-ubnd-thanh-pho-hai-phong-v-v-cong-khai-danh-muc-thu-862042,https://cdn.haiphong.gov.vn/gov-hpg/5889/tintuc/2026/2/quyet-dinh-2026-cong-bo-thu-tuc-hanh-chinh-linh-vuc-ks..signed639076110873998711.pdf,6b64ee9c33058aefc8eb241bdbeff1159a49008fcdcdc0ea43d9765c68100d59,"TTHC Tên thủ tục hành chính Tên VBQPPL quy định việc bãi bỏ thủ tục hành chính I LĨNH VỰC ĐỊA CHẤT VÀ KHOÁNG SẢN 1 1.014285 Cấp Giấy phép khai thác khoáng sản nhóm IV Điều 89 Nghị định số 193/2025/NĐ-CP ngày 02/7/2025 của Chính phủ được sửa đổi, bổ sung theo quy định tại Nghị định số 21/2026/NĐ-CP ngày 16/01/2026 của Chính phủ 2 1.014286 Gia hạn Giấy phép khai thác khoáng sản nhóm IV Điều 90 Nghị định số 193/2025/NĐ-CP ngày 02/7/2025 của Chính phủ được sửa đổi, bổ sung theo quy định tại Nghị địn"
2026-02-12,617/QĐ-UBND,1.014286,"Gia hạn Giấy phép khai thác khoáng sản nhóm IV Điều 90 Nghị định số 193/2025/NĐ-CP ngày 02/7/2025 của Chính phủ được sửa đổi, bổ sung theo quy định tại Nghị định số 21/2026/NĐ-CP ngày 16/01/2026 của Chính phủ",ĐỊA CHẤT VÀ KHOÁNG SẢN,repealed,Bãi bỏ,province,2026-02-12,repealed,https://cathai.haiphong.gov.vn/linh-vuc-dia-chat-va-khoang-san/quyet-dinh-so-617-qd-ubnd-ngay-12-2-2026-cua-ubnd-thanh-pho-hai-phong-v-v-cong-khai-danh-muc-thu-862042,https://cdn.haiphong.gov.vn/gov-hpg/5889/tintuc/2026/2/quyet-dinh-2026-cong-bo-thu-tuc-hanh-chinh-linh-vuc-ks..signed639076110873998711.pdf,6b64ee9c33058aefc8eb241bdbeff1159a49008fcdcdc0ea43d9765c68100d59,"Điều 89 Nghị định số 193/2025/NĐ-CP ngày 02/7/2025 của Chính phủ được sửa đổi, bổ sung theo quy định tại Nghị định số 21/2026/NĐ-CP ngày 16/01/2026 của Chính phủ 2 1.014286 Gia hạn Giấy phép khai thác khoáng sản nhóm IV Điều 90 Nghị định số 193/2025/NĐ-CP ngày 02/7/2025 của Chính phủ được sửa đổi, bổ sung theo quy định tại Nghị định số 21/2026/NĐ-CP ngày 16/01/2026 của Chính phủ 3 1.014287 Điều chỉnh Giấy phép khai thác khoáng sản nhóm IV Điều 91 Nghị định số 193/2025/NĐ-CP ngày 02/7/2025 của Ch"
2026-02-12,617/QĐ-UBND,1.014287,"Điều chỉnh Giấy phép khai thác khoáng sản nhóm IV Điều 91 Nghị định số 193/2025/NĐ-CP ngày 02/7/2025 của Chính phủ được sửa đổi, bổ sung theo quy định tại Nghị định số 21/2026/NĐ-CP ngày 16/01/2026 của Chính phủ",ĐỊA CHẤT VÀ KHOÁNG SẢN,repealed,Bãi bỏ,province,2026-02-12,repealed,https://cathai.haiphong.gov.vn/linh-vuc-dia-chat-va-khoang-san/quyet-dinh-so-617-qd-ubnd-ngay-12-2-2026-cua-ubnd-thanh-pho-hai-phong-v-v-cong-khai-danh-muc-thu-862042,https://cdn.haiphong.gov.vn/gov-hpg/5889/tintuc/2026/2/quyet-dinh-2026-cong-bo-thu-tuc-hanh-chinh-linh-vuc-ks..signed639076110873998711.pdf,6b64ee9c33058aefc8eb241bdbeff1159a49008fcdcdc0ea43d9765c68100d59,"Điều 90 Nghị định số 193/2025/NĐ-CP ngày 02/7/2025 của Chính phủ được sửa đổi, bổ sung theo quy định tại Nghị định số 21/2026/NĐ-CP ngày 16/01/2026 của Chính phủ 3 1.014287 Điều chỉnh Giấy phép khai thác khoáng sản nhóm IV Điều 91 Nghị định số 193/2025/NĐ-CP ngày 02/7/2025 của Chính phủ được sửa đổi, bổ sung theo quy định tại Nghị định số 21/2026/NĐ-CP ngày 16/01/2026 của Chính phủ 4 1.014288 Trả lại Giấy phép khai thác khoáng sản nhóm IV Điều 92 Nghị định số 193/2025/NĐ-CP ngày 02/7/2025 của Ch"
2026-02-12,617/QĐ-UBND,1.014288,"Trả lại Giấy phép khai thác khoáng sản nhóm IV Điều 92 Nghị định số 193/2025/NĐ-CP ngày 02/7/2025 của Chính phủ được sửa đổi, bổ sung theo quy định tại Nghị định số 21/2026/NĐ-CP ngày 16/01/2026 của Chính phủ",ĐỊA CHẤT VÀ KHOÁNG SẢN,repealed,Bãi bỏ,province,2026-02-12,repealed,https://cathai.haiphong.gov.vn/linh-vuc-dia-chat-va-khoang-san/quyet-dinh-so-617-qd-ubnd-ngay-12-2-2026-cua-ubnd-thanh-pho-hai-phong-v-v-cong-khai-danh-muc-thu-862042,https://cdn.haiphong.gov.vn/gov-hpg/5889/tintuc/2026/2/quyet-dinh-2026-cong-bo-thu-tuc-hanh-chinh-linh-vuc-ks..signed639076110873998711.pdf,6b64ee9c33058aefc8eb241bdbeff1159a49008fcdcdc0ea43d9765c68100d59,"Điều 91 Nghị định số 193/2025/NĐ-CP ngày 02/7/2025 của Chính phủ được sửa đổi, bổ sung theo quy định tại Nghị định số 21/2026/NĐ-CP ngày 16/01/2026 của Chính phủ 4 1.014288 Trả lại Giấy phép khai thác khoáng sản nhóm IV Điều 92 Nghị định số 193/2025/NĐ-CP ngày 02/7/2025 của Chính phủ được sửa đổi, bổ sung theo quy định tại Nghị định số 21/2026/NĐ-CP ngày 16/01/2026 của Chính phủ 5 1.014293 Trả lại Giấy phép khai thác khoáng sản nhóm IV Chấp thu ận khai thác khoáng s ản t ại khu vực cấm hoạt động"
2026-02-12,617/QĐ-UBND,1.014289,"Chấp thuận khảo sát, đánh giá thông tin chung đối",ĐỊA CHẤT VÀ KHOÁNG SẢN,modified,Sửa đổi/bổ sung,province,2026-02-12,not_in_current_master,https://cathai.haiphong.gov.vn/linh-vuc-dia-chat-va-khoang-san/quyet-dinh-so-617-qd-ubnd-ngay-12-2-2026-cua-ubnd-thanh-pho-hai-phong-v-v-cong-khai-danh-muc-thu-862042,https://cdn.haiphong.gov.vn/gov-hpg/5889/tintuc/2026/2/quyet-dinh-2026-cong-bo-thu-tuc-hanh-chinh-linh-vuc-ks..signed639076110873998711.pdf,6b64ee9c33058aefc8eb241bdbeff1159a49008fcdcdc0ea43d9765c68100d59,"ngày nhận được kết quả giải quyết. 30 1.014289 Chấp thuận khảo sát, đánh giá thông tin chung đối 09 ngày làm việc k ể từ ngày tiếp nhận hồ sơ (không tính thời gian tổ chức, cá 4,5 ngày làm việc k ể từ ngày tiếp nhận hồ sơ (không tính thời gian tổ chức, cá - Trung tâm Phục v ụ hành chính"
2026-02-12,617/QĐ-UBND,1.014290,"Xác nh ận kết quả khảo sát, đánh giá thông tin chung đ ối với khoáng sản nhóm IV - Thời hạn thẩm định h ồ sơ: 08 ngày làm vi ệc, kể từ ngày ti ếp nhận hồ sơ (thời gian lấy ý ki ến chuyên gia, cơ - Thời hạn thẩm định h ồ sơ: 07",ĐỊA CHẤT VÀ KHOÁNG SẢN,modified,Sửa đổi/bổ sung,province,2026-02-12,not_in_current_master,https://cathai.haiphong.gov.vn/linh-vuc-dia-chat-va-khoang-san/quyet-dinh-so-617-qd-ubnd-ngay-12-2-2026-cua-ubnd-thanh-pho-hai-phong-v-v-cong-khai-danh-muc-thu-862042,https://cdn.haiphong.gov.vn/gov-hpg/5889/tintuc/2026/2/quyet-dinh-2026-cong-bo-thu-tuc-hanh-chinh-linh-vuc-ks..signed639076110873998711.pdf,6b64ee9c33058aefc8eb241bdbeff1159a49008fcdcdc0ea43d9765c68100d59,"04/2026/TT- BNNMT ngày 16/01/2026. 31 1.014290 Xác nh ận kết quả khảo sát, đánh giá thông tin chung đ ối với khoáng sản nhóm IV - Thời hạn thẩm định h ồ sơ: 08 ngày làm vi ệc, kể từ ngày ti ếp nhận hồ sơ (thời gian lấy ý ki ến chuyên gia, cơ - Thời hạn thẩm định h ồ sơ: 07 ngày làm vi ệc, kể từ ngày ti ếp"
2026-02-12,617/QĐ-UBND,1.014291,Bổ sung khối lư ợng công tác thăm dò khi giấy phép thăm dò khoáng s ản đã h ết th ời hạn,ĐỊA CHẤT VÀ KHOÁNG SẢN,modified,Sửa đổi/bổ sung,province,2026-02-12,current,https://cathai.haiphong.gov.vn/linh-vuc-dia-chat-va-khoang-san/quyet-dinh-so-617-qd-ubnd-ngay-12-2-2026-cua-ubnd-thanh-pho-hai-phong-v-v-cong-khai-danh-muc-thu-862042,https://cdn.haiphong.gov.vn/gov-hpg/5889/tintuc/2026/2/quyet-dinh-2026-cong-bo-thu-tuc-hanh-chinh-linh-vuc-ks..signed639076110873998711.pdf,6b64ee9c33058aefc8eb241bdbeff1159a49008fcdcdc0ea43d9765c68100d59,khoáng s ản trước ngày 31/12/2026. 22 1.014291 Bổ sung khối lư ợng công tác thăm dò khi giấy phép thăm dò khoáng s ản đã h ết th ời hạn 12 ngày làm việc kể từ ngày tiếp nhận hồ sơ 10 ngày làm việc kể từ ngày tiếp nhận hồ sơ - Trung tâm Phục v ụ hành chính
2026-02-12,617/QĐ-UBND,1.014292,"Chấp thu ận thăm dò, khai thác khoáng s ản",ĐỊA CHẤT VÀ KHOÁNG SẢN,modified,Sửa đổi/bổ sung,province,2026-02-12,not_in_current_master,https://cathai.haiphong.gov.vn/linh-vuc-dia-chat-va-khoang-san/quyet-dinh-so-617-qd-ubnd-ngay-12-2-2026-cua-ubnd-thanh-pho-hai-phong-v-v-cong-khai-danh-muc-thu-862042,https://cdn.haiphong.gov.vn/gov-hpg/5889/tintuc/2026/2/quyet-dinh-2026-cong-bo-thu-tuc-hanh-chinh-linh-vuc-ks..signed639076110873998711.pdf,6b64ee9c33058aefc8eb241bdbeff1159a49008fcdcdc0ea43d9765c68100d59,"38/2025/TT- BNNMT ngày 02/7/2025. 23 1.014292 Chấp thu ận thăm dò, khai thác khoáng s ản tại khu v ực cấm ho ạt động khoáng s ản, khu vực tạm thời c ấm hoạt đ ộng khoáng sản - Thời h ạn tiếp nhận, thẩm định hồ sơ: 32 ngày làm vi ệc, k ể từ ngày nhận được hồ sơ đ ề nghị"
2026-02-12,617/QĐ-UBND,1.014293,"Trả lại Giấy phép khai thác khoáng sản nhóm IV Chấp thu ận khai thác khoáng s ản t ại khu vực cấm hoạt động khoáng sản, khu v ực tạm thời cấm hoạt động khoáng sản đối với khoáng sản nhóm II, nhóm III, nhóm IV Điều 14 Nghị định số 193/2025/NĐ-CP ngày 02/7/2025",ĐỊA CHẤT VÀ KHOÁNG SẢN,repealed,Bãi bỏ,province,2026-02-12,repealed,https://cathai.haiphong.gov.vn/linh-vuc-dia-chat-va-khoang-san/quyet-dinh-so-617-qd-ubnd-ngay-12-2-2026-cua-ubnd-thanh-pho-hai-phong-v-v-cong-khai-danh-muc-thu-862042,https://cdn.haiphong.gov.vn/gov-hpg/5889/tintuc/2026/2/quyet-dinh-2026-cong-bo-thu-tuc-hanh-chinh-linh-vuc-ks..signed639076110873998711.pdf,6b64ee9c33058aefc8eb241bdbeff1159a49008fcdcdc0ea43d9765c68100d59,"Điều 92 Nghị định số 193/2025/NĐ-CP ngày 02/7/2025 của Chính phủ được sửa đổi, bổ sung theo quy định tại Nghị định số 21/2026/NĐ-CP ngày 16/01/2026 của Chính phủ 5 1.014293 Trả lại Giấy phép khai thác khoáng sản nhóm IV Chấp thu ận khai thác khoáng s ản t ại khu vực cấm hoạt động khoáng sản, khu v ực tạm thời cấm hoạt động khoáng sản đối với khoáng sản nhóm II, nhóm III, nhóm IV Điều 14 Nghị định số 193/2025/NĐ-CP ngày 02/7/2025 của Chính phủ được sửa đổi, bổ sung theo quy định tại Nghị định số "
2026-02-12,617/QĐ-UBND,1.014295,"Quyết toán tiền c ấp quyền khai thác khoáng sản (1) Đối v ới các trường hợp: (1) Quyết toán theo định k ỳ 5 năm một l ần; (2) Quyết toán khi gia h ạn, đi ều chỉnh, c ấp l ại giấy phép khai thác khoáng sản, khai thác",ĐỊA CHẤT VÀ KHOÁNG SẢN,modified,Sửa đổi/bổ sung,province,2026-02-12,not_in_current_master,https://cathai.haiphong.gov.vn/linh-vuc-dia-chat-va-khoang-san/quyet-dinh-so-617-qd-ubnd-ngay-12-2-2026-cua-ubnd-thanh-pho-hai-phong-v-v-cong-khai-danh-muc-thu-862042,https://cdn.haiphong.gov.vn/gov-hpg/5889/tintuc/2026/2/quyet-dinh-2026-cong-bo-thu-tuc-hanh-chinh-linh-vuc-ks..signed639076110873998711.pdf,6b64ee9c33058aefc8eb241bdbeff1159a49008fcdcdc0ea43d9765c68100d59,"trình Một phần 21 1.014295 Quyết toán tiền c ấp quyền khai thác khoáng sản (1) Đối v ới các trường hợp: (1) Quyết toán theo định k ỳ 5 năm một l ần; (2) Quyết toán khi gia h ạn, đi ều chỉnh, c ấp l ại giấy phép khai thác khoáng sản, khai thác tận thu khoáng sản, giấy xác"
2026-02-12,617/QĐ-UBND,1.014346,"Giao n ộp, thu nh ận thông tin, dữ liệu địa chất, khoáng sản - Trường hợp giao nộp báo cáo, dữ liệu địa chất, khoáng sản: 10 ngày làm vi ệc, k ể từ ngày nhận được hồ sơ giao n ộp hợp lệ. - Trường hợp - Trường hợp",ĐỊA CHẤT VÀ KHOÁNG SẢN,modified,Sửa đổi/bổ sung,province,2026-02-12,not_in_current_master,https://cathai.haiphong.gov.vn/linh-vuc-dia-chat-va-khoang-san/quyet-dinh-so-617-qd-ubnd-ngay-12-2-2026-cua-ubnd-thanh-pho-hai-phong-v-v-cong-khai-danh-muc-thu-862042,https://cdn.haiphong.gov.vn/gov-hpg/5889/tintuc/2026/2/quyet-dinh-2026-cong-bo-thu-tuc-hanh-chinh-linh-vuc-ks..signed639076110873998711.pdf,6b64ee9c33058aefc8eb241bdbeff1159a49008fcdcdc0ea43d9765c68100d59,"36/2025/TT- BTNMT ngày 02/7/2025. 32 1.014346 Giao n ộp, thu nh ận thông tin, dữ liệu địa chất, khoáng sản - Trường hợp giao nộp báo cáo, dữ liệu địa chất, khoáng sản: 10 ngày làm vi ệc, k ể từ ngày nhận được hồ sơ giao n ộp hợp lệ. - Trường hợp - Trường hợp giao nộp báo cáo, dữ liệu địa"
2026-02-12,617/QĐ-UBND,1.014466,"Công nhận kết quả thăm dò khoáng sản (1) Trư ờng h ợp tổ chức, cá nhân đề nghị công nhận k ết qu ả thăm dò khoáng sản nhóm I có quy mô phân tán, nh ỏ lẻ; khoáng s ản nhóm II - Thời h ạn ti ếp nhận và ki ểm",ĐỊA CHẤT VÀ KHOÁNG SẢN,modified,Sửa đổi/bổ sung,province,2026-02-12,not_in_current_master,https://cathai.haiphong.gov.vn/linh-vuc-dia-chat-va-khoang-san/quyet-dinh-so-617-qd-ubnd-ngay-12-2-2026-cua-ubnd-thanh-pho-hai-phong-v-v-cong-khai-danh-muc-thu-862042,https://cdn.haiphong.gov.vn/gov-hpg/5889/tintuc/2026/2/quyet-dinh-2026-cong-bo-thu-tuc-hanh-chinh-linh-vuc-ks..signed639076110873998711.pdf,6b64ee9c33058aefc8eb241bdbeff1159a49008fcdcdc0ea43d9765c68100d59,"nêu trên, mức thu là 30.000.000 đồng/01 giấy phép 16 1.014466 Công nhận kết quả thăm dò khoáng sản (1) Trư ờng h ợp tổ chức, cá nhân đề nghị công nhận k ết qu ả thăm dò khoáng sản nhóm I có quy mô phân tán, nh ỏ lẻ; khoáng s ản nhóm II - Thời h ạn ti ếp nhận và ki ểm tra h ồ sơ: 02 ngày làm vi ệc,"
2026-02-12,617/QĐ-UBND,1.014786,"Khai thác thông tin, d ữ liệu đ ịa chất, khoáng sản",ĐỊA CHẤT VÀ KHOÁNG SẢN,modified,Sửa đổi/bổ sung,province,2026-02-12,current,https://cathai.haiphong.gov.vn/linh-vuc-dia-chat-va-khoang-san/quyet-dinh-so-617-qd-ubnd-ngay-12-2-2026-cua-ubnd-thanh-pho-hai-phong-v-v-cong-khai-danh-muc-thu-862042,https://cdn.haiphong.gov.vn/gov-hpg/5889/tintuc/2026/2/quyet-dinh-2026-cong-bo-thu-tuc-hanh-chinh-linh-vuc-ks..signed639076110873998711.pdf,6b64ee9c33058aefc8eb241bdbeff1159a49008fcdcdc0ea43d9765c68100d59,"Một phần I LĨNH VỰC ĐỊA CHẤT VÀ KHOÁNG SẢN 1 1.014786 Khai thác thông tin, d ữ liệu đ ịa chất, khoáng sản 05 ngày làm việc, kể từ ngày tiếp nhận đ ầy đủ hồ sơ hợp lệ Không đ ề xuất cắt giảm - Trung tâm Phục v ụ hành chính công thành phố - Trung tâm Phục v ụ"
2026-02-12,617/QĐ-UBND,1.014787,"Chấp thu ận vi ệc lấy m ẫu đ ể nghiên cứu, thử nghiệm công - Thời hạn tiếp nhận và kiểm tra hồ sơ: 03 ngày làm việc, kể từ khi nhận hồ sơ - Thời hạn tiếp nhận và kiểm tra hồ sơ: 03 ngày làm việc, kể từ khi nhận hồ sơ",ĐỊA CHẤT VÀ KHOÁNG SẢN,modified,Sửa đổi/bổ sung,province,2026-02-12,not_in_current_master,https://cathai.haiphong.gov.vn/linh-vuc-dia-chat-va-khoang-san/quyet-dinh-so-617-qd-ubnd-ngay-12-2-2026-cua-ubnd-thanh-pho-hai-phong-v-v-cong-khai-danh-muc-thu-862042,https://cdn.haiphong.gov.vn/gov-hpg/5889/tintuc/2026/2/quyet-dinh-2026-cong-bo-thu-tuc-hanh-chinh-linh-vuc-ks..signed639076110873998711.pdf,6b64ee9c33058aefc8eb241bdbeff1159a49008fcdcdc0ea43d9765c68100d59,"87/2025/TT- BNNMT ngày 31/12/2025). 2 1.014787 Chấp thu ận vi ệc lấy m ẫu đ ể nghiên cứu, thử nghiệm công - Thời hạn tiếp nhận và kiểm tra hồ sơ: 03 ngày làm việc, kể từ khi nhận hồ sơ - Thời hạn tiếp nhận và kiểm tra hồ sơ: 03 ngày làm việc, kể từ khi nhận hồ sơ - Trung tâm Phục v ụ hành chính công thành"
2026-02-12,617/QĐ-UBND,1.014788,"Lựa chọn tổ chức, cá nhân để nộp h ồ sơ đ ề",ĐỊA CHẤT VÀ KHOÁNG SẢN,modified,Sửa đổi/bổ sung,province,2026-02-12,not_in_current_master,https://cathai.haiphong.gov.vn/linh-vuc-dia-chat-va-khoang-san/quyet-dinh-so-617-qd-ubnd-ngay-12-2-2026-cua-ubnd-thanh-pho-hai-phong-v-v-cong-khai-danh-muc-thu-862042,https://cdn.haiphong.gov.vn/gov-hpg/5889/tintuc/2026/2/quyet-dinh-2026-cong-bo-thu-tuc-hanh-chinh-linh-vuc-ks..signed639076110873998711.pdf,6b64ee9c33058aefc8eb241bdbeff1159a49008fcdcdc0ea43d9765c68100d59,"04/2026/TT- BNNMT ngày 16/01/2026). 3 1.014788 Lựa chọn tổ chức, cá nhân để nộp h ồ sơ đ ề 26 ngày làm việc, kể từ ngày nhận đư ợc h ồ 20 ngày làm việc, kể từ ngày nhận đư ợc h ồ - Trung tâm Phục v ụ hành chính Không quy định x - Luật Địa chất và Khoáng sản."
2026-02-12,617/QĐ-UBND,1.014789,Chấp thuận thay đổi nội dung đề án thăm dò khoáng sản,ĐỊA CHẤT VÀ KHOÁNG SẢN,modified,Sửa đổi/bổ sung,province,2026-02-12,current,https://cathai.haiphong.gov.vn/linh-vuc-dia-chat-va-khoang-san/quyet-dinh-so-617-qd-ubnd-ngay-12-2-2026-cua-ubnd-thanh-pho-hai-phong-v-v-cong-khai-danh-muc-thu-862042,https://cdn.haiphong.gov.vn/gov-hpg/5889/tintuc/2026/2/quyet-dinh-2026-cong-bo-thu-tuc-hanh-chinh-linh-vuc-ks..signed639076110873998711.pdf,6b64ee9c33058aefc8eb241bdbeff1159a49008fcdcdc0ea43d9765c68100d59,"04/2026/TT- BNNMT ngày 16/01/2026. 4 1.014789 Chấp thuận thay đổi nội dung đề án thăm dò khoáng sản 24 ngày làm việc, kể từ ngày nhận đư ợc văn bản theo quy định 22 ngày làm việc, kể từ ngày nhận đư ợc văn bản theo quy định - Trung tâm Phục v ụ hành chính công thành"
2026-02-14,669/QĐ-UBND,1.008891,Cấp chứng chỉ hành ngh ề kiến trúc,XÂY DỰNG,modified,Sửa đổi/bổ sung,shared,2026-02-14,not_in_current_master,https://cathai.haiphong.gov.vn/linh-vuc-hoat-dong-xay-dung-va-kien-truc/quyet-dinh-so-669-qd-ubnd-ngay-14-2-2026-cua-ubnd-thanh-pho-hai-phong-v-v-cong-khai-danh-muc-thu-862422,https://cdn.haiphong.gov.vn/gov-hpg/5889/tintuc/2026/2/quyet-dinh-2026-cong-bo-dmttc-so-xay-dung-ttr50-73-qd-56-164-..signed639076511498221013.pdf,1df4679b3d22b0720e50e7835417d9717a91bbb5a149ea6ac88e877575d6d482,"xuất, kinh doanh thu ộc ph ạm v ị quản lý của Bộ Xây dựng II LĨNH VỰC KIẾN TRÚC 1 1.008891 Cấp chứng chỉ hành ngh ề kiến trúc 10 ngày kể từ ngày nhận đủ hồ sơ hợp lệ 05 ngày kể từ ngày nhận đ ủ hồ sơ hợp lệ - Trung tâm Phục v ụ hành chính công thành phố"
2026-02-14,669/QĐ-UBND,1.008989,Cấp lại chứng chỉ hành nghề kiến trúc (do,XÂY DỰNG,modified,Sửa đổi/bổ sung,shared,2026-02-14,not_in_current_master,https://cathai.haiphong.gov.vn/linh-vuc-hoat-dong-xay-dung-va-kien-truc/quyet-dinh-so-669-qd-ubnd-ngay-14-2-2026-cua-ubnd-thanh-pho-hai-phong-v-v-cong-khai-danh-muc-thu-862422,https://cdn.haiphong.gov.vn/gov-hpg/5889/tintuc/2026/2/quyet-dinh-2026-cong-bo-dmttc-so-xay-dung-ttr50-73-qd-56-164-..signed639076511498221013.pdf,1df4679b3d22b0720e50e7835417d9717a91bbb5a149ea6ac88e877575d6d482,"phép hoạt động xây d ựng, lệ phí cấp ch ứng ch ỉ hành ngh ề kiến trúc sư. 2 1.008989 Cấp lại chứng chỉ hành nghề kiến trúc (do 03 ngày làm vi ệc kể từ ngày 1,5 ngày làm vi ệc kể từ - Trung tâm Phục v ụ hành chính 150.000 đồng/chứng chỉ x - Luật Ki ến trúc s ố 40/2019/QH14 ngày 13/6/2019; - Nghị định s ố 85/2020/NĐ-CP"
2026-02-14,669/QĐ-UBND,1.008990,Cấp lại chứng chỉ hành nghề kiến tr úc b ị ghi sai do l ỗi của cơ quan cấp,XÂY DỰNG,modified,Sửa đổi/bổ sung,shared,2026-02-14,current,https://cathai.haiphong.gov.vn/linh-vuc-hoat-dong-xay-dung-va-kien-truc/quyet-dinh-so-669-qd-ubnd-ngay-14-2-2026-cua-ubnd-thanh-pho-hai-phong-v-v-cong-khai-danh-muc-thu-862422,https://cdn.haiphong.gov.vn/gov-hpg/5889/tintuc/2026/2/quyet-dinh-2026-cong-bo-dmttc-so-xay-dung-ttr50-73-qd-56-164-..signed639076511498221013.pdf,1df4679b3d22b0720e50e7835417d9717a91bbb5a149ea6ac88e877575d6d482,"cấp ch ứng ch ỉ hành ngh ề kiến trúc sư. 3 1.008990 Cấp lại chứng chỉ hành nghề kiến tr úc b ị ghi sai do l ỗi của cơ quan cấp 03 ngày làm việc 1,5 ngày làm việc - Trung tâm Phục v ụ hành chính công thành phố - Trung tâm Phục v ụ hành chính"
2026-02-14,669/QĐ-UBND,1.008991,Gia h ạn chứng ch ỉ hành ngh ề kiến trúc,XÂY DỰNG,modified,Sửa đổi/bổ sung,shared,2026-02-14,current,https://cathai.haiphong.gov.vn/linh-vuc-hoat-dong-xay-dung-va-kien-truc/quyet-dinh-so-669-qd-ubnd-ngay-14-2-2026-cua-ubnd-thanh-pho-hai-phong-v-v-cong-khai-danh-muc-thu-862422,https://cdn.haiphong.gov.vn/gov-hpg/5889/tintuc/2026/2/quyet-dinh-2026-cong-bo-dmttc-so-xay-dung-ttr50-73-qd-56-164-..signed639076511498221013.pdf,1df4679b3d22b0720e50e7835417d9717a91bbb5a149ea6ac88e877575d6d482,"phép hoạt động xây d ựng, lệ phí cấp ch ứng ch ỉ hành ngh ề kiến trúc sư. 4 1.008991 Gia h ạn chứng ch ỉ hành ngh ề kiến trúc. 07 ngày làm vi ệc kể từ ngày nhận đủ hồ sơ hợp lệ 3,5 ngày làm vi ệc kể từ ngày nhận đ ủ hồ sơ hợp lệ - Trung tâm Phục v ụ"
2026-02-14,669/QĐ-UBND,1.008992,Công nh ận chứng ch ỉ hành ngh ề kiến trúc c ủa người nư ớc ngoài ở Việt Nam,XÂY DỰNG,modified,Sửa đổi/bổ sung,shared,2026-02-14,not_in_current_master,https://cathai.haiphong.gov.vn/linh-vuc-hoat-dong-xay-dung-va-kien-truc/quyet-dinh-so-669-qd-ubnd-ngay-14-2-2026-cua-ubnd-thanh-pho-hai-phong-v-v-cong-khai-danh-muc-thu-862422,https://cdn.haiphong.gov.vn/gov-hpg/5889/tintuc/2026/2/quyet-dinh-2026-cong-bo-dmttc-so-xay-dung-ttr50-73-qd-56-164-..signed639076511498221013.pdf,1df4679b3d22b0720e50e7835417d9717a91bbb5a149ea6ac88e877575d6d482,"phép hoạt động xây d ựng, lệ phí cấp ch ứng ch ỉ hành ngh ề kiến trúc sư. 5 1.008992 Công nh ận chứng ch ỉ hành ngh ề kiến trúc c ủa người nư ớc ngoài ở Việt Nam 07 ngày làm vi ệc kể từ ngày nhận đủ hồ sơ hợp lệ 3,5 ngày làm vi ệc kể từ ngày nhận đ ủ hồ sơ"
2026-02-14,669/QĐ-UBND,1.008993,Chuyển đ ổi chứng ch ỉ hành ngh ề kiến trúc c ủa người nư ớc ngoài ở Việt,XÂY DỰNG,modified,Sửa đổi/bổ sung,shared,2026-02-14,not_in_current_master,https://cathai.haiphong.gov.vn/linh-vuc-hoat-dong-xay-dung-va-kien-truc/quyet-dinh-so-669-qd-ubnd-ngay-14-2-2026-cua-ubnd-thanh-pho-hai-phong-v-v-cong-khai-danh-muc-thu-862422,https://cdn.haiphong.gov.vn/gov-hpg/5889/tintuc/2026/2/quyet-dinh-2026-cong-bo-dmttc-so-xay-dung-ttr50-73-qd-56-164-..signed639076511498221013.pdf,1df4679b3d22b0720e50e7835417d9717a91bbb5a149ea6ac88e877575d6d482,"phép hoạt động xây d ựng, lệ phí cấp ch ứng ch ỉ hành ngh ề kiến trúc sư. 6 1.008993 Chuyển đ ổi chứng ch ỉ hành ngh ề kiến trúc c ủa người nư ớc ngoài ở Việt 07 ngày làm vi ệc kể từ ngày nhận đủ hồ sơ hợp lệ 3,5 ngày làm vi ệc kể từ ngày nhận đ ủ hồ sơ - Trung tâm"
2026-02-14,669/QĐ-UBND,1.013217,Cấp l ại ch ứng chỉ hành ngh ề hoạt đ ộng xây dựng,XÂY DỰNG,modified,Sửa đổi/bổ sung,province,2026-02-14,current,https://cathai.haiphong.gov.vn/linh-vuc-hoat-dong-xay-dung-va-kien-truc/quyet-dinh-so-669-qd-ubnd-ngay-14-2-2026-cua-ubnd-thanh-pho-hai-phong-v-v-cong-khai-danh-muc-thu-862422,https://cdn.haiphong.gov.vn/gov-hpg/5889/tintuc/2026/2/quyet-dinh-2026-cong-bo-dmttc-so-xay-dung-ttr50-73-qd-56-164-..signed639076511498221013.pdf,1df4679b3d22b0720e50e7835417d9717a91bbb5a149ea6ac88e877575d6d482,"156/2025/TT-BTC ngày 31/12/2025 của Bộ trưởng Bộ Tài chính; 3 1.013217 Cấp l ại ch ứng chỉ hành ngh ề hoạt đ ộng xây dựng 05 ngày làm vi ệc kể từ ngày nhận đ ủ hồ sơ hợp lệ 2,5 ngày làm việc k ể từ ngày nhận đ ủ hồ sơ hợp lệ - Trung tâm Phục v ụ hành chính"
2026-02-14,669/QĐ-UBND,1.013219,Cấp chuy ển đ ổi chứng ch ỉ hành nghề hoạt đ ộng xây dựng,XÂY DỰNG,modified,Sửa đổi/bổ sung,province,2026-02-14,not_in_current_master,https://cathai.haiphong.gov.vn/linh-vuc-hoat-dong-xay-dung-va-kien-truc/quyet-dinh-so-669-qd-ubnd-ngay-14-2-2026-cua-ubnd-thanh-pho-hai-phong-v-v-cong-khai-danh-muc-thu-862422,https://cdn.haiphong.gov.vn/gov-hpg/5889/tintuc/2026/2/quyet-dinh-2026-cong-bo-dmttc-so-xay-dung-ttr50-73-qd-56-164-..signed639076511498221013.pdf,1df4679b3d22b0720e50e7835417d9717a91bbb5a149ea6ac88e877575d6d482,"đạt yêu cầu BXD ngày 28/11/2023 c ủa Bộ Xây dựng. 2 1.013219 Cấp chuy ển đ ổi chứng ch ỉ hành nghề hoạt đ ộng xây dựng 15 ngày kể từ ngày nhận đ ủ hồ sơ hợp lệ 12,5 ngày kể từ ngày nhận đ ủ hồ sơ hợp lệ - Trung tâm Phục v ụ hành chính công thành phố"
2026-02-14,669/QĐ-UBND,1.013225,"Thủ tục c ấp giấy phép xây dựng m ới công trình cấp III, cấp IV (Công trình",XÂY DỰNG,modified,Sửa đổi/bổ sung,commune,2026-02-14,current,https://cathai.haiphong.gov.vn/linh-vuc-hoat-dong-xay-dung-va-kien-truc/quyet-dinh-so-669-qd-ubnd-ngay-14-2-2026-cua-ubnd-thanh-pho-hai-phong-v-v-cong-khai-danh-muc-thu-862422,https://cdn.haiphong.gov.vn/gov-hpg/5889/tintuc/2026/2/quyet-dinh-2026-cong-bo-dmttc-so-xay-dung-ttr50-73-qd-56-164-..signed639076511498221013.pdf,1df4679b3d22b0720e50e7835417d9717a91bbb5a149ea6ac88e877575d6d482,"Sau khi cắt giảm I LĨNH VỰC HOẠT ĐỘNG XÂY DỰNG 1 1.013225 Thủ tục c ấp giấy phép xây dựng m ới công trình cấp III, cấp IV (Công trình không theo tuyến/Theo tuyến trong đô thị/Tín ngư ỡng, tôn giáo/Tư ợng đài, tranh hoành tráng/Theo giai đoạn cho công trình không theo tuyến/Theo giai đoạn cho công"
2026-02-14,669/QĐ-UBND,1.013226,Thủ tục c ấp điều ch ỉnh gi ấy phép xây d ựng,XÂY DỰNG,modified,Sửa đổi/bổ sung,commune,2026-02-14,current,https://cathai.haiphong.gov.vn/linh-vuc-hoat-dong-xay-dung-va-kien-truc/quyet-dinh-so-669-qd-ubnd-ngay-14-2-2026-cua-ubnd-thanh-pho-hai-phong-v-v-cong-khai-danh-muc-thu-862422,https://cdn.haiphong.gov.vn/gov-hpg/5889/tintuc/2026/2/quyet-dinh-2026-cong-bo-dmttc-so-xay-dung-ttr50-73-qd-56-164-..signed639076511498221013.pdf,1df4679b3d22b0720e50e7835417d9717a91bbb5a149ea6ac88e877575d6d482,"sản xu ất, kinh doanh thu ộc phạm v ị quản lý c ủa B ộ Xây dựng 4 1.013226 Thủ tục c ấp điều ch ỉnh gi ấy phép xây d ựng 20 ngày (hoặc 15 ngày đối 10 ngày (hoặc 7,5 ngày đ ối - Trung tâm Ph ục vụ hành * Đối v ới trường h ợp x - Nghị định s ố 175/2024/NĐ- CP ngày 30/12/2024 của Chính phủ quy đ ịnh chi ti ết một s ố"
2026-02-14,669/QĐ-UBND,1.013227,"Thủ tục gia h ạn giấy phép xây dựng đ ối v ới công trình c ấp III, c ấp IV (công trình",XÂY DỰNG,modified,Sửa đổi/bổ sung,commune,2026-02-14,current,https://cathai.haiphong.gov.vn/linh-vuc-hoat-dong-xay-dung-va-kien-truc/quyet-dinh-so-669-qd-ubnd-ngay-14-2-2026-cua-ubnd-thanh-pho-hai-phong-v-v-cong-khai-danh-muc-thu-862422,https://cdn.haiphong.gov.vn/gov-hpg/5889/tintuc/2026/2/quyet-dinh-2026-cong-bo-dmttc-so-xay-dung-ttr50-73-qd-56-164-..signed639076511498221013.pdf,1df4679b3d22b0720e50e7835417d9717a91bbb5a149ea6ac88e877575d6d482,"sản xu ất, kinh doanh thu ộc phạm v ị quản lý c ủa B ộ Xây dựng 5 1.013227 Thủ tục gia h ạn giấy phép xây dựng đ ối v ới công trình c ấp III, c ấp IV (công trình Không theo tuyến/Theo tuyến trong đô thị/Tín ngư ỡng, tôn giáo/Tư ợng đài, tranh hoành tráng/Theo giai đoạn cho công trình không theo tuyến/Theo giai đoạn cho công trình theo tuy ến"
2026-02-14,669/QĐ-UBND,1.013228,"Thủ tục c ấp l ại giấy phép xây dựng đ ối v ới công trình c ấp III, c ấp IV (công trình",XÂY DỰNG,modified,Sửa đổi/bổ sung,commune,2026-02-14,current,https://cathai.haiphong.gov.vn/linh-vuc-hoat-dong-xay-dung-va-kien-truc/quyet-dinh-so-669-qd-ubnd-ngay-14-2-2026-cua-ubnd-thanh-pho-hai-phong-v-v-cong-khai-danh-muc-thu-862422,https://cdn.haiphong.gov.vn/gov-hpg/5889/tintuc/2026/2/quyet-dinh-2026-cong-bo-dmttc-so-xay-dung-ttr50-73-qd-56-164-..signed639076511498221013.pdf,1df4679b3d22b0720e50e7835417d9717a91bbb5a149ea6ac88e877575d6d482,"sản xu ất, kinh doanh thu ộc phạm v ị quản lý c ủa B ộ Xây dựng 6 1.013228 Thủ tục c ấp l ại giấy phép xây dựng đ ối v ới công trình c ấp III, c ấp IV (công trình Không theo tuyến/Theo tuyến trong đô thị/Tín ngư ỡng, tôn giáo/Tư ợng đài, tranh hoành tráng/Theo giai 05 ngày làm việc 2,5 ng ày"
2026-02-14,669/QĐ-UBND,1.013229,"Thủ tục c ấp giấy phép xây dựng s ửa ch ữa, cải t ạo đ ối v ới công trình c ấp III, c ấp IV (công trình",XÂY DỰNG,modified,Sửa đổi/bổ sung,commune,2026-02-14,current,https://cathai.haiphong.gov.vn/linh-vuc-hoat-dong-xay-dung-va-kien-truc/quyet-dinh-so-669-qd-ubnd-ngay-14-2-2026-cua-ubnd-thanh-pho-hai-phong-v-v-cong-khai-danh-muc-thu-862422,https://cdn.haiphong.gov.vn/gov-hpg/5889/tintuc/2026/2/quyet-dinh-2026-cong-bo-dmttc-so-xay-dung-ttr50-73-qd-56-164-..signed639076511498221013.pdf,1df4679b3d22b0720e50e7835417d9717a91bbb5a149ea6ac88e877575d6d482,"sản xu ất, kinh doanh thu ộc phạm v ị quản lý c ủa B ộ Xây dựng 2 1.013229 Thủ tục c ấp giấy phép xây dựng s ửa ch ữa, cải t ạo đ ối v ới công trình c ấp III, c ấp IV (công trình Không theo tuyến/Theo tuyến trong đô thị/Tín ngư ỡng, tôn giáo/Tư ợng đài, tranh hoành tráng/Theo giai đoạn cho công trình không theo"
2026-02-14,669/QĐ-UBND,1.013230,"Thủ tục c ấp giấy phép di dời đ ối v ới công trình c ấp đặc biệt, cấp I và c ấp II (Công trình",XÂY DỰNG,modified,Sửa đổi/bổ sung,shared,2026-02-14,not_in_current_master,https://cathai.haiphong.gov.vn/linh-vuc-hoat-dong-xay-dung-va-kien-truc/quyet-dinh-so-669-qd-ubnd-ngay-14-2-2026-cua-ubnd-thanh-pho-hai-phong-v-v-cong-khai-danh-muc-thu-862422,https://cdn.haiphong.gov.vn/gov-hpg/5889/tintuc/2026/2/quyet-dinh-2026-cong-bo-dmttc-so-xay-dung-ttr50-73-qd-56-164-..signed639076511498221013.pdf,1df4679b3d22b0720e50e7835417d9717a91bbb5a149ea6ac88e877575d6d482,"còn l ại: 150.0000đồng /lần 3 1.013230 Thủ tục c ấp giấy phép di dời đ ối v ới công trình c ấp đặc biệt, cấp I và c ấp II (Công trình không theo tuyến/Theo tuyến trong đô thị/Tín ngưỡng, tôn giáo/Tượng đài, tranh hoành 20 ngày kể từ ngày nhận đủ hồ"
2026-02-14,669/QĐ-UBND,1.013231,"Thủ tục c ấp điều ch ỉnh giấy phép xây dựng đ ối v ới công trình c ấp đặc biệt, cấp I, cấp II (công trình K hông theo tuyến/Theo tuyến trong đô thị/Tín ngưỡng, tôn giáo/Tượng đài, tranh hoành",XÂY DỰNG,modified,Sửa đổi/bổ sung,shared,2026-02-14,not_in_current_master,https://cathai.haiphong.gov.vn/linh-vuc-hoat-dong-xay-dung-va-kien-truc/quyet-dinh-so-669-qd-ubnd-ngay-14-2-2026-cua-ubnd-thanh-pho-hai-phong-v-v-cong-khai-danh-muc-thu-862422,https://cdn.haiphong.gov.vn/gov-hpg/5889/tintuc/2026/2/quyet-dinh-2026-cong-bo-dmttc-so-xay-dung-ttr50-73-qd-56-164-..signed639076511498221013.pdf,1df4679b3d22b0720e50e7835417d9717a91bbb5a149ea6ac88e877575d6d482,"Một phần 4 1.013231 Thủ tục c ấp điều ch ỉnh giấy phép xây dựng đ ối v ới công trình c ấp đặc biệt, cấp I, cấp II (công trình K hông theo tuyến/Theo tuyến trong đô thị/Tín ngưỡng, tôn giáo/Tượng đài, tranh hoành tráng/Theo giai đo ạn cho"
2026-02-14,669/QĐ-UBND,1.013232,"Thủ tục c ấp giấy phép di d ời đối v ới công trình c ấp III và cấp IV (Công trình không theo tuyến/Theo tuyến trong đô thị/Tín ngư ỡng, tôn giáo/Tư ợng",XÂY DỰNG,modified,Sửa đổi/bổ sung,commune,2026-02-14,current,https://cathai.haiphong.gov.vn/linh-vuc-hoat-dong-xay-dung-va-kien-truc/quyet-dinh-so-669-qd-ubnd-ngay-14-2-2026-cua-ubnd-thanh-pho-hai-phong-v-v-cong-khai-danh-muc-thu-862422,https://cdn.haiphong.gov.vn/gov-hpg/5889/tintuc/2026/2/quyet-dinh-2026-cong-bo-dmttc-so-xay-dung-ttr50-73-qd-56-164-..signed639076511498221013.pdf,1df4679b3d22b0720e50e7835417d9717a91bbb5a149ea6ac88e877575d6d482,"sản xu ất, kinh doanh thu ộc phạm v ị quản lý c ủa B ộ Xây dựng 3 1.013232 Thủ tục c ấp giấy phép di d ời đối v ới công trình c ấp III và cấp IV (Công trình không theo tuyến/Theo tuyến trong đô thị/Tín ngư ỡng, tôn giáo/Tư ợng 20 ngày (hoặc 15 ngày đối với nhà ở riêng lẻ)"
2026-02-14,669/QĐ-UBND,1.013233,"Thủ tục gia hạn giấy phếp xây dựng đ ối với công trình cấp đ ặc bi ệt, cấp I và cấp II",XÂY DỰNG,modified,Sửa đổi/bổ sung,shared,2026-02-14,not_in_current_master,https://cathai.haiphong.gov.vn/linh-vuc-hoat-dong-xay-dung-va-kien-truc/quyet-dinh-so-669-qd-ubnd-ngay-14-2-2026-cua-ubnd-thanh-pho-hai-phong-v-v-cong-khai-danh-muc-thu-862422,https://cdn.haiphong.gov.vn/gov-hpg/5889/tintuc/2026/2/quyet-dinh-2026-cong-bo-dmttc-so-xay-dung-ttr50-73-qd-56-164-..signed639076511498221013.pdf,1df4679b3d22b0720e50e7835417d9717a91bbb5a149ea6ac88e877575d6d482,"chính liên quan đến hoạt động sản xuất, kinh doanh thu ộc ph ạm v ị quản lý của Bộ Xây dựng 5 1.013233 Thủ tục gia hạn giấy phếp xây dựng đ ối với công trình cấp đ ặc bi ệt, cấp I và cấp II 05 ngày làm việc kể từ ngày nhận đủ hồ sơ hợp lệ 2,5 ngày làm vi ệc kể từ ngày nhận đ ủ hồ sơ - Trung tâm"
2026-02-14,669/QĐ-UBND,1.013235,"Thủ tục c ấp lại Gi ấy phép xây d ựng đ ối với công trình cấp đ ặc bi ệt, cấp I và cấp II (công trình",XÂY DỰNG,modified,Sửa đổi/bổ sung,shared,2026-02-14,not_in_current_master,https://cathai.haiphong.gov.vn/linh-vuc-hoat-dong-xay-dung-va-kien-truc/quyet-dinh-so-669-qd-ubnd-ngay-14-2-2026-cua-ubnd-thanh-pho-hai-phong-v-v-cong-khai-danh-muc-thu-862422,https://cdn.haiphong.gov.vn/gov-hpg/5889/tintuc/2026/2/quyet-dinh-2026-cong-bo-dmttc-so-xay-dung-ttr50-73-qd-56-164-..signed639076511498221013.pdf,1df4679b3d22b0720e50e7835417d9717a91bbb5a149ea6ac88e877575d6d482,"chính liên quan đến hoạt động sản xuất, kinh doanh thu ộc ph ạm v ị quản lý của Bộ Xây dựng 6 1.013235 Thủ tục c ấp lại Gi ấy phép xây d ựng đ ối với công trình cấp đ ặc bi ệt, cấp I và cấp II (công trình không theo tuyến/ theo tuyến trong đô th ị/Tín ngưỡng, tôn giáo/ Tư ợng đài, tranh hoành tráng/ Theo giai đoạn cho công trìn h"
2026-02-14,669/QĐ-UBND,1.013236,"Thủ tục c ấp giấy phép xây dựng m ới công trình cấp đặc bi ệt, c ấp I, c ấp II (Công trình",XÂY DỰNG,modified,Sửa đổi/bổ sung,shared,2026-02-14,not_in_current_master,https://cathai.haiphong.gov.vn/linh-vuc-hoat-dong-xay-dung-va-kien-truc/quyet-dinh-so-669-qd-ubnd-ngay-14-2-2026-cua-ubnd-thanh-pho-hai-phong-v-v-cong-khai-danh-muc-thu-862422,https://cdn.haiphong.gov.vn/gov-hpg/5889/tintuc/2026/2/quyet-dinh-2026-cong-bo-dmttc-so-xay-dung-ttr50-73-qd-56-164-..signed639076511498221013.pdf,1df4679b3d22b0720e50e7835417d9717a91bbb5a149ea6ac88e877575d6d482,"phần I LĨNH VỰC HOẠT ĐỘNG XÂY DỰNG 1 1.013236 Thủ tục c ấp giấy phép xây dựng m ới công trình cấp đặc bi ệt, c ấp I, c ấp II (Công trình không theo tuyến/Theo tuyến trong đô th ị/Tín ngưỡng, tôn giáo/Tượng đài, t ranh hoành tráng/Theo giai đo ạn cho công trình"
2026-02-14,669/QĐ-UBND,1.013237,Cấp m ới ch ứng chỉ hành ngh ề hoạt đ ộng xây dựng - Trả kết quả đánh giá h ồ sơ (thông báo k ết quả đánh giá h ồ sơ đề nghị cấp chứng chỉ hành nghề đủ/không,XÂY DỰNG,modified,Sửa đổi/bổ sung,province,2026-02-14,not_in_current_master,https://cathai.haiphong.gov.vn/linh-vuc-hoat-dong-xay-dung-va-kien-truc/quyet-dinh-so-669-qd-ubnd-ngay-14-2-2026-cua-ubnd-thanh-pho-hai-phong-v-v-cong-khai-danh-muc-thu-862422,https://cdn.haiphong.gov.vn/gov-hpg/5889/tintuc/2026/2/quyet-dinh-2026-cong-bo-dmttc-so-xay-dung-ttr50-73-qd-56-164-..signed639076511498221013.pdf,1df4679b3d22b0720e50e7835417d9717a91bbb5a149ea6ac88e877575d6d482,Một phần I LĨNH VỰC HOẠT ĐỘNG XÂY DỰNG 1 1.013237 Cấp m ới ch ứng chỉ hành ngh ề hoạt đ ộng xây dựng - Trả kết quả đánh giá h ồ sơ (thông báo k ết quả đánh giá h ồ sơ đề nghị cấp chứng chỉ hành nghề đủ/không đủ điều kiện sát
2026-02-14,669/QĐ-UBND,1.013238,"Thủ tục c ấp giấy phép xây dựng s ửa chữa, c ải t ạo đối v ới công trình c ấp đ ặc biệt, c ấp I, cấp II (công trình Kh ông theo 20 n gày kể từ ngày nhận đ ủ hồ sơ h ợp l ệ. Trường hợp cần ph ải",XÂY DỰNG,modified,Sửa đổi/bổ sung,shared,2026-02-14,not_in_current_master,https://cathai.haiphong.gov.vn/linh-vuc-hoat-dong-xay-dung-va-kien-truc/quyet-dinh-so-669-qd-ubnd-ngay-14-2-2026-cua-ubnd-thanh-pho-hai-phong-v-v-cong-khai-danh-muc-thu-862422,https://cdn.haiphong.gov.vn/gov-hpg/5889/tintuc/2026/2/quyet-dinh-2026-cong-bo-dmttc-so-xay-dung-ttr50-73-qd-56-164-..signed639076511498221013.pdf,1df4679b3d22b0720e50e7835417d9717a91bbb5a149ea6ac88e877575d6d482,"chính liên quan đến hoạt động sản xuất, kinh doanh thu ộc ph ạm v ị quản lý của Bộ Xây dựng 2 1.013238 Thủ tục c ấp giấy phép xây dựng s ửa chữa, c ải t ạo đối v ới công trình c ấp đ ặc biệt, c ấp I, cấp II (công trình Kh ông theo 20 n gày kể từ ngày nhận đ ủ hồ sơ h ợp l ệ. Trường hợp cần ph ải xem xét thêm, cơ"
2026-02-15,676/QĐ-UBND,1.005114,"Đăng ký thay đổi chủ sở hữu công ty trách nhiệm hữu hạn một thành viên Quyết định số 4166/QĐ-BTC ngày 15/12/2025 về việc công bố thủ tục hành chính được sửa đổi bổ sung, bị bãi bỏ trong thành lập và hoạt động của doanh nghiệp thuộc phạm vi chức",TÀI CHÍNH,repealed,Bãi bỏ,commune,2026-02-15,repealed,https://daison.haiphong.gov.vn/thu-tuc-hanh-chinh/ubnd-xa-dai-son-ban-hanh-thong-bao-so-41-tb-ubnd-cong-khai-thu-tuc-hanh-chinh-moi-ban-hanh-sua-d-866283,https://cdn.haiphong.gov.vn/gov-hpg/6792/tintuc/2026/3/quyet-dinh-2026-676-stc-cong-bo-dm-tthc-so-tai-chinh-ttr32-33-qd-92-94-..signed639083028924780394.pdf,32133168e26dda6d85c375697ac0a28721bf2403e263326c55f5bd9d3bfb5c4f,"đổi bổ sung, bị bãi bỏ trong thành lập và hoạt động của doanh nghiệp thuộc phạm vi chức năng quản lý của Bộ Tài chính 2. 1.005114 Đăng ký thay đổi chủ sở hữu công ty trách nhiệm hữu hạn một thành viên Quyết định số 4166/QĐ-BTC ngày 15/12/2025 về việc công bố thủ tục hành chính được sửa đổi bổ sung, bị bãi bỏ trong thành lập và hoạt động của doanh nghiệp thuộc phạm vi chức năng quản lý của Bộ Tài chính 3. 2.002000 Đăng ký thay đổi chủ doanh nghiệp tư nhân trong trường hợp bán, tặng cho doanh nghi"
2026-02-15,676/QĐ-UBND,1.010010,"Đề nghị dừng thực hiện thủ tục đăng ký doanh nghiệp; thông báo hủy bỏ nghị quyết, quyết định giải thể doanh nghiệp",TÀI CHÍNH,modified,Sửa đổi/bổ sung,province,2026-02-15,current,https://daison.haiphong.gov.vn/thu-tuc-hanh-chinh/ubnd-xa-dai-son-ban-hanh-thong-bao-so-41-tb-ubnd-cong-khai-thu-tuc-hanh-chinh-moi-ban-hanh-sua-d-866283,https://cdn.haiphong.gov.vn/gov-hpg/6792/tintuc/2026/3/quyet-dinh-2026-676-stc-cong-bo-dm-tthc-so-tai-chinh-ttr32-33-qd-92-94-..signed639083028924780394.pdf,32133168e26dda6d85c375697ac0a28721bf2403e263326c55f5bd9d3bfb5c4f,"- Thông tư số 47/2019/TT-BTC; - Thông tư số 68/2025/TT-BTC; - Thông tư số 64/2025/TT-BTC. 17 1.010010 Đề nghị dừng thực hiện thủ tục đăng ký doanh nghiệp; thông báo hủy bỏ nghị quyết, quyết định giải thể doanh nghiệp 03 ngày làm việc 1,5 ngày làm việc - Trung tâm Phục v ụ hành chính công thành phố;"
2026-02-15,676/QĐ-UBND,1.010023,"Thông báo hủy bỏ nghị quyết, quyết định giải thể doanh nghiệp Quyết định số 4166/QĐ-BTC ngày 15/12/2025 về việc công bố thủ tục hành chính được sửa đổi bổ sung, bị bãi bỏ trong thành lập và hoạt động của doanh nghiệp thuộc phạm vi chức",TÀI CHÍNH,repealed,Bãi bỏ,commune,2026-02-15,repealed,https://daison.haiphong.gov.vn/thu-tuc-hanh-chinh/ubnd-xa-dai-son-ban-hanh-thong-bao-so-41-tb-ubnd-cong-khai-thu-tuc-hanh-chinh-moi-ban-hanh-sua-d-866283,https://cdn.haiphong.gov.vn/gov-hpg/6792/tintuc/2026/3/quyet-dinh-2026-676-stc-cong-bo-dm-tthc-so-tai-chinh-ttr32-33-qd-92-94-..signed639083028924780394.pdf,32133168e26dda6d85c375697ac0a28721bf2403e263326c55f5bd9d3bfb5c4f,"đổi bổ sung, bị bãi bỏ trong thành lập và hoạt động của doanh nghiệp thuộc phạm vi chức năng quản lý của Bộ Tài chính 11. 1.010023 Thông báo hủy bỏ nghị quyết, quyết định giải thể doanh nghiệp Quyết định số 4166/QĐ-BTC ngày 15/12/2025 về việc công bố thủ tục hành chính được sửa đổi bổ sung, bị bãi bỏ trong thành lập và hoạt động của doanh nghiệp thuộc phạm vi chức năng quản lý của Bộ Tài chính"
2026-02-15,676/QĐ-UBND,1.014736,"Lựa chọn, phê duyệt dự án phát triển sản xuất liên kết theo chuỗi giá trị Thời gian cụ thể giải quyết thủ tục hành chính được xác định tại Kế hoạch thực hiện các hoạt động phát triển sản xuất của từng cơ quan theo quy định tại Điều 28",TÀI CHÍNH,modified,Sửa đổi/bổ sung,shared_including_commune,2026-02-15,current,https://daison.haiphong.gov.vn/thu-tuc-hanh-chinh/ubnd-xa-dai-son-ban-hanh-thong-bao-so-41-tb-ubnd-cong-khai-thu-tuc-hanh-chinh-moi-ban-hanh-sua-d-866283,https://cdn.haiphong.gov.vn/gov-hpg/6792/tintuc/2026/3/quyet-dinh-2026-676-stc-cong-bo-dm-tthc-so-tai-chinh-ttr32-33-qd-92-94-..signed639083028924780394.pdf,32133168e26dda6d85c375697ac0a28721bf2403e263326c55f5bd9d3bfb5c4f,"Một phần I LĨNH VỰC QUẢN LÝ CHƯƠNG TRÌNH MỤC TIÊU QUỐC GIA 1 1.014736 Lựa chọn, phê duyệt dự án phát triển sản xuất liên kết theo chuỗi giá trị Thời gian cụ thể giải quyết thủ tục hành chính được xác định tại Kế hoạch thực hiện các hoạt động phát triển sản xuất của từng cơ quan theo quy định tại Điều 28 Nghị định số 358/2025/NĐ-"
2026-02-15,676/QĐ-UBND,1.014737,"Lựa chọn, phê duyệt dự án phát triển sản xuất cộng đồng Thời gian cụ thể giải quyết thủ tục hành chính được xác định tại Kế hoạch thực hiện các hoạt động phát triển sản xuất của phòng chuyên môn cấp xã theo quy định",TÀI CHÍNH,modified,Sửa đổi/bổ sung,commune,2026-02-15,current,https://daison.haiphong.gov.vn/thu-tuc-hanh-chinh/ubnd-xa-dai-son-ban-hanh-thong-bao-so-41-tb-ubnd-cong-khai-thu-tuc-hanh-chinh-moi-ban-hanh-sua-d-866283,https://cdn.haiphong.gov.vn/gov-hpg/6792/tintuc/2026/3/quyet-dinh-2026-676-stc-cong-bo-dm-tthc-so-tai-chinh-ttr32-33-qd-92-94-..signed639083028924780394.pdf,32133168e26dda6d85c375697ac0a28721bf2403e263326c55f5bd9d3bfb5c4f,"Một phần LĨNH VỰC QUẢN LÝ CHƯƠNG TRÌNH MỤC TIÊU QUỐC GIA 1 1.014737 Lựa chọn, phê duyệt dự án phát triển sản xuất cộng đồng Thời gian cụ thể giải quyết thủ tục hành chính được xác định tại Kế hoạch thực hiện các hoạt động phát triển sản xuất của phòng chuyên môn cấp xã theo quy định tại Điều 32 Nghị định số 358/2025/NĐ- CP ngày 31"
2026-02-15,676/QĐ-UBND,2.000368,"Thông báo thay đổi nội dung Cam kết thực hiện mục tiêu xã hội, môi trường; chấm",TÀI CHÍNH,modified,Sửa đổi/bổ sung,province,2026-02-15,current,https://daison.haiphong.gov.vn/thu-tuc-hanh-chinh/ubnd-xa-dai-son-ban-hanh-thong-bao-so-41-tb-ubnd-cong-khai-thu-tuc-hanh-chinh-moi-ban-hanh-sua-d-866283,https://cdn.haiphong.gov.vn/gov-hpg/6792/tintuc/2026/3/quyet-dinh-2026-676-stc-cong-bo-dm-tthc-so-tai-chinh-ttr32-33-qd-92-94-..signed639083028924780394.pdf,32133168e26dda6d85c375697ac0a28721bf2403e263326c55f5bd9d3bfb5c4f,"được hồ sơ hợp lệ. - Thông tư số 64/2025/TT-BTC. 16 2.000368 Thông báo thay đổi nội dung Cam kết thực hiện mục tiêu xã hội, môi trường; chấm 03 ngày làm việc 1,5 ngày làm việc - Trung tâm Phục v ụ hành chính công thành phố; Không đư ợc quy đ ịnh t ại Biểu phí, l ệ phí"
2026-02-15,676/QĐ-UBND,2.000375,"Thông báo thay đổi nội dung Cam kết thực hiện mục tiêu xã hội, môi trường của doanh nghiệp xã hội Quyết định số 4166/QĐ-BTC ngày 15/12/2025 về việc công bố thủ tục hành chính được sửa đổi bổ sung, bị bãi bỏ trong thành lập và hoạt",TÀI CHÍNH,repealed,Bãi bỏ,commune,2026-02-15,repealed,https://daison.haiphong.gov.vn/thu-tuc-hanh-chinh/ubnd-xa-dai-son-ban-hanh-thong-bao-so-41-tb-ubnd-cong-khai-thu-tuc-hanh-chinh-moi-ban-hanh-sua-d-866283,https://cdn.haiphong.gov.vn/gov-hpg/6792/tintuc/2026/3/quyet-dinh-2026-676-stc-cong-bo-dm-tthc-so-tai-chinh-ttr32-33-qd-92-94-..signed639083028924780394.pdf,32133168e26dda6d85c375697ac0a28721bf2403e263326c55f5bd9d3bfb5c4f,"STT Mã thủ tục hành chính Tên thủ tục hành chính Văn bản quy định bãi bỏ thủ tục hành chính 10. 2.000375 Thông báo thay đổi nội dung Cam kết thực hiện mục tiêu xã hội, môi trường của doanh nghiệp xã hội Quyết định số 4166/QĐ-BTC ngày 15/12/2025 về việc công bố thủ tục hành chính được sửa đổi bổ sung, bị bãi bỏ trong thành lập và hoạt động của doanh nghiệp thuộc phạm vi chức năng quản lý của Bộ Tài chính 11. 1.010023 Thông báo hủy bỏ nghị quyết, quyết định giải thể doanh nghiệp Quyết định số 4166"
2026-02-15,676/QĐ-UBND,2.001199,Đăng ký thành lập công ty TNHH hai thành viên trở lên,TÀI CHÍNH,modified,Sửa đổi/bổ sung,province,2026-02-15,current,https://daison.haiphong.gov.vn/thu-tuc-hanh-chinh/ubnd-xa-dai-son-ban-hanh-thong-bao-so-41-tb-ubnd-cong-khai-thu-tuc-hanh-chinh-moi-ban-hanh-sua-d-866283,https://cdn.haiphong.gov.vn/gov-hpg/6792/tintuc/2026/3/quyet-dinh-2026-676-stc-cong-bo-dm-tthc-so-tai-chinh-ttr32-33-qd-92-94-..signed639083028924780394.pdf,32133168e26dda6d85c375697ac0a28721bf2403e263326c55f5bd9d3bfb5c4f,"- Thông tư số 47/2019/TT-BTC; - Thông tư số 68/2025/TT-BTC; - Thông tư số 64/2025/TT-BTC. 3 2.001199 Đăng ký thành lập công ty TNHH hai thành viên trở lên 03 ngày làm việc 1,5 ngày làm việc - Trung tâm Phục v ụ hành chính công thành phố; - Trung tâm Phục v ụ hành chính công c ấp"
2026-02-15,676/QĐ-UBND,2.001583,Đăng ký thành lập công ty TNHH một thành viên,TÀI CHÍNH,modified,Sửa đổi/bổ sung,province,2026-02-15,current,https://daison.haiphong.gov.vn/thu-tuc-hanh-chinh/ubnd-xa-dai-son-ban-hanh-thong-bao-so-41-tb-ubnd-cong-khai-thu-tuc-hanh-chinh-moi-ban-hanh-sua-d-866283,https://cdn.haiphong.gov.vn/gov-hpg/6792/tintuc/2026/3/quyet-dinh-2026-676-stc-cong-bo-dm-tthc-so-tai-chinh-ttr32-33-qd-92-94-..signed639083028924780394.pdf,32133168e26dda6d85c375697ac0a28721bf2403e263326c55f5bd9d3bfb5c4f,"trình Một phần 2 2.001583 Đăng ký thành lập công ty TNHH một thành viên 03 ngày làm việc 1,5 ngày làm việc - Trung tâm Phục v ụ hành chính công thành phố; - Trung tâm Phục v ụ hành chính công c ấp xã."
2026-02-15,676/QĐ-UBND,2.001610,Đăng ký thành lập doanh nghiệp tư nhân,TÀI CHÍNH,modified,Sửa đổi/bổ sung,province,2026-02-15,current,https://daison.haiphong.gov.vn/thu-tuc-hanh-chinh/ubnd-xa-dai-son-ban-hanh-thong-bao-so-41-tb-ubnd-cong-khai-thu-tuc-hanh-chinh-moi-ban-hanh-sua-d-866283,https://cdn.haiphong.gov.vn/gov-hpg/6792/tintuc/2026/3/quyet-dinh-2026-676-stc-cong-bo-dm-tthc-so-tai-chinh-ttr32-33-qd-92-94-..signed639083028924780394.pdf,32133168e26dda6d85c375697ac0a28721bf2403e263326c55f5bd9d3bfb5c4f,"Một phần I LĨNH VỰC THÀNH LẬP VÀ HOẠT ĐỘNG CỦA DOANH NGHIỆP 1 2.001610 Đăng ký thành lập doanh nghiệp tư nhân 03 ngày làm việc 1,5 ngày làm việc - Trung tâm Phục v ụ hành chính công thành phố; - Trung tâm Phục v ụ hành chính công c ấp xã. - Lệ phí đăng ký"
2026-02-15,676/QĐ-UBND,2.001954,"Thông báo thay đổi nội dung đăng ký thuế Quyết định số 4166/QĐ-BTC ngày 15/12/2025 về việc công bố thủ tục hành chính được sửa đổi bổ sung, bị bãi bỏ trong thành lập và hoạt động của doanh nghiệp thuộc phạm vi chức năng quản lý của Bộ Tài chính",TÀI CHÍNH,repealed,Bãi bỏ,commune,2026-02-15,repealed,https://daison.haiphong.gov.vn/thu-tuc-hanh-chinh/ubnd-xa-dai-son-ban-hanh-thong-bao-so-41-tb-ubnd-cong-khai-thu-tuc-hanh-chinh-moi-ban-hanh-sua-d-866283,https://cdn.haiphong.gov.vn/gov-hpg/6792/tintuc/2026/3/quyet-dinh-2026-676-stc-cong-bo-dm-tthc-so-tai-chinh-ttr32-33-qd-92-94-..signed639083028924780394.pdf,32133168e26dda6d85c375697ac0a28721bf2403e263326c55f5bd9d3bfb5c4f,"đổi bổ sung, bị bãi bỏ trong thành lập và hoạt động của doanh nghiệp thuộc phạm vi chức năng quản lý của Bộ Tài chính 6. 2.001954 Thông báo thay đổi nội dung đăng ký thuế Quyết định số 4166/QĐ-BTC ngày 15/12/2025 về việc công bố thủ tục hành chính được sửa đổi bổ sung, bị bãi bỏ trong thành lập và hoạt động của doanh nghiệp thuộc phạm vi chức năng quản lý của Bộ Tài chính 7. 2.002070 Thông báo lập chi nhánh, văn phòng đại diện ở nước ngoài (đối với doanh nghiệp tư nhân, công ty TNHH, công ty cổ "
2026-02-15,676/QĐ-UBND,2.001993,"Đăng ký thay đổi vốn đầu tư của chủ doanh nghiệp tư nhân Quyết định số 4166/QĐ-BTC ngày 15/12/2025 về việc công bố thủ tục hành chính được sửa đổi bổ sung, bị bãi bỏ trong thành lập và hoạt động của doanh nghiệp thuộc phạm vi chức",TÀI CHÍNH,repealed,Bãi bỏ,commune,2026-02-15,repealed,https://daison.haiphong.gov.vn/thu-tuc-hanh-chinh/ubnd-xa-dai-son-ban-hanh-thong-bao-so-41-tb-ubnd-cong-khai-thu-tuc-hanh-chinh-moi-ban-hanh-sua-d-866283,https://cdn.haiphong.gov.vn/gov-hpg/6792/tintuc/2026/3/quyet-dinh-2026-676-stc-cong-bo-dm-tthc-so-tai-chinh-ttr32-33-qd-92-94-..signed639083028924780394.pdf,32133168e26dda6d85c375697ac0a28721bf2403e263326c55f5bd9d3bfb5c4f,"STT Mã thủ tục hành chính Tên thủ tục hành chính Văn bản quy định bãi bỏ thủ tục hành chính 5. 2.001993 Đăng ký thay đổi vốn đầu tư của chủ doanh nghiệp tư nhân Quyết định số 4166/QĐ-BTC ngày 15/12/2025 về việc công bố thủ tục hành chính được sửa đổi bổ sung, bị bãi bỏ trong thành lập và hoạt động của doanh nghiệp thuộc phạm vi chức năng quản lý của Bộ Tài chính 6. 2.001954 Thông báo thay đổi nội dung đăng ký thuế Quyết định số 4166/QĐ-BTC ngày 15/12/2025 về việc công bố thủ tục hành chính được "
2026-02-15,676/QĐ-UBND,2.001996,"Thông báo thay đổi ngành, nghề kinh doanh (đối với doanh nghiệp tư nhân, công ty TNHH, công ty cổ phần, công ty hợp danh) Quyết định số 4166/QĐ-BTC ngày 15/12/2025 về việc công bố thủ tục hành chính được sửa đổi bổ sung, bị bãi bỏ trong thành lập và hoạt",TÀI CHÍNH,repealed,Bãi bỏ,commune,2026-02-15,repealed,https://daison.haiphong.gov.vn/thu-tuc-hanh-chinh/ubnd-xa-dai-son-ban-hanh-thong-bao-so-41-tb-ubnd-cong-khai-thu-tuc-hanh-chinh-moi-ban-hanh-sua-d-866283,https://cdn.haiphong.gov.vn/gov-hpg/6792/tintuc/2026/3/quyet-dinh-2026-676-stc-cong-bo-dm-tthc-so-tai-chinh-ttr32-33-qd-92-94-..signed639083028924780394.pdf,32133168e26dda6d85c375697ac0a28721bf2403e263326c55f5bd9d3bfb5c4f,"đổi bổ sung, bị bãi bỏ trong thành lập và hoạt động của doanh nghiệp thuộc phạm vi chức năng quản lý của Bộ Tài chính 4. 2.001996 Thông báo thay đổi ngành, nghề kinh doanh (đối với doanh nghiệp tư nhân, công ty TNHH, công ty cổ phần, công ty hợp danh) Quyết định số 4166/QĐ-BTC ngày 15/12/2025 về việc công bố thủ tục hành chính được sửa đổi bổ sung, bị bãi bỏ trong thành lập và hoạt động của doanh nghiệp thuộc phạm vi chức năng quản lý của Bộ Tài chính"
2026-02-15,676/QĐ-UBND,2.002000,"Đăng ký thay đổi chủ doanh nghiệp tư nhân trong trường hợp bán, tặng cho doanh nghiệp, chủ doanh nghiệp chết Quyết định số 4166/QĐ-BTC ngày 15/12/2025 về việc công bố thủ tục hành chính được sửa đổi bổ sung, bị bãi bỏ trong thành lập và hoạt",TÀI CHÍNH,repealed,Bãi bỏ,commune,2026-02-15,repealed,https://daison.haiphong.gov.vn/thu-tuc-hanh-chinh/ubnd-xa-dai-son-ban-hanh-thong-bao-so-41-tb-ubnd-cong-khai-thu-tuc-hanh-chinh-moi-ban-hanh-sua-d-866283,https://cdn.haiphong.gov.vn/gov-hpg/6792/tintuc/2026/3/quyet-dinh-2026-676-stc-cong-bo-dm-tthc-so-tai-chinh-ttr32-33-qd-92-94-..signed639083028924780394.pdf,32133168e26dda6d85c375697ac0a28721bf2403e263326c55f5bd9d3bfb5c4f,"đổi bổ sung, bị bãi bỏ trong thành lập và hoạt động của doanh nghiệp thuộc phạm vi chức năng quản lý của Bộ Tài chính 3. 2.002000 Đăng ký thay đổi chủ doanh nghiệp tư nhân trong trường hợp bán, tặng cho doanh nghiệp, chủ doanh nghiệp chết Quyết định số 4166/QĐ-BTC ngày 15/12/2025 về việc công bố thủ tục hành chính được sửa đổi bổ sung, bị bãi bỏ trong thành lập và hoạt động của doanh nghiệp thuộc phạm vi chức năng quản lý của Bộ Tài chính 4. 2.001996 Thông báo thay đổi ngành, nghề kinh doanh (đố"
2026-02-15,676/QĐ-UBND,2.002009,"Đăng ký thay đổi vốn điều lệ, phần vốn góp, tỷ lệ phần vốn góp đối với công ty TNHH, công ty cổ phần, công ty hợp danh; đăng ký thay đổi vốn đầu tư của chủ doanh nghiệp tư nhân - Trường hợp đăng",TÀI CHÍNH,modified,Sửa đổi/bổ sung,province,2026-02-15,not_in_current_master,https://daison.haiphong.gov.vn/thu-tuc-hanh-chinh/ubnd-xa-dai-son-ban-hanh-thong-bao-so-41-tb-ubnd-cong-khai-thu-tuc-hanh-chinh-moi-ban-hanh-sua-d-866283,https://cdn.haiphong.gov.vn/gov-hpg/6792/tintuc/2026/3/quyet-dinh-2026-676-stc-cong-bo-dm-tthc-so-tai-chinh-ttr32-33-qd-92-94-..signed639083028924780394.pdf,32133168e26dda6d85c375697ac0a28721bf2403e263326c55f5bd9d3bfb5c4f,"- Thông tư số 47/2019/TT-BTC; - Thông tư số 68/2025/TT-BTC; - Thông tư số 64/2025/TT-BTC. 15 2.002009 Đăng ký thay đổi vốn điều lệ, phần vốn góp, tỷ lệ phần vốn góp đối với công ty TNHH, công ty cổ phần, công ty hợp danh; đăng ký thay đổi vốn đầu tư của chủ doanh nghiệp tư nhân - Trường hợp đăng ký thay đổi vốn điều lệ,"
2026-02-15,676/QĐ-UBND,2.002010,"Đăng ký thay đổi người đại diện theo pháp luật của công ty trách nhiệm hữu hạn, công ty cổ phần Quyết định số 4166/QĐ-BTC ngày 15/12/2025 về việc công bố thủ tục hành chính được sửa đổi bổ sung, bị bãi bỏ trong thành lập và hoạt",TÀI CHÍNH,repealed,Bãi bỏ,commune,2026-02-15,repealed,https://daison.haiphong.gov.vn/thu-tuc-hanh-chinh/ubnd-xa-dai-son-ban-hanh-thong-bao-so-41-tb-ubnd-cong-khai-thu-tuc-hanh-chinh-moi-ban-hanh-sua-d-866283,https://cdn.haiphong.gov.vn/gov-hpg/6792/tintuc/2026/3/quyet-dinh-2026-676-stc-cong-bo-dm-tthc-so-tai-chinh-ttr32-33-qd-92-94-..signed639083028924780394.pdf,32133168e26dda6d85c375697ac0a28721bf2403e263326c55f5bd9d3bfb5c4f,"hành chính Tên thủ tục hành chính Văn bản quy định bãi bỏ thủ tục hành chính I Lĩnh vực thành lập và hoạt động của doanh nghiệp 1. 2.002010 Đăng ký thay đổi người đại diện theo pháp luật của công ty trách nhiệm hữu hạn, công ty cổ phần Quyết định số 4166/QĐ-BTC ngày 15/12/2025 về việc công bố thủ tục hành chính được sửa đổi bổ sung, bị bãi bỏ trong thành lập và hoạt động của doanh nghiệp thuộc phạm vi chức năng quản lý của Bộ Tài chính 2. 1.005114 Đăng ký thay đổi chủ sở hữu công ty trách nhiệm "
2026-02-15,676/QĐ-UBND,2.002011,"Đăng ký thay đổi thành viên hợp danh; đăng ký thay đổi thành viên công ty trách nhiệm hữu hạn hai thành viên trở lên; đăng ký thay đổi người đại diện theo pháp luật của công ty trách nhiệm hữu hạn, công ty cổ phần",TÀI CHÍNH,modified,Sửa đổi/bổ sung,province,2026-02-15,not_in_current_master,https://daison.haiphong.gov.vn/thu-tuc-hanh-chinh/ubnd-xa-dai-son-ban-hanh-thong-bao-so-41-tb-ubnd-cong-khai-thu-tuc-hanh-chinh-moi-ban-hanh-sua-d-866283,https://cdn.haiphong.gov.vn/gov-hpg/6792/tintuc/2026/3/quyet-dinh-2026-676-stc-cong-bo-dm-tthc-so-tai-chinh-ttr32-33-qd-92-94-..signed639083028924780394.pdf,32133168e26dda6d85c375697ac0a28721bf2403e263326c55f5bd9d3bfb5c4f,"- Thông tư số 47/2019/TT-BTC; - Thông tư số 68/2025/TT-BTC; - Thông tư số 64/2025/TT-BTC. 6 2.002011 Đăng ký thay đổi thành viên hợp danh; đăng ký thay đổi thành viên công ty trách nhiệm hữu hạn hai thành viên trở lên; đăng ký thay đổi người đại diện theo pháp luật của công ty trách nhiệm hữu hạn, công ty cổ phần; đăng ký thay đổi chủ sở hữu"
2026-02-15,676/QĐ-UBND,2.002031,"Cấp đổi Giấy phép đầu tư, Giấy chứng nhận đầu tư (đồng thời là Giấy chứng nhận đăng ký kinh doanh) hoặc các giấy tờ có giá trị pháp lý tương đương của doanh nghiệp, chi nhánh, văn phòng đại diện,",TÀI CHÍNH,modified,Sửa đổi/bổ sung,province,2026-02-15,not_in_current_master,https://daison.haiphong.gov.vn/thu-tuc-hanh-chinh/ubnd-xa-dai-son-ban-hanh-thong-bao-so-41-tb-ubnd-cong-khai-thu-tuc-hanh-chinh-moi-ban-hanh-sua-d-866283,https://cdn.haiphong.gov.vn/gov-hpg/6792/tintuc/2026/3/quyet-dinh-2026-676-stc-cong-bo-dm-tthc-so-tai-chinh-ttr32-33-qd-92-94-..signed639083028924780394.pdf,32133168e26dda6d85c375697ac0a28721bf2403e263326c55f5bd9d3bfb5c4f,"doanh nghiệp, chủ doanh nghiệp chết. 7 2.002031 Cấp đổi Giấy phép đầu tư, Giấy chứng nhận đầu tư (đồng thời là Giấy chứng nhận đăng ký kinh doanh) hoặc các giấy tờ có giá trị pháp lý tương đương của doanh nghiệp, chi nhánh, văn phòng đại diện, 03 ngày làm việc 1,5 ngày"
2026-02-15,676/QĐ-UBND,2.002032,"Chuyển đổi doanh nghiệp tư nhân thành công ty hợp danh, công ty trách nhiệm hữu hạn, công ty cổ phần",TÀI CHÍNH,modified,Sửa đổi/bổ sung,province,2026-02-15,current,https://daison.haiphong.gov.vn/thu-tuc-hanh-chinh/ubnd-xa-dai-son-ban-hanh-thong-bao-so-41-tb-ubnd-cong-khai-thu-tuc-hanh-chinh-moi-ban-hanh-sua-d-866283,https://cdn.haiphong.gov.vn/gov-hpg/6792/tintuc/2026/3/quyet-dinh-2026-676-stc-cong-bo-dm-tthc-so-tai-chinh-ttr32-33-qd-92-94-..signed639083028924780394.pdf,32133168e26dda6d85c375697ac0a28721bf2403e263326c55f5bd9d3bfb5c4f,"điểm kinh doanh. - Thông tư số 64/2025/TT-BTC. 8 2.002032 Chuyển đổi doanh nghiệp tư nhân thành công ty hợp danh, công ty trách nhiệm hữu hạn, công ty cổ phần. 03 ngày làm việc 1,5 ngày làm việc - Trung tâm Phục v ụ hành chính công thành phố; - Trung tâm"
2026-02-15,676/QĐ-UBND,2.002033,Chuyển đổi công ty trách nhiệm hữu hạn một thành viên thành công ty trách nhiệm hữu hạn hai thành viên trở lên và ngược lại,TÀI CHÍNH,modified,Sửa đổi/bổ sung,province,2026-02-15,current,https://daison.haiphong.gov.vn/thu-tuc-hanh-chinh/ubnd-xa-dai-son-ban-hanh-thong-bao-so-41-tb-ubnd-cong-khai-thu-tuc-hanh-chinh-moi-ban-hanh-sua-d-866283,https://cdn.haiphong.gov.vn/gov-hpg/6792/tintuc/2026/3/quyet-dinh-2026-676-stc-cong-bo-dm-tthc-so-tai-chinh-ttr32-33-qd-92-94-..signed639083028924780394.pdf,32133168e26dda6d85c375697ac0a28721bf2403e263326c55f5bd9d3bfb5c4f,"phần - Thông tư số 68/2025/TT-BTC; - Thông tư số 64/2025/TT-BTC. 9 2.002033 Chuyển đổi công ty trách nhiệm hữu hạn một thành viên thành công ty trách nhiệm hữu hạn hai thành viên trở lên và ngược lại 03 ngày làm việc 1,5 ngày làm việc - Trung tâm Phục v ụ hành chính công thành"
2026-02-15,676/QĐ-UBND,2.002034,Chuyển đổi công ty trách nhiệm hữu hạn thành công ty cổ phần và ngược lại,TÀI CHÍNH,modified,Sửa đổi/bổ sung,province,2026-02-15,not_in_current_master,https://daison.haiphong.gov.vn/thu-tuc-hanh-chinh/ubnd-xa-dai-son-ban-hanh-thong-bao-so-41-tb-ubnd-cong-khai-thu-tuc-hanh-chinh-moi-ban-hanh-sua-d-866283,https://cdn.haiphong.gov.vn/gov-hpg/6792/tintuc/2026/3/quyet-dinh-2026-676-stc-cong-bo-dm-tthc-so-tai-chinh-ttr32-33-qd-92-94-..signed639083028924780394.pdf,32133168e26dda6d85c375697ac0a28721bf2403e263326c55f5bd9d3bfb5c4f,"- Thông tư số 47/2019/TT-BTC; - Thông tư số 68/2025/TT-BTC; - Thông tư số 64/2025/TT-BTC. 10 2.002034 Chuyển đổi công ty trách nhiệm hữu hạn thành công ty cổ phần và ngược lại 03 ngày làm việc 1,5 ngày làm việc - Trung tâm Phục v ụ hành chính công thành phố; - Trung tâm Phục v ụ hành chính"
2026-02-15,676/QĐ-UBND,2.002041,"Đăng ký thay đổi địa chỉ trụ sở chính, đăng ký đổi tên của doanh nghiệp; Thông báo thay đổi ngành, nghề kinh doanh; Thông báo thay đổi nội dung đăng ký thuế",TÀI CHÍNH,modified,Sửa đổi/bổ sung,province,2026-02-15,not_in_current_master,https://daison.haiphong.gov.vn/thu-tuc-hanh-chinh/ubnd-xa-dai-son-ban-hanh-thong-bao-so-41-tb-ubnd-cong-khai-thu-tuc-hanh-chinh-moi-ban-hanh-sua-d-866283,https://cdn.haiphong.gov.vn/gov-hpg/6792/tintuc/2026/3/quyet-dinh-2026-676-stc-cong-bo-dm-tthc-so-tai-chinh-ttr32-33-qd-92-94-..signed639083028924780394.pdf,32133168e26dda6d85c375697ac0a28721bf2403e263326c55f5bd9d3bfb5c4f,"trình Một phần 14 2.002041 Đăng ký thay đổi địa chỉ trụ sở chính, đăng ký đổi tên của doanh nghiệp; Thông báo thay đổi ngành, nghề kinh doanh; Thông báo thay đổi nội dung đăng ký thuế 03 ngày làm việc 1,5 ngày làm việc - Trung tâm"
2026-02-15,676/QĐ-UBND,2.002042,Đăng ký thành lập công ty hợp danh,TÀI CHÍNH,modified,Sửa đổi/bổ sung,province,2026-02-15,current,https://daison.haiphong.gov.vn/thu-tuc-hanh-chinh/ubnd-xa-dai-son-ban-hanh-thong-bao-so-41-tb-ubnd-cong-khai-thu-tuc-hanh-chinh-moi-ban-hanh-sua-d-866283,https://cdn.haiphong.gov.vn/gov-hpg/6792/tintuc/2026/3/quyet-dinh-2026-676-stc-cong-bo-dm-tthc-so-tai-chinh-ttr32-33-qd-92-94-..signed639083028924780394.pdf,32133168e26dda6d85c375697ac0a28721bf2403e263326c55f5bd9d3bfb5c4f,"- Thông tư số 47/2019/TT-BTC; - Thông tư số 68/2025/TT-BTC; - Thông tư số 64/2025/TT-BTC. 5 2.002042 Đăng ký thành lập công ty hợp danh 03 ngày làm việc 1,5 ngày làm việc - Trung tâm Phục v ụ hành chính công thành phố; - Trung tâm Phục v ụ - Lệ phí đăng ký doanh nghi ệp: 25.000 đồng - Phí công b ố"
2026-02-15,676/QĐ-UBND,2.002043,Đăng ký thành lập công ty cổ phần,TÀI CHÍNH,modified,Sửa đổi/bổ sung,province,2026-02-15,current,https://daison.haiphong.gov.vn/thu-tuc-hanh-chinh/ubnd-xa-dai-son-ban-hanh-thong-bao-so-41-tb-ubnd-cong-khai-thu-tuc-hanh-chinh-moi-ban-hanh-sua-d-866283,https://cdn.haiphong.gov.vn/gov-hpg/6792/tintuc/2026/3/quyet-dinh-2026-676-stc-cong-bo-dm-tthc-so-tai-chinh-ttr32-33-qd-92-94-..signed639083028924780394.pdf,32133168e26dda6d85c375697ac0a28721bf2403e263326c55f5bd9d3bfb5c4f,"- Thông tư số 47/2019/TT-BTC; - Thông tư số 68/2025/TT-BTC; - Thông tư số 64/2025/TT-BTC. 4 2.002043 Đăng ký thành lập công ty cổ phần 03 ngày làm việc 1,5 ngày làm việc - Trung tâm Phục v ụ hành chính công thành phố; - Trung tâm Phục v ụ hành chính công c ấp xã. - Lệ phí đăng ký"
2026-02-15,676/QĐ-UBND,2.002057,"Đăng ký thay đổi nội dung đăng ký doanh nghiệp đối với công ty bị tách (đối với công ty trách nhiệm hữu hạn, công ty cổ phần)",TÀI CHÍNH,modified,Sửa đổi/bổ sung,province,2026-02-15,current,https://daison.haiphong.gov.vn/thu-tuc-hanh-chinh/ubnd-xa-dai-son-ban-hanh-thong-bao-so-41-tb-ubnd-cong-khai-thu-tuc-hanh-chinh-moi-ban-hanh-sua-d-866283,https://cdn.haiphong.gov.vn/gov-hpg/6792/tintuc/2026/3/quyet-dinh-2026-676-stc-cong-bo-dm-tthc-so-tai-chinh-ttr32-33-qd-92-94-..signed639083028924780394.pdf,32133168e26dda6d85c375697ac0a28721bf2403e263326c55f5bd9d3bfb5c4f,"- Thông tư số 47/2019/TT-BTC; - Thông tư số 68/2025/TT-BTC; - Thông tư số 64/2025/TT-BTC. 13 2.002057 Đăng ký thay đổi nội dung đăng ký doanh nghiệp đối với công ty bị tách (đối với công ty trách nhiệm hữu hạn, công ty cổ phần) 03 ngày làm việc 1,5 ngày làm việc - Trung tâm Phục v ụ hành chính công thành phố;"
2026-02-15,676/QĐ-UBND,2.002059,"Hợp nhất doanh nghiệp (đối với công ty trách nhiệm hữu hạn, công ty cổ phần và công ty hợp danh) Quyết định số 4166/QĐ-BTC ngày 15/12/2025 về việc công bố thủ tục hành chính được sửa đổi bổ sung, bị bãi bỏ trong thành lập và hoạt",TÀI CHÍNH,repealed,Bãi bỏ,commune,2026-02-15,repealed,https://daison.haiphong.gov.vn/thu-tuc-hanh-chinh/ubnd-xa-dai-son-ban-hanh-thong-bao-so-41-tb-ubnd-cong-khai-thu-tuc-hanh-chinh-moi-ban-hanh-sua-d-866283,https://cdn.haiphong.gov.vn/gov-hpg/6792/tintuc/2026/3/quyet-dinh-2026-676-stc-cong-bo-dm-tthc-so-tai-chinh-ttr32-33-qd-92-94-..signed639083028924780394.pdf,32133168e26dda6d85c375697ac0a28721bf2403e263326c55f5bd9d3bfb5c4f,"đổi bổ sung, bị bãi bỏ trong thành lập và hoạt động của doanh nghiệp thuộc phạm vi chức năng quản lý của Bộ Tài chính 9. 2.002059 Hợp nhất doanh nghiệp (đối với công ty trách nhiệm hữu hạn, công ty cổ phần và công ty hợp danh) Quyết định số 4166/QĐ-BTC ngày 15/12/2025 về việc công bố thủ tục hành chính được sửa đổi bổ sung, bị bãi bỏ trong thành lập và hoạt động của doanh nghiệp thuộc phạm vi chức năng quản lý của Bộ Tài chính"
2026-02-15,676/QĐ-UBND,2.002060,Đăng ký thay đổi nội dung đăng ký doanh nghiệp đối với công ty nhận,TÀI CHÍNH,modified,Sửa đổi/bổ sung,province,2026-02-15,current,https://daison.haiphong.gov.vn/thu-tuc-hanh-chinh/ubnd-xa-dai-son-ban-hanh-thong-bao-so-41-tb-ubnd-cong-khai-thu-tuc-hanh-chinh-moi-ban-hanh-sua-d-866283,https://cdn.haiphong.gov.vn/gov-hpg/6792/tintuc/2026/3/quyet-dinh-2026-676-stc-cong-bo-dm-tthc-so-tai-chinh-ttr32-33-qd-92-94-..signed639083028924780394.pdf,32133168e26dda6d85c375697ac0a28721bf2403e263326c55f5bd9d3bfb5c4f,"- Thông tư số 47/2019/TT-BTC; - Thông tư số 68/2025/TT-BTC; - Thông tư số 64/2025/TT-BTC. 12 2.002060 Đăng ký thay đổi nội dung đăng ký doanh nghiệp đối với công ty nhận 03 ngày làm việc 1,5 ngày làm việc - Trung tâm Phục v ụ hành chính công thành phố; - Lệ phí đăng ký doanh nghi ệp: 25.000 đồng x - Luật Doanh nghiệp năm 2020;"
2026-02-15,676/QĐ-UBND,2.002069,"Đăng ký hoạt động chi nhánh, văn phòng đại diện, thông báo lập địa điểm kinh doanh; thông báo lập chi nhánh, văn phòng đại diện ở nước ngoài",TÀI CHÍNH,modified,Sửa đổi/bổ sung,province,2026-02-15,current,https://daison.haiphong.gov.vn/thu-tuc-hanh-chinh/ubnd-xa-dai-son-ban-hanh-thong-bao-so-41-tb-ubnd-cong-khai-thu-tuc-hanh-chinh-moi-ban-hanh-sua-d-866283,https://cdn.haiphong.gov.vn/gov-hpg/6792/tintuc/2026/3/quyet-dinh-2026-676-stc-cong-bo-dm-tthc-so-tai-chinh-ttr32-33-qd-92-94-..signed639083028924780394.pdf,32133168e26dda6d85c375697ac0a28721bf2403e263326c55f5bd9d3bfb5c4f,"trình Một phần 18 2.002069 Đăng ký hoạt động chi nhánh, văn phòng đại diện, thông báo lập địa điểm kinh doanh; thông báo lập chi nhánh, văn phòng đại diện ở nước ngoài 03 ngày làm việc 1,5 ngày làm việc - Trung tâm Phục v ụ hành chính"
2026-02-15,676/QĐ-UBND,2.002070,"Thông báo lập chi nhánh, văn phòng đại diện ở nước ngoài (đối với doanh nghiệp tư nhân, công ty TNHH, công ty cổ phần, công ty hợp danh) Quyết định số 4166/QĐ-BTC ngày 15/12/2025 về việc công bố thủ tục hành chính được sửa",TÀI CHÍNH,repealed,Bãi bỏ,commune,2026-02-15,repealed,https://daison.haiphong.gov.vn/thu-tuc-hanh-chinh/ubnd-xa-dai-son-ban-hanh-thong-bao-so-41-tb-ubnd-cong-khai-thu-tuc-hanh-chinh-moi-ban-hanh-sua-d-866283,https://cdn.haiphong.gov.vn/gov-hpg/6792/tintuc/2026/3/quyet-dinh-2026-676-stc-cong-bo-dm-tthc-so-tai-chinh-ttr32-33-qd-92-94-..signed639083028924780394.pdf,32133168e26dda6d85c375697ac0a28721bf2403e263326c55f5bd9d3bfb5c4f,"đổi bổ sung, bị bãi bỏ trong thành lập và hoạt động của doanh nghiệp thuộc phạm vi chức năng quản lý của Bộ Tài chính 7. 2.002070 Thông báo lập chi nhánh, văn phòng đại diện ở nước ngoài (đối với doanh nghiệp tư nhân, công ty TNHH, công ty cổ phần, công ty hợp danh) Quyết định số 4166/QĐ-BTC ngày 15/12/2025 về việc công bố thủ tục hành chính được sửa đổi bổ sung, bị bãi bỏ trong thành lập và hoạt động của doanh nghiệp thuộc phạm vi chức năng quản lý của Bộ Tài chính 8. 2.002083 Đăng ký doanh ngh"
2026-02-15,676/QĐ-UBND,2.002083,"Đăng ký doanh nghiệp đối với các công ty được thành lập trên cơ sở tách công ty Quyết định số 4166/QĐ-BTC ngày 15/12/2025 về việc công bố thủ tục hành chính được sửa đổi bổ sung, bị bãi bỏ trong thành lập và hoạt động của doanh nghiệp thuộc phạm vi chức",TÀI CHÍNH,repealed,Bãi bỏ,commune,2026-02-15,repealed,https://daison.haiphong.gov.vn/thu-tuc-hanh-chinh/ubnd-xa-dai-son-ban-hanh-thong-bao-so-41-tb-ubnd-cong-khai-thu-tuc-hanh-chinh-moi-ban-hanh-sua-d-866283,https://cdn.haiphong.gov.vn/gov-hpg/6792/tintuc/2026/3/quyet-dinh-2026-676-stc-cong-bo-dm-tthc-so-tai-chinh-ttr32-33-qd-92-94-..signed639083028924780394.pdf,32133168e26dda6d85c375697ac0a28721bf2403e263326c55f5bd9d3bfb5c4f,"đổi bổ sung, bị bãi bỏ trong thành lập và hoạt động của doanh nghiệp thuộc phạm vi chức năng quản lý của Bộ Tài chính 8. 2.002083 Đăng ký doanh nghiệp đối với các công ty được thành lập trên cơ sở tách công ty Quyết định số 4166/QĐ-BTC ngày 15/12/2025 về việc công bố thủ tục hành chính được sửa đổi bổ sung, bị bãi bỏ trong thành lập và hoạt động của doanh nghiệp thuộc phạm vi chức năng quản lý của Bộ Tài chính 9. 2.002059 Hợp nhất doanh nghiệp (đối với công ty trách nhiệm hữu hạn, công ty cổ phầ"
2026-02-15,676/QĐ-UBND,2.002085,"Đăng ký doanh nghiệp đối với các công ty được thành lập trên cơ sở chia công ty, tách công ty, hợp nhất công ty",TÀI CHÍNH,modified,Sửa đổi/bổ sung,province,2026-02-15,current,https://daison.haiphong.gov.vn/thu-tuc-hanh-chinh/ubnd-xa-dai-son-ban-hanh-thong-bao-so-41-tb-ubnd-cong-khai-thu-tuc-hanh-chinh-moi-ban-hanh-sua-d-866283,https://cdn.haiphong.gov.vn/gov-hpg/6792/tintuc/2026/3/quyet-dinh-2026-676-stc-cong-bo-dm-tthc-so-tai-chinh-ttr32-33-qd-92-94-..signed639083028924780394.pdf,32133168e26dda6d85c375697ac0a28721bf2403e263326c55f5bd9d3bfb5c4f,"- Thông tư số 47/2019/TT-BTC; - Thông tư số 68/2025/TT-BTC; - Thông tư số 64/2025/TT-BTC. 11 2.002085 Đăng ký doanh nghiệp đối với các công ty được thành lập trên cơ sở chia công ty, tách công ty, hợp nhất công ty 03 ngày làm việc 1,5 ngày làm việc - Trung tâm Phục v ụ hành chính công thành phố; - Trung tâm"
2026-02-27,716/QĐ-UBND,1.000942,"Trả lại giấy phép nhận chìm (c ấp tỉnh) - Thời hạn kiểm tra hồ sơ + Trong th ời hạn 01 ngày làm vi ệc, TTHCC ki ểm tra thành phần, nội dung của hồ sơ, trường hợp hồ sơ theo đúng quy định, TTHCC ban hành văn b ản ti ếp nhận và h ẹn gi ải",NÔNG NGHIỆP VÀ MÔI TRƯỜNG,modified,Sửa đổi/bổ sung,province,2026-02-27,not_in_current_master,https://cathai.haiphong.gov.vn/bien-va-hai-dao/quyet-dinh-so-716-qd-ubnd-ngay-27-2-2026-cua-ubnd-thanh-pho-hai-phong-v-v-cong-khai-danh-muc-thu-865584,https://cdn.haiphong.gov.vn/gov-hpg/5889/tintuc/2026/3/quyet-dinh-716-thu-tuc-hanh-chinh-bien-hai-dao.signed639082183345588001.pdf,5a66abeeff24a57cc5fba1131136602500ab4fd3fc9cb7f0ffac758e4549b1af,"từ ngày S ở Nông nghiệp và Môi trường trình UBND cấp tỉnh 9 1.000942 Trả lại giấy phép nhận chìm (c ấp tỉnh) - Thời hạn kiểm tra hồ sơ + Trong th ời hạn 01 ngày làm vi ệc, TTHCC ki ểm tra thành phần, nội dung của hồ sơ, trường hợp hồ sơ theo đúng quy định, TTHCC ban hành văn b ản ti ếp nhận và h ẹn gi ải quyết h ồ sơ. Trường hợp hồ sơ chưa đúng quy đ ịnh, trong th ời hạn không quá 03"
2026-02-27,716/QĐ-UBND,1.000969,"Sửa đổi, bổ sung Giấy phép nh ận chìm ở biển (cấp tỉnh) - Thời hạn kiểm tra hồ sơ + Trong th ời hạn 01 ngày làm vi ệc, TTHCC ki ểm tra thành phần, nội dung của hồ sơ, trường hợp - Thời hạn kiểm tra hồ sơ + Trong thời hạn 01",NÔNG NGHIỆP VÀ MÔI TRƯỜNG,modified,Sửa đổi/bổ sung,province,2026-02-27,not_in_current_master,https://cathai.haiphong.gov.vn/bien-va-hai-dao/quyet-dinh-so-716-qd-ubnd-ngay-27-2-2026-cua-ubnd-thanh-pho-hai-phong-v-v-cong-khai-danh-muc-thu-865584,https://cdn.haiphong.gov.vn/gov-hpg/5889/tintuc/2026/3/quyet-dinh-716-thu-tuc-hanh-chinh-bien-hai-dao.signed639082183345588001.pdf,5a66abeeff24a57cc5fba1131136602500ab4fd3fc9cb7f0ffac758e4549b1af,"Nông nghiệp và Môi trường trình UBND cấp tỉnh 8 1.000969 Sửa đổi, bổ sung Giấy phép nh ận chìm ở biển (cấp tỉnh) - Thời hạn kiểm tra hồ sơ + Trong th ời hạn 01 ngày làm vi ệc, TTHCC ki ểm tra thành phần, nội dung của hồ sơ, trường hợp - Thời hạn kiểm tra hồ sơ + Trong thời hạn 01 ngày làm vi ệc, TTHCC ki ểm tra thành phần, nội dung của hồ sơ, trường hợp"
2026-02-27,716/QĐ-UBND,1.004935,Gia hạn thời hạn giao khu v ực biển (cấp tỉnh) - Thời hạn thẩm định hồ sơ: + Trong th ời h ạn,NÔNG NGHIỆP VÀ MÔI TRƯỜNG,modified,Sửa đổi/bổ sung,province,2026-02-27,not_in_current_master,https://cathai.haiphong.gov.vn/bien-va-hai-dao/quyet-dinh-so-716-qd-ubnd-ngay-27-2-2026-cua-ubnd-thanh-pho-hai-phong-v-v-cong-khai-danh-muc-thu-865584,https://cdn.haiphong.gov.vn/gov-hpg/5889/tintuc/2026/3/quyet-dinh-716-thu-tuc-hanh-chinh-bien-hai-dao.signed639082183345588001.pdf,5a66abeeff24a57cc5fba1131136602500ab4fd3fc9cb7f0ffac758e4549b1af,"phần 44/2026/NĐ-CP ngày 26/01/2026. 2 1.004935 Gia hạn thời hạn giao khu v ực biển (cấp tỉnh) - Thời hạn thẩm định hồ sơ: + Trong th ời h ạn không quá 25 ngày kể từ ngày nhận đư ợc đầy đ ủ hồ sơ theo đúng quy đ ịnh. Th ời gian các bộ, ngành và các cơ quan có liên quan trả lời bằng văn bản không quá 1 4 ngày làm vi ệc k ể từ ngày nhận được văn bản xin ý ki ến. Thời gian ki ểm tra th ực"
2026-02-27,716/QĐ-UBND,1.005189,"Cấp gi ấy phép nhận chìm ở biển (cấp tỉnh) + Thời hạn kiểm tra hồ sơ + Trong th ời hạn 01 ngày làm vi ệc, TTHCC ki ểm tra thành ph ần, n ội dung c ủa h ồ sơ, trường h ợp h ồ sơ theo đúng quy đ ịnh, TTHCC ban hành văn bản tiếp nhận và",NÔNG NGHIỆP VÀ MÔI TRƯỜNG,modified,Sửa đổi/bổ sung,province,2026-02-27,not_in_current_master,https://cathai.haiphong.gov.vn/bien-va-hai-dao/quyet-dinh-so-716-qd-ubnd-ngay-27-2-2026-cua-ubnd-thanh-pho-hai-phong-v-v-cong-khai-danh-muc-thu-865584,https://cdn.haiphong.gov.vn/gov-hpg/5889/tintuc/2026/3/quyet-dinh-716-thu-tuc-hanh-chinh-bien-hai-dao.signed639082183345588001.pdf,5a66abeeff24a57cc5fba1131136602500ab4fd3fc9cb7f0ffac758e4549b1af,"nhận khu v ực bi ển bằng Quy ết đ ịnh giao khu vực biển 6 1.005189 Cấp gi ấy phép nhận chìm ở biển (cấp tỉnh) + Thời hạn kiểm tra hồ sơ + Trong th ời hạn 01 ngày làm vi ệc, TTHCC ki ểm tra thành ph ần, n ội dung c ủa h ồ sơ, trường h ợp h ồ sơ theo đúng quy đ ịnh, TTHCC ban hành văn bản tiếp nhận và hẹn giải quyết hồ sơ; Trường h ợp h ồ sơ chưa đúng quy đ ịnh, TTHCC có trách"
2026-02-27,716/QĐ-UBND,1.005399,"Trả lại khu v ực biển (cấp tỉnh) - Thời h ạn ki ểm tra hồ sơ: + Trong thời hạn 01 ngày làm việc, Trung - Thời h ạn ki ểm tra hồ sơ: + Trong thời hạn 01 ngày làm việc, Trung - Trung tâm Ph ục vụ hành chính",NÔNG NGHIỆP VÀ MÔI TRƯỜNG,modified,Sửa đổi/bổ sung,province,2026-02-27,not_in_current_master,https://cathai.haiphong.gov.vn/bien-va-hai-dao/quyet-dinh-so-716-qd-ubnd-ngay-27-2-2026-cua-ubnd-thanh-pho-hai-phong-v-v-cong-khai-danh-muc-thu-865584,https://cdn.haiphong.gov.vn/gov-hpg/5889/tintuc/2026/3/quyet-dinh-716-thu-tuc-hanh-chinh-bien-hai-dao.signed639082183345588001.pdf,5a66abeeff24a57cc5fba1131136602500ab4fd3fc9cb7f0ffac758e4549b1af,"thống thông tin gi ải quyết th ủ tục hành chính. 3 1.005399 Trả lại khu v ực biển (cấp tỉnh) - Thời h ạn ki ểm tra hồ sơ: + Trong thời hạn 01 ngày làm việc, Trung - Thời h ạn ki ểm tra hồ sơ: + Trong thời hạn 01 ngày làm việc, Trung - Trung tâm Ph ục vụ hành chính Không quy định x - Nghị định s ố 11/2021/NĐ-CP"
2026-02-27,716/QĐ-UBND,1.005400,"Sửa đổi, bổ sung Quyết đ ịnh giao khu v ực bi ển (cấp tỉnh) - Thời h ạn ki ểm tra hồ sơ: + Trong th ời hạn 01 ngày làm việc, Trung tâm Ph ục v ụ hành chính công c ấp t ỉnh kiểm tra thành ph ần, nội dung c ủa h ồ sơ. - Thời h ạn ki ểm tra",NÔNG NGHIỆP VÀ MÔI TRƯỜNG,modified,Sửa đổi/bổ sung,province,2026-02-27,not_in_current_master,https://cathai.haiphong.gov.vn/bien-va-hai-dao/quyet-dinh-so-716-qd-ubnd-ngay-27-2-2026-cua-ubnd-thanh-pho-hai-phong-v-v-cong-khai-danh-muc-thu-865584,https://cdn.haiphong.gov.vn/gov-hpg/5889/tintuc/2026/3/quyet-dinh-716-thu-tuc-hanh-chinh-bien-hai-dao.signed639082183345588001.pdf,5a66abeeff24a57cc5fba1131136602500ab4fd3fc9cb7f0ffac758e4549b1af,"nhà nư ớc ho ặc c ấp có th ẩm quy ền giao khu vực biển. 4 1.005400 Sửa đổi, bổ sung Quyết đ ịnh giao khu v ực bi ển (cấp tỉnh) - Thời h ạn ki ểm tra hồ sơ: + Trong th ời hạn 01 ngày làm việc, Trung tâm Ph ục v ụ hành chính công c ấp t ỉnh kiểm tra thành ph ần, nội dung c ủa h ồ sơ. - Thời h ạn ki ểm tra hồ sơ: + Trong th ời hạn 01 ngày làm việc, Trung tâm Ph ục v ụ hành chính công c ấp t ỉnh"
2026-02-27,716/QĐ-UBND,1.005401,"Giao khu v ực biển (cấp tỉnh) - Thời hạn thẩm định hồ sơ: Không quá 40 ngày kể từ ngày nhận được đ ầy đ ủ hồ sơ theo đúng quy định. - Thời hạn trình, giải quyết hồ sơ: + Trong th ời h ạn",NÔNG NGHIỆP VÀ MÔI TRƯỜNG,modified,Sửa đổi/bổ sung,province,2026-02-27,not_in_current_master,https://cathai.haiphong.gov.vn/bien-va-hai-dao/quyet-dinh-so-716-qd-ubnd-ngay-27-2-2026-cua-ubnd-thanh-pho-hai-phong-v-v-cong-khai-danh-muc-thu-865584,https://cdn.haiphong.gov.vn/gov-hpg/5889/tintuc/2026/3/quyet-dinh-716-thu-tuc-hanh-chinh-bien-hai-dao.signed639082183345588001.pdf,5a66abeeff24a57cc5fba1131136602500ab4fd3fc9cb7f0ffac758e4549b1af,"Một phần I LĨNH VỰC BIỂN VÀ HẢI ĐẢO 1 1.005401 Giao khu v ực biển (cấp tỉnh) - Thời hạn thẩm định hồ sơ: Không quá 40 ngày kể từ ngày nhận được đ ầy đ ủ hồ sơ theo đúng quy định. - Thời hạn trình, giải quyết hồ sơ: + Trong th ời h ạn không quá 01 ngày làm việc, kể từ ngày hoàn thành vi ệc thẩm định hồ sơ, cơ quan th ẩm đ ịnh h ồ sơ có trách nhi ệm trình h ồ sơ cho người có th ẩm"
2026-02-27,716/QĐ-UBND,1.009481,"Công nh ận khu vực biển cấp tỉnh - Thời h ạn ki ểm tra hồ sơ: + Trong th ời hạn 01 ngày làm việc, Trung tâm Ph ục v ụ hành chính công ki ểm tra thành phần, nội dung của h ồ sơ. Trư ờng hợp hồ sơ theo đúng quy đ ịnh, trong th ời",NÔNG NGHIỆP VÀ MÔI TRƯỜNG,modified,Sửa đổi/bổ sung,province,2026-02-27,not_in_current_master,https://cathai.haiphong.gov.vn/bien-va-hai-dao/quyet-dinh-so-716-qd-ubnd-ngay-27-2-2026-cua-ubnd-thanh-pho-hai-phong-v-v-cong-khai-danh-muc-thu-865584,https://cdn.haiphong.gov.vn/gov-hpg/5889/tintuc/2026/3/quyet-dinh-716-thu-tuc-hanh-chinh-bien-hai-dao.signed639082183345588001.pdf,5a66abeeff24a57cc5fba1131136602500ab4fd3fc9cb7f0ffac758e4549b1af,"nước ho ặc c ấp có thẩm quyền giao khu vực biển. 5 1.009481 Công nh ận khu vực biển cấp tỉnh - Thời h ạn ki ểm tra hồ sơ: + Trong th ời hạn 01 ngày làm việc, Trung tâm Ph ục v ụ hành chính công ki ểm tra thành phần, nội dung của h ồ sơ. Trư ờng hợp hồ sơ theo đúng quy đ ịnh, trong th ời hạn không quá 01 - Thời h ạn ki ểm tra hồ sơ: + Trong t hời hạn 01 ngày làm việc, Trung tâm Ph ục v ụ hành"
2026-02-27,716/QĐ-UBND,2.000472,"Gia h ạn Gi ấy phép nhận chìm ở biển (cấp tỉnh) - Thời h ạn ki ểm tra hồ sơ + Trong th ời hạn 01 ngày làm vi ệc, TTHCC ki ểm tra thành ph ần, n ội dung c ủa h ồ sơ, trường h ợp h ồ sơ theo đúng quy đ ịnh, TTHCC ban hành văn bản tiếp nhận và",NÔNG NGHIỆP VÀ MÔI TRƯỜNG,modified,Sửa đổi/bổ sung,province,2026-02-27,not_in_current_master,https://cathai.haiphong.gov.vn/bien-va-hai-dao/quyet-dinh-so-716-qd-ubnd-ngay-27-2-2026-cua-ubnd-thanh-pho-hai-phong-v-v-cong-khai-danh-muc-thu-865584,https://cdn.haiphong.gov.vn/gov-hpg/5889/tintuc/2026/3/quyet-dinh-716-thu-tuc-hanh-chinh-bien-hai-dao.signed639082183345588001.pdf,5a66abeeff24a57cc5fba1131136602500ab4fd3fc9cb7f0ffac758e4549b1af,"trình Một phần 7 2.000472 Gia h ạn Gi ấy phép nhận chìm ở biển (cấp tỉnh) - Thời h ạn ki ểm tra hồ sơ + Trong th ời hạn 01 ngày làm vi ệc, TTHCC ki ểm tra thành ph ần, n ội dung c ủa h ồ sơ, trường h ợp h ồ sơ theo đúng quy đ ịnh, TTHCC ban hành văn bản tiếp nhận và hẹn giải quyết hồ sơ. Trường h ợp h ồ sơ chưa đúng quy đ ịnh, TTHCC có trách"
2026-02-27,716/QĐ-UBND,3.000435,Cấp phép nghiên cứu khoa h ọc trong vùng bi ển quản lý hành chính trên bi ển của cấp tỉnh - Thời hạn kiểm tra hồ sơ: trong thời hạn,NÔNG NGHIỆP VÀ MÔI TRƯỜNG,modified,Sửa đổi/bổ sung,province,2026-02-27,not_in_current_master,https://cathai.haiphong.gov.vn/bien-va-hai-dao/quyet-dinh-so-716-qd-ubnd-ngay-27-2-2026-cua-ubnd-thanh-pho-hai-phong-v-v-cong-khai-danh-muc-thu-865584,https://cdn.haiphong.gov.vn/gov-hpg/5889/tintuc/2026/3/quyet-dinh-716-thu-tuc-hanh-chinh-bien-hai-dao.signed639082183345588001.pdf,5a66abeeff24a57cc5fba1131136602500ab4fd3fc9cb7f0ffac758e4549b1af,"nghiệp và Môi trường trình Ủy ban nhân dân cấp tỉnh. 10 3.000435 Cấp phép nghiên cứu khoa h ọc trong vùng bi ển quản lý hành chính trên bi ển của cấp tỉnh - Thời hạn kiểm tra hồ sơ: trong thời hạn 05 ngày làm vi ệc kể từ ngày nh ận đư ợc hồ sơ. - Thời h ạn l ấy ý kiến: trong th ời h ạn 05 ngày làm vi ệc kể từ ngày nh ận đư ợc đầy đủ hồ sơ đề nghị cấp phép theo quy định, Ủy ban nhân"
2026-02-27,716/QĐ-UBND,3.000436,"Sửa đổi, bổ sung quyết đ ịnh c ấp phép nghiên c ứu khoa h ọc trong vùng bi ển qu ản lý hành chính trên biển của cấp tỉnh - Thời hạn kiểm tra hồ sơ: trong thời hạn",NÔNG NGHIỆP VÀ MÔI TRƯỜNG,modified,Sửa đổi/bổ sung,province,2026-02-27,not_in_current_master,https://cathai.haiphong.gov.vn/bien-va-hai-dao/quyet-dinh-so-716-qd-ubnd-ngay-27-2-2026-cua-ubnd-thanh-pho-hai-phong-v-v-cong-khai-danh-muc-thu-865584,https://cdn.haiphong.gov.vn/gov-hpg/5889/tintuc/2026/3/quyet-dinh-716-thu-tuc-hanh-chinh-bien-hai-dao.signed639082183345588001.pdf,5a66abeeff24a57cc5fba1131136602500ab4fd3fc9cb7f0ffac758e4549b1af,"khoan ở đáy bi ển, lòng đ ất dưới đáy biển. 11 3.000436 Sửa đổi, bổ sung quyết đ ịnh c ấp phép nghiên c ứu khoa h ọc trong vùng bi ển qu ản lý hành chính trên biển của cấp tỉnh - Thời hạn kiểm tra hồ sơ: trong thời hạn 05 ngày làm việc kể từ ngày nh ận đư ợc h ồ sơ, Ủy ban nhân dân cấp t ỉnh có trách nhiệm kiểm tra hồ sơ, có văn bản thông báo cho tổ chức, cá nhân nước ngoài v ề việc"
2026-02-27,716/QĐ-UBND,3.000437,"Gia h ạn quy ết định c ấp phép nghiên c ứu khoa học cấp tỉnh - Thời hạn kiểm tra hồ sơ: trong th ời hạn 05 ngày làm vi ệc, k ể từ ngày nhận đầy đủ hồ sơ, Ủy ban nhân dân cấp t ỉnh có trách nhiệm kiểm tra hồ sơ, có văn bản thông báo",NÔNG NGHIỆP VÀ MÔI TRƯỜNG,modified,Sửa đổi/bổ sung,province,2026-02-27,not_in_current_master,https://cathai.haiphong.gov.vn/bien-va-hai-dao/quyet-dinh-so-716-qd-ubnd-ngay-27-2-2026-cua-ubnd-thanh-pho-hai-phong-v-v-cong-khai-danh-muc-thu-865584,https://cdn.haiphong.gov.vn/gov-hpg/5889/tintuc/2026/3/quyet-dinh-716-thu-tuc-hanh-chinh-bien-hai-dao.signed639082183345588001.pdf,5a66abeeff24a57cc5fba1131136602500ab4fd3fc9cb7f0ffac758e4549b1af,"sung, gia h ạn quy ết định cấp phép nghiên cứu khoa học 12 3.000437 Gia h ạn quy ết định c ấp phép nghiên c ứu khoa học cấp tỉnh - Thời hạn kiểm tra hồ sơ: trong th ời hạn 05 ngày làm vi ệc, k ể từ ngày nhận đầy đủ hồ sơ, Ủy ban nhân dân cấp t ỉnh có trách nhiệm kiểm tra hồ sơ, có văn bản thông báo cho tổ chức, cá nhân nước ngoài v ề việc tiếp nhận hồ sơ trong trường hợp hồ sơ đầy đủ theo đúng quy định hoặc có văn bản thông"
2026-02-27,716/QĐ-UBND,3.000439,Giao khu vực biển cho cá nhân Vi ệt Nam để nuôi trồng thủy sản - Thời hạn tiếp nhận hồ sơ: Trung tâm Phục v ụ hành chính công c ấp xã thực hiện tiếp nhận hồ sơ thủ tục hành chính theo quy đ ịnh t ại Điều 17 Nghị định số 118/2025/NĐ-CP,NÔNG NGHIỆP VÀ MÔI TRƯỜNG,modified,Sửa đổi/bổ sung,commune,2026-02-27,current,https://cathai.haiphong.gov.vn/bien-va-hai-dao/quyet-dinh-so-716-qd-ubnd-ngay-27-2-2026-cua-ubnd-thanh-pho-hai-phong-v-v-cong-khai-danh-muc-thu-865584,https://cdn.haiphong.gov.vn/gov-hpg/5889/tintuc/2026/3/quyet-dinh-716-thu-tuc-hanh-chinh-bien-hai-dao.signed639082183345588001.pdf,5a66abeeff24a57cc5fba1131136602500ab4fd3fc9cb7f0ffac758e4549b1af,"Một phần I LĨNH VỰC BIỂN VÀ HẢI ĐẢO 1 3.000439 Giao khu vực biển cho cá nhân Vi ệt Nam để nuôi trồng thủy sản - Thời hạn tiếp nhận hồ sơ: Trung tâm Phục v ụ hành chính công c ấp xã thực hiện tiếp nhận hồ sơ thủ tục hành chính theo quy đ ịnh t ại Điều 17 Nghị định số 118/2025/NĐ-CP ngày 09 tháng 6 năm 2025 của Chính ph ủ về thực hi ện th ủ tục hành chính theo cơ chế một cửa, một cửa"
2026-02-27,716/QĐ-UBND,3.000440,Gia h ạn th ời h ạn giao khu v ực biển cho cá nhân Vi ệt Nam để nuôi trồng thủy sản - Thời hạn tiếp nhận hồ sơ th ủ tục hành chính: Trung tâm Phục v ụ hành chính công c ấp xã thực hiện tiếp nhận hồ sơ thủ tục hành chính theo quy đ ịnh t ại,NÔNG NGHIỆP VÀ MÔI TRƯỜNG,modified,Sửa đổi/bổ sung,commune,2026-02-27,current,https://cathai.haiphong.gov.vn/bien-va-hai-dao/quyet-dinh-so-716-qd-ubnd-ngay-27-2-2026-cua-ubnd-thanh-pho-hai-phong-v-v-cong-khai-danh-muc-thu-865584,https://cdn.haiphong.gov.vn/gov-hpg/5889/tintuc/2026/3/quyet-dinh-716-thu-tuc-hanh-chinh-bien-hai-dao.signed639082183345588001.pdf,5a66abeeff24a57cc5fba1131136602500ab4fd3fc9cb7f0ffac758e4549b1af,sơ trên H ệ thống thông tin gi ải quy ết thủ tục hành chính. 2 3.000440 Gia h ạn th ời h ạn giao khu v ực biển cho cá nhân Vi ệt Nam để nuôi trồng thủy sản - Thời hạn tiếp nhận hồ sơ th ủ tục hành chính: Trung tâm Phục v ụ hành chính công c ấp xã thực hiện tiếp nhận hồ sơ thủ tục hành chính theo quy đ ịnh t ại Điều 17 Nghị định số 118/2025/NĐ-CP ngày 09 tháng 6 năm 2025 của Chính ph ủ - Thời hạn tiếp nhận
2026-02-27,716/QĐ-UBND,3.000441,Trả lại khu v ực biển cho cá nhân Việt Nam đ ể nuôi trồng thủy sản - Thời hạn tiếp nhận hồ sơ th ủ tục hành chính: Trung tâm Phục v ụ hành chính công c ấp xã th ực hiện tiếp nhận hồ sơ thủ tục hành chính theo quy đ ịnh t ại,NÔNG NGHIỆP VÀ MÔI TRƯỜNG,modified,Sửa đổi/bổ sung,commune,2026-02-27,current,https://cathai.haiphong.gov.vn/bien-va-hai-dao/quyet-dinh-so-716-qd-ubnd-ngay-27-2-2026-cua-ubnd-thanh-pho-hai-phong-v-v-cong-khai-danh-muc-thu-865584,https://cdn.haiphong.gov.vn/gov-hpg/5889/tintuc/2026/3/quyet-dinh-716-thu-tuc-hanh-chinh-bien-hai-dao.signed639082183345588001.pdf,5a66abeeff24a57cc5fba1131136602500ab4fd3fc9cb7f0ffac758e4549b1af,"làm vi ệc, k ể từ ngày cơ quan th ẩm đ ịnh trình hồ sơ. 3 3.000441 Trả lại khu v ực biển cho cá nhân Việt Nam đ ể nuôi trồng thủy sản - Thời hạn tiếp nhận hồ sơ th ủ tục hành chính: Trung tâm Phục v ụ hành chính công c ấp xã th ực hiện tiếp nhận hồ sơ thủ tục hành chính theo quy đ ịnh t ại Điều 17 Nghị định số 118/2025/NĐ-CP ngày 09 tháng 6 năm 2025 của Chính ph ủ về thực hi ện th ủ tục - Thời hạn tiếp nhận"
2026-02-27,716/QĐ-UBND,3.000442,"Sửa đ ổi, b ổ sung Quyết đ ịnh giao khu v ực bi ển cho cá nhân Việt Nam để nuôi trồng thủy sản - Thời hạn tiếp nhận hồ sơ: Trung tâm Phục v ụ hành chính công c ấp xã thực hiện tiếp nhận hồ sơ thủ tục hành chính theo quy đ ịnh t ại",NÔNG NGHIỆP VÀ MÔI TRƯỜNG,modified,Sửa đổi/bổ sung,commune,2026-02-27,current,https://cathai.haiphong.gov.vn/bien-va-hai-dao/quyet-dinh-so-716-qd-ubnd-ngay-27-2-2026-cua-ubnd-thanh-pho-hai-phong-v-v-cong-khai-danh-muc-thu-865584,https://cdn.haiphong.gov.vn/gov-hpg/5889/tintuc/2026/3/quyet-dinh-716-thu-tuc-hanh-chinh-bien-hai-dao.signed639082183345588001.pdf,5a66abeeff24a57cc5fba1131136602500ab4fd3fc9cb7f0ffac758e4549b1af,"làm vi ệc, k ể từ ngày cơ quan th ẩm đ ịnh trình hồ sơ 4 3.000442 Sửa đ ổi, b ổ sung Quyết đ ịnh giao khu v ực bi ển cho cá nhân Việt Nam để nuôi trồng thủy sản - Thời hạn tiếp nhận hồ sơ: Trung tâm Phục v ụ hành chính công c ấp xã thực hiện tiếp nhận hồ sơ thủ tục hành chính theo quy đ ịnh t ại Điều 17 Nghị định số 118/2025/NĐ-CP ngày 09 tháng 6 năm 2025 của Chính ph ủ về thực hi ện th ủ tục"
2026-02-27,716/QĐ-UBND,3.000443,Công nh ận khu vực bi ển cho cá nhân Việt Nam để nuôi tr ồng th ủy sản - Thời hạn tiếp nhận hồ sơ: Trung tâm Phục v ụ hành chính công c ấp xã thực hiện tiếp nhận hồ sơ thủ tục hành chính theo quy đ ịnh t ại Điều 17 Nghị định số,NÔNG NGHIỆP VÀ MÔI TRƯỜNG,modified,Sửa đổi/bổ sung,commune,2026-02-27,current,https://cathai.haiphong.gov.vn/bien-va-hai-dao/quyet-dinh-so-716-qd-ubnd-ngay-27-2-2026-cua-ubnd-thanh-pho-hai-phong-v-v-cong-khai-danh-muc-thu-865584,https://cdn.haiphong.gov.vn/gov-hpg/5889/tintuc/2026/3/quyet-dinh-716-thu-tuc-hanh-chinh-bien-hai-dao.signed639082183345588001.pdf,5a66abeeff24a57cc5fba1131136602500ab4fd3fc9cb7f0ffac758e4549b1af,"văn b ản thông báo và nêu rõ lý do cho tổ chức, cá nhân. 5 3.000443 Công nh ận khu vực bi ển cho cá nhân Việt Nam để nuôi tr ồng th ủy sản - Thời hạn tiếp nhận hồ sơ: Trung tâm Phục v ụ hành chính công c ấp xã thực hiện tiếp nhận hồ sơ thủ tục hành chính theo quy đ ịnh t ại Điều 17 Nghị định số 118/2025/NĐ-CP ngày 09 tháng 6 năm 2025 của Chính ph ủ về thực hi ện th ủ tục hành chính theo cơ"
2026-03-03,777/QĐ-UBND,1.000660,"Công b ố đưa b ến xe khách vào khai thác - Thời h ạn kiểm tra: trong th ời hạn 05 ngày làm vi ệc, k ể từ ngày nh ận đủ hồ sơ đúng quy định. - Thời h ạn công bố: + Trư ờng",XÂY DỰNG,modified,Sửa đổi/bổ sung,shared_including_commune,2026-03-03,current,https://cathai.haiphong.gov.vn/linh-vuc-duong-bo/quyet-dinh-so-777-qd-ubnd-ngay-3-3-2026-cua-ubnd-thanh-pho-hai-phong-v-v-cong-bo-danh-muc-thu-tu-868508,https://cdn.haiphong.gov.vn/gov-hpg/5889/tintuc/2026/3/quyet-dinh-2026-cong-bo-dmtthc-so-xay-dung-ttr82-qdbxd2503-..signed639086047367131030.pdf,7e24357d2b10050c573f54ddb5eb55d8f658ed15a649023788c62b2d6569eae1,"22/2014/TT-BGTVT ngày 06 tháng 6 năm 2014 c ủa B ộ trưởng Bộ Giao thông vận tải 3 1.000660 Công b ố đưa b ến xe khách vào khai thác - Thời h ạn kiểm tra: trong th ời hạn 05 ngày làm vi ệc, k ể từ ngày nh ận đủ hồ sơ đúng quy định. - Thời h ạn công bố: + Trư ờng hợp quy ết định công bố:"
2026-03-03,777/QĐ-UBND,1.000672,"Công b ố lại bến xe khách - Thời h ạn kiểm tra: trong th ời hạn 03 ngày làm vi ệc, k ể từ ngày nh ận đủ hồ sơ đúng quy định. - Thời h ạn - Thời h ạn kiểm tra: trong th ời",XÂY DỰNG,modified,Sửa đổi/bổ sung,shared_including_commune,2026-03-03,current,https://cathai.haiphong.gov.vn/linh-vuc-duong-bo/quyet-dinh-so-777-qd-ubnd-ngay-3-3-2026-cua-ubnd-thanh-pho-hai-phong-v-v-cong-bo-danh-muc-thu-tu-868508,https://cdn.haiphong.gov.vn/gov-hpg/5889/tintuc/2026/3/quyet-dinh-2026-cong-bo-dmtthc-so-xay-dung-ttr82-qdbxd2503-..signed639086047367131030.pdf,7e24357d2b10050c573f54ddb5eb55d8f658ed15a649023788c62b2d6569eae1,"22/2014/TT-BGTVT ngày 06 tháng 6 năm 2014 c ủa B ộ trưởng Bộ Giao thông vận tải 4 1.000672 Công b ố lại bến xe khách - Thời h ạn kiểm tra: trong th ời hạn 03 ngày làm vi ệc, k ể từ ngày nh ận đủ hồ sơ đúng quy định. - Thời h ạn - Thời h ạn kiểm tra: trong th ời hạn 02 ngày làm vi ệc, k ể"
2026-03-03,777/QĐ-UBND,1.001046,Chấp thu ận thiết k ế nút giao đấu nối vào đư ờng quốc l ộ đang khai thác,XÂY DỰNG,modified,Sửa đổi/bổ sung,shared_including_commune,2026-03-03,current,https://cathai.haiphong.gov.vn/linh-vuc-duong-bo/quyet-dinh-so-777-qd-ubnd-ngay-3-3-2026-cua-ubnd-thanh-pho-hai-phong-v-v-cong-bo-danh-muc-thu-tu-868508,https://cdn.haiphong.gov.vn/gov-hpg/5889/tintuc/2026/3/quyet-dinh-2026-cong-bo-dmtthc-so-xay-dung-ttr82-qdbxd2503-..signed639086047367131030.pdf,7e24357d2b10050c573f54ddb5eb55d8f658ed15a649023788c62b2d6569eae1,Một phần I LĨNH VỰC ĐƯỜNG BỘ 1 1.001046 Chấp thu ận thiết k ế nút giao đấu nối vào đư ờng quốc l ộ đang khai thác 05 ngày làm việc k ể từ ngày nhận đủ hồ sơ hợp lệ 03 ngày làm việc k ể từ ngày nhận đủ hồ sơ hợp lệ - Trung tâm Phục vụ hành chính công
2026-03-03,777/QĐ-UBND,1.001061,Cấp phép thi công nút giao đấu nối vào đư ờng quốc l ộ đang khai thác,XÂY DỰNG,modified,Sửa đổi/bổ sung,shared_including_commune,2026-03-03,current,https://cathai.haiphong.gov.vn/linh-vuc-duong-bo/quyet-dinh-so-777-qd-ubnd-ngay-3-3-2026-cua-ubnd-thanh-pho-hai-phong-v-v-cong-bo-danh-muc-thu-tu-868508,https://cdn.haiphong.gov.vn/gov-hpg/5889/tintuc/2026/3/quyet-dinh-2026-cong-bo-dmtthc-so-xay-dung-ttr82-qdbxd2503-..signed639086047367131030.pdf,7e24357d2b10050c573f54ddb5eb55d8f658ed15a649023788c62b2d6569eae1,22/2014/TT-BGTVT ngày 06 tháng 6 năm 2014 c ủa B ộ trưởng Bộ Giao thông vận tải 2 1.001061 Cấp phép thi công nút giao đấu nối vào đư ờng quốc l ộ đang khai thác 05 ngày làm việc 03 ngày làm việc - Trung tâm Phục vụ hành chính công thành phố - Trung tâm Phục vụ hành chính công
2026-03-03,777/QĐ-UBND,1.005021,"Phê duyệt quy trình vận hành, khai thác bến phà, bến khách ngang sông sử dụng phà một lưỡi chở hành khách và xe ô tô",XÂY DỰNG,modified,Sửa đổi/bổ sung,shared_including_commune,2026-03-03,current,https://cathai.haiphong.gov.vn/linh-vuc-duong-bo/quyet-dinh-so-777-qd-ubnd-ngay-3-3-2026-cua-ubnd-thanh-pho-hai-phong-v-v-cong-bo-danh-muc-thu-tu-868508,https://cdn.haiphong.gov.vn/gov-hpg/5889/tintuc/2026/3/quyet-dinh-2026-cong-bo-dmtthc-so-xay-dung-ttr82-qdbxd2503-..signed639086047367131030.pdf,7e24357d2b10050c573f54ddb5eb55d8f658ed15a649023788c62b2d6569eae1,"22/2014/TT-BGTVT ngày 06 tháng 6 năm 2014 c ủa B ộ trưởng Bộ Giao thông vận tải 5 1.005021 Phê duy ệt quy trình vận hành, Trong th ời hạn 09 ngày làm vi ệc kể 4,5 ngày làm việc k ể từ ngày nhận đủ - Trung tâm Phục vụ hành chính công Không quy định x - Thông tư s ố 22/2014/TT- BGTVT ngày 06 tháng 6 năm 2014 c ủa B ộ trưởng B ộ Giao"
2026-03-03,777/QĐ-UBND,1.005024,"Phê duy ệt đi ều ch ỉnh quy trình v ận hành, khai thác b ến phà, b ến khách ngang sông s ử dụng phà m ột lưỡi chở hành khách và xe ô tô Thông tư số 72/2025/TT-BXD ngày 31 tháng 12 năm 2025 của Bộ trưởng Bộ Xây dựng sửa đổi, bổ sung một số điều của Thông tư số 36/2024/TT",XÂY DỰNG,repealed,Bãi bỏ,shared_including_commune,2026-03-03,repealed,https://cathai.haiphong.gov.vn/linh-vuc-duong-bo/quyet-dinh-so-777-qd-ubnd-ngay-3-3-2026-cua-ubnd-thanh-pho-hai-phong-v-v-cong-bo-danh-muc-thu-tu-868508,https://cdn.haiphong.gov.vn/gov-hpg/5889/tintuc/2026/3/quyet-dinh-2026-cong-bo-dmtthc-so-xay-dung-ttr82-qdbxd2503-..signed639086047367131030.pdf,7e24357d2b10050c573f54ddb5eb55d8f658ed15a649023788c62b2d6569eae1,"tục hành chính Tên thủ tục hành chính Tên VB QPPL quy định nội dung TTHC bãi bỏ 1 1.005024 Phê duy ệt đi ều ch ỉnh quy trình v ận hành, khai thác b ến phà, b ến khách ngang sông s ử dụng phà m ột lưỡi chở hành khách và xe ô tô Thông tư số 72/2025/TT-BXD ngày 31 tháng 12 năm 2025 của Bộ trưởng Bộ Xây dựng sửa đổi, bổ sung một số điều của Thông tư số 36/2024/TT- BGTVT ngày 15 tháng 11 năm 2024 c ủa Bộ trưởng Bộ Giao thông v ận tải quy đ ịnh về tổ chức, quản lý ho ạt động vận tải bằng xe ô tô và ho"
2026-03-03,777/QĐ-UBND,1.013061,Cấp gi ấy phép thi công công trình trên đường b ộ đang khai thác,XÂY DỰNG,modified,Sửa đổi/bổ sung,shared_including_commune,2026-03-03,current,https://cathai.haiphong.gov.vn/linh-vuc-duong-bo/quyet-dinh-so-777-qd-ubnd-ngay-3-3-2026-cua-ubnd-thanh-pho-hai-phong-v-v-cong-bo-danh-muc-thu-tu-868508,https://cdn.haiphong.gov.vn/gov-hpg/5889/tintuc/2026/3/quyet-dinh-2026-cong-bo-dmtthc-so-xay-dung-ttr82-qdbxd2503-..signed639086047367131030.pdf,7e24357d2b10050c573f54ddb5eb55d8f658ed15a649023788c62b2d6569eae1,Một phần I LĨNH VỰC ĐƯỜNG BỘ 1 1.013061 Cấp gi ấy phép thi công công trình trên đường b ộ đang khai thác 05 ngày kể từ ngày nhận đ ủ hồ sơ h ợp lệ 03 ngày k ể từ ngày nhận đủ hồ sơ hợp lệ - Trung tâm Phục vụ hành
2026-03-20,1039/QĐ-UBND,1.013017,"Thủ tục cấp giấy phép thành lập và công nhận điều lệ Quỹ Nghị định s ố 03/2026/NĐ-CP ngày 09/01/2026 c ủa Chính ph ủ về tổ chức, hoạt động của quỹ xã hội, quỹ từ thiện Quản lý nhà nước về quỹ",NỘI VỤ,repealed,Bãi bỏ,province,2026-03-20,repealed,https://giavien.haiphong.gov.vn/so-noi-vu-92287/quyet-dinh-so-1039-qd-ubnd-ngay-20-3-2026-ve-viec-cong-bo-thu-tuc-hanh-chinh-moi-ban-hanh-va-bi--878050,https://cdn.haiphong.gov.vn/gov-hpg/6798/tintuc/2026/3/qd-1039.-cong-bo-danh-muc-tthc-linh-vuc-quan-ly-nn-ve-quy..signed-1-639104826023207471.pdf,50a5a46e9a69a6b2b83564b45b2a85385721c54a3183be9a9dac4cea35065d34,"I. THỦ TỤC HÀNH CHÍNH CẤP TỈNH (07 thủ tục) 1 1.013017 Thủ tục cấp giấy phép thành lập và công nhận điều lệ Quỹ Nghị định s ố 03/2026/NĐ-CP ngày 09/01/2026 c ủa Chính ph ủ về tổ chức, hoạt động của quỹ xã hội, quỹ từ thiện Quản lý nhà nước về quỹ"
2026-03-20,1039/QĐ-UBND,1.013018,"Thủ tục công nhận quỹ đủ điều kiện hoạt động và công nhận thành viên H ội đồng quản lý qu ỹ; công nh ận thay đổi, bổ sung thành viên Hội đồng quản lý quỹ Nghị định s ố 03/2026/NĐ-CP ngày 09/01/2026 c ủa Chính ph ủ về tổ chức,",NỘI VỤ,repealed,Bãi bỏ,province,2026-03-20,repealed,https://giavien.haiphong.gov.vn/so-noi-vu-92287/quyet-dinh-so-1039-qd-ubnd-ngay-20-3-2026-ve-viec-cong-bo-thu-tuc-hanh-chinh-moi-ban-hanh-va-bi--878050,https://cdn.haiphong.gov.vn/gov-hpg/6798/tintuc/2026/3/qd-1039.-cong-bo-danh-muc-tthc-linh-vuc-quan-ly-nn-ve-quy..signed-1-639104826023207471.pdf,50a5a46e9a69a6b2b83564b45b2a85385721c54a3183be9a9dac4cea35065d34,"TTHC Tên TTHC Tên văn bản quy phạm pháp luật quy định việc bãi bỏ TTHC Lĩnh vực 2 1.013018 Thủ tục công nhận quỹ đủ điều kiện hoạt động và công nhận thành viên H ội đồng quản lý qu ỹ; công nh ận thay đổi, bổ sung thành viên Hội đồng quản lý quỹ Nghị định s ố 03/2026/NĐ-CP ngày 09/01/2026 c ủa Chính ph ủ về tổ chức, hoạt động của quỹ xã hội, quỹ từ thiện Quản lý nhà nước về quỹ 3 1.013019 Thủ tục công nhận điều lệ (sửa đổi, bổ sung) quỹ; đổi tên quỹ Nghị định s ố 03/2026/NĐ-CP ngày 09/01/2026 c ủ"
2026-03-20,1039/QĐ-UBND,1.013019,"Thủ tục công nhận điều lệ (sửa đổi, bổ sung) quỹ; đổi tên quỹ Nghị định s ố 03/2026/NĐ-CP ngày 09/01/2026 c ủa Chính ph ủ về tổ chức, hoạt động của quỹ xã hội, quỹ từ thiện Quản lý nhà nước về quỹ",NỘI VỤ,repealed,Bãi bỏ,province,2026-03-20,repealed,https://giavien.haiphong.gov.vn/so-noi-vu-92287/quyet-dinh-so-1039-qd-ubnd-ngay-20-3-2026-ve-viec-cong-bo-thu-tuc-hanh-chinh-moi-ban-hanh-va-bi--878050,https://cdn.haiphong.gov.vn/gov-hpg/6798/tintuc/2026/3/qd-1039.-cong-bo-danh-muc-tthc-linh-vuc-quan-ly-nn-ve-quy..signed-1-639104826023207471.pdf,50a5a46e9a69a6b2b83564b45b2a85385721c54a3183be9a9dac4cea35065d34,"09/01/2026 c ủa Chính ph ủ về tổ chức, hoạt động của quỹ xã hội, quỹ từ thiện Quản lý nhà nước về quỹ 3 1.013019 Thủ tục công nhận điều lệ (sửa đổi, bổ sung) quỹ; đổi tên quỹ Nghị định s ố 03/2026/NĐ-CP ngày 09/01/2026 c ủa Chính ph ủ về tổ chức, hoạt động của quỹ xã hội, quỹ từ thiện Quản lý nhà nước về quỹ 4 1.013020 Thủ tục cấp lại giấy phép thành lập và công nhận điều lệ quỹ Nghị định s ố 03/2026/NĐ-CP ngày 09/01/2026 c ủa Chính ph ủ về tổ chức, hoạt động của quỹ xã hội, quỹ từ thiện Quản lý"
2026-03-20,1039/QĐ-UBND,1.013020,"Thủ tục cấp lại giấy phép thành lập và công nhận điều lệ quỹ Nghị định s ố 03/2026/NĐ-CP ngày 09/01/2026 c ủa Chính ph ủ về tổ chức, hoạt động của quỹ xã hội, quỹ từ thiện Quản lý nhà nước về quỹ",NỘI VỤ,repealed,Bãi bỏ,province,2026-03-20,repealed,https://giavien.haiphong.gov.vn/so-noi-vu-92287/quyet-dinh-so-1039-qd-ubnd-ngay-20-3-2026-ve-viec-cong-bo-thu-tuc-hanh-chinh-moi-ban-hanh-va-bi--878050,https://cdn.haiphong.gov.vn/gov-hpg/6798/tintuc/2026/3/qd-1039.-cong-bo-danh-muc-tthc-linh-vuc-quan-ly-nn-ve-quy..signed-1-639104826023207471.pdf,50a5a46e9a69a6b2b83564b45b2a85385721c54a3183be9a9dac4cea35065d34,"09/01/2026 c ủa Chính ph ủ về tổ chức, hoạt động của quỹ xã hội, quỹ từ thiện Quản lý nhà nước về quỹ 4 1.013020 Thủ tục cấp lại giấy phép thành lập và công nhận điều lệ quỹ Nghị định s ố 03/2026/NĐ-CP ngày 09/01/2026 c ủa Chính ph ủ về tổ chức, hoạt động của quỹ xã hội, quỹ từ thiện Quản lý nhà nước về quỹ 5 1.013021 Thủ tục cho phép quỹ hoạt động trở lại sau khi bị đình chỉ có thời hạn hoạt động Nghị định s ố 03/2026/NĐ-CP ngày 09/01/2026 c ủa Chính ph ủ về tổ chức, hoạt động của quỹ xã hội, q"
2026-03-20,1039/QĐ-UBND,1.013021,"Thủ tục cho phép quỹ hoạt động trở lại sau khi bị đình chỉ có thời hạn hoạt động Nghị định s ố 03/2026/NĐ-CP ngày 09/01/2026 c ủa Chính ph ủ về tổ chức, hoạt động của quỹ xã hội, quỹ từ thiện Quản lý nhà nước về quỹ",NỘI VỤ,repealed,Bãi bỏ,province,2026-03-20,repealed,https://giavien.haiphong.gov.vn/so-noi-vu-92287/quyet-dinh-so-1039-qd-ubnd-ngay-20-3-2026-ve-viec-cong-bo-thu-tuc-hanh-chinh-moi-ban-hanh-va-bi--878050,https://cdn.haiphong.gov.vn/gov-hpg/6798/tintuc/2026/3/qd-1039.-cong-bo-danh-muc-tthc-linh-vuc-quan-ly-nn-ve-quy..signed-1-639104826023207471.pdf,50a5a46e9a69a6b2b83564b45b2a85385721c54a3183be9a9dac4cea35065d34,"09/01/2026 c ủa Chính ph ủ về tổ chức, hoạt động của quỹ xã hội, quỹ từ thiện Quản lý nhà nước về quỹ 5 1.013021 Thủ tục cho phép quỹ hoạt động trở lại sau khi bị đình chỉ có thời hạn hoạt động Nghị định s ố 03/2026/NĐ-CP ngày 09/01/2026 c ủa Chính ph ủ về tổ chức, hoạt động của quỹ xã hội, quỹ từ thiện Quản lý nhà nước về quỹ 6 1.013022 Thủ tục hợp nhất, sáp nhập, chia, tách, mở rộng phạm vi hoạt động quỹ Nghị định s ố 03/2026/NĐ-CP ngày 09/01/2026 c ủa Chính ph ủ về tổ chức, hoạt động của quỹ "
2026-03-20,1039/QĐ-UBND,1.013022,"Thủ tục hợp nhất, sáp nhập, chia, tách, mở rộng phạm vi hoạt động quỹ Nghị định s ố 03/2026/NĐ-CP ngày 09/01/2026 c ủa Chính ph ủ về tổ chức, hoạt động của quỹ xã hội, quỹ từ thiện Quản lý nhà nước về quỹ",NỘI VỤ,repealed,Bãi bỏ,province,2026-03-20,repealed,https://giavien.haiphong.gov.vn/so-noi-vu-92287/quyet-dinh-so-1039-qd-ubnd-ngay-20-3-2026-ve-viec-cong-bo-thu-tuc-hanh-chinh-moi-ban-hanh-va-bi--878050,https://cdn.haiphong.gov.vn/gov-hpg/6798/tintuc/2026/3/qd-1039.-cong-bo-danh-muc-tthc-linh-vuc-quan-ly-nn-ve-quy..signed-1-639104826023207471.pdf,50a5a46e9a69a6b2b83564b45b2a85385721c54a3183be9a9dac4cea35065d34,"09/01/2026 c ủa Chính ph ủ về tổ chức, hoạt động của quỹ xã hội, quỹ từ thiện Quản lý nhà nước về quỹ 6 1.013022 Thủ tục hợp nhất, sáp nhập, chia, tách, mở rộng phạm vi hoạt động quỹ Nghị định s ố 03/2026/NĐ-CP ngày 09/01/2026 c ủa Chính ph ủ về tổ chức, hoạt động của quỹ xã hội, quỹ từ thiện Quản lý nhà nước về quỹ"
2026-03-20,1039/QĐ-UBND,1.013023,"Thủ tục quỹ tự giải thể Nghị định s ố 03/2026/NĐ-CP ngày 09/01/2026 c ủa Chính ph ủ về tổ chức, hoạt động của quỹ xã hội, quỹ từ thiện Quản lý nhà nước về quỹ II. THỦ TỤC HÀNH CHÍNH CẤP XÃ (07 thủ tục) 1",NỘI VỤ,repealed,Bãi bỏ,province,2026-03-20,repealed,https://giavien.haiphong.gov.vn/so-noi-vu-92287/quyet-dinh-so-1039-qd-ubnd-ngay-20-3-2026-ve-viec-cong-bo-thu-tuc-hanh-chinh-moi-ban-hanh-va-bi--878050,https://cdn.haiphong.gov.vn/gov-hpg/6798/tintuc/2026/3/qd-1039.-cong-bo-danh-muc-tthc-linh-vuc-quan-ly-nn-ve-quy..signed-1-639104826023207471.pdf,50a5a46e9a69a6b2b83564b45b2a85385721c54a3183be9a9dac4cea35065d34,"STT Mã số TTHC Tên TTHC Tên văn bản quy phạm pháp luật quy định việc bãi bỏ TTHC Lĩnh vực 7 1.013023 Thủ tục quỹ tự giải thể Nghị định s ố 03/2026/NĐ-CP ngày 09/01/2026 c ủa Chính ph ủ về tổ chức, hoạt động của quỹ xã hội, quỹ từ thiện Quản lý nhà nước về quỹ II. THỦ TỤC HÀNH CHÍNH CẤP XÃ (07 thủ tục) 1 1.013711 Thủ tục cấp giấy phép thành lập và công nhận điều lệ Quỹ Nghị định s ố 03/2026/NĐ-CP ngày 09/01/2026 c ủa Chính ph ủ về tổ chức, hoạt động của quỹ xã hội, quỹ từ thiện Quản lý nhà nước v"
2026-03-20,1039/QĐ-UBND,1.013711,"Thủ tục cấp giấy phép thành lập và công nhận điều lệ Quỹ Nghị định s ố 03/2026/NĐ-CP ngày 09/01/2026 c ủa Chính ph ủ về tổ chức, hoạt động của quỹ xã hội, quỹ từ thiện Quản lý nhà nước về quỹ",NỘI VỤ,repealed,Bãi bỏ,commune,2026-03-20,repealed,https://giavien.haiphong.gov.vn/so-noi-vu-92287/quyet-dinh-so-1039-qd-ubnd-ngay-20-3-2026-ve-viec-cong-bo-thu-tuc-hanh-chinh-moi-ban-hanh-va-bi--878050,https://cdn.haiphong.gov.vn/gov-hpg/6798/tintuc/2026/3/qd-1039.-cong-bo-danh-muc-tthc-linh-vuc-quan-ly-nn-ve-quy..signed-1-639104826023207471.pdf,50a5a46e9a69a6b2b83564b45b2a85385721c54a3183be9a9dac4cea35065d34,"1 1.013711 Thủ tục cấp giấy phép thành lập và công nhận điều lệ Quỹ Nghị định s ố 03/2026/NĐ-CP ngày 09/01/2026 c ủa Chính ph ủ về tổ chức, hoạt động của quỹ xã hội, quỹ từ thiện Quản lý nhà nước về quỹ 2 1.013712 Thủ tục công nhận quỹ đủ điều kiện hoạt động và công nhận thành viên Hội đồng quản lý qu ỹ; công nh ận thay đ ổi, bổ sung thành viên Hội đồng quản lý quỹ Nghị định s ố 03/2026/NĐ-CP ngày 09/01/2026 c ủa Chính ph ủ về tổ chức, hoạt động của quỹ xã hội, quỹ từ thiện Quản lý nhà nước về q"
2026-03-20,1039/QĐ-UBND,1.013712,"Thủ tục công nhận quỹ đủ điều kiện hoạt động và công nhận thành viên Hội đồng quản lý qu ỹ; công nh ận thay đ ổi, bổ sung thành viên Hội đồng quản lý quỹ Nghị định s ố 03/2026/NĐ-CP ngày 09/01/2026 c ủa Chính ph ủ về tổ chức,",NỘI VỤ,repealed,Bãi bỏ,commune,2026-03-20,repealed,https://giavien.haiphong.gov.vn/so-noi-vu-92287/quyet-dinh-so-1039-qd-ubnd-ngay-20-3-2026-ve-viec-cong-bo-thu-tuc-hanh-chinh-moi-ban-hanh-va-bi--878050,https://cdn.haiphong.gov.vn/gov-hpg/6798/tintuc/2026/3/qd-1039.-cong-bo-danh-muc-tthc-linh-vuc-quan-ly-nn-ve-quy..signed-1-639104826023207471.pdf,50a5a46e9a69a6b2b83564b45b2a85385721c54a3183be9a9dac4cea35065d34,"09/01/2026 c ủa Chính ph ủ về tổ chức, hoạt động của quỹ xã hội, quỹ từ thiện Quản lý nhà nước về quỹ 2 1.013712 Thủ tục công nhận quỹ đủ điều kiện hoạt động và công nhận thành viên Hội đồng quản lý qu ỹ; công nh ận thay đ ổi, bổ sung thành viên Hội đồng quản lý quỹ Nghị định s ố 03/2026/NĐ-CP ngày 09/01/2026 c ủa Chính ph ủ về tổ chức, hoạt động của quỹ xã hội, quỹ từ thiện Quản lý nhà nước về quỹ 3 1.013713 Thủ tục công nhận điều lệ (sửa đổi, bổ sung) quỹ; đổi tên quỹ Nghị định s ố 03/2026/NĐ-"
2026-03-20,1039/QĐ-UBND,1.013713,"Thủ tục công nhận điều lệ (sửa đổi, bổ sung) quỹ; đổi tên quỹ Nghị định s ố 03/2026/NĐ-CP ngày 09/01/2026 c ủa Chính ph ủ về tổ chức, hoạt động của quỹ xã hội, quỹ từ thiện Quản lý nhà nước về quỹ",NỘI VỤ,repealed,Bãi bỏ,commune,2026-03-20,repealed,https://giavien.haiphong.gov.vn/so-noi-vu-92287/quyet-dinh-so-1039-qd-ubnd-ngay-20-3-2026-ve-viec-cong-bo-thu-tuc-hanh-chinh-moi-ban-hanh-va-bi--878050,https://cdn.haiphong.gov.vn/gov-hpg/6798/tintuc/2026/3/qd-1039.-cong-bo-danh-muc-tthc-linh-vuc-quan-ly-nn-ve-quy..signed-1-639104826023207471.pdf,50a5a46e9a69a6b2b83564b45b2a85385721c54a3183be9a9dac4cea35065d34,"09/01/2026 c ủa Chính ph ủ về tổ chức, hoạt động của quỹ xã hội, quỹ từ thiện Quản lý nhà nước về quỹ 3 1.013713 Thủ tục công nhận điều lệ (sửa đổi, bổ sung) quỹ; đổi tên quỹ Nghị định s ố 03/2026/NĐ-CP ngày 09/01/2026 c ủa Chính ph ủ về tổ chức, hoạt động của quỹ xã hội, quỹ từ thiện Quản lý nhà nước về quỹ 4 1.013714 Thủ tục cấp lại giấy phép thành lập và công nhận điều lệ quỹ Nghị định s ố 03/2026/NĐ-CP ngày 09/01/2026 c ủa Chính ph ủ về tổ chức, hoạt động của quỹ xã hội, quỹ từ thiện Quản lý"
2026-03-20,1039/QĐ-UBND,1.013714,"Thủ tục cấp lại giấy phép thành lập và công nhận điều lệ quỹ Nghị định s ố 03/2026/NĐ-CP ngày 09/01/2026 c ủa Chính ph ủ về tổ chức, hoạt động của quỹ xã hội, quỹ từ thiện Quản lý nhà nước về quỹ",NỘI VỤ,repealed,Bãi bỏ,commune,2026-03-20,repealed,https://giavien.haiphong.gov.vn/so-noi-vu-92287/quyet-dinh-so-1039-qd-ubnd-ngay-20-3-2026-ve-viec-cong-bo-thu-tuc-hanh-chinh-moi-ban-hanh-va-bi--878050,https://cdn.haiphong.gov.vn/gov-hpg/6798/tintuc/2026/3/qd-1039.-cong-bo-danh-muc-tthc-linh-vuc-quan-ly-nn-ve-quy..signed-1-639104826023207471.pdf,50a5a46e9a69a6b2b83564b45b2a85385721c54a3183be9a9dac4cea35065d34,"09/01/2026 c ủa Chính ph ủ về tổ chức, hoạt động của quỹ xã hội, quỹ từ thiện Quản lý nhà nước về quỹ 4 1.013714 Thủ tục cấp lại giấy phép thành lập và công nhận điều lệ quỹ Nghị định s ố 03/2026/NĐ-CP ngày 09/01/2026 c ủa Chính ph ủ về tổ chức, hoạt động của quỹ xã hội, quỹ từ thiện Quản lý nhà nước về quỹ"
2026-03-20,1039/QĐ-UBND,1.013715,"Thủ tục cho phép quỹ hoạt động trở lại sau khi bị đình chỉ có thời hạn hoạt động Nghị định s ố 03/2026/NĐ-CP ngày 09/01/2026 của Chính ph ủ về tổ chức, hoạt động của quỹ xã hội, quỹ từ thiện Quản lý nhà nước về quỹ",NỘI VỤ,repealed,Bãi bỏ,commune,2026-03-20,repealed,https://giavien.haiphong.gov.vn/so-noi-vu-92287/quyet-dinh-so-1039-qd-ubnd-ngay-20-3-2026-ve-viec-cong-bo-thu-tuc-hanh-chinh-moi-ban-hanh-va-bi--878050,https://cdn.haiphong.gov.vn/gov-hpg/6798/tintuc/2026/3/qd-1039.-cong-bo-danh-muc-tthc-linh-vuc-quan-ly-nn-ve-quy..signed-1-639104826023207471.pdf,50a5a46e9a69a6b2b83564b45b2a85385721c54a3183be9a9dac4cea35065d34,"STT Mã số TTHC Tên TTHC Tên văn bản quy phạm pháp luật quy định việc bãi bỏ TTHC Lĩnh vực 5 1.013715 Thủ tục cho phép quỹ hoạt động trở lại sau khi bị đình chỉ có thời hạn hoạt động Nghị định s ố 03/2026/NĐ-CP ngày 09/01/2026 của Chính ph ủ về tổ chức, hoạt động của quỹ xã hội, quỹ từ thiện Quản lý nhà nước về quỹ 6 1.013716 Thủ tục hợp nhất, sáp nhập, chia, tách quỹ Nghị định s ố 03/2026/NĐ-CP ngày 09/01/2026 c ủa Chính ph ủ về tổ chức, hoạt động của quỹ xã hội, quỹ từ thiện Quản lý nhà nước về"
2026-03-20,1039/QĐ-UBND,1.013716,"Thủ tục hợp nhất, sáp nhập, chia, tách quỹ Nghị định s ố 03/2026/NĐ-CP ngày 09/01/2026 c ủa Chính ph ủ về tổ chức, hoạt động của quỹ xã hội, quỹ từ thiện Quản lý nhà nước về quỹ",NỘI VỤ,repealed,Bãi bỏ,commune,2026-03-20,repealed,https://giavien.haiphong.gov.vn/so-noi-vu-92287/quyet-dinh-so-1039-qd-ubnd-ngay-20-3-2026-ve-viec-cong-bo-thu-tuc-hanh-chinh-moi-ban-hanh-va-bi--878050,https://cdn.haiphong.gov.vn/gov-hpg/6798/tintuc/2026/3/qd-1039.-cong-bo-danh-muc-tthc-linh-vuc-quan-ly-nn-ve-quy..signed-1-639104826023207471.pdf,50a5a46e9a69a6b2b83564b45b2a85385721c54a3183be9a9dac4cea35065d34,"09/01/2026 của Chính ph ủ về tổ chức, hoạt động của quỹ xã hội, quỹ từ thiện Quản lý nhà nước về quỹ 6 1.013716 Thủ tục hợp nhất, sáp nhập, chia, tách quỹ Nghị định s ố 03/2026/NĐ-CP ngày 09/01/2026 c ủa Chính ph ủ về tổ chức, hoạt động của quỹ xã hội, quỹ từ thiện Quản lý nhà nước về quỹ 7 1.013717 Thủ tục quỹ tự giải thể Nghị định s ố 03/2026/NĐ-CP ngày 09/01/2026 c ủa Chính ph ủ về tổ chức, hoạt động của quỹ xã hội, quỹ từ thiện Quản lý nhà nước về quỹ"
2026-03-20,1039/QĐ-UBND,1.013717,"Thủ tục quỹ tự giải thể Nghị định s ố 03/2026/NĐ-CP ngày 09/01/2026 c ủa Chính ph ủ về tổ chức, hoạt động của quỹ xã hội, quỹ từ thiện Quản lý nhà nước về quỹ",NỘI VỤ,repealed,Bãi bỏ,commune,2026-03-20,repealed,https://giavien.haiphong.gov.vn/so-noi-vu-92287/quyet-dinh-so-1039-qd-ubnd-ngay-20-3-2026-ve-viec-cong-bo-thu-tuc-hanh-chinh-moi-ban-hanh-va-bi--878050,https://cdn.haiphong.gov.vn/gov-hpg/6798/tintuc/2026/3/qd-1039.-cong-bo-danh-muc-tthc-linh-vuc-quan-ly-nn-ve-quy..signed-1-639104826023207471.pdf,50a5a46e9a69a6b2b83564b45b2a85385721c54a3183be9a9dac4cea35065d34,"09/01/2026 c ủa Chính ph ủ về tổ chức, hoạt động của quỹ xã hội, quỹ từ thiện Quản lý nhà nước về quỹ 7 1.013717 Thủ tục quỹ tự giải thể Nghị định s ố 03/2026/NĐ-CP ngày 09/01/2026 c ủa Chính ph ủ về tổ chức, hoạt động của quỹ xã hội, quỹ từ thiện Quản lý nhà nước về quỹ"
2026-03-20,1039/QĐ-UBND,1.014936,Thủ tục c ấp gi ấy phép thành l ập và công nh ận điều lệ quỹ,NỘI VỤ,repealed,Bãi bỏ,province,2026-03-20,repealed,https://giavien.haiphong.gov.vn/so-noi-vu-92287/quyet-dinh-so-1039-qd-ubnd-ngay-20-3-2026-ve-viec-cong-bo-thu-tuc-hanh-chinh-moi-ban-hanh-va-bi--878050,https://cdn.haiphong.gov.vn/gov-hpg/6798/tintuc/2026/3/qd-1039.-cong-bo-danh-muc-tthc-linh-vuc-quan-ly-nn-ve-quy..signed-1-639104826023207471.pdf,50a5a46e9a69a6b2b83564b45b2a85385721c54a3183be9a9dac4cea35065d34,"1 1.014936 Thủ tục c ấp gi ấy phép thành l ập và công nh ận điều lệ quỹ 45 ngày làm việc 22,5 ngày làm việc - Trung tâm Ph ục v ụ hành chính công thành ph ố. - Trung tâm Ph ục v ụ hành chính công xã, phường, đặc khu. Không quy định x - Nghị định số 03/2026/NĐ-CP ngày 09 /01/2026 c ủa Chính"
2026-03-20,1039/QĐ-UBND,1.014937,"Thủ tục công nhận quỹ đủ điều ki ện ho ạt đ ộng và công nhận Hội đồng quản lý qu ỹ; Công nh ận H ội đồng quản lý quỹ khi thay đổi, b ổ sung thành viên hoặc hết nhiệm kỳ",NỘI VỤ,repealed,Bãi bỏ,province,2026-03-20,repealed,https://giavien.haiphong.gov.vn/so-noi-vu-92287/quyet-dinh-so-1039-qd-ubnd-ngay-20-3-2026-ve-viec-cong-bo-thu-tuc-hanh-chinh-moi-ban-hanh-va-bi--878050,https://cdn.haiphong.gov.vn/gov-hpg/6798/tintuc/2026/3/qd-1039.-cong-bo-danh-muc-tthc-linh-vuc-quan-ly-nn-ve-quy..signed-1-639104826023207471.pdf,50a5a46e9a69a6b2b83564b45b2a85385721c54a3183be9a9dac4cea35065d34,"trình Một phần 2 1.014937 Thủ tục công nhận quỹ đủ điều ki ện ho ạt đ ộng và công nhận Hội đồng quản lý qu ỹ; Công nh ận H ội đồng quản lý quỹ khi thay đổi, b ổ sung thành viên hoặc hết nhiệm kỳ 45 ngày làm việc 22,5 ngày làm việc - Trung tâm Ph ục v ụ hành chính công thành ph ố. - Trung tâm Ph ục v ụ hành chính công xã, phường, đặc khu."
2026-03-20,1039/QĐ-UBND,1.014938,"Thủ tục công nhận điều lệ (sửa đ ổi, b ổ sung) qu ỹ; đổi tên quỹ",NỘI VỤ,repealed,Bãi bỏ,province,2026-03-20,repealed,https://giavien.haiphong.gov.vn/so-noi-vu-92287/quyet-dinh-so-1039-qd-ubnd-ngay-20-3-2026-ve-viec-cong-bo-thu-tuc-hanh-chinh-moi-ban-hanh-va-bi--878050,https://cdn.haiphong.gov.vn/gov-hpg/6798/tintuc/2026/3/qd-1039.-cong-bo-danh-muc-tthc-linh-vuc-quan-ly-nn-ve-quy..signed-1-639104826023207471.pdf,50a5a46e9a69a6b2b83564b45b2a85385721c54a3183be9a9dac4cea35065d34,"tục hành chính quy định tại Nghị định s ố 03/2026/NĐ-CP ngày 09/01/2026 của Chính phủ. 3 1.014938 Thủ tục công nhận điều lệ (sửa đ ổi, b ổ sung) qu ỹ; đổi tên quỹ 45 ngày làm việc 22,5 ngày làm việc - Trung tâm Ph ục v ụ hành chính công thành ph ố. - Trung tâm Ph ục v ụ hành chính công xã, phường, đặc khu. Không quy định x - Nghị định số 03/2026/NĐ-CP ngày 09 /01/2026 c ủa Chính"
2026-03-20,1039/QĐ-UBND,1.014939,Thủ tục cho phép qu ỹ hoạt động trở lại sau khi bị đình ch ỉ có th ời h ạn hoạt động,NỘI VỤ,repealed,Bãi bỏ,province,2026-03-20,repealed,https://giavien.haiphong.gov.vn/so-noi-vu-92287/quyet-dinh-so-1039-qd-ubnd-ngay-20-3-2026-ve-viec-cong-bo-thu-tuc-hanh-chinh-moi-ban-hanh-va-bi--878050,https://cdn.haiphong.gov.vn/gov-hpg/6798/tintuc/2026/3/qd-1039.-cong-bo-danh-muc-tthc-linh-vuc-quan-ly-nn-ve-quy..signed-1-639104826023207471.pdf,50a5a46e9a69a6b2b83564b45b2a85385721c54a3183be9a9dac4cea35065d34,"phần định s ố 03/2026/NĐ-CP ngày 09/01/2026 của Chính phủ. 4 1.014939 Thủ tục cho phép qu ỹ hoạt động trở lại sau khi bị đình ch ỉ có th ời h ạn hoạt động 45 ngày làm việc 22,5 ngày làm việc - Trung tâm Ph ục v ụ hành chính công thành ph ố. - Trung tâm Ph ục v ụ hành chính công xã, phường, đặc khu. Không quy định x - Nghị định số 03/2026/NĐ-CP"
2026-03-20,1039/QĐ-UBND,1.014940,"Thủ tục h ợp nh ất, sáp nhập, chia, tách, mở rộng phạm vi hoạt động quỹ",NỘI VỤ,repealed,Bãi bỏ,province,2026-03-20,repealed,https://giavien.haiphong.gov.vn/so-noi-vu-92287/quyet-dinh-so-1039-qd-ubnd-ngay-20-3-2026-ve-viec-cong-bo-thu-tuc-hanh-chinh-moi-ban-hanh-va-bi--878050,https://cdn.haiphong.gov.vn/gov-hpg/6798/tintuc/2026/3/qd-1039.-cong-bo-danh-muc-tthc-linh-vuc-quan-ly-nn-ve-quy..signed-1-639104826023207471.pdf,50a5a46e9a69a6b2b83564b45b2a85385721c54a3183be9a9dac4cea35065d34,"tục hành chính quy định tại Nghị định s ố 03/2026/NĐ-CP ngày 09/01/2026 của Chính phủ. 5 1.014940 Thủ tục h ợp nh ất, sáp nhập, chia, tách, mở rộng phạm vi hoạt động quỹ 45 ngày làm việc 22,5 ngày làm việc - Trung tâm Ph ục v ụ hành chính công thành ph ố. - Trung tâm Ph ục v ụ hành chính công xã, phường, đặc khu. Không quy định x - Nghị định số 03/2026/NĐ-CP ngày 09 /01/2026 c ủa Chính"
2026-03-20,1039/QĐ-UBND,1.014941,Thủ tục quỹ tự giải thể 60 ngày làm việc,NỘI VỤ,repealed,Bãi bỏ,province,2026-03-20,repealed,https://giavien.haiphong.gov.vn/so-noi-vu-92287/quyet-dinh-so-1039-qd-ubnd-ngay-20-3-2026-ve-viec-cong-bo-thu-tuc-hanh-chinh-moi-ban-hanh-va-bi--878050,https://cdn.haiphong.gov.vn/gov-hpg/6798/tintuc/2026/3/qd-1039.-cong-bo-danh-muc-tthc-linh-vuc-quan-ly-nn-ve-quy..signed-1-639104826023207471.pdf,50a5a46e9a69a6b2b83564b45b2a85385721c54a3183be9a9dac4cea35065d34,"tục hành chính quy định tại Nghị định s ố 03/2026/NĐ-CP ngày 09/01/2026 của Chính phủ. 6 1.014941 Thủ tục quỹ tự giải thể 60 ngày làm việc 30 ngày làm việc - Trung tâm Ph ục v ụ hành chính công thành ph ố. - Trung tâm Ph ục v ụ hành chính công xã, phường, đặc khu. Không quy định x - Nghị định số 03/2026/NĐ-CP ngày 09 /01/2026 c ủa Chính phủ về tổ chức, hoạt động của quỹ xã hội, quỹ từ thiện. - Quyết định số 217/QĐ-BNV ngày 09/3/2026 của Bộ trưởng"
2026-03-20,1039/QĐ-UBND,1.014942,Thủ tục c ấp gi ấy phép thành l ập và công nh ận điều lệ quỹ,NỘI VỤ,repealed,Bãi bỏ,commune,2026-03-20,repealed,https://giavien.haiphong.gov.vn/so-noi-vu-92287/quyet-dinh-so-1039-qd-ubnd-ngay-20-3-2026-ve-viec-cong-bo-thu-tuc-hanh-chinh-moi-ban-hanh-va-bi--878050,https://cdn.haiphong.gov.vn/gov-hpg/6798/tintuc/2026/3/qd-1039.-cong-bo-danh-muc-tthc-linh-vuc-quan-ly-nn-ve-quy..signed-1-639104826023207471.pdf,50a5a46e9a69a6b2b83564b45b2a85385721c54a3183be9a9dac4cea35065d34,"1 1.014942 Thủ tục c ấp gi ấy phép thành l ập và công nh ận điều lệ quỹ 45 ngày làm việc 22,5 ngày làm việc - Trung tâm Ph ục v ụ hành chính công thành ph ố. Không quy định x - Nghị định số 03/2026/NĐ-CP ngày 09 /01/2026 c ủa Chính phủ về tổ chức, hoạt động của quỹ xã hội, quỹ từ thiện."
2026-03-20,1039/QĐ-UBND,1.014943,"Thủ tục công nhận quỹ đủ điều ki ện ho ạt đ ộng và công nhận Hội đồng quản lý qu ỹ; Công nhận H ội đồng quản lý quỹ khi thay đổi, b ổ sung thành viên hoặc hết nhiệm kỳ",NỘI VỤ,repealed,Bãi bỏ,commune,2026-03-20,repealed,https://giavien.haiphong.gov.vn/so-noi-vu-92287/quyet-dinh-so-1039-qd-ubnd-ngay-20-3-2026-ve-viec-cong-bo-thu-tuc-hanh-chinh-moi-ban-hanh-va-bi--878050,https://cdn.haiphong.gov.vn/gov-hpg/6798/tintuc/2026/3/qd-1039.-cong-bo-danh-muc-tthc-linh-vuc-quan-ly-nn-ve-quy..signed-1-639104826023207471.pdf,50a5a46e9a69a6b2b83564b45b2a85385721c54a3183be9a9dac4cea35065d34,"tục hành chính quy định tại Nghị định s ố 03/2026/NĐ-CP ngày 09/01/2026 của Chính phủ. 2 1.014943 Thủ tục công nhận quỹ đủ điều ki ện ho ạt đ ộng và công nhận Hội đồng quản lý qu ỹ; Công nhận H ội đồng quản lý quỹ khi thay đổi, b ổ sung thành viên hoặc hết nhiệm kỳ 45 ngày làm việc 22,5 ngày làm việc - Trung tâm Ph ục v ụ hành chính công thành ph ố. - Trung tâm Ph ục v ụ hành chính công xã, phường, đặc khu."
2026-03-20,1039/QĐ-UBND,1.014944,"Thủ tục công nhận điều lệ (sửa đ ổi, b ổ sung) qu ỹ; đổi tên quỹ",NỘI VỤ,repealed,Bãi bỏ,commune,2026-03-20,repealed,https://giavien.haiphong.gov.vn/so-noi-vu-92287/quyet-dinh-so-1039-qd-ubnd-ngay-20-3-2026-ve-viec-cong-bo-thu-tuc-hanh-chinh-moi-ban-hanh-va-bi--878050,https://cdn.haiphong.gov.vn/gov-hpg/6798/tintuc/2026/3/qd-1039.-cong-bo-danh-muc-tthc-linh-vuc-quan-ly-nn-ve-quy..signed-1-639104826023207471.pdf,50a5a46e9a69a6b2b83564b45b2a85385721c54a3183be9a9dac4cea35065d34,"tục hành chính quy định tại Nghị định s ố 03/2026/NĐ-CP ngày 09/01/2026 của Chính phủ. 3 1.014944 Thủ tục công nhận điều lệ (sửa đ ổi, b ổ sung) qu ỹ; đổi tên quỹ 45 ngày làm việc 22,5 ngày làm việc - Trung tâm Ph ục v ụ hành chính công thành ph ố. Không quy định x - Nghị định số 03/2026/NĐ-CP ngày 09 /01/2026 c ủa Chính"
2026-03-20,1039/QĐ-UBND,1.014945,Thủ tục cho phép qu ỹ hoạt động trở lại sau khi bị đình ch ỉ có th ời h ạn hoạt động,NỘI VỤ,repealed,Bãi bỏ,commune,2026-03-20,repealed,https://giavien.haiphong.gov.vn/so-noi-vu-92287/quyet-dinh-so-1039-qd-ubnd-ngay-20-3-2026-ve-viec-cong-bo-thu-tuc-hanh-chinh-moi-ban-hanh-va-bi--878050,https://cdn.haiphong.gov.vn/gov-hpg/6798/tintuc/2026/3/qd-1039.-cong-bo-danh-muc-tthc-linh-vuc-quan-ly-nn-ve-quy..signed-1-639104826023207471.pdf,50a5a46e9a69a6b2b83564b45b2a85385721c54a3183be9a9dac4cea35065d34,"tục hành chính quy định tại Nghị định s ố 03/2026/NĐ-CP ngày 09/01/2026 của Chính phủ. 4 1.014945 Thủ tục cho phép qu ỹ hoạt động trở lại sau khi bị đình ch ỉ có th ời h ạn hoạt động 45 ngày làm việc 22,5 ngày làm việc - Trung tâm Ph ục v ụ hành chính công thành ph ố. - Trung tâm Ph ục v ụ hành chính công xã, phường, đặc khu. Không quy định x - Nghị định số 03/2026/NĐ-CP"
2026-03-20,1039/QĐ-UBND,1.014946,"Thủ tục h ợp nh ất, sáp nhập, chia, tách, mở rộng phạm vi hoạt động quỹ",NỘI VỤ,repealed,Bãi bỏ,commune,2026-03-20,repealed,https://giavien.haiphong.gov.vn/so-noi-vu-92287/quyet-dinh-so-1039-qd-ubnd-ngay-20-3-2026-ve-viec-cong-bo-thu-tuc-hanh-chinh-moi-ban-hanh-va-bi--878050,https://cdn.haiphong.gov.vn/gov-hpg/6798/tintuc/2026/3/qd-1039.-cong-bo-danh-muc-tthc-linh-vuc-quan-ly-nn-ve-quy..signed-1-639104826023207471.pdf,50a5a46e9a69a6b2b83564b45b2a85385721c54a3183be9a9dac4cea35065d34,"trình Một phần 5 1.014946 Thủ tục h ợp nh ất, sáp nhập, chia, tách, mở rộng phạm vi hoạt động quỹ 45 ngày làm việc 22,5 ngày làm việc - Trung tâm Ph ục v ụ hành chính công thành ph ố. - Trung tâm Ph ục v ụ hành chính công xã, phường, đặc khu. Không quy định x - Nghị định số 03/2026/NĐ-CP ngày 09 /01/2026 c ủa Chính"
2026-03-20,1039/QĐ-UBND,1.014947,Thủ tục quỹ tự giải thể 60 ngày làm việc,NỘI VỤ,repealed,Bãi bỏ,commune,2026-03-20,repealed,https://giavien.haiphong.gov.vn/so-noi-vu-92287/quyet-dinh-so-1039-qd-ubnd-ngay-20-3-2026-ve-viec-cong-bo-thu-tuc-hanh-chinh-moi-ban-hanh-va-bi--878050,https://cdn.haiphong.gov.vn/gov-hpg/6798/tintuc/2026/3/qd-1039.-cong-bo-danh-muc-tthc-linh-vuc-quan-ly-nn-ve-quy..signed-1-639104826023207471.pdf,50a5a46e9a69a6b2b83564b45b2a85385721c54a3183be9a9dac4cea35065d34,"trình Một phần 6 1.014947 Thủ tục quỹ tự giải thể 60 ngày làm việc 30 ngày làm việc - Trung tâm Ph ục v ụ hành chính công thành ph ố. - Trung tâm Ph ục v ụ hành chính công xã, phường, đặc khu. Không quy định x - Nghị định số 03/2026/NĐ-CP ngày 09 /01/2026 c ủa Chính phủ về tổ chức, hoạt động của quỹ xã hội, quỹ từ thiện. - Quyết định số 217/QĐ-BNV ngày 09/3/2026 của Bộ trưởng"
2026-04-08,1349/QĐ-UBND,1.001323,"Cấp sửa đổi, bổ sung Giấy phép phân phối sản phẩm thuốc lá",LƯU THÔNG HÀNG HÓA TRONG NƯỚC,modified,Sửa đổi/bổ sung,province,2026-04-10,current,https://giavien.haiphong.gov.vn/so-cong-thuong-92280/quyet-dinh-so-1349-qd-ubnd-ngay-08-4-2026-ve-viec-cong-bo-danh-muc-thu-tuc-hanh-chinh-moi-ban-ha-883539,https://cdn.haiphong.gov.vn/gov-hpg/6798/tintuc/2026/4/qd-cong-bo-danh-muc-tthc_so-cong-thuong..signed639114098220839371.pdf,5ef16e5bfe303db78473c7730da7703d3f1bb9314cb50ad901a61d1de82561e4,"- Quyết đ ịnh s ố 555/QĐ-BCT ngày 26/3/2026 c ủa B ộ trưởng B ộ Công Thương. 3 1.001323 Cấp sửa đổi, bổ sung Giấy phép phân ph ối s ản phẩm thuốc lá 15 ngày làm việc 7,5 ngày làm việc - Trung tâm Phục vụ hành chính công thành phố; - Trung tâm Phục vụ hành chính công xã, phư ờng, đặc khu."
2026-04-08,1349/QĐ-UBND,1.001338,Cấp Giấy phép phân ph ối s ản phẩm thuốc lá,LƯU THÔNG HÀNG HÓA TRONG NƯỚC,modified,Sửa đổi/bổ sung,province,2026-04-10,not_in_current_master,https://giavien.haiphong.gov.vn/so-cong-thuong-92280/quyet-dinh-so-1349-qd-ubnd-ngay-08-4-2026-ve-viec-cong-bo-danh-muc-thu-tuc-hanh-chinh-moi-ban-ha-883539,https://cdn.haiphong.gov.vn/gov-hpg/6798/tintuc/2026/4/qd-cong-bo-danh-muc-tthc_so-cong-thuong..signed639114098220839371.pdf,5ef16e5bfe303db78473c7730da7703d3f1bb9314cb50ad901a61d1de82561e4,"phần DANH MỤC THỦ TỤC HÀNH CHÍNH CẤP TỈNH (04 TTHC) LĨNH VỰC LƯU THÔNG HÀNG HÓA TRONG NƯỚC 1 1.001338 Cấp Giấy phép phân ph ối s ản phẩm thuốc lá 15 ngày làm việc 7,5 ngày làm việc - Trung tâm Phục vụ hành - 600.000 đồng/điểm kinh doanh/ lần thẩm định đối với ch ủ thể x - Thông tư số 15/2026/TT-BCT ngày 25/3/2026 c ủa B ộ trưởng B ộ Công Thương sửa đổi, bổ sung một số điều"
2026-04-08,1349/QĐ-UBND,1.013987,Chấp thuận các tài liệu quản lý an toàn đối với công trình dầu khí thuộc thẩm quyền giải quyết của Ủy ban nhân dân cấp tỉnh,LƯU THÔNG HÀNG HÓA TRONG NƯỚC,modified,Sửa đổi/bổ sung,province,2026-04-10,current,https://giavien.haiphong.gov.vn/so-cong-thuong-92280/quyet-dinh-so-1349-qd-ubnd-ngay-08-4-2026-ve-viec-cong-bo-danh-muc-thu-tuc-hanh-chinh-moi-ban-ha-883539,https://cdn.haiphong.gov.vn/gov-hpg/6798/tintuc/2026/4/qd-cong-bo-danh-muc-tthc_so-cong-thuong..signed639114098220839371.pdf,5ef16e5bfe303db78473c7730da7703d3f1bb9314cb50ad901a61d1de82561e4,"Một phần LĨNH VỰC DẦU KHÍ 1 1.013987 Chấp thuận các tài liệu quản lý an toàn đ ối với công trình d ầu khí thuộc thẩm quyền gi ải quyết c ủa Ủy ban nhân dân cấp tỉnh 25 ngày làm việc 12,5 ngày làm việc - Trung tâm Phục vụ hành chính công"
2026-04-08,1349/QĐ-UBND,1.014967,"Cấp Giấy phép vận chuyển hàng hóa nguy hiểm loại 1 (trừ vật liệu nổ công nghiệp, tiền chất thuốc nổ), 2, 3, 4, 9",LƯU THÔNG HÀNG HÓA TRONG NƯỚC,modified,Sửa đổi/bổ sung,province,2026-04-10,current,https://giavien.haiphong.gov.vn/so-cong-thuong-92280/quyet-dinh-so-1349-qd-ubnd-ngay-08-4-2026-ve-viec-cong-bo-danh-muc-thu-tuc-hanh-chinh-moi-ban-ha-883539,https://cdn.haiphong.gov.vn/gov-hpg/6798/tintuc/2026/4/qd-cong-bo-danh-muc-tthc_so-cong-thuong..signed639114098220839371.pdf,5ef16e5bfe303db78473c7730da7703d3f1bb9314cb50ad901a61d1de82561e4,"phần DANH MỤC THỦ TỤC HÀNH CHÍNH CẤP TỈNH (03 TTHC) LĨNH VỰC VẬN CHUYỂN HÀNG HÓA NGUY HIỂM 1 1.014967 Cấp Gi ấy phép v ận chuyển hàng hóa nguy hiểm loại 1 (trừ vật li ệu n ổ công nghiệp, ti ền ch ất thuốc nổ), 2, 3, 4, 9 - 05 ngày làm việc đối v ới t rường hợp đ ề nghị cấp Giấy phép v ận chuyển hàng hóa nguy hiểm loại 1, loại 2, lo ại 3, lo ại 4, lo ại 9 b ằng phương ti ện th ủy nội đ ịa ho ặc phương ti ện giao"
2026-04-08,1349/QĐ-UBND,1.014968,"Cấp điều chỉnh Giấy phép vận chuyển hàng hóa nguy hiểm loại 1 (trừ vật liệu nổ công nghiệp, tiền chất thuốc nổ), 2, 3, 4, 9",LƯU THÔNG HÀNG HÓA TRONG NƯỚC,modified,Sửa đổi/bổ sung,province,2026-04-10,current,https://giavien.haiphong.gov.vn/so-cong-thuong-92280/quyet-dinh-so-1349-qd-ubnd-ngay-08-4-2026-ve-viec-cong-bo-danh-muc-thu-tuc-hanh-chinh-moi-ban-ha-883539,https://cdn.haiphong.gov.vn/gov-hpg/6798/tintuc/2026/4/qd-cong-bo-danh-muc-tthc_so-cong-thuong..signed639114098220839371.pdf,5ef16e5bfe303db78473c7730da7703d3f1bb9314cb50ad901a61d1de82561e4,"trình Một phần 2 1.014968 Cấp điều chỉnh Giấy phép v ận chuy ển hàng hóa nguy hi ểm loại 1 (trừ vật liệu nổ công nghi ệp, ti ền chất thuốc nổ), 2, 3, 4, 9 03 ngày làm việc 1,5 ngày làm việc - Trung tâm Ph ục vụ hành chính công thành phố; - Trung tâm Ph ục vụ hành chính công xã, phư ờng,"
2026-04-08,1349/QĐ-UBND,1.014969,"Cấp lại Giấy phép vận chuyển hàng hóa nguy hiểm loại 1 (trừ vật liệu nổ công nghiệp, tiền chất thuốc nổ), 2, 3, 4, 9",LƯU THÔNG HÀNG HÓA TRONG NƯỚC,modified,Sửa đổi/bổ sung,province,2026-04-10,current,https://giavien.haiphong.gov.vn/so-cong-thuong-92280/quyet-dinh-so-1349-qd-ubnd-ngay-08-4-2026-ve-viec-cong-bo-danh-muc-thu-tuc-hanh-chinh-moi-ban-ha-883539,https://cdn.haiphong.gov.vn/gov-hpg/6798/tintuc/2026/4/qd-cong-bo-danh-muc-tthc_so-cong-thuong..signed639114098220839371.pdf,5ef16e5bfe303db78473c7730da7703d3f1bb9314cb50ad901a61d1de82561e4,"phần trưởng B ộ Công Thương. 3 1.014969 Cấp lại Giấy phép vận chuyển hàng hóa nguy hiểm loại 1 (trừ vật li ệu n ổ công nghiệp, ti ền ch ất thuốc nổ), 2, 3, 4, 9 02 ngày làm việc 01 ngày làm việc - Trung tâm Ph ục vụ hành chính công thành phố; - Trung tâm Ph ục vụ hành chính công xã, phư ờng, đặc khu."
2026-04-08,1349/QĐ-UBND,2.000150,Cấp l ại Gi ấy phép bán lẻ sản phẩm thuốc lá,LƯU THÔNG HÀNG HÓA TRONG NƯỚC,modified,Sửa đổi/bổ sung,commune,2026-04-10,current,https://giavien.haiphong.gov.vn/so-cong-thuong-92280/quyet-dinh-so-1349-qd-ubnd-ngay-08-4-2026-ve-viec-cong-bo-danh-muc-thu-tuc-hanh-chinh-moi-ban-ha-883539,https://cdn.haiphong.gov.vn/gov-hpg/6798/tintuc/2026/4/qd-cong-bo-danh-muc-tthc_so-cong-thuong..signed639114098220839371.pdf,5ef16e5bfe303db78473c7730da7703d3f1bb9314cb50ad901a61d1de82561e4,"31/12/2026) - Các trường hợp khác: Không quy định. 3 2.000150 Cấp l ại Gi ấy phép bán lẻ sản phẩm thuốc lá 15 ngày làm việc 7,5 ngày làm việc - Trung tâm Phục vụ hành chính công thành phố; - Trung tâm Phục vụ hành chính công xã, phư ờng, đặc khu. Không quy định x"
2026-04-08,1349/QĐ-UBND,2.000162,"Cấp sửa đổi, bổ sung Giấy phép bán lẻ sản phẩm thuốc lá",LƯU THÔNG HÀNG HÓA TRONG NƯỚC,modified,Sửa đổi/bổ sung,commune,2026-04-10,current,https://giavien.haiphong.gov.vn/so-cong-thuong-92280/quyet-dinh-so-1349-qd-ubnd-ngay-08-4-2026-ve-viec-cong-bo-danh-muc-thu-tuc-hanh-chinh-moi-ban-ha-883539,https://cdn.haiphong.gov.vn/gov-hpg/6798/tintuc/2026/4/qd-cong-bo-danh-muc-tthc_so-cong-thuong..signed639114098220839371.pdf,5ef16e5bfe303db78473c7730da7703d3f1bb9314cb50ad901a61d1de82561e4,"- Quyết đ ịnh s ố 555/QĐ-BCT ngày 26/3/2026 c ủa B ộ trưởng B ộ Công Thương. 2 2.000162 Cấp sửa đổi, bổ sung Giấy phép 15 ngày làm việc 7,5 ngày làm việc - Trung tâm Phục vụ hành - Trường hợp sửa đổi, bổ sung tr ụ sở chính/địa đi ểm kinh x - Thông tư số 15/2026/TT-BCT ngày 25/3/2026 c ủa B ộ trưởng B ộ Công Thương sửa đổi, bổ sung một số điều"
2026-04-08,1349/QĐ-UBND,2.000181,Cấp Giấy phép bán lẻ sản phẩm thuốc lá,LƯU THÔNG HÀNG HÓA TRONG NƯỚC,modified,Sửa đổi/bổ sung,commune,2026-04-10,current,https://giavien.haiphong.gov.vn/so-cong-thuong-92280/quyet-dinh-so-1349-qd-ubnd-ngay-08-4-2026-ve-viec-cong-bo-danh-muc-thu-tuc-hanh-chinh-moi-ban-ha-883539,https://cdn.haiphong.gov.vn/gov-hpg/6798/tintuc/2026/4/qd-cong-bo-danh-muc-tthc_so-cong-thuong..signed639114098220839371.pdf,5ef16e5bfe303db78473c7730da7703d3f1bb9314cb50ad901a61d1de82561e4,"Thương. DANH MỤC THỦ TỤC HÀNH CHÍNH CẤP XÃ (03 TTHC) LĨNH VỰC LƯU THÔNG HÀNG HÓA TRONG NƯỚC 1 2.000181 Cấp Giấy phép bán l ẻ sản phẩm thuốc lá 15 ngày làm việc 7,5 ngày làm việc - Trung tâm Phục vụ hành chính công thành phố; - 300.000 đồng/điểm kinh doanh/lần thẩm định đối với chủ thể x - Thông tư số 15/2026/TT-BCT ngày 25/3/2026 c ủa B ộ trưởng B ộ Công"
2026-04-08,1349/QĐ-UBND,2.000598,Cấp lại Giấy phép phân ph ối s ản phẩm thuốc lá,LƯU THÔNG HÀNG HÓA TRONG NƯỚC,modified,Sửa đổi/bổ sung,province,2026-04-10,current,https://giavien.haiphong.gov.vn/so-cong-thuong-92280/quyet-dinh-so-1349-qd-ubnd-ngay-08-4-2026-ve-viec-cong-bo-danh-muc-thu-tuc-hanh-chinh-moi-ban-ha-883539,https://cdn.haiphong.gov.vn/gov-hpg/6798/tintuc/2026/4/qd-cong-bo-danh-muc-tthc_so-cong-thuong..signed639114098220839371.pdf,5ef16e5bfe303db78473c7730da7703d3f1bb9314cb50ad901a61d1de82561e4,"- Quyết đ ịnh s ố 555/QĐ-BCT ngày 26/3/2026 c ủa B ộ trưởng B ộ Công Thương. 2 2.000598 Cấp lại Giấy phép phân ph ối s ản phẩm thuốc lá 15 ngày làm việc 7,5 ngày làm việc - Trung tâm Phục vụ hành Không quy định x - Thông tư số 15/2026/TT-BCT ngày 25/3/2026 c ủa B ộ trưởng B ộ Công Thương sửa đổi, bổ sung một số điều"
2026-04-08,1353/QĐ-UBND,1.013803,Bổ nhiệm công chứng viên,CHỨNG THỰC,modified,Sửa đổi/bổ sung,province,2026-04-08,current,https://giavien.haiphong.gov.vn/so-tu-phap-92285/quyet-dinh-so-1353-qd-ubnd-ngay-08-4-2026-ve-viec-cong-bo-danh-muc-thu-tuc-hanh-chinh-duoc-sua-d-883466,https://cdn.haiphong.gov.vn/gov-hpg/6798/tintuc/2026/4/qd-cong-bo-danh-muc-tthc-linh-vuc-cong-chung-va-chung-thuc_so-tu-phap..signed639114064354058456.pdf,bc88fce198c3874c9f169e85fe49d94d6f5aa6e3a6a7fe383fc5e38ec6f71a39,"Một phần I. Lĩnh vực công chứng (01 TTHC) 1 1.013803 Bổ nhiệm công chứng viên 20 ngày làm việc 10 ngày làm việc - Trung tâm Phục vụ hành chính công thành phố; - Trung tâm Phục vụ hành chính công xã, phư ờng, đặc khu. Không quy định x - Luật Công ch ứng s ố"
2026-04-08,1353/QĐ-UBND,2.000884,"Chứng thực ch ữ ký trong các giấy tờ, văn b ản (áp dụng cho c ả Trong ngày tiếp nhận hồ sơ. Trường hợp tiếp nh ận sau",CHỨNG THỰC,modified,Sửa đổi/bổ sung,shared_including_commune,2026-04-08,current,https://giavien.haiphong.gov.vn/so-tu-phap-92285/quyet-dinh-so-1353-qd-ubnd-ngay-08-4-2026-ve-viec-cong-bo-danh-muc-thu-tuc-hanh-chinh-duoc-sua-d-883466,https://cdn.haiphong.gov.vn/gov-hpg/6798/tintuc/2026/4/qd-cong-bo-danh-muc-tthc-linh-vuc-cong-chung-va-chung-thuc_so-tu-phap..signed639114064354058456.pdf,bc88fce198c3874c9f169e85fe49d94d6f5aa6e3a6a7fe383fc5e38ec6f71a39,"- Thông tư số 01/2020/TT- BTP ngày 03/3/2020 của B ộ trưởng Bộ Tư pháp. 3 2.000884 Chứng thực ch ữ ký trong các giấy tờ, văn b ản (áp dụng cho c ả Trong ngày tiếp nhận hồ sơ. Trường hợp tiếp nh ận sau Không cắt giảm vì thời gian Tổ chức hành nghề công chứng 10.000 đồng /trường hợp (trường hợp | ngày 11/11/2016 của B ộ trưởng Bộ Tài chính. 2.000884 (Đã thống kê tại mục A.II TTHC cấp tỉnh) Chứng thực ch ữ ký trong các giấy tờ, văn b ản (áp dụng cho c ả trường h ợp chứng thực điểm chỉ và trư ờng hợ"
2026-04-08,1353/QĐ-UBND,2.000908,Cấp bản sao từ sổ gốc,CHỨNG THỰC,modified,Sửa đổi/bổ sung,province,2026-04-08,current,https://giavien.haiphong.gov.vn/so-tu-phap-92285/quyet-dinh-so-1353-qd-ubnd-ngay-08-4-2026-ve-viec-cong-bo-danh-muc-thu-tuc-hanh-chinh-duoc-sua-d-883466,https://cdn.haiphong.gov.vn/gov-hpg/6798/tintuc/2026/4/qd-cong-bo-danh-muc-tthc-linh-vuc-cong-chung-va-chung-thuc_so-tu-phap..signed639114064354058456.pdf,bc88fce198c3874c9f169e85fe49d94d6f5aa6e3a6a7fe383fc5e38ec6f71a39,ngày 25/6/2025 của Bộ trưởng Bộ Tư pháp. II. Lĩnh vực chứng thực (03 TTHC) 2 2.000908 Cấp b ản sao t ừ sổ gốc Trong ngày tiếp nhận hồ sơ. Trường hợp tiếp nh ận sau 15 giờ 00 thì trả kết qu ả trong ngày làm vi ệc tiếp theo. Không cắt giảm vì thời gian thực hiện trong ngày - Trung tâm Phục vụ hành chính công
2026-04-08,1353/QĐ-UBND,2.000913,"Chứng thực việc sửa đổi, bổ sung, hủy bỏ giao dịch Trong ngày tiếp nh ận h ồ sơ. Trường hợp tiếp nh ận sau 15 gi ờ 00 thì trả kết quả trong ngày làm vi ệc ti ếp theo",CHỨNG THỰC,modified,Sửa đổi/bổ sung,commune,2026-04-08,current,https://giavien.haiphong.gov.vn/so-tu-phap-92285/quyet-dinh-so-1353-qd-ubnd-ngay-08-4-2026-ve-viec-cong-bo-danh-muc-thu-tuc-hanh-chinh-duoc-sua-d-883466,https://cdn.haiphong.gov.vn/gov-hpg/6798/tintuc/2026/4/qd-cong-bo-danh-muc-tthc-linh-vuc-cong-chung-va-chung-thuc_so-tu-phap..signed639114064354058456.pdf,bc88fce198c3874c9f169e85fe49d94d6f5aa6e3a6a7fe383fc5e38ec6f71a39,"- Thông tư s ố 226/2016/TT-BTC ngày 11/11/2016 của B ộ trưởng Bộ Tài chính. 5 2.000913 Chứng thực việc sửa đổi, bổ sung, hủy bỏ giao dịch Trong ngày tiếp nh ận h ồ sơ. Trường hợp tiếp nh ận sau 15 gi ờ 00 thì trả kết quả trong ngày làm vi ệc ti ếp theo. Không cắt giảm vì thời gian thực hiện trong ngày"
2026-04-08,1353/QĐ-UBND,2.000927,Sửa lỗi sai sót trong giao dịch,CHỨNG THỰC,modified,Sửa đổi/bổ sung,commune,2026-04-08,current,https://giavien.haiphong.gov.vn/so-tu-phap-92285/quyet-dinh-so-1353-qd-ubnd-ngay-08-4-2026-ve-viec-cong-bo-danh-muc-thu-tuc-hanh-chinh-duoc-sua-d-883466,https://cdn.haiphong.gov.vn/gov-hpg/6798/tintuc/2026/4/qd-cong-bo-danh-muc-tthc-linh-vuc-cong-chung-va-chung-thuc_so-tu-phap..signed639114064354058456.pdf,bc88fce198c3874c9f169e85fe49d94d6f5aa6e3a6a7fe383fc5e38ec6f71a39,- Thông tư s ố 226/2016/TT-BTC ngày 11/11/2016 của B ộ trưởng Bộ Tài chính. 6 2.000927 Sửa l ỗi sai sót trong giao dịch Trong ngày tiếp nh ận h ồ sơ. Trường hợp tiếp nh ận sau 15 gi ờ 00 thì trả kết quả trong ngày làm vi ệc ti ếp theo. Không cắt giảm vì thời gian thực hiện trong ngày - Trung tâm Phục vụ hành
2026-04-08,1353/QĐ-UBND,2.000942,Cấp b ản sao có chứng th ực t ừ bản chính giao dịch đã đư ợc chứng thực Trong ngày tiếp nh ận h ồ sơ. Trường hợp tiếp nh ận sau 15 gi ờ 00,CHỨNG THỰC,modified,Sửa đổi/bổ sung,commune,2026-04-08,current,https://giavien.haiphong.gov.vn/so-tu-phap-92285/quyet-dinh-so-1353-qd-ubnd-ngay-08-4-2026-ve-viec-cong-bo-danh-muc-thu-tuc-hanh-chinh-duoc-sua-d-883466,https://cdn.haiphong.gov.vn/gov-hpg/6798/tintuc/2026/4/qd-cong-bo-danh-muc-tthc-linh-vuc-cong-chung-va-chung-thuc_so-tu-phap..signed639114064354058456.pdf,bc88fce198c3874c9f169e85fe49d94d6f5aa6e3a6a7fe383fc5e38ec6f71a39,- Thông tư s ố 226/2016/TT-BTC ngày 11/11/2016 của B ộ trưởng Bộ Tài chính. 7 2.000942 Cấp b ản sao có chứng th ực t ừ bản chính giao dịch đã đư ợc chứng thực Trong ngày tiếp nh ận h ồ sơ. Trường hợp tiếp nh ận sau 15 gi ờ 00 Không cắt giảm vì thời gian thực hiện trong ngày - Trung tâm Phục vụ hành
2026-04-08,1353/QĐ-UBND,2.001008,Chứng thực ch ữ ký người dịch mà người dịch,CHỨNG THỰC,modified,Sửa đổi/bổ sung,shared_including_commune,2026-04-08,current,https://giavien.haiphong.gov.vn/so-tu-phap-92285/quyet-dinh-so-1353-qd-ubnd-ngay-08-4-2026-ve-viec-cong-bo-danh-muc-thu-tuc-hanh-chinh-duoc-sua-d-883466,https://cdn.haiphong.gov.vn/gov-hpg/6798/tintuc/2026/4/qd-cong-bo-danh-muc-tthc-linh-vuc-cong-chung-va-chung-thuc_so-tu-phap..signed639114064354058456.pdf,bc88fce198c3874c9f169e85fe49d94d6f5aa6e3a6a7fe383fc5e38ec6f71a39,- Thông tư s ố 257/2016/TT-BTC ngày 11/11/2016 của Bộ trưởng Bộ Tài chính. 4 2.001008 Chứng thực ch ữ ký người dịch mà người dịch không ph ải là Trong ngày tiếp nhận hồ sơ. Trường hợp tiếp nh ận sau Không cắt giảm vì thời gian Tổ chức hành nghề công chứng 10.000 đồng /trường hợp - Nghị định s ố 23/2015/NĐ-CP | ngày 11/11/2016 của B ộ trưởng Bộ Tài chính. 2.001008 (Đã thống kê tại mục A.II TTHC cấp tỉnh) Chứng th ực ch ữ ký người dịch mà người d ịch không ph ải là cộng tác viên dịch thuật của Ủy 
2026-04-08,1353/QĐ-UBND,2.001016,Chứng thực văn bản từ chối nhận di sản,CHỨNG THỰC,modified,Sửa đổi/bổ sung,commune,2026-04-08,current,https://giavien.haiphong.gov.vn/so-tu-phap-92285/quyet-dinh-so-1353-qd-ubnd-ngay-08-4-2026-ve-viec-cong-bo-danh-muc-thu-tuc-hanh-chinh-duoc-sua-d-883466,https://cdn.haiphong.gov.vn/gov-hpg/6798/tintuc/2026/4/qd-cong-bo-danh-muc-tthc-linh-vuc-cong-chung-va-chung-thuc_so-tu-phap..signed639114064354058456.pdf,bc88fce198c3874c9f169e85fe49d94d6f5aa6e3a6a7fe383fc5e38ec6f71a39,"- Thông tư s ố 226/2016/TT-BTC ngày 11/11/2016 của B ộ trưởng Bộ Tài chính. 3 2.001016 Chứng thực văn bản từ chối nhận di sản 02 ngày làm việc 01 ngày làm việc - Trung tâm Phục vụ hành chính công thành phố; - Trung tâm Phục vụ hành chính công xã, phư ờng, đặc khu. 50.000 đồng"
2026-04-08,1353/QĐ-UBND,2.001019,Chứng thực di chúc,CHỨNG THỰC,modified,Sửa đổi/bổ sung,commune,2026-04-08,current,https://giavien.haiphong.gov.vn/so-tu-phap-92285/quyet-dinh-so-1353-qd-ubnd-ngay-08-4-2026-ve-viec-cong-bo-danh-muc-thu-tuc-hanh-chinh-duoc-sua-d-883466,https://cdn.haiphong.gov.vn/gov-hpg/6798/tintuc/2026/4/qd-cong-bo-danh-muc-tthc-linh-vuc-cong-chung-va-chung-thuc_so-tu-phap..signed639114064354058456.pdf,bc88fce198c3874c9f169e85fe49d94d6f5aa6e3a6a7fe383fc5e38ec6f71a39,"chứng thực hợp đồng thế chấp tài sản. 2 2.001019 Chứng thực di chúc 02 ngày làm việc 01 ngày làm việc - Trung tâm Phục vụ hành chính công thành phố; - Trung tâm Phục vụ hành chính công xã, phư ờng, đặc khu. 50.000 đồng /di chúc x - Nghị định s ố 23/2015/NĐ-CP ngày 16/02/2015 của Chính phủ; - Nghị định s ố 280/2025/NĐ-CP"
2026-04-08,1353/QĐ-UBND,2.001035,"Chứng thực giao dịch liên quan đến tài s ản là đ ộng sản, quyền s ử dụng đất, nhà ở",CHỨNG THỰC,modified,Sửa đổi/bổ sung,commune,2026-04-08,current,https://giavien.haiphong.gov.vn/so-tu-phap-92285/quyet-dinh-so-1353-qd-ubnd-ngay-08-4-2026-ve-viec-cong-bo-danh-muc-thu-tuc-hanh-chinh-duoc-sua-d-883466,https://cdn.haiphong.gov.vn/gov-hpg/6798/tintuc/2026/4/qd-cong-bo-danh-muc-tthc-linh-vuc-cong-chung-va-chung-thuc_so-tu-phap..signed639114064354058456.pdf,bc88fce198c3874c9f169e85fe49d94d6f5aa6e3a6a7fe383fc5e38ec6f71a39,"Một phần I. Lĩnh vực chứng thực (07 TTHC) 1 2.001035 Chứng thực giao dịch liên quan đến tài s ản là đ ộng sản, quyền s ử dụng đất, nhà ở 02 ngày làm việc 01 ngày làm việc - Trung tâm Phục vụ hành chính công thành phố; - Trung tâm Phục vụ hành chính công xã, phư ờng,"
2026-04-08,1353/QĐ-UBND,2.001406,"Chứng th ực văn bản phân chia di sản mà di s ản là động sản, quyền sử dụng đất, nhà ở",CHỨNG THỰC,modified,Sửa đổi/bổ sung,commune,2026-04-08,current,https://giavien.haiphong.gov.vn/so-tu-phap-92285/quyet-dinh-so-1353-qd-ubnd-ngay-08-4-2026-ve-viec-cong-bo-danh-muc-thu-tuc-hanh-chinh-duoc-sua-d-883466,https://cdn.haiphong.gov.vn/gov-hpg/6798/tintuc/2026/4/qd-cong-bo-danh-muc-tthc-linh-vuc-cong-chung-va-chung-thuc_so-tu-phap..signed639114064354058456.pdf,bc88fce198c3874c9f169e85fe49d94d6f5aa6e3a6a7fe383fc5e38ec6f71a39,"- Thông tư s ố 226/2016/TT-BTC ngày 11/ 11/2016 của B ộ trưởng Bộ Tài chính. 4 2.001406 Chứng th ực văn bản phân chia di sản mà di s ản là động sản, quyền sử dụng đất, nhà ở 02 ngày làm việc 01 ngày làm việc - Trung tâm Phục vụ hành chính công thành phố; - Trung tâm Phục vụ hành 50.000 đồng /văn bản x"
2026-04-24,1635/QĐ-UBND,1.000482,"Chuyển đổi trường trung học nghề tư thục, trư ờng trung c ấp tư th ục,",GIÁO DỤC VÀ ĐÀO TẠO,replaced,Thay thế/được thay thế,province,2026-04-24,current,https://giavien.haiphong.gov.vn/so-giao-duc-va-dao-tao-92279/quyet-dinh-so-1635-qd-ubnd-ngay-24-4-2026-ve-viec-cong-bo-danh-muc-thu-tuc-hanh-chinh-duoc-sua-d-895607,https://cdn.haiphong.gov.vn/gov-hpg/6798/tintuc/2026/5/1635.qd-cong-bo-danh-muc-tthc-thuoc-pham-vi-chuc-nang-quan-ly-cua-so-gd-dt..signed639137600009151186.pdf,65dc8f94f71bec1e11961c08e462dbfbb1ff031884ba7625876f4ba04dde32b3,"1.000482 Chuyển đổi trường trung học nghề tư thục, trư ờng trung c ấp tư th ục, trung tâm giáo d ục nghề nghiệp tư thục sang trường học nghề tư thục, trường trung c ấp tư th ục, trung tâm giáo d ục nghề nghiệp tư th ục hoạt động không vì lợi nhuận 13 ngày làm việc tính t ừ ngày nh ận đ ủ hồ sơ h ợp l ệ theo quy định 10 ngày làm việc tính t ừ ngày nh ận đ ủ"
2026-04-24,1635/QĐ-UBND,1.002407,"Xét, cấp học bổng chính sách",GIÁO DỤC VÀ ĐÀO TẠO,replaced,Thay thế/được thay thế,shared_including_commune,2026-04-24,current,https://giavien.haiphong.gov.vn/so-giao-duc-va-dao-tao-92279/quyet-dinh-so-1635-qd-ubnd-ngay-24-4-2026-ve-viec-cong-bo-danh-muc-thu-tuc-hanh-chinh-duoc-sua-d-895607,https://cdn.haiphong.gov.vn/gov-hpg/6798/tintuc/2026/5/1635.qd-cong-bo-danh-muc-tthc-thuoc-pham-vi-chuc-nang-quan-ly-cua-so-gd-dt..signed639137600009151186.pdf,65dc8f94f71bec1e11961c08e462dbfbb1ff031884ba7625876f4ba04dde32b3,"cắt giảm A. THỦ TỤC HÀNH CHÍNH CẤP TỈNH (01 TTHC) LĨNH VỰC GIÁO DỤC VÀ ĐÀO TẠO THUỘC HỆ THỐNG GIÁO DỤC QUỐC DÂN 1. 1.002407 Xét, c ấp h ọc bổng chính sách Xét, c ấp học b ổng chính sách đối với sinh viên theo chế độ cử tuyển 10 ngày làm việc kể từ ngày k ết thúc nh ận hồ sơ 05 ngày làm vi ệc | Luật Giáo dục B. THỦ TỤC HÀNH CHÍNH CẤP XÃ (03 TTHC) B1. LĨNH VỰC GIÁO DỤC VÀ ĐÀO TẠO THUỘC HỆ THỐNG GIÁO DỤC QUỐC DÂN 1. 1.002407 Xét, c ấp h ọc bổng chính sách Xét, c ấp học b ổng chính sách đối v ới h ọ"
2026-04-24,1635/QĐ-UBND,1.008720,"Chuyển đ ổi nhà tr ẻ, trư ờng m ẫu giáo, trư ờng m ầm non tư th ục do cơ quan đại diện ngo ại giao nước ngoài, t ổ chức qu ốc t ế liên chính phủ đề nghị sang nhà tr ẻ, trư ờng mẫu giáo, trường mầm non tư thục hoạt động không vì lợi nhuận",GIÁO DỤC VÀ ĐÀO TẠO,replaced,Thay thế/được thay thế,province,2026-04-24,current,https://giavien.haiphong.gov.vn/so-giao-duc-va-dao-tao-92279/quyet-dinh-so-1635-qd-ubnd-ngay-24-4-2026-ve-viec-cong-bo-danh-muc-thu-tuc-hanh-chinh-duoc-sua-d-895607,https://cdn.haiphong.gov.vn/gov-hpg/6798/tintuc/2026/5/1635.qd-cong-bo-danh-muc-tthc-thuoc-pham-vi-chuc-nang-quan-ly-cua-so-gd-dt..signed639137600009151186.pdf,65dc8f94f71bec1e11961c08e462dbfbb1ff031884ba7625876f4ba04dde32b3,"cắt giảm A. THỦ TỤC HÀNH CHÍNH CẤP TỈNH (04 TTHC) A1. LĨNH VỰC GIÁO DỤC MẦM NON 1. 1.008720 Chuyển đ ổi nhà tr ẻ, trư ờng m ẫu giáo, trư ờng m ầm non tư th ục do cơ quan đại diện ngo ại giao nước ngoài, t ổ chức qu ốc t ế liên chính phủ đề nghị sang nhà tr ẻ, trư ờng mẫu giáo, trường mầm non tư thục hoạt động không vì lợi nhuận 13 ngày làm việc tính t ừ ngày nh ận đ ủ hồ sơ hợp lệ 13 ngày làm việc tính t ừ ngày nh ận đ ủ hồ sơ hợp lệ"
2026-04-24,1635/QĐ-UBND,1.008721,"Chuyển đ ổi cơ s ở giáo d ục ph ổ thông tư th ục do cơ quan đ ại diện ngoại giao nư ớc ngoài, t ổ chức quốc t ế liên chính ph ủ đề nghị sang cơ s ở giáo dục ph ổ thông tư thục hoạt động không vì lợi nhuận",GIÁO DỤC VÀ ĐÀO TẠO,replaced,Thay thế/được thay thế,province,2026-04-24,current,https://giavien.haiphong.gov.vn/so-giao-duc-va-dao-tao-92279/quyet-dinh-so-1635-qd-ubnd-ngay-24-4-2026-ve-viec-cong-bo-danh-muc-thu-tuc-hanh-chinh-duoc-sua-d-895607,https://cdn.haiphong.gov.vn/gov-hpg/6798/tintuc/2026/5/1635.qd-cong-bo-danh-muc-tthc-thuoc-pham-vi-chuc-nang-quan-ly-cua-so-gd-dt..signed639137600009151186.pdf,65dc8f94f71bec1e11961c08e462dbfbb1ff031884ba7625876f4ba04dde32b3,"Chính phủ quy định chi ti ết một s ố điều c ủa Lu ật Giáo dục 2. 1.008721 Chuyển đ ổi cơ s ở giáo d ục ph ổ thông tư th ục do cơ quan đ ại diện ngoại giao nư ớc ngoài, t ổ chức quốc t ế liên chính ph ủ đề nghị sang cơ s ở giáo dục ph ổ thông tư thục hoạt động không vì lợi nhuận 13 ngày làm việc tính t ừ ngày nh ận đ ủ hồ sơ theo quy định 10 ngày làm việc tính t ừ ngày nh ận đ ủ hồ sơ theo quy định"
2026-04-24,1635/QĐ-UBND,1.008722,"Chuyển đổi nhà trẻ, trường mẫu giáo, trường mầm non tư thục do nhà đầu tư nước ngoài đầu tư sang nhà trẻ, trường mẫu giáo, trường mầm non tư thục hoạt động không vì lợi nhuận",GIÁO DỤC VÀ ĐÀO TẠO,replaced,Thay thế/được thay thế,commune,2026-04-24,current,https://giavien.haiphong.gov.vn/so-giao-duc-va-dao-tao-92279/quyet-dinh-so-1635-qd-ubnd-ngay-24-4-2026-ve-viec-cong-bo-danh-muc-thu-tuc-hanh-chinh-duoc-sua-d-895607,https://cdn.haiphong.gov.vn/gov-hpg/6798/tintuc/2026/5/1635.qd-cong-bo-danh-muc-tthc-thuoc-pham-vi-chuc-nang-quan-ly-cua-so-gd-dt..signed639137600009151186.pdf,65dc8f94f71bec1e11961c08e462dbfbb1ff031884ba7625876f4ba04dde32b3,"B2. LĨNH VỰC GIÁO DỤC MẦM NON 1. 1.008722 Chuyển đ ổi nhà trẻ, trường mẫu giáo, trường m ầm non tư th ục do nhà đ ầu tư nước ngoài đầu tư sang nhà trẻ, trường mẫu giáo, trường m ầm non tư th ục hoạt đ ộng không vì l ợi nhuận Chuyển đ ổi nhà tr ẻ, trường m ẫu"
2026-04-24,1635/QĐ-UBND,1.008723,"Chuyển đổi trường trung học phổ thông tư thục, trường phổ thông tư thục có nhiều cấp học có cấp học cao nhất là trung học phổ thông do nhà đầu tư trong nước đầu tư và bảo đảm điều kiện hoạt động; cơ sở giáo dục phổ thông tư thục do nhà đầu tư nước ngoài đầu tư sang trường trung học phổ thông tư thục, trường phổ thông tư thục có nhiều cấp học có cấp học cao nhất là trung học phổ thông hoạt động không vì lợi nhuận",GIÁO DỤC VÀ ĐÀO TẠO,replaced,Thay thế/được thay thế,province,2026-04-24,current,https://giavien.haiphong.gov.vn/so-giao-duc-va-dao-tao-92279/quyet-dinh-so-1635-qd-ubnd-ngay-24-4-2026-ve-viec-cong-bo-danh-muc-thu-tuc-hanh-chinh-duoc-sua-d-895607,https://cdn.haiphong.gov.vn/gov-hpg/6798/tintuc/2026/5/1635.qd-cong-bo-danh-muc-tthc-thuoc-pham-vi-chuc-nang-quan-ly-cua-so-gd-dt..signed639137600009151186.pdf,65dc8f94f71bec1e11961c08e462dbfbb1ff031884ba7625876f4ba04dde32b3,"1. 1.008723 Chuyển đ ổi trư ờng trung h ọc ph ổ thông tư thục, trường phổ thông tư thục có nhi ều cấp học có c ấp học cao nhất là trung học phổ thông do nhà đ ầu tư trong nư ớc đ ầu tư và bảo đ ảm đi ều ki ện ho ạt đ ộng; cơ sở giáo d ục ph ổ thông tư th ục do nhà đầu tư nước ngoài đầu tư sang trường trung h ọc ph ổ thông tư thục, trường phổ thông tư th ục có nhiều cấp học có cấp học cao nhất là trung h ọc ph ổ thông hoạt đ ộng không vì lợi nhuận 13 ngày làm việc tính t ừ ngày nh ận đ ủ"
2026-04-24,1635/QĐ-UBND,1.008724,"Chuyển đổi nhà trẻ, trường mẫu giáo, trường mầm non tư thục do nhà đầu tư trong nước đầu tư sang nhà trẻ, trường mẫu giáo, trường mầm non tư thục hoạt động không vì lợi nhuận",GIÁO DỤC VÀ ĐÀO TẠO,replaced,Thay thế/được thay thế,commune,2026-04-24,current,https://giavien.haiphong.gov.vn/so-giao-duc-va-dao-tao-92279/quyet-dinh-so-1635-qd-ubnd-ngay-24-4-2026-ve-viec-cong-bo-danh-muc-thu-tuc-hanh-chinh-duoc-sua-d-895607,https://cdn.haiphong.gov.vn/gov-hpg/6798/tintuc/2026/5/1635.qd-cong-bo-danh-muc-tthc-thuoc-pham-vi-chuc-nang-quan-ly-cua-so-gd-dt..signed639137600009151186.pdf,65dc8f94f71bec1e11961c08e462dbfbb1ff031884ba7625876f4ba04dde32b3,"động không vì l ợi nhuận 2. 1.008724 Chuyển đ ổi nhà trẻ, trường mẫu giáo, trường m ầm non tư t hục do nhà đ ầu tư trong nư ớc đầu tư sang nhà trẻ, trường mẫu giáo, trường m ầm non tư th ục hoạt đ ộng không vì l ợi nhuận Chuyển đ ổi nhà tr ẻ, trường m ẫu"
2026-04-24,1635/QĐ-UBND,1.008725,"Chuyển đ ổi trư ờng ti ểu h ọc tư thục, trư ờng trung h ọc cơ s ở tư thục, trường phổ thông tư th ục có nhiều cấp học có cấp học cao nhất là trung h ọc cơ s ở do nhà đ ầu tư trong nước đầu tư sang trường tiểu học tư th ục, trư ờng trung h ọc cơ",GIÁO DỤC VÀ ĐÀO TẠO,replaced,Thay thế/được thay thế,commune,2026-04-24,current,https://giavien.haiphong.gov.vn/so-giao-duc-va-dao-tao-92279/quyet-dinh-so-1635-qd-ubnd-ngay-24-4-2026-ve-viec-cong-bo-danh-muc-thu-tuc-hanh-chinh-duoc-sua-d-895607,https://cdn.haiphong.gov.vn/gov-hpg/6798/tintuc/2026/5/1635.qd-cong-bo-danh-muc-tthc-thuoc-pham-vi-chuc-nang-quan-ly-cua-so-gd-dt..signed639137600009151186.pdf,65dc8f94f71bec1e11961c08e462dbfbb1ff031884ba7625876f4ba04dde32b3,"B. THỦ TỤC HÀNH CHÍNH CẤP XÃ (01 TTHC) LĨNH VỰC GIÁO DỤC TRUNG HỌC 1. 1.008725 Chuyển đ ổi trư ờng ti ểu h ọc tư thục, trư ờng trung h ọc cơ s ở tư thục, trường phổ thông tư th ục có nhiều cấp học có cấp học cao nhất là trung h ọc cơ s ở do nhà đ ầu tư trong nước đầu tư sang trường tiểu học tư th ục, trư ờng trung h ọc cơ sở tư th ục, trư ờng ph ổ thông tư thục có nhi ều cấp học có c ấp học cao nh ất là trung h ọc cơ s ở hoạt động không vì lợi nhuận 13 ngày làm việc tính t ừ ngày nh ận đ ủ hồ sơ"
2026-04-24,1635/QĐ-UBND,1.010595,Công nhận hiệu trưởng trường trung cấp tư thục Nghị định s ố 66/2026/NĐ-CP ngày 02/3/2026 c ủa Chính ph ủ quy đ ịnh chi ti ết m ột s ố điều c ủa Lu ật,GIÁO DỤC VÀ ĐÀO TẠO,repealed,Bãi bỏ,province,2026-04-24,repealed,https://giavien.haiphong.gov.vn/so-giao-duc-va-dao-tao-92279/quyet-dinh-so-1635-qd-ubnd-ngay-24-4-2026-ve-viec-cong-bo-danh-muc-thu-tuc-hanh-chinh-duoc-sua-d-895607,https://cdn.haiphong.gov.vn/gov-hpg/6798/tintuc/2026/5/1635.qd-cong-bo-danh-muc-tthc-thuoc-pham-vi-chuc-nang-quan-ly-cua-so-gd-dt..signed639137600009151186.pdf,65dc8f94f71bec1e11961c08e462dbfbb1ff031884ba7625876f4ba04dde32b3,THỦ TỤC HÀNH CHÍNH CẤP TỈNH (02 TTHC) LĨNH VỰC GIÁO DỤC NGHỀ NGHIỆP 1. 1.010595 Công nhận hiệu trưởng trường trung cấp tư thục Nghị định s ố 66/2026/NĐ-CP ngày 02/3/2026 c ủa Chính ph ủ quy đ ịnh chi ti ết m ột s ố điều c ủa Lu ật Giáo dục 2. 1.010596 Thôi công nhận hiệu trưởng trường trung cấp tư thục
2026-04-24,1635/QĐ-UBND,1.010596,Thôi công nhận hiệu trưởng trường trung cấp tư thục,GIÁO DỤC VÀ ĐÀO TẠO,repealed,Bãi bỏ,province,2026-04-24,repealed,https://giavien.haiphong.gov.vn/so-giao-duc-va-dao-tao-92279/quyet-dinh-so-1635-qd-ubnd-ngay-24-4-2026-ve-viec-cong-bo-danh-muc-thu-tuc-hanh-chinh-duoc-sua-d-895607,https://cdn.haiphong.gov.vn/gov-hpg/6798/tintuc/2026/5/1635.qd-cong-bo-danh-muc-tthc-thuoc-pham-vi-chuc-nang-quan-ly-cua-so-gd-dt..signed639137600009151186.pdf,65dc8f94f71bec1e11961c08e462dbfbb1ff031884ba7625876f4ba04dde32b3,LĨNH VỰC GIÁO DỤC NGHỀ NGHIỆP 1. 1.010595 Công nhận hiệu trưởng trường trung cấp tư thục Nghị định s ố 66/2026/NĐ-CP ngày 02/3/2026 c ủa Chính ph ủ quy đ ịnh chi ti ết m ột s ố điều c ủa Lu ật Giáo dục 2. 1.010596 Thôi công nhận hiệu trưởng trường trung cấp tư thục
2026-05-09,1747/QĐ-UBND,1.000389,"Cấp gi ấy ch ứng nhận đăng ký b ổ sung ho ạt động giáo d ục ngh ề nghiệp đ ối v ới trường trung c ấp,",GIÁO DỤC VÀ ĐÀO TẠO,modified,Sửa đổi/bổ sung,province,2026-05-09,current,https://giavien.haiphong.gov.vn/so-giao-duc-va-dao-tao-92279/quyet-dinh-so-1747-qd-ubnd-ngay-09-5-2026-cua-ubnd-thanh-pho-ve-viec-cong-khai-danh-muc-thu-tuc--900189,https://cdn.haiphong.gov.vn/gov-hpg/6798/tintuc/2026/5/qd-1747639146922033877627.pdf,bdb23d657efb60304016c1cba2ed2b44703e1d10fd10be3a2927127255dcdcc5,"III LĨNH VỰC GIÁO DỤC NGHỀ NGHIỆP 7. 1.000389 Cấp gi ấy ch ứng nhận đăng ký b ổ sung ho ạt động giáo d ục ngh ề nghiệp đ ối v ới trường trung c ấp, trung tâm giáo dục ngh ề nghiệp, trung tâm giáo dục nghề nghiệp - giáo d ục thư ờng xuyên và doanh nghiệp - 10 ngày làm việc đối với các trường h ợp quy định t ại các điểm a, b, c, d"
2026-05-09,1747/QĐ-UBND,1.000509,Cho phép thành 16 ngày làm 08 ngày làm - Trung tâm Không - Luật Giáo d ục ngh ề,GIÁO DỤC VÀ ĐÀO TẠO,modified,Sửa đổi/bổ sung,province,2026-05-09,not_in_current_master,https://giavien.haiphong.gov.vn/so-giao-duc-va-dao-tao-92279/quyet-dinh-so-1747-qd-ubnd-ngay-09-5-2026-cua-ubnd-thanh-pho-ve-viec-cong-khai-danh-muc-thu-tuc--900189,https://cdn.haiphong.gov.vn/gov-hpg/6798/tintuc/2026/5/qd-1747639146922033877627.pdf,bdb23d657efb60304016c1cba2ed2b44703e1d10fd10be3a2927127255dcdcc5,"cắt gi ảm, đơn gi ản hóa thủ tục hành chính d ựa trên dữ liệu. 8. 1.000509 Cho phép thành 16 ngày làm 08 ngày làm - Trung tâm Không - Luật Giáo d ục ngh ề"
2026-05-09,1747/QĐ-UBND,1.000718,"Bổ sung, đi ều chỉnh quy ết đ ịnh",GIÁO DỤC VÀ ĐÀO TẠO,modified,Sửa đổi/bổ sung,province,2026-05-09,not_in_current_master,https://giavien.haiphong.gov.vn/so-giao-duc-va-dao-tao-92279/quyet-dinh-so-1747-qd-ubnd-ngay-09-5-2026-cua-ubnd-thanh-pho-ve-viec-cong-khai-danh-muc-thu-tuc--900189,https://cdn.haiphong.gov.vn/gov-hpg/6798/tintuc/2026/5/qd-1747639146922033877627.pdf,bdb23d657efb60304016c1cba2ed2b44703e1d10fd10be3a2927127255dcdcc5,"đến ho ạt đ ộng s ản xu ất, kinh doanh. V LĨNH VỰC GIÁO DỤC, ĐÀO TẠO VỚI NƯỚC NGOÀI 16. 1.000718 Bổ sung, đi ều chỉnh quy ết đ ịnh 20 ngày làm việc tính t ừ 10 ngày làm việc tính t ừ - Trung tâm Phục v ụ hành Không quy - Nghị định s ố 86/2018/NĐ-CP ngày 06"
2026-05-09,1747/QĐ-UBND,1.001088,Xin h ọc l ại t ại trường khác đ ối với học sinh trung học -Việc xin h ọc lại đư ợc th ực hiện trong th ời gian ngh ỉ hè trước khi khai giảng năm h ọc mới. - Trong th ời gian không quá,GIÁO DỤC VÀ ĐÀO TẠO,reduced,Có bằng chứng trong phụ lục về nội dung sau cắt giảm,province,2026-05-09,repealed,https://giavien.haiphong.gov.vn/so-giao-duc-va-dao-tao-92279/quyet-dinh-so-1747-qd-ubnd-ngay-09-5-2026-cua-ubnd-thanh-pho-ve-viec-cong-khai-danh-muc-thu-tuc--900189,https://cdn.haiphong.gov.vn/gov-hpg/6798/tintuc/2026/5/qd-1747639146922033877627.pdf,bdb23d657efb60304016c1cba2ed2b44703e1d10fd10be3a2927127255dcdcc5,"Căn cứ pháp lý Theo quy định Sau cắt giảm I LĨNH VỰC GIÁO DỤC TRUNG HỌC 1. 1.001088 Xin h ọc l ại t ại trường khác đ ối với học sinh trung học -Việc xin h ọc lại đư ợc th ực hiện trong th ời gian ngh ỉ hè trước khi khai giảng năm h ọc mới. - Trong th ời gian không quá 05 ngày làm việc k ể từ ngày tiếp nhận hồ sơ, hiệu trưởng nhà trường có ý"
2026-05-09,1747/QĐ-UBND,1.001622,Hỗ trợ ăn trưa đ ối với tr ẻ em m ẫu giáo,GIÁO DỤC VÀ ĐÀO TẠO,modified,Sửa đổi/bổ sung,commune,2026-05-09,current,https://giavien.haiphong.gov.vn/so-giao-duc-va-dao-tao-92279/quyet-dinh-so-1747-qd-ubnd-ngay-09-5-2026-cua-ubnd-thanh-pho-ve-viec-cong-khai-danh-muc-thu-tuc--900189,https://cdn.haiphong.gov.vn/gov-hpg/6798/tintuc/2026/5/qd-1747639146922033877627.pdf,bdb23d657efb60304016c1cba2ed2b44703e1d10fd10be3a2927127255dcdcc5,"động s ản xu ất, kinh doanh. V GIÁO DỤC VÀ ĐÀO TẠO THUỘC HỆ THỐNG GIÁO DỤC QUỐC DÂN 8. 1.001622 Hỗ trợ ăn trưa đ ối với tr ẻ em m ẫu giáo 24 ngày làm việc tính t ừ ngày nh ận đ ủ hồ sơ h ợp l ệ theo quy định. 12 ngày làm việc tính t ừ ngày nhận đủ hồ sơ h ợp l ệ theo quy định - Trung tâm Ph ục vụ hành chính công thành phố; - Trung tâm Ph ục"
2026-05-09,1747/QĐ-UBND,1.005008,Cho phép trư ờng trung h ọc ph ổ thông chuyên hoạt động giáo dục,GIÁO DỤC VÀ ĐÀO TẠO,modified,Sửa đổi/bổ sung,province,2026-05-09,repealed,https://giavien.haiphong.gov.vn/so-giao-duc-va-dao-tao-92279/quyet-dinh-so-1747-qd-ubnd-ngay-09-5-2026-cua-ubnd-thanh-pho-ve-viec-cong-khai-danh-muc-thu-tuc--900189,https://cdn.haiphong.gov.vn/gov-hpg/6798/tintuc/2026/5/qd-1747639146922033877627.pdf,bdb23d657efb60304016c1cba2ed2b44703e1d10fd10be3a2927127255dcdcc5,"thủ tục hành chí nh d ựa trên dữ liệu. IV LĨNH VỰC CÁC CƠ SỞ GIÁO DỤC KHÁC 12. 1.005008 Cho phép trư ờng trung h ọc ph ổ thông chuyên hoạt động giáo dục 25 ngày làm việc 12,5 ngày làm việc - Trung tâm Phục v ụ hành chính công thành phố; - Trung tâm Phục v ụ hành chính công các xã, phư ờng, đặc khu. Không"
2026-05-09,1747/QĐ-UBND,1.005061,"Cấp gi ấy ch ứng 15 ngày và 05 07 ngày và 2,5 - Trung tâm Không - Nghị định s ố",GIÁO DỤC VÀ ĐÀO TẠO,modified,Sửa đổi/bổ sung,province,2026-05-09,not_in_current_master,https://giavien.haiphong.gov.vn/so-giao-duc-va-dao-tao-92279/quyet-dinh-so-1747-qd-ubnd-ngay-09-5-2026-cua-ubnd-thanh-pho-ve-viec-cong-khai-danh-muc-thu-tuc--900189,https://cdn.haiphong.gov.vn/gov-hpg/6798/tintuc/2026/5/qd-1747639146922033877627.pdf,bdb23d657efb60304016c1cba2ed2b44703e1d10fd10be3a2927127255dcdcc5,"cắt gi ảm, đơn gi ản hóa thủ tục hành chính d ựa trên dữ liệu. 13. 1.005061 Cấp gi ấy ch ứng 15 ngày và 05 07 ngày và 2,5 - Trung tâm Không - Nghị định s ố"
2026-05-09,1747/QĐ-UBND,1.006390,"Cho phép trư ờng mẫu giáo, trư ờng mầm non, nhà tr ẻ hoạt động giáo dục",GIÁO DỤC VÀ ĐÀO TẠO,modified,Sửa đổi/bổ sung,commune,2026-05-09,current,https://giavien.haiphong.gov.vn/so-giao-duc-va-dao-tao-92279/quyet-dinh-so-1747-qd-ubnd-ngay-09-5-2026-cua-ubnd-thanh-pho-ve-viec-cong-khai-danh-muc-thu-tuc--900189,https://cdn.haiphong.gov.vn/gov-hpg/6798/tintuc/2026/5/qd-1747639146922033877627.pdf,bdb23d657efb60304016c1cba2ed2b44703e1d10fd10be3a2927127255dcdcc5,"quy đ ịnh chi ti ết m ột s ố điều của Luật Giáo dục. III LĨNH VỰC GIÁO DỤC MẦM NON 4. 1.006390 Cho phép trư ờng mẫu giáo, trư ờng mầm non, nhà tr ẻ hoạt động giáo dục 20 ngày làm việc tính t ừ ngày nh ận đ ủ hồ sơ h ợp l ệ theo quy định. 10 ngày làm việc tính t ừ ngày nhận đủ hồ sơ h ợp l ệ theo quy định. - Trung tâm Ph ục vụ hành chính"
2026-05-09,1747/QĐ-UBND,1.008720,"Chuyển đổi cơ sở giáo dục mầm non tư thục do cơ quan đại diện ngoại giao nước ngoài, tổ chức quốc tế liên chính phủ đề nghị sang cơ sở giáo dục mầm non tư thục hoạt động không vì lợi nhuận",GIÁO DỤC VÀ ĐÀO TẠO,modified,Sửa đổi/bổ sung,province,2026-05-09,current,https://giavien.haiphong.gov.vn/so-giao-duc-va-dao-tao-92279/quyet-dinh-so-1747-qd-ubnd-ngay-09-5-2026-cua-ubnd-thanh-pho-ve-viec-cong-khai-danh-muc-thu-tuc--900189,https://cdn.haiphong.gov.vn/gov-hpg/6798/tintuc/2026/5/qd-1747639146922033877627.pdf,bdb23d657efb60304016c1cba2ed2b44703e1d10fd10be3a2927127255dcdcc5,"quy đ ịnh chi ti ết m ột s ố điều của Luật Giáo dục. VIII LĨNH VỰC GIÁO DỤC MẦM NON 20. 1.008720 Chuyển đổi cơ sở giáo dục mầm non tư thục do cơ quan đại diện ngoại giao nước ngoài, tổ chức quốc tế liên chính phủ đề nghị sang cơ sở giáo dục mầm non tư thục hoạt động không 13 ngày làm việc tín h t ừ ngày nh ận đ ủ hồ sơ h ợp l ệ theo quy định. Không th ực"
2026-05-09,1747/QĐ-UBND,1.008950,"Trợ cấp đối với trẻ em m ầm non là con công nhân, người lao động làm việc t ại khu công nghiệp",GIÁO DỤC VÀ ĐÀO TẠO,modified,Sửa đổi/bổ sung,commune,2026-05-09,current,https://giavien.haiphong.gov.vn/so-giao-duc-va-dao-tao-92279/quyet-dinh-so-1747-qd-ubnd-ngay-09-5-2026-cua-ubnd-thanh-pho-ve-viec-cong-khai-danh-muc-thu-tuc--900189,https://cdn.haiphong.gov.vn/gov-hpg/6798/tintuc/2026/5/qd-1747639146922033877627.pdf,bdb23d657efb60304016c1cba2ed2b44703e1d10fd10be3a2927127255dcdcc5,"phủ quy đ ịnh chi ti ết một s ố điều c ủa Lu ật Giáo dục. 5. 1.008950 Trợ cấp đối với trẻ em m ầm non là con công nhân, người lao động làm việc t ại khu công nghiệp 24 ngày tính từ ngày nh ận đủ hồ sơ h ợp lệ theo quy định. 12 ngày tín h từ ngày nh ận đủ hồ sơ hợp lệ theo quy định."
2026-05-09,1747/QĐ-UBND,1.009394,Đăng ký xét tuyển học theo ch ế độ cử tuyển,GIÁO DỤC VÀ ĐÀO TẠO,modified,Sửa đổi/bổ sung,province,2026-05-09,current,https://giavien.haiphong.gov.vn/so-giao-duc-va-dao-tao-92279/quyet-dinh-so-1747-qd-ubnd-ngay-09-5-2026-cua-ubnd-thanh-pho-ve-viec-cong-khai-danh-muc-thu-tuc--900189,https://cdn.haiphong.gov.vn/gov-hpg/6798/tintuc/2026/5/qd-1747639146922033877627.pdf,bdb23d657efb60304016c1cba2ed2b44703e1d10fd10be3a2927127255dcdcc5,"19. 2 0 . 1.009394 Đăng ký xét tuyển học theo ch ế độ cử tuyển 30 ngày và 5 ngày làm vi ệc tính t ừ ngày thông báo k ế hoạch. 15 ngày và 2,5 ngày làm vi ệc tính t ừ ngày thông báo k ế hoạch. - Trung tâm Phục v ụ hành"
2026-05-09,1747/QĐ-UBND,1.010927,"Thành l ập phân hiệu c ủa trư ờng trung cấp công lập trực thu ộc t ỉnh, thành ph ố trực thuộc trung ương; cho phép t hành",GIÁO DỤC VÀ ĐÀO TẠO,modified,Sửa đổi/bổ sung,province,2026-05-09,not_in_current_master,https://giavien.haiphong.gov.vn/so-giao-duc-va-dao-tao-92279/quyet-dinh-so-1747-qd-ubnd-ngay-09-5-2026-cua-ubnd-thanh-pho-ve-viec-cong-khai-danh-muc-thu-tuc--900189,https://cdn.haiphong.gov.vn/gov-hpg/6798/tintuc/2026/5/qd-1747639146922033877627.pdf,bdb23d657efb60304016c1cba2ed2b44703e1d10fd10be3a2927127255dcdcc5,"cắt gi ảm, đơn gi ản hóa thủ tục hành chính d ựa trên dữ liệu. 9. 1.010927 Thành l ập phân hiệu c ủa trư ờng trung cấp công lập trực thu ộc t ỉnh, thành ph ố trực thuộc trung ương; cho phép t hành 05 ngày làm việc. 3,5 ngày làm việc. - Trung tâm Phục v ụ hành chính công thành phố; - Trung tâm Phục v ụ hành"
2026-05-09,1747/QĐ-UBND,1.012953,"Cho phép trư ờng trung h ọc ph ổ thông, trường phổ thông có nhi ều cấp h ọc có c ấp học cao nh ất là trung h ọc ph ổ thông ho ạt đ ộng giáo dục",GIÁO DỤC VÀ ĐÀO TẠO,modified,Sửa đổi/bổ sung,province,2026-05-09,current,https://giavien.haiphong.gov.vn/so-giao-duc-va-dao-tao-92279/quyet-dinh-so-1747-qd-ubnd-ngay-09-5-2026-cua-ubnd-thanh-pho-ve-viec-cong-khai-danh-muc-thu-tuc--900189,https://cdn.haiphong.gov.vn/gov-hpg/6798/tintuc/2026/5/qd-1747639146922033877627.pdf,bdb23d657efb60304016c1cba2ed2b44703e1d10fd10be3a2927127255dcdcc5,"như đối với học sinh chuy ển trường. 2. 1.012953 Cho phép trư ờng trung h ọc ph ổ thông, trường phổ thông có nhi ều cấp h ọc có c ấp học cao nh ất là trung h ọc ph ổ thông ho ạt đ ộng giáo dục 25 ngày làm việc tính t ừ ngày nh ận đ ủ hồ sơ theo quy định. 12.5 ngày làm việc tính t ừ ngày nh ận đ ủ"
2026-05-09,1747/QĐ-UBND,1.012960,"Điều ch ỉnh, b ổ sung, gia hạn giấy chứng nh ận đăng ký kinh doanh dịch vụ tư vấn du học",GIÁO DỤC VÀ ĐÀO TẠO,modified,Sửa đổi/bổ sung,province,2026-05-09,current,https://giavien.haiphong.gov.vn/so-giao-duc-va-dao-tao-92279/quyet-dinh-so-1747-qd-ubnd-ngay-09-5-2026-cua-ubnd-thanh-pho-ve-viec-cong-khai-danh-muc-thu-tuc--900189,https://cdn.haiphong.gov.vn/gov-hpg/6798/tintuc/2026/5/qd-1747639146922033877627.pdf,bdb23d657efb60304016c1cba2ed2b44703e1d10fd10be3a2927127255dcdcc5,"cắt giảm, đơn gi ản hóa thủ tục hành chính d ựa trên dữ liệu. 14. 1.012960 Điều ch ỉnh, b ổ sung, gia hạn giấy chứng nh ận đăng ký kinh doanh dịch vụ tư vấn du học 15 ngày và 05 ngày làm việc 07 ngày và 2,5 ngày làm việc - Trung tâm Phục v ụ hành chính công thành phố; - Trung tâm Phục v ụ hành chính công các xã, phư ờng,"
2026-05-09,1747/QĐ-UBND,1.012965,"Cho phép trường trung h ọc cơ s ở, trường ph ổ thông có nhi ều c ấp h ọc có c ấp h ọc cao nhất là trung h ọc cơ s ở hoạt đ ộng giáo dục",GIÁO DỤC VÀ ĐÀO TẠO,modified,Sửa đổi/bổ sung,commune,2026-05-09,current,https://giavien.haiphong.gov.vn/so-giao-duc-va-dao-tao-92279/quyet-dinh-so-1747-qd-ubnd-ngay-09-5-2026-cua-ubnd-thanh-pho-ve-viec-cong-khai-danh-muc-thu-tuc--900189,https://cdn.haiphong.gov.vn/gov-hpg/6798/tintuc/2026/5/qd-1747639146922033877627.pdf,bdb23d657efb60304016c1cba2ed2b44703e1d10fd10be3a2927127255dcdcc5,"thủ tục hành chính d ựa trên dữ liệu. 2. 1.012965 Cho phép trường trung h ọc cơ s ở, trường ph ổ thông có nhi ều c ấp h ọc có c ấp h ọc cao nhất là trung h ọc cơ s ở hoạt đ ộng giáo dục 25 ngày làm việc tính t ừ ngày nh ận đ ủ hồ sơ h ợp l ệ theo quy định 12.5 ngày làm vi ệc tính từ ngày nh ận đủ hồ sơ hợp"
2026-05-09,1747/QĐ-UBND,1.012969,Thành lập hoặc cho phép thành lập trung tâm học tập cộng đồng,GIÁO DỤC VÀ ĐÀO TẠO,modified,Sửa đổi/bổ sung,commune,2026-05-09,current,https://giavien.haiphong.gov.vn/so-giao-duc-va-dao-tao-92279/quyet-dinh-so-1747-qd-ubnd-ngay-09-5-2026-cua-ubnd-thanh-pho-ve-viec-cong-khai-danh-muc-thu-tuc--900189,https://cdn.haiphong.gov.vn/gov-hpg/6798/tintuc/2026/5/qd-1747639146922033877627.pdf,bdb23d657efb60304016c1cba2ed2b44703e1d10fd10be3a2927127255dcdcc5,một s ố điều c ủa Lu ật Giáo dục. II LĨNH VỰC GIÁO DỤC THƯỜNG XUYÊN 3. 1.012969 Thành lập hoặc cho phép thành l ập trung tâm h ọc t ập 15 ngày làm việc tính t ừ ngày nh ận đ ủ 07 ngày làm việc tính t ừ ngày nhận đủ - Trung tâm Ph ục vụ hành chính công thành phố; Không quy định - Nghị định s ố 125/2024/NĐ-CP ngày 05 tháng 10 năm 2024
2026-05-09,1747/QĐ-UBND,1.012971,Thành lập hoặc cho phép thành l ập cơ sở giáo d ục m ầm non độc lập,GIÁO DỤC VÀ ĐÀO TẠO,modified,Sửa đổi/bổ sung,commune,2026-05-09,current,https://giavien.haiphong.gov.vn/so-giao-duc-va-dao-tao-92279/quyet-dinh-so-1747-qd-ubnd-ngay-09-5-2026-cua-ubnd-thanh-pho-ve-viec-cong-khai-danh-muc-thu-tuc--900189,https://cdn.haiphong.gov.vn/gov-hpg/6798/tintuc/2026/5/qd-1747639146922033877627.pdf,bdb23d657efb60304016c1cba2ed2b44703e1d10fd10be3a2927127255dcdcc5,6. 1.012971 Thành lập hoặc cho phép thành l ập cơ sở giáo d ục m ầm non độc lập 08 ngày làm việc tính t ừ ngày nh ận đ ủ hồ sơ h ợp l ệ theo quy định. 07 ngày làm việc tính t ừ ngày nhận đủ hồ sơ h ợp l ệ theo quy định. - Trung tâm Ph ục vụ hành chính
2026-05-09,1747/QĐ-UBND,1.013751,"Cho phép thành lập trung tâm giáo dục thường xuyên, trung tâm giáo dục nghề nghiệp - giáo dục thường xuyên tư thục",GIÁO DỤC VÀ ĐÀO TẠO,modified,Sửa đổi/bổ sung,province,2026-05-09,current,https://giavien.haiphong.gov.vn/so-giao-duc-va-dao-tao-92279/quyet-dinh-so-1747-qd-ubnd-ngay-09-5-2026-cua-ubnd-thanh-pho-ve-viec-cong-khai-danh-muc-thu-tuc--900189,https://cdn.haiphong.gov.vn/gov-hpg/6798/tintuc/2026/5/qd-1747639146922033877627.pdf,bdb23d657efb60304016c1cba2ed2b44703e1d10fd10be3a2927127255dcdcc5,"học t ập t ại trường. II LĨNH VỰC GIÁO DỤC THƯỜNG XUYÊN 4. 1.013751 Cho phép thành lập trung tâm giáo dục thư ờng xuyên, trung tâm giáo d ục ngh ề nghiệp - giáo d ục thường xuyên tư thục - Trong thời hạn 05 ngày làm việc, kể từ ngày nhận đ ủ hồ sơ, Sở Giáo d ục và Đào tạo chủ trì, phối h ợp v ới các cơ quan có liên quan t ổ chức th ẩm đ ịnh"
2026-05-09,1747/QĐ-UBND,1.013755,Cho phép thành lập trung tâm h ỗ trợ phát triển giáo dục hòa nh ập tư thục,GIÁO DỤC VÀ ĐÀO TẠO,modified,Sửa đổi/bổ sung,province,2026-05-09,current,https://giavien.haiphong.gov.vn/so-giao-duc-va-dao-tao-92279/quyet-dinh-so-1747-qd-ubnd-ngay-09-5-2026-cua-ubnd-thanh-pho-ve-viec-cong-khai-danh-muc-thu-tuc--900189,https://cdn.haiphong.gov.vn/gov-hpg/6798/tintuc/2026/5/qd-1747639146922033877627.pdf,bdb23d657efb60304016c1cba2ed2b44703e1d10fd10be3a2927127255dcdcc5,"5. 1.013755 Cho phép thành lập trung tâm h ỗ trợ phát triển giáo dục hòa nh ập tư thục 10 ngày và 05 ngày làm việc. 05 ngày và 2,5 ngày làm việc. - Trung tâm Phục v ụ hành chính công thành phố; - Trung tâm Phục v ụ hành chính công các xã, phư ờng,"
2026-05-09,1747/QĐ-UBND,1.013759,"Cho phép thành lập cơ sở giáo dục nghề nghiệp, cơ sở giáo dục nghề nghiệp cho người khuyết tật, phân hiệu của trường trung cấp tư thục",GIÁO DỤC VÀ ĐÀO TẠO,modified,Sửa đổi/bổ sung,province,2026-05-09,current,https://giavien.haiphong.gov.vn/so-giao-duc-va-dao-tao-92279/quyet-dinh-so-1747-qd-ubnd-ngay-09-5-2026-cua-ubnd-thanh-pho-ve-viec-cong-khai-danh-muc-thu-tuc--900189,https://cdn.haiphong.gov.vn/gov-hpg/6798/tintuc/2026/5/qd-1747639146922033877627.pdf,bdb23d657efb60304016c1cba2ed2b44703e1d10fd10be3a2927127255dcdcc5,"cắt gi ảm, đơn gi ản hóa thủ tục hành chính dựa trên dữ liệu. 10. 1.013759 Cho phép thành lập cơ sở giáo dục nghề nghiệp, cơ sở giáo d ục ngh ề nghiệp cho ngư ời khuyết t ật, phân hiệu c ủa trư ờng trung cấp tư thục - 16 ngày làm việc đối với cho phép thành l ập cơ s ở giáo d ục nghề ghiệp; - 05 ngày là m việc đối với cho phép thành l ập phân hi ệu c ủa trường trung"
2026-05-09,1747/QĐ-UBND,1.013764,"Cho phép thành lập trư ờng trung cấp, trung tâm giáo d ục ngh ề nghiệp có vốn đầu tư nước ngoài",GIÁO DỤC VÀ ĐÀO TẠO,modified,Sửa đổi/bổ sung,province,2026-05-09,current,https://giavien.haiphong.gov.vn/so-giao-duc-va-dao-tao-92279/quyet-dinh-so-1747-qd-ubnd-ngay-09-5-2026-cua-ubnd-thanh-pho-ve-viec-cong-khai-danh-muc-thu-tuc--900189,https://cdn.haiphong.gov.vn/gov-hpg/6798/tintuc/2026/5/qd-1747639146922033877627.pdf,bdb23d657efb60304016c1cba2ed2b44703e1d10fd10be3a2927127255dcdcc5,"cắt gi ảm, đơn gi ản hóa thủ tục hành chính d ựa trên dữ liệu. 11. 1.013764 Cho phép thành lập trư ờng trung cấp, trung tâm giáo d ục ngh ề nghiệp có vốn đầu tư nước ngoài 26 ngày làm việc 13 ngày làm việc - Trung tâm Phục v ụ hành chính công thành phố; - Trung tâm Phục v ụ hành chính công các xã, phư ờng,"
2026-05-09,1747/QĐ-UBND,2.001842,Cho phép trường tiểu h ọc ho ạt đ ộng giáo dục,GIÁO DỤC VÀ ĐÀO TẠO,modified,Sửa đổi/bổ sung,commune,2026-05-09,current,https://giavien.haiphong.gov.vn/so-giao-duc-va-dao-tao-92279/quyet-dinh-so-1747-qd-ubnd-ngay-09-5-2026-cua-ubnd-thanh-pho-ve-viec-cong-khai-danh-muc-thu-tuc--900189,https://cdn.haiphong.gov.vn/gov-hpg/6798/tintuc/2026/5/qd-1747639146922033877627.pdf,bdb23d657efb60304016c1cba2ed2b44703e1d10fd10be3a2927127255dcdcc5,"động s ản xu ất, kinh doanh. IV LĨNH VỰC GIÁO DỤC TIỂU HỌC 7. 2.001842 Cho phép trường tiểu h ọc ho ạt đ ộng giáo dục 14 ngày làm việc tính t ừ ngày nh ận đ ủ hồ sơ hợp lệ. 10 ngày làm việc tính t ừ ngày nhận đủ hồ sơ hợp lệ. - Trung tâm Ph ục vụ hành chính công thành phố; - Trung tâm Ph ục Không"
2026-05-09,1747/QĐ-UBND,2.002479,"Tiếp nh ận h ọc sinh trung h ọc phổ thông Vi ệt Nam về nước - Sở Giáo d ục và Đào t ạo ti ếp nhận, ki ểm tra hồ sơ và gi ới thiệu về trường. - Trong th ời gian không quá - Sở Giáo d ục và Đào t ạo ti ếp nhận, ki ểm tra hồ sơ và gi ới",GIÁO DỤC VÀ ĐÀO TẠO,modified,Sửa đổi/bổ sung,province,2026-05-09,repealed,https://giavien.haiphong.gov.vn/so-giao-duc-va-dao-tao-92279/quyet-dinh-so-1747-qd-ubnd-ngay-09-5-2026-cua-ubnd-thanh-pho-ve-viec-cong-khai-danh-muc-thu-tuc--900189,https://cdn.haiphong.gov.vn/gov-hpg/6798/tintuc/2026/5/qd-1747639146922033877627.pdf,bdb23d657efb60304016c1cba2ed2b44703e1d10fd10be3a2927127255dcdcc5,"giảm, đơn gi ản hóa th ủ tục hành chính d ựa trên dữ liệu. 3. 2.002479 Tiếp nh ận h ọc sinh trung h ọc phổ thông Vi ệt Nam về nước - Sở Giáo d ục và Đào t ạo ti ếp nhận, ki ểm tra hồ sơ và gi ới thiệu về trường. - Trong th ời gian không quá - Sở Giáo d ục và Đào t ạo ti ếp nhận, ki ểm tra hồ sơ và gi ới thiệu về trường. - Trong th ời gian không"
2026-05-09,1747/QĐ-UBND,2.002482,Tiếp nhận học sinh trung h ọc cơ s ở Việt Nam về nước,GIÁO DỤC VÀ ĐÀO TẠO,reduced,Có bằng chứng trong phụ lục về nội dung sau cắt giảm,commune,2026-05-09,repealed,https://giavien.haiphong.gov.vn/so-giao-duc-va-dao-tao-92279/quyet-dinh-so-1747-qd-ubnd-ngay-09-5-2026-cua-ubnd-thanh-pho-ve-viec-cong-khai-danh-muc-thu-tuc--900189,https://cdn.haiphong.gov.vn/gov-hpg/6798/tintuc/2026/5/qd-1747639146922033877627.pdf,bdb23d657efb60304016c1cba2ed2b44703e1d10fd10be3a2927127255dcdcc5,"Căn cứ pháp lý Theo quy định Sau cắt giảm I LĨNH VỰC GIÁO DỤC TRUNG HỌC 1. 2.002482 Tiếp nhận học sinh trung h ọc cơ s ở Việt Nam về nước Không quy định Không quy định - Trung tâ m Ph ục vụ hành chính công thành phố; - Trung tâm Ph ục vụ hành chính công các xã, phường, đặc khu. Không quy định - Quyết đ ịnh số"
2026-05-09,1747/QĐ-UBND,3.000302,Cho phép trư ờng dành cho ngư ời khuyết t ật ho ạt động giáo dục,GIÁO DỤC VÀ ĐÀO TẠO,modified,Sửa đổi/bổ sung,province,2026-05-09,repealed,https://giavien.haiphong.gov.vn/so-giao-duc-va-dao-tao-92279/quyet-dinh-so-1747-qd-ubnd-ngay-09-5-2026-cua-ubnd-thanh-pho-ve-viec-cong-khai-danh-muc-thu-tuc--900189,https://cdn.haiphong.gov.vn/gov-hpg/6798/tintuc/2026/5/qd-1747639146922033877627.pdf,bdb23d657efb60304016c1cba2ed2b44703e1d10fd10be3a2927127255dcdcc5,15. 3.000302 Cho phép trư ờng dành cho ngư ời khuyết t ật ho ạt động giáo dục 15 ngày làm việc tính t ừ ngày nh ận đ ủ hồ sơ hợp lệ 10 ngày làm việc tính t ừ ngày nh ận đ ủ hồ sơ hợp lệ - Trung tâm Phục v ụ hành chính công thành phố; - Trung tâm
2026-05-09,1747/QĐ-UBND,3.000315,Thành l ập ho ặc cho phép thành lập trung tâm khác th ực hi ện nhiệm vụ giáo dục,GIÁO DỤC VÀ ĐÀO TẠO,modified,Sửa đổi/bổ sung,province,2026-05-09,not_in_current_master,https://giavien.haiphong.gov.vn/so-giao-duc-va-dao-tao-92279/quyet-dinh-so-1747-qd-ubnd-ngay-09-5-2026-cua-ubnd-thanh-pho-ve-viec-cong-khai-danh-muc-thu-tuc--900189,https://cdn.haiphong.gov.vn/gov-hpg/6798/tintuc/2026/5/qd-1747639146922033877627.pdf,bdb23d657efb60304016c1cba2ed2b44703e1d10fd10be3a2927127255dcdcc5,"cắt gi ảm, đơn gi ản hóa thủ tục hành chính d ựa trên dữ liệu. 6. 3.000315 Thành l ập ho ặc cho phép thành lập trung tâm khác th ực hi ện nhiệm vụ giáo dục 04 ngày và 02 ngày làm việc Không th ực hiện cắt giảm - Trung tâm Phục v ụ hành chính công thành phố; - Trung tâm Không quy định -Nghị định s ố"
2026-05-09,1747/QĐ-UBND,3.000465,"Cấp b ản sao văn bằng, ch ứng ch ỉ",GIÁO DỤC VÀ ĐÀO TẠO,modified,Sửa đổi/bổ sung,province,2026-05-09,not_in_current_master,https://giavien.haiphong.gov.vn/so-giao-duc-va-dao-tao-92279/quyet-dinh-so-1747-qd-ubnd-ngay-09-5-2026-cua-ubnd-thanh-pho-ve-viec-cong-khai-danh-muc-thu-tuc--900189,https://cdn.haiphong.gov.vn/gov-hpg/6798/tintuc/2026/5/qd-1747639146922033877627.pdf,bdb23d657efb60304016c1cba2ed2b44703e1d10fd10be3a2927127255dcdcc5,"thủ tục hành chính d ựa trên dữ liệu. VI LĨNH VỰC VĂN BẰNG CHỨNG CHỈ 17. 3.000465 Cấp b ản sao văn bằng, ch ứng ch ỉ Ngay trong ngày ti ếp nh ận Không th ực hiện cắt giảm - Trung tâm Phục v ụ hành Không - Thông tư s ố 10/2026/TT-BGDĐT"
2026-05-09,1747/QĐ-UBND,3.000466,"Chỉnh s ửa n ội dung văn b ằng, chứng chỉ (tại cấp tỉnh)",GIÁO DỤC VÀ ĐÀO TẠO,modified,Sửa đổi/bổ sung,province,2026-05-09,current,https://giavien.haiphong.gov.vn/so-giao-duc-va-dao-tao-92279/quyet-dinh-so-1747-qd-ubnd-ngay-09-5-2026-cua-ubnd-thanh-pho-ve-viec-cong-khai-danh-muc-thu-tuc--900189,https://cdn.haiphong.gov.vn/gov-hpg/6798/tintuc/2026/5/qd-1747639146922033877627.pdf,bdb23d657efb60304016c1cba2ed2b44703e1d10fd10be3a2927127255dcdcc5,"cắt gi ảm, đơn gi ản hóa thủ tục hành chính d ựa trên dữ liệu. 18. 3.000466 Chỉnh s ửa n ội dung văn b ằng, chứng chỉ (tại cấp tỉnh) 03 ngày làm việc 02 ngày làm việc - Trung tâm Phục v ụ hành chính công thành phố; - Trung tâm Phục v ụ hành chính công các xã, phư ờng, đặc khu."
2026-05-19,1846/QĐ-UBND,1.000892,Phê duyệt phương án phá dỡ tàu biển,XÂY DỰNG,modified,Sửa đổi/bổ sung,province,2026-05-19,not_in_current_master,https://cathai.haiphong.gov.vn/linh-vuc-xay-dung/quyet-dinh-so-1846-qd-ubnd-ngay-19-5-2026-cua-ubnd-thanh-pho-hai-phong-v-v-cong-bo-danh-muc-thu--905913,https://cdn.haiphong.gov.vn/gov-hpg/5889/tintuc/2026/5/1846.quyet-dinh-2026-cong-bo-dm-tthc-so-xay-dung-ttr-152-153-154639155106213893753.pdf,5fa4b2f7cc281221622189d5a7e20183d6f414e61dad873e3d49ae293b9cd3a2,"phòng, n ội v ụ, tài chính, xây d ựng, ngoại giao, tư pháp, ngân hàng 2 1.007949 Quyết định lại đưa cơ sở phá dỡ tàu biển vào hoạt động 3 1.000892 Phê duyệt phương án phá dỡ tàu biển 4 2.000378 Cấp Giấy phép nhập khẩu tàu biển đã qua sử dụng để phá dỡ 5 1.009445 Thỏa thuận nâng cấp bến thủy nội địa thành cảng thủy nội địa 6 2.001998 Cấp lại giấy chứng nhận cơ sở đủ điều kiện kinh doanh d ịch vụ đào tạo thuyền viên, người lái phương tiện thủy nội địa II LĨNH VỰC QUẢN LÝ CHẤT LƯỢNG CÔNG TRÌNH XÂY "
2026-05-19,1846/QĐ-UBND,1.000940,"Quyết định đưa cơ sở phá dỡ tàu biển vào hoạt động Nghị quyết s ố 24/2026/NQ CP ngày 29 tháng 4 năm 2026 c ủa Chính ph ủ về cắt giảm, phân cấp, đơn giản hóa thủ tục hành chính, điều kiện kinh doanh lĩnh v ực quốc phòng, n ội v ụ, tài chính, xây d ựng, ngoại",XÂY DỰNG,modified,Sửa đổi/bổ sung,province,2026-05-19,not_in_current_master,https://cathai.haiphong.gov.vn/linh-vuc-xay-dung/quyet-dinh-so-1846-qd-ubnd-ngay-19-5-2026-cua-ubnd-thanh-pho-hai-phong-v-v-cong-bo-danh-muc-thu--905913,https://cdn.haiphong.gov.vn/gov-hpg/5889/tintuc/2026/5/1846.quyet-dinh-2026-cong-bo-dm-tthc-so-xay-dung-ttr-152-153-154639155106213893753.pdf,5fa4b2f7cc281221622189d5a7e20183d6f414e61dad873e3d49ae293b9cd3a2,"chính Tên thủ tục hành chính Tên VBQPPL quy định nội dung bãi bỏ I LĨNH VỰC HÀNG HẢI VÀ ĐƯỜNG THỦY NỘI ĐỊA 1 1.000940 Quyết định đưa cơ sở phá dỡ tàu biển vào hoạt động Nghị quyết s ố 24/2026/NQ CP ngày 29 tháng 4 năm 2026 c ủa Chính ph ủ về cắt giảm, phân cấp, đơn giản hóa thủ tục hành chính, điều kiện kinh doanh lĩnh v ực quốc phòng, n ội v ụ, tài chính, xây d ựng, ngoại giao, tư pháp, ngân hàng 2 1.007949 Quyết định lại đưa cơ sở phá dỡ tàu biển vào hoạt động 3 1.000892 Phê duyệt phương án ph"
2026-05-19,1846/QĐ-UBND,1.007949,Quyết định lại đưa cơ sở phá dỡ tàu biển vào hoạt động,XÂY DỰNG,modified,Sửa đổi/bổ sung,province,2026-05-19,not_in_current_master,https://cathai.haiphong.gov.vn/linh-vuc-xay-dung/quyet-dinh-so-1846-qd-ubnd-ngay-19-5-2026-cua-ubnd-thanh-pho-hai-phong-v-v-cong-bo-danh-muc-thu--905913,https://cdn.haiphong.gov.vn/gov-hpg/5889/tintuc/2026/5/1846.quyet-dinh-2026-cong-bo-dm-tthc-so-xay-dung-ttr-152-153-154639155106213893753.pdf,5fa4b2f7cc281221622189d5a7e20183d6f414e61dad873e3d49ae293b9cd3a2,"chính, điều kiện kinh doanh lĩnh v ực quốc phòng, n ội v ụ, tài chính, xây d ựng, ngoại giao, tư pháp, ngân hàng 2 1.007949 Quyết định lại đưa cơ sở phá dỡ tàu biển vào hoạt động 3 1.000892 Phê duyệt phương án phá dỡ tàu biển 4 2.000378 Cấp Giấy phép nhập khẩu tàu biển đã qua sử dụng để phá dỡ 5 1.009445 Thỏa thuận nâng cấp bến thủy nội địa thành cảng thủy nội địa 6 2.001998 Cấp lại giấy chứng nhận cơ sở đủ điều kiện kinh doanh d ịch vụ đào tạo thuyền viên, người lái phương tiện thủy nội địa II "
2026-05-19,1846/QĐ-UBND,1.009445,Thỏa thuận nâng cấp bến thủy nội địa thành cảng thủy nội địa,XÂY DỰNG,modified,Sửa đổi/bổ sung,province,2026-05-19,not_in_current_master,https://cathai.haiphong.gov.vn/linh-vuc-xay-dung/quyet-dinh-so-1846-qd-ubnd-ngay-19-5-2026-cua-ubnd-thanh-pho-hai-phong-v-v-cong-bo-danh-muc-thu--905913,https://cdn.haiphong.gov.vn/gov-hpg/5889/tintuc/2026/5/1846.quyet-dinh-2026-cong-bo-dm-tthc-so-xay-dung-ttr-152-153-154639155106213893753.pdf,5fa4b2f7cc281221622189d5a7e20183d6f414e61dad873e3d49ae293b9cd3a2,"2 1.007949 Quyết định lại đưa cơ sở phá dỡ tàu biển vào hoạt động 3 1.000892 Phê duyệt phương án phá dỡ tàu biển 4 2.000378 Cấp Giấy phép nhập khẩu tàu biển đã qua sử dụng để phá dỡ 5 1.009445 Thỏa thuận nâng cấp bến thủy nội địa thành cảng thủy nội địa 6 2.001998 Cấp lại giấy chứng nhận cơ sở đủ điều kiện kinh doanh d ịch vụ đào tạo thuyền viên, người lái phương tiện thủy nội địa II LĨNH VỰC QUẢN LÝ CHẤT LƯỢNG CÔNG TRÌNH XÂY DỰNG 1 1.009788 Cho ý kiến về kết quả đánh giá an toàn công trình đ ối"
2026-05-19,1846/QĐ-UBND,1.009446,"Công b ố chuyển b ến thủy n ội đ ịa thành cảng th ủy n ội đ ịa trong trường hợp bến thủy n ội đ ịa có quy mô, kỹ thuật phù hợp với cấp kỹ thuật cảng",XÂY DỰNG,modified,Sửa đổi/bổ sung,province,2026-05-19,not_in_current_master,https://cathai.haiphong.gov.vn/linh-vuc-xay-dung/quyet-dinh-so-1846-qd-ubnd-ngay-19-5-2026-cua-ubnd-thanh-pho-hai-phong-v-v-cong-bo-danh-muc-thu--905913,https://cdn.haiphong.gov.vn/gov-hpg/5889/tintuc/2026/5/1846.quyet-dinh-2026-cong-bo-dm-tthc-so-xay-dung-ttr-152-153-154639155106213893753.pdf,5fa4b2f7cc281221622189d5a7e20183d6f414e61dad873e3d49ae293b9cd3a2,"ngày 28/01/2021 của Chính phủ; - Nghị quyết s ố 24/2026/NQ-CP ngày 29/4/2026 của Chính phủ. 25. 1.009446 Công b ố chuyển b ến thủy n ội đ ịa thành cảng th ủy n ội đ ịa trong trường hợp bến thủy n ội đ ịa có quy mô, kỹ thuật phù hợp với cấp kỹ thuật cảng 05 ngày làm việc 2,5 ngày làm việc - Trung tâ m phục vụ hành chính công thành phố. - Trung tâm Phục v ụ hành chính"
2026-05-19,1846/QĐ-UBND,1.009449,Công b ố hoạt đ ộng khu neo đậu,XÂY DỰNG,modified,Sửa đổi/bổ sung,province,2026-05-19,current,https://cathai.haiphong.gov.vn/linh-vuc-xay-dung/quyet-dinh-so-1846-qd-ubnd-ngay-19-5-2026-cua-ubnd-thanh-pho-hai-phong-v-v-cong-bo-danh-muc-thu--905913,https://cdn.haiphong.gov.vn/gov-hpg/5889/tintuc/2026/5/1846.quyet-dinh-2026-cong-bo-dm-tthc-so-xay-dung-ttr-152-153-154639155106213893753.pdf,5fa4b2f7cc281221622189d5a7e20183d6f414e61dad873e3d49ae293b9cd3a2,"- Quyết đ ịnh s ố 202/2025/QĐ- UBND ngày 06/11//2025 của Ủy ban nhân dân thành phố. 24. 1.009449 Công b ố hoạt đ ộng khu neo đậu 05 ngày làm việc 2,5 ngày làm việc - Trung tâm phục vụ hành chính công thành phố. - Trung tâm Phục v ụ hành chính công cấp xã. Không quy định - Nghị định s ố 08/2021/NĐ-CP ngày 28/01/2021 của Chính phủ;"
2026-05-19,1846/QĐ-UBND,1.009452,Thỏa thu ận thông s ố kỹ thuật xây dựng b ến thủy nội địa - Đối v ới b ến thủy n ội trên đường th ủy n ội địa quốc gia (02 ngày làm vi ệc - Đối v ới b ến thủy n ội trên đường th ủy n ội địa qu ốc gia (01 ngày làm việc kể,XÂY DỰNG,modified,Sửa đổi/bổ sung,province,2026-05-19,current,https://cathai.haiphong.gov.vn/linh-vuc-xay-dung/quyet-dinh-so-1846-qd-ubnd-ngay-19-5-2026-cua-ubnd-thanh-pho-hai-phong-v-v-cong-bo-danh-muc-thu--905913,https://cdn.haiphong.gov.vn/gov-hpg/5889/tintuc/2026/5/1846.quyet-dinh-2026-cong-bo-dm-tthc-so-xay-dung-ttr-152-153-154639155106213893753.pdf,5fa4b2f7cc281221622189d5a7e20183d6f414e61dad873e3d49ae293b9cd3a2,Căn cứ pháp lý Theo quy định Sau khi cắt giảm I LĨNH VỰC HÀNG HẢI VÀ ĐƯỜNG THỦY NỘI ĐỊA 1. 1.009452 Thỏa thu ận thông s ố kỹ thuật xây dựng b ến thủy nội địa - Đối v ới b ến thủy n ội trên đường th ủy n ội địa quốc gia (02 ngày làm vi ệc - Đối v ới b ến thủy n ội trên đường th ủy n ội địa qu ốc gia (01 ngày làm việc kể Trung tâm phục vụ hành chính công
2026-05-19,1846/QĐ-UBND,1.009453,Thỏa thu ận thông s ố kỹ thuật xây dựng b ến,XÂY DỰNG,modified,Sửa đổi/bổ sung,province,2026-05-19,current,https://cathai.haiphong.gov.vn/linh-vuc-xay-dung/quyet-dinh-so-1846-qd-ubnd-ngay-19-5-2026-cua-ubnd-thanh-pho-hai-phong-v-v-cong-bo-danh-muc-thu--905913,https://cdn.haiphong.gov.vn/gov-hpg/5889/tintuc/2026/5/1846.quyet-dinh-2026-cong-bo-dm-tthc-so-xay-dung-ttr-152-153-154639155106213893753.pdf,5fa4b2f7cc281221622189d5a7e20183d6f414e61dad873e3d49ae293b9cd3a2,"CP ngày 12/6/2025 c ủa Chính phủ. 2. 1.009453 Thỏa thu ận thông s ố kỹ thuật xây dựng b ến 05 ngày làm việc 2,5 ngày làm việc Trung tâm phục vụ hành chính công cấp xã. Không quy định - Nghị định số 08/2021/NĐ-CP ngày 28/01/2021 c ủa Chính phủ; - Nghị quyết 24/2026/NQ -CP"
2026-05-19,1846/QĐ-UBND,1.009455,"Công bố hoạt động b ến khách ngang sông, b ến thủy n ội đ ịa phục v ụ thi công công trình chính",XÂY DỰNG,modified,Sửa đổi/bổ sung,province,2026-05-19,current,https://cathai.haiphong.gov.vn/linh-vuc-xay-dung/quyet-dinh-so-1846-qd-ubnd-ngay-19-5-2026-cua-ubnd-thanh-pho-hai-phong-v-v-cong-bo-danh-muc-thu--905913,https://cdn.haiphong.gov.vn/gov-hpg/5889/tintuc/2026/5/1846.quyet-dinh-2026-cong-bo-dm-tthc-so-xay-dung-ttr-152-153-154639155106213893753.pdf,5fa4b2f7cc281221622189d5a7e20183d6f414e61dad873e3d49ae293b9cd3a2,"- Nghị định s ố 140/2025/NĐ- CP ngày 12/6/2025 c ủa Chính phủ; 3. 1.009455 Công bố hoạt động b ến khách ngang sông, b ến thủy n ội đ ịa phục v ụ thi công công trình chính 05 ngày làm việc 2,5 ngày làm việc - Trung tâm phục vụ hành chính công cấp xã. - Trung tâm Phục vụ hành chính công thành phố."
2026-05-19,1846/QĐ-UBND,1.009456,Công b ố hoạt đ ộng cảng thủy nội địa,XÂY DỰNG,modified,Sửa đổi/bổ sung,province,2026-05-19,current,https://cathai.haiphong.gov.vn/linh-vuc-xay-dung/quyet-dinh-so-1846-qd-ubnd-ngay-19-5-2026-cua-ubnd-thanh-pho-hai-phong-v-v-cong-bo-danh-muc-thu--905913,https://cdn.haiphong.gov.vn/gov-hpg/5889/tintuc/2026/5/1846.quyet-dinh-2026-cong-bo-dm-tthc-so-xay-dung-ttr-152-153-154639155106213893753.pdf,5fa4b2f7cc281221622189d5a7e20183d6f414e61dad873e3d49ae293b9cd3a2,- Quyết đ ịnh s ố 202/2025/QĐ- UBND ngày 06/11//2025 của Ủy ban nhân dân thành phố. 22. 1.009456 Công b ố hoạt đ ộng cảng thủy nội địa 04 ngày làm việc 02 ngày làm việc - Trung tâm phục vụ hành chính công thành phố. - Trung tâm Phục v ụ hành chính công cấp xã. 100.000đ - Nghị định s ố 08/2021/NĐ-CP ngày 28/01/2021 của Chính phủ; - Thông tư s ố 198/2016/TT-BTC ngày 08/11/2016 của Bộ trưởng Bộ
2026-05-19,1846/QĐ-UBND,1.009459,Công b ố mở luồng chuyên dùng đ ối v ới,XÂY DỰNG,modified,Sửa đổi/bổ sung,province,2026-05-19,not_in_current_master,https://cathai.haiphong.gov.vn/linh-vuc-xay-dung/quyet-dinh-so-1846-qd-ubnd-ngay-19-5-2026-cua-ubnd-thanh-pho-hai-phong-v-v-cong-bo-danh-muc-thu--905913,https://cdn.haiphong.gov.vn/gov-hpg/5889/tintuc/2026/5/1846.quyet-dinh-2026-cong-bo-dm-tthc-so-xay-dung-ttr-152-153-154639155106213893753.pdf,5fa4b2f7cc281221622189d5a7e20183d6f414e61dad873e3d49ae293b9cd3a2,Tài chính; - Nghị quyết s ố 24/2026/NQ-CP ngày 29/4/2026 của Chính phủ. 23. 1.009459 Công b ố mở luồng chuyên dùng đ ối v ới 10 ngày làm việc 05 ngày làm việc - Trung tâm phục vụ hành Không quy định - Nghị định s ố 08/2021/NĐ-CP ngày 28/01/2021 của Chính phủ
2026-05-19,1846/QĐ-UBND,1.009460,"Công b ố đóng lu ồng đường th ủy n ội đ ịa khi không có nhu cầu khai thác, sử dụng",XÂY DỰNG,modified,Sửa đổi/bổ sung,province,2026-05-19,current,https://cathai.haiphong.gov.vn/linh-vuc-xay-dung/quyet-dinh-so-1846-qd-ubnd-ngay-19-5-2026-cua-ubnd-thanh-pho-hai-phong-v-v-cong-bo-danh-muc-thu--905913,https://cdn.haiphong.gov.vn/gov-hpg/5889/tintuc/2026/5/1846.quyet-dinh-2026-cong-bo-dm-tthc-so-xay-dung-ttr-152-153-154639155106213893753.pdf,5fa4b2f7cc281221622189d5a7e20183d6f414e61dad873e3d49ae293b9cd3a2,"hành chính công cấp xã. ngày 29/4/2026 của Chính phủ. 21. 1.009460 Công b ố đóng lu ồng đường th ủy n ội đ ịa khi không có nhu cầu khai thác, sử dụng 13 ngày làm việc 6,5 ngày làm việc - Trung tâm phục vụ hành chính công thành phố. - Trung tâm Phục v ụ hành chính công cấp xã. Không quy định"
2026-05-19,1846/QĐ-UBND,1.009463,Thỏa thu ận v ề nội dung liên quan đ ến đường th ủy n ội đ ịa đối v ới công trình,XÂY DỰNG,modified,Sửa đổi/bổ sung,province,2026-05-19,not_in_current_master,https://cathai.haiphong.gov.vn/linh-vuc-xay-dung/quyet-dinh-so-1846-qd-ubnd-ngay-19-5-2026-cua-ubnd-thanh-pho-hai-phong-v-v-cong-bo-danh-muc-thu--905913,https://cdn.haiphong.gov.vn/gov-hpg/5889/tintuc/2026/5/1846.quyet-dinh-2026-cong-bo-dm-tthc-so-xay-dung-ttr-152-153-154639155106213893753.pdf,5fa4b2f7cc281221622189d5a7e20183d6f414e61dad873e3d49ae293b9cd3a2,"UBND thành phố; - Nghị quyết s ố 24/2026/NQ-CP ngày 29/4/2026 của Chính phủ. 20. 1.009463 Thỏa thu ận v ề nội dung liên quan đ ến đường th ủy n ội đ ịa đối v ới công trình không thu ộc k ết c ấu hạ tầng đư ờng th ủy 05 ngày làm việc 2,5 ngày làm việc - Trung tâm phục vụ hành chính công thành phố. - Trung tâm Không quy định - Nghị định s ố 08/2021/NĐ-CP"
2026-05-19,1846/QĐ-UBND,1.009464,Công b ố hạn ch ế giao thông đư ờng thủy nội địa,XÂY DỰNG,modified,Sửa đổi/bổ sung,province,2026-05-19,current,https://cathai.haiphong.gov.vn/linh-vuc-xay-dung/quyet-dinh-so-1846-qd-ubnd-ngay-19-5-2026-cua-ubnd-thanh-pho-hai-phong-v-v-cong-bo-danh-muc-thu--905913,https://cdn.haiphong.gov.vn/gov-hpg/5889/tintuc/2026/5/1846.quyet-dinh-2026-cong-bo-dm-tthc-so-xay-dung-ttr-152-153-154639155106213893753.pdf,5fa4b2f7cc281221622189d5a7e20183d6f414e61dad873e3d49ae293b9cd3a2,"thuộc lĩnh v ực hàng h ải và đư ờng thủy nội đ ịa thuộc thẩm quyền U ỷ ban nhân dân thành phố. 19. 1.009464 Công b ố hạn ch ế giao thông đư ờng thủy nội địa 05 ngày làm việc 2,5ngày làm việc - Trung tâm phục vụ hành chính công thành phố. - Trung tâm Phục v ụ hành chính công cấp xã. Không quy định - Nghị định s ố 08/2021/NĐ-CP"
2026-05-19,1846/QĐ-UBND,1.009788,Cho ý kiến về kết quả đánh giá an toàn công trình đ ối với công trình xây dựng nằm trên địa bàn thành phố - Nghị quyết số 24/2026/NQ CP ngày 29 tháng,XÂY DỰNG,modified,Sửa đổi/bổ sung,province,2026-05-19,repealed,https://cathai.haiphong.gov.vn/linh-vuc-xay-dung/quyet-dinh-so-1846-qd-ubnd-ngay-19-5-2026-cua-ubnd-thanh-pho-hai-phong-v-v-cong-bo-danh-muc-thu--905913,https://cdn.haiphong.gov.vn/gov-hpg/5889/tintuc/2026/5/1846.quyet-dinh-2026-cong-bo-dm-tthc-so-xay-dung-ttr-152-153-154639155106213893753.pdf,5fa4b2f7cc281221622189d5a7e20183d6f414e61dad873e3d49ae293b9cd3a2,"6 2.001998 Cấp lại giấy chứng nhận cơ sở đủ điều kiện kinh doanh d ịch vụ đào tạo thuyền viên, người lái phương tiện thủy nội địa II LĨNH VỰC QUẢN LÝ CHẤT LƯỢNG CÔNG TRÌNH XÂY DỰNG 1 1.009788 Cho ý kiến về kết quả đánh giá an toàn công trình đ ối với công trình xây dựng nằm trên địa bàn thành phố - Nghị quyết số 24/2026/NQ CP ngày 29 tháng 4 năm 2026 c ủa Chính phủ về cắt giảm, phân cấp, đơn giản hóa thủ tục hành chính, điều kiện kinh doanh lĩnh v ực qu ốc phòng, n ội v ụ, tài chính, xây dựng, n"
2026-05-19,1846/QĐ-UBND,1.009794,"Kiểm tra công tác nghiệm thu hoàn thành công trình của cơ quan chuyên môn v ề xây d ựng t ại đ ịa phương - Thời h ạn 16 ngày làm vi ệc đối v ới công trình c ấp I, c ấp đặc bi ệt và 12 ngày làm vi ệc đối v ới công trình còn l ại k ể",XÂY DỰNG,modified,Sửa đổi/bổ sung,province,2026-05-19,not_in_current_master,https://cathai.haiphong.gov.vn/linh-vuc-xay-dung/quyet-dinh-so-1846-qd-ubnd-ngay-19-5-2026-cua-ubnd-thanh-pho-hai-phong-v-v-cong-bo-danh-muc-thu--905913,https://cdn.haiphong.gov.vn/gov-hpg/5889/tintuc/2026/5/1846.quyet-dinh-2026-cong-bo-dm-tthc-so-xay-dung-ttr-152-153-154639155106213893753.pdf,5fa4b2f7cc281221622189d5a7e20183d6f414e61dad873e3d49ae293b9cd3a2,"Căn cứ pháp lý Theo quy định Sau khi cắt giảm I LĨNH VỰC QUẢN LÝ CHẤT LƯỢNG CÔNG TRÌNH XÂY DỰNG 1. 1.009794 Kiểm tra công tác nghiệm thu hoàn thành công trình của cơ quan chuyên môn v ề xây d ựng t ại đ ịa phương - Thời h ạn 16 ngày làm vi ệc đối v ới công trình c ấp I, c ấp đặc bi ệt và 12 ngày làm vi ệc đối v ới công trình còn l ại k ể từ khi nhận được hồ sơ đ ề nghị kiểm tra công"
2026-05-19,1846/QĐ-UBND,1.012883,Thủ tục chu yển đ ổi công năng nhà ở đối với nhà ở xây d ựng trong d ự án thu ộc thẩm quy ền ch ấp thuận của UBND cấp tỉnh,XÂY DỰNG,reduced,Có bằng chứng trong phụ lục về nội dung sau cắt giảm,province,2026-05-19,not_in_current_master,https://cathai.haiphong.gov.vn/linh-vuc-xay-dung/quyet-dinh-so-1846-qd-ubnd-ngay-19-5-2026-cua-ubnd-thanh-pho-hai-phong-v-v-cong-bo-danh-muc-thu--905913,https://cdn.haiphong.gov.vn/gov-hpg/5889/tintuc/2026/5/1846.quyet-dinh-2026-cong-bo-dm-tthc-so-xay-dung-ttr-152-153-154639155106213893753.pdf,5fa4b2f7cc281221622189d5a7e20183d6f414e61dad873e3d49ae293b9cd3a2,Sau cắt giảm I LĨNH VỰC NHÀ Ở 1. 1.012883 Thủ tục chu yển đ ổi công năng nhà ở đối với nhà ở xây d ựng trong d ự án thu ộc thẩm quy ền ch ấp thuận của UBND cấp tỉnh. Không quá 30 ngày Không quá
2026-05-19,1846/QĐ-UBND,1.012884,Thủ tục thông báo đơn v ị đủ điều ki ện quản lý vận hành nhà chung cư,XÂY DỰNG,modified,Sửa đổi/bổ sung,province,2026-05-19,current,https://cathai.haiphong.gov.vn/linh-vuc-xay-dung/quyet-dinh-so-1846-qd-ubnd-ngay-19-5-2026-cua-ubnd-thanh-pho-hai-phong-v-v-cong-bo-danh-muc-thu--905913,https://cdn.haiphong.gov.vn/gov-hpg/5889/tintuc/2026/5/1846.quyet-dinh-2026-cong-bo-dm-tthc-so-xay-dung-ttr-152-153-154639155106213893753.pdf,5fa4b2f7cc281221622189d5a7e20183d6f414e61dad873e3d49ae293b9cd3a2,"giảm cấp xã. các Nghị định trong lĩnh vực nhà ở, kinh doanh bất động sản. 2. 1.012884 Thủ tục thông báo đơn v ị đủ điều ki ện quản lý vận hành nhà chung cư Không quá 30 ngày Không quá 15 ngày - Trung tâm phục vụ hành chính công thành phố. - Trung tâm Phục vụ hành chính công cấp xã. Không quy định"
2026-05-19,1846/QĐ-UBND,1.012885,"Thủ tục ch ấp thu ận chủ trương đ ầu tư đồng th ời v ới ch ấp thuận nhà đ ầu tư d ự án c ải t ạo, xây d ựng lại nhà chung cư",XÂY DỰNG,modified,Sửa đổi/bổ sung,province,2026-05-19,current,https://cathai.haiphong.gov.vn/linh-vuc-xay-dung/quyet-dinh-so-1846-qd-ubnd-ngay-19-5-2026-cua-ubnd-thanh-pho-hai-phong-v-v-cong-bo-danh-muc-thu--905913,https://cdn.haiphong.gov.vn/gov-hpg/5889/tintuc/2026/5/1846.quyet-dinh-2026-cong-bo-dm-tthc-so-xay-dung-ttr-152-153-154639155106213893753.pdf,5fa4b2f7cc281221622189d5a7e20183d6f414e61dad873e3d49ae293b9cd3a2,"sửa đ ổi, b ổ sung m ột s ố điều c ủa các Nghị định trong lĩnh vực nhà ở, kinh doanh bất động sản. 3. 1.012885 Thủ tục ch ấp thu ận chủ trương đ ầu tư đồng th ời v ới ch ấp thuận nhà đ ầu tư d ự án c ải t ạo, xây d ựng lại nhà chung cư không b ằng ngu ồn vốn đầu tư công Không quá 35 ngày Không quá 7,5 ngày - Trung tâm phục vụ hành chính côn g thành phố. - Trung tâm Phục vụ hành"
2026-05-19,1846/QĐ-UBND,1.012887,Thủ tục đ ề xuất cơ chế ưu đãi đ ầu tư theo quy đ ịnh t ại điểm c kho ản 2 Đi ều 198 c ủa Lu ật Nhà ở 2023,XÂY DỰNG,reduced,Có bằng chứng trong phụ lục về nội dung sau cắt giảm,province,2026-05-19,current,https://cathai.haiphong.gov.vn/linh-vuc-xay-dung/quyet-dinh-so-1846-qd-ubnd-ngay-19-5-2026-cua-ubnd-thanh-pho-hai-phong-v-v-cong-bo-danh-muc-thu--905913,https://cdn.haiphong.gov.vn/gov-hpg/5889/tintuc/2026/5/1846.quyet-dinh-2026-cong-bo-dm-tthc-so-xay-dung-ttr-152-153-154639155106213893753.pdf,5fa4b2f7cc281221622189d5a7e20183d6f414e61dad873e3d49ae293b9cd3a2,định Sau cắt giảm 4. 1.012887 Thủ tục đ ề xuất cơ chế ưu đãi đ ầu tư theo quy đ ịnh t ại điểm c kho ản 2 Đi ều 198 c ủa Lu ật Nhà ở 2023 Không quá 30 ngày Không quá 15 ngày - Trung tâm phục vụ hành chính công thành phố. - Trung tâm Phục vụ hành chính công cấp xã.
2026-05-19,1846/QĐ-UBND,1.012890,"Thủ tục gia h ạn th ời hạn sở hữu nhà ở tại Việt Nam cho cá nhân, t ổ chức nư ớc ngoài",XÂY DỰNG,modified,Sửa đổi/bổ sung,province,2026-05-19,current,https://cathai.haiphong.gov.vn/linh-vuc-xay-dung/quyet-dinh-so-1846-qd-ubnd-ngay-19-5-2026-cua-ubnd-thanh-pho-hai-phong-v-v-cong-bo-danh-muc-thu--905913,https://cdn.haiphong.gov.vn/gov-hpg/5889/tintuc/2026/5/1846.quyet-dinh-2026-cong-bo-dm-tthc-so-xay-dung-ttr-152-153-154639155106213893753.pdf,5fa4b2f7cc281221622189d5a7e20183d6f414e61dad873e3d49ae293b9cd3a2,"sửa đ ổi, b ổ sung m ột s ố điều c ủa các Nghị định trong lĩnh vực nhà ở, kinh doanh bất động sản. 5. 1.012890 Thủ tục gia h ạn th ời hạn sở hữu nhà ở tại Việt Nam cho cá nhân, t ổ chức nư ớc ngoài Không quá 30 ngày Không quá 15 ngày - Trung tâm phục vụ hành chính công thành phố. - Trung tâm Phục vụ hành chính công cấp xã. Không"
2026-05-19,1846/QĐ-UBND,1.012892,Thủ tục cho thuê nhà ở cũ thu ộc tài s ản công đ ối v ới trư ờng hợp chưa có hợp,XÂY DỰNG,modified,Sửa đổi/bổ sung,province,2026-05-19,not_in_current_master,https://cathai.haiphong.gov.vn/linh-vuc-xay-dung/quyet-dinh-so-1846-qd-ubnd-ngay-19-5-2026-cua-ubnd-thanh-pho-hai-phong-v-v-cong-bo-danh-muc-thu--905913,https://cdn.haiphong.gov.vn/gov-hpg/5889/tintuc/2026/5/1846.quyet-dinh-2026-cong-bo-dm-tthc-so-xay-dung-ttr-152-153-154639155106213893753.pdf,5fa4b2f7cc281221622189d5a7e20183d6f414e61dad873e3d49ae293b9cd3a2,"sửa đ ổi, b ổ sung m ột s ố điều c ủa các Nghị định trong lĩnh vực nhà ở, kinh doanh bất động sản. 6. 1.012892 Thủ tục cho thuê nhà ở cũ thu ộc tài s ản công đ ối v ới trư ờng hợp chưa có hợp Không quá 30 ngày Không quá 15 ngày - Trung tâm phục vụ hành chính công thành phố. Không quy định - Luật Nhà ở năm 2023; - Nghị định s ố 95/2024/NĐ-CP ngày 24/7/2024 của Chính phủ quy định chi ti ết m ột s ố điều của Lu ật"
2026-05-19,1846/QĐ-UBND,1.012893,Thủ tục bán nhà ở cũ thuộc tài sản công,XÂY DỰNG,reduced,Có bằng chứng trong phụ lục về nội dung sau cắt giảm,province,2026-05-19,current,https://cathai.haiphong.gov.vn/linh-vuc-xay-dung/quyet-dinh-so-1846-qd-ubnd-ngay-19-5-2026-cua-ubnd-thanh-pho-hai-phong-v-v-cong-bo-danh-muc-thu--905913,https://cdn.haiphong.gov.vn/gov-hpg/5889/tintuc/2026/5/1846.quyet-dinh-2026-cong-bo-dm-tthc-so-xay-dung-ttr-152-153-154639155106213893753.pdf,5fa4b2f7cc281221622189d5a7e20183d6f414e61dad873e3d49ae293b9cd3a2,"Sau cắt giảm kinh doanh bất động sản. 9. 1.012893 Thủ tục bán nhà ở cũ thuộc tài sản công Không quá 45 ngày Không quá 22,5 ngày - Trung tâm phục vụ hành chính công thành phố. - Trung tâm Phục vụ hành chính công cấp xã. Không quy định - Luật Nhà ở năm 2023; - Nghị định s ố 95/2024/NĐ-CP"
2026-05-19,1846/QĐ-UBND,1.012894,"Thủ tục gi ải quy ết bán ph ần di ện tích nhà đ ất s ử dụng chung c ủa nhà ở cũ thuộc tài sản công. - Không quá 50 ngày, kể từ ngày đơn vị quản lý vận hành tiếp nh ận đủ hồ sơ hợp lệ. - Không quá 45",XÂY DỰNG,modified,Sửa đổi/bổ sung,province,2026-05-19,not_in_current_master,https://cathai.haiphong.gov.vn/linh-vuc-xay-dung/quyet-dinh-so-1846-qd-ubnd-ngay-19-5-2026-cua-ubnd-thanh-pho-hai-phong-v-v-cong-bo-danh-muc-thu--905913,https://cdn.haiphong.gov.vn/gov-hpg/5889/tintuc/2026/5/1846.quyet-dinh-2026-cong-bo-dm-tthc-so-xay-dung-ttr-152-153-154639155106213893753.pdf,5fa4b2f7cc281221622189d5a7e20183d6f414e61dad873e3d49ae293b9cd3a2,"sửa đ ổi, b ổ sung m ột s ố điều c ủa các Nghị định trong lĩnh vực nhà ở, kinh doanh bất động sản. 10. 1.012894 Thủ tục gi ải quy ết bán ph ần di ện tích nhà đ ất s ử dụng chung c ủa nhà ở cũ thuộc tài sản công. - Không quá 50 ngày, kể từ ngày đơn vị quản lý vận hành tiếp nh ận đủ hồ sơ hợp lệ. - Không quá 45 ngày, kể từ - Không"
2026-05-19,1846/QĐ-UBND,1.012897,"Thủ tục cho thuê nhà ở cũ thu ộc tài s ản công đ ối v ới trư ờng hợp nh ận chuy ển quyền thuê nhà ở - Không quá 45 ngày, đ ối với trư ờng hợp ngư ời đang s ử dụng nhà ở nhận chuyển quyền thuê nhà ở trước",XÂY DỰNG,modified,Sửa đổi/bổ sung,province,2026-05-19,not_in_current_master,https://cathai.haiphong.gov.vn/linh-vuc-xay-dung/quyet-dinh-so-1846-qd-ubnd-ngay-19-5-2026-cua-ubnd-thanh-pho-hai-phong-v-v-cong-bo-danh-muc-thu--905913,https://cdn.haiphong.gov.vn/gov-hpg/5889/tintuc/2026/5/1846.quyet-dinh-2026-cong-bo-dm-tthc-so-xay-dung-ttr-152-153-154639155106213893753.pdf,5fa4b2f7cc281221622189d5a7e20183d6f414e61dad873e3d49ae293b9cd3a2,"sửa đ ổi, b ổ sung m ột s ố điều c ủa các Nghị định trong lĩnh vực nhà ở, kinh doanh bất động sản. 7. 1.012897 Thủ tục cho thuê nhà ở cũ thu ộc tài s ản công đ ối v ới trư ờng hợp nh ận chuy ển quyền thuê nhà ở - Không quá 45 ngày, đ ối với trư ờng hợp ngư ời đang s ử dụng nhà ở nhận chuyển quyền thuê nhà ở trước ngày 06 tháng 6"
2026-05-19,1846/QĐ-UBND,1.012898,Thủ tục cho thuê nhà ở cũ thu ộc tài s ản công đ ối v ới trư ờng hợp ký l ại h ợp đ ồng thuê,XÂY DỰNG,modified,Sửa đổi/bổ sung,province,2026-05-19,current,https://cathai.haiphong.gov.vn/linh-vuc-xay-dung/quyet-dinh-so-1846-qd-ubnd-ngay-19-5-2026-cua-ubnd-thanh-pho-hai-phong-v-v-cong-bo-danh-muc-thu--905913,https://cdn.haiphong.gov.vn/gov-hpg/5889/tintuc/2026/5/1846.quyet-dinh-2026-cong-bo-dm-tthc-so-xay-dung-ttr-152-153-154639155106213893753.pdf,5fa4b2f7cc281221622189d5a7e20183d6f414e61dad873e3d49ae293b9cd3a2,"ngày 06 tháng 6 năm 2013 8. 1.012898 Thủ tục cho thuê nhà ở cũ thu ộc tài s ản công đ ối v ới trư ờng hợp ký l ại h ợp đ ồng thuê Không quá 15 ngày Không quá 7,5 ngày - Trung tâm phục vụ hành chính công thành phố. - Trung tâm Phục vụ hành chính công cấp xã. Không"
2026-05-19,1846/QĐ-UBND,1.013466,Chấp thu ận vùng hoạt động tàu lặn,XÂY DỰNG,modified,Sửa đổi/bổ sung,province,2026-05-19,not_in_current_master,https://cathai.haiphong.gov.vn/linh-vuc-xay-dung/quyet-dinh-so-1846-qd-ubnd-ngay-19-5-2026-cua-ubnd-thanh-pho-hai-phong-v-v-cong-bo-danh-muc-thu--905913,https://cdn.haiphong.gov.vn/gov-hpg/5889/tintuc/2026/5/1846.quyet-dinh-2026-cong-bo-dm-tthc-so-xay-dung-ttr-152-153-154639155106213893753.pdf,5fa4b2f7cc281221622189d5a7e20183d6f414e61dad873e3d49ae293b9cd3a2,"- Quyết đ ịnh s ố 202/2025/QĐ- UBND ngày 06/11//2025 của Ủy ban nhân dân thành phố. 17. 1.013466 Chấp thu ận vùng hoạt động tàu lặn 05 ngày làm việc 2,5 ngày làm việc - Trung tâm phục vụ hành chính công Không quy định - Bộ luật Hàng h ải Việt Nam năm 2015; - Nghị định s ố 58/2017/NĐ-CP"
2026-05-19,1846/QĐ-UBND,1.013467,Phê duyệt Phương án đưa tàu l ặn vào ho ạt động,XÂY DỰNG,modified,Sửa đổi/bổ sung,province,2026-05-19,not_in_current_master,https://cathai.haiphong.gov.vn/linh-vuc-xay-dung/quyet-dinh-so-1846-qd-ubnd-ngay-19-5-2026-cua-ubnd-thanh-pho-hai-phong-v-v-cong-bo-danh-muc-thu--905913,https://cdn.haiphong.gov.vn/gov-hpg/5889/tintuc/2026/5/1846.quyet-dinh-2026-cong-bo-dm-tthc-so-xay-dung-ttr-152-153-154639155106213893753.pdf,5fa4b2f7cc281221622189d5a7e20183d6f414e61dad873e3d49ae293b9cd3a2,"thuộc lĩnh vực hàng h ải và đư ờng thủy nội đ ịa thuộc thẩm quyền U ỷ ban nhân dân thành phố 18. 1.013467 Phê duyệt Phương án đưa tàu l ặn vào ho ạt động 03 ngày làm việc 1,5 ngày làm việc - Trung tâm phục vụ hành chính công thành phố. - Trung tâm Phục v ụ hành chính Không quy định - Bộ luật Hàng h ải Việt Nam năm 2015;"
2026-05-19,1846/QĐ-UBND,1.014632,"Thủ tục Đăng ký mua, thuê mua, thuê nhà ở xã hội, vay v ốn đ ể hộ gia đình, cá nhân t ự xây dựng ho ặc c ải t ạo, s ửa chữa nhà ở",XÂY DỰNG,modified,Sửa đổi/bổ sung,province,2026-05-19,current,https://cathai.haiphong.gov.vn/linh-vuc-xay-dung/quyet-dinh-so-1846-qd-ubnd-ngay-19-5-2026-cua-ubnd-thanh-pho-hai-phong-v-v-cong-bo-danh-muc-thu--905913,https://cdn.haiphong.gov.vn/gov-hpg/5889/tintuc/2026/5/1846.quyet-dinh-2026-cong-bo-dm-tthc-so-xay-dung-ttr-152-153-154639155106213893753.pdf,5fa4b2f7cc281221622189d5a7e20183d6f414e61dad873e3d49ae293b9cd3a2,"khi cắt giảm I LĨNH VỰC NHÀ Ở 1. 1.014632 Thủ tục Đăng ký mua, thuê mua, thuê nhà ở xã hội, vay v ốn đ ể hộ gia đình, cá nhân t ự xây dựng ho ặc c ải t ạo, s ửa chữa nhà ở: Không quá 07 ngày Không quá 3,5 ngày - Trung tâm ph ục vụ hành chính công thành phố. - Trung"
2026-05-19,1846/QĐ-UBND,2.000378,Cấp Giấy phép nhập khẩu tàu biển đã qua sử dụng để phá dỡ,XÂY DỰNG,modified,Sửa đổi/bổ sung,province,2026-05-19,not_in_current_master,https://cathai.haiphong.gov.vn/linh-vuc-xay-dung/quyet-dinh-so-1846-qd-ubnd-ngay-19-5-2026-cua-ubnd-thanh-pho-hai-phong-v-v-cong-bo-danh-muc-thu--905913,https://cdn.haiphong.gov.vn/gov-hpg/5889/tintuc/2026/5/1846.quyet-dinh-2026-cong-bo-dm-tthc-so-xay-dung-ttr-152-153-154639155106213893753.pdf,5fa4b2f7cc281221622189d5a7e20183d6f414e61dad873e3d49ae293b9cd3a2,"giao, tư pháp, ngân hàng 2 1.007949 Quyết định lại đưa cơ sở phá dỡ tàu biển vào hoạt động 3 1.000892 Phê duyệt phương án phá dỡ tàu biển 4 2.000378 Cấp Giấy phép nhập khẩu tàu biển đã qua sử dụng để phá dỡ 5 1.009445 Thỏa thuận nâng cấp bến thủy nội địa thành cảng thủy nội địa 6 2.001998 Cấp lại giấy chứng nhận cơ sở đủ điều kiện kinh doanh d ịch vụ đào tạo thuyền viên, người lái phương tiện thủy nội địa II LĨNH VỰC QUẢN LÝ CHẤT LƯỢNG CÔNG TRÌNH XÂY DỰNG 1 1.009788 Cho ý kiến về kết quả đánh gi"
2026-05-19,1846/QĐ-UBND,2.001802,"Chấp thuận khu v ực, địa đi ểm ti ếp n hận chất n ạo vét trên bờ, nhận chìm ở biển - 07 ngày làm vi ệc đối v ới việc ch ấp thuận khu vực, đ ịa điểm ti ếp nhận ch ất nạo vét trên b ờ, nhận chìm ở biển phù",XÂY DỰNG,modified,Sửa đổi/bổ sung,province,2026-05-19,not_in_current_master,https://cathai.haiphong.gov.vn/linh-vuc-xay-dung/quyet-dinh-so-1846-qd-ubnd-ngay-19-5-2026-cua-ubnd-thanh-pho-hai-phong-v-v-cong-bo-danh-muc-thu--905913,https://cdn.haiphong.gov.vn/gov-hpg/5889/tintuc/2026/5/1846.quyet-dinh-2026-cong-bo-dm-tthc-so-xay-dung-ttr-152-153-154639155106213893753.pdf,5fa4b2f7cc281221622189d5a7e20183d6f414e61dad873e3d49ae293b9cd3a2,"- Nghị quyết s ố 24/2026/NQ-CP ngày 29/4/2026 của Chính phủ. 14. 2.001802 Chấp thuận khu v ực, địa đi ểm ti ếp n hận chất n ạo vét trên bờ, nhận chìm ở biển - 07 ngày làm vi ệc đối v ới việc ch ấp thuận khu vực, đ ịa điểm ti ếp nhận ch ất nạo vét trên b ờ, nhận chìm ở biển phù hợp cho - 3,5 ngày"
2026-05-19,1846/QĐ-UBND,2.001998,"Cấp lại giấy chứng nhận cơ sở đủ điều kiện kinh doanh d ịch vụ đào tạo thuyền viên, người lái phương tiện thủy nội địa II LĨNH VỰC QUẢN LÝ CHẤT LƯỢNG CÔNG TRÌNH XÂY DỰNG",XÂY DỰNG,modified,Sửa đổi/bổ sung,province,2026-05-19,not_in_current_master,https://cathai.haiphong.gov.vn/linh-vuc-xay-dung/quyet-dinh-so-1846-qd-ubnd-ngay-19-5-2026-cua-ubnd-thanh-pho-hai-phong-v-v-cong-bo-danh-muc-thu--905913,https://cdn.haiphong.gov.vn/gov-hpg/5889/tintuc/2026/5/1846.quyet-dinh-2026-cong-bo-dm-tthc-so-xay-dung-ttr-152-153-154639155106213893753.pdf,5fa4b2f7cc281221622189d5a7e20183d6f414e61dad873e3d49ae293b9cd3a2,"3 1.000892 Phê duyệt phương án phá dỡ tàu biển 4 2.000378 Cấp Giấy phép nhập khẩu tàu biển đã qua sử dụng để phá dỡ 5 1.009445 Thỏa thuận nâng cấp bến thủy nội địa thành cảng thủy nội địa 6 2.001998 Cấp lại giấy chứng nhận cơ sở đủ điều kiện kinh doanh d ịch vụ đào tạo thuyền viên, người lái phương tiện thủy nội địa II LĨNH VỰC QUẢN LÝ CHẤT LƯỢNG CÔNG TRÌNH XÂY DỰNG 1 1.009788 Cho ý kiến về kết quả đánh giá an toàn công trình đ ối với công trình xây dựng nằm trên địa bàn thành phố - Nghị quyết s"
2026-05-19,1846/QĐ-UBND,2.002615,Cấp Gi ấy phép v ận chuyển hàng hoá nguy hi ểm b ằng phương tiện thuỷ nội địa,XÂY DỰNG,modified,Sửa đổi/bổ sung,province,2026-05-19,current,https://cathai.haiphong.gov.vn/linh-vuc-xay-dung/quyet-dinh-so-1846-qd-ubnd-ngay-19-5-2026-cua-ubnd-thanh-pho-hai-phong-v-v-cong-bo-danh-muc-thu--905913,https://cdn.haiphong.gov.vn/gov-hpg/5889/tintuc/2026/5/1846.quyet-dinh-2026-cong-bo-dm-tthc-so-xay-dung-ttr-152-153-154639155106213893753.pdf,5fa4b2f7cc281221622189d5a7e20183d6f414e61dad873e3d49ae293b9cd3a2,"đủ hồ sơ hợp lệ II LĨNH VỰC HÀNG HẢI VÀ ĐƯỜNG THỦY NỘI ĐỊA 11. 2.002615 Cấp Gi ấy phép v ận chuyển hàng hoá nguy hi ểm b ằng phương tiện thuỷ nội địa 05 ngày làm việc 2,5 ngày làm việc - Trung tâm phục vụ hành chính công thành phố. - Trung tâm Phục v ụ hành chính"
2026-05-19,1846/QĐ-UBND,2.002616,Điều ch ỉnh thông t in trên Gi ấy phép vận chuyển hàng hoá nguy hiểm khi có s ự thay đ ổi liên quan đến n ội dung c ủa Giấy phép,XÂY DỰNG,modified,Sửa đổi/bổ sung,province,2026-05-19,not_in_current_master,https://cathai.haiphong.gov.vn/linh-vuc-xay-dung/quyet-dinh-so-1846-qd-ubnd-ngay-19-5-2026-cua-ubnd-thanh-pho-hai-phong-v-v-cong-bo-danh-muc-thu--905913,https://cdn.haiphong.gov.vn/gov-hpg/5889/tintuc/2026/5/1846.quyet-dinh-2026-cong-bo-dm-tthc-so-xay-dung-ttr-152-153-154639155106213893753.pdf,5fa4b2f7cc281221622189d5a7e20183d6f414e61dad873e3d49ae293b9cd3a2,"- Nghị quyết s ố 24/2026/NQ-CP ngày 29/4/2026 của Chính phủ. 12. 2.002616 Điều ch ỉnh thông t in trên Gi ấy phép vận chuyển hàng hoá nguy hiểm khi có s ự thay đ ổi liên quan đến n ội dung c ủa Giấy phép 03 ngày làm việc 1,5 ngày làm việc - Trung tâm phục vụ hành chính công thành phố. - Trung tâm Phục v ụ hành chính"
2026-05-19,1846/QĐ-UBND,2.002617,"Cấp l ại Gi ấy phép vận chuyển hàng hóa nguy hiểm do bị mất, bị hỏng",XÂY DỰNG,reduced,Có bằng chứng trong phụ lục về nội dung sau cắt giảm,province,2026-05-19,current,https://cathai.haiphong.gov.vn/linh-vuc-xay-dung/quyet-dinh-so-1846-qd-ubnd-ngay-19-5-2026-cua-ubnd-thanh-pho-hai-phong-v-v-cong-bo-danh-muc-thu--905913,https://cdn.haiphong.gov.vn/gov-hpg/5889/tintuc/2026/5/1846.quyet-dinh-2026-cong-bo-dm-tthc-so-xay-dung-ttr-152-153-154639155106213893753.pdf,5fa4b2f7cc281221622189d5a7e20183d6f414e61dad873e3d49ae293b9cd3a2,"Sau cắt giảm công cấp xã. 13. 2.002617 Cấp l ại Gi ấy phép vận chuyển hàng hóa nguy hiểm do bị mất, bị hỏng 02 ngày làm việc 01 ngày làm việc - Trung tâm phục vụ hành chính công thành phố. - Trung tâm Phục v ụ hành chính công cấp xã Không"
2026-05-19,1846/QĐ-UBND,2.002624,Chấp thu ận đ ề xuất thực hi ện n ạo vét đường th ủy n ội đ ịa địa phương,XÂY DỰNG,modified,Sửa đổi/bổ sung,province,2026-05-19,current,https://cathai.haiphong.gov.vn/linh-vuc-xay-dung/quyet-dinh-so-1846-qd-ubnd-ngay-19-5-2026-cua-ubnd-thanh-pho-hai-phong-v-v-cong-bo-danh-muc-thu--905913,https://cdn.haiphong.gov.vn/gov-hpg/5889/tintuc/2026/5/1846.quyet-dinh-2026-cong-bo-dm-tthc-so-xay-dung-ttr-152-153-154639155106213893753.pdf,5fa4b2f7cc281221622189d5a7e20183d6f414e61dad873e3d49ae293b9cd3a2,"ngày 13/01/2026 của Chính phủ; - Nghị quyết s ố 24/2026/NQ-CP ngày 29/4/2026 của Chính phủ. 16. 2.002624 Chấp thu ận đ ề xuất thực hi ện n ạo vét đường th ủy n ội đ ịa địa phương 05 ngày làm việc 2,5 ngày làm việc - Trung tâm phục vụ hành chính công thành phố. - Trung tâm Phục v ụ hành chính công cấp xã. Không quy định"
2026-05-19,1846/QĐ-UBND,2.002625,"Công bố khu vực, địa điểm ti ếp nh ận ch ất nạo vét trên bờ",XÂY DỰNG,modified,Sửa đổi/bổ sung,province,2026-05-19,not_in_current_master,https://cathai.haiphong.gov.vn/linh-vuc-xay-dung/quyet-dinh-so-1846-qd-ubnd-ngay-19-5-2026-cua-ubnd-thanh-pho-hai-phong-v-v-cong-bo-danh-muc-thu--905913,https://cdn.haiphong.gov.vn/gov-hpg/5889/tintuc/2026/5/1846.quyet-dinh-2026-cong-bo-dm-tthc-so-xay-dung-ttr-152-153-154639155106213893753.pdf,5fa4b2f7cc281221622189d5a7e20183d6f414e61dad873e3d49ae293b9cd3a2,"công trình nạo vét khẩn cấp 15. 2.002625 Công bố khu vực, địa điểm ti ếp nh ận ch ất nạo vét trên bờ 07 ngày làm việc 3,5 ngày làm việc - Trung tâm phục vụ hành chính công thành phố. - Trung tâm Phục v ụ Không quy định - Bộ luật Hàng h ải Việt Nam năm 2015; - Luật Giao thông đư ờng th ủy n ội"
2026-05-19,1847/QĐ-UBND,1.001088,000.00.00.H24 Xin h ọc l ại t ại trư ờng khác đ ối v ới h ọc sinh trung học II. DANH MỤC THỦ TỤC HÀNH CHÍNH CẤP XÃ STT Mã thủ tục hành chính Tên thủ tục hành chính Tên văn bản QPPL quy định bãi bỏ thủ tục hành chính I LĨNH VỰC GIÁO DỤC TRUNG HỌC,GIÁO DỤC VÀ ĐÀO TẠO,repealed,Bãi bỏ,province,2026-05-19,repealed,https://giavien.haiphong.gov.vn/so-giao-duc-va-dao-tao-92279/qd-1877-ve-viec-cong-bo-danh-muc-thu-tuc-hanh-chinh-moi-ban-hanh-bi-bai-bo-thuoc-pham-vi-chuc-na-906998,https://cdn.haiphong.gov.vn/gov-hpg/6798/tintuc/2026/5/qd-1847639156687053039888.pdf,4e6a599d3ceb62843f6a5b5b5d3a14ebe6210084536db1667c2030b463897333,3 2.002480.000.00.00.H24 Tiếp nh ận h ọc sinh trung h ọc ph ổ thông người nước ngoài 4 1.001088.000.00.00.H24 Xin h ọc l ại t ại trư ờng khác đ ối v ới h ọc sinh trung học II. DANH MỤC THỦ TỤC HÀNH CHÍNH CẤP XÃ STT Mã thủ tục hành chính Tên thủ tục hành chính Tên văn bản QPPL quy định bãi bỏ thủ tục hành chính I LĨNH VỰC GIÁO DỤC TRUNG HỌC 1 2.002481.000.00.00.H24 Chuyển trư ờng đ ối v ới học sinh trung học cơ sở. Thông tư s ố 15/2026/TT-BGDĐT ngày 24 tháng 3 năm
2026-05-19,1847/QĐ-UBND,1.005099,000.00.00.H24 Chuyển trư ờng đ ối v ới học sinh tiểu học,GIÁO DỤC VÀ ĐÀO TẠO,repealed,Bãi bỏ,commune,2026-05-19,repealed,https://giavien.haiphong.gov.vn/so-giao-duc-va-dao-tao-92279/qd-1877-ve-viec-cong-bo-danh-muc-thu-tuc-hanh-chinh-moi-ban-hanh-bi-bai-bo-thuoc-pham-vi-chuc-na-906998,https://cdn.haiphong.gov.vn/gov-hpg/6798/tintuc/2026/5/qd-1847639156687053039888.pdf,4e6a599d3ceb62843f6a5b5b5d3a14ebe6210084536db1667c2030b463897333,học cơ s ở Việt Nam v ề nước II LĨNH VỰC GIÁO DỤC TIỂU HỌC 4 1.005099.000.00.00.H24 Chuyển trư ờng đ ối v ới học sinh tiểu học
2026-05-19,1847/QĐ-UBND,2.002478,000.00.00.H24 Chuyển trư ờng đ ối v ới học sinh trung h ọc phổ thông. Thông tư s ố 15/2026/TT-BGDĐT ngày 24 tháng 3 năm 2026 của Bộ trưởng Bộ Giáo dục và Đào tạo,GIÁO DỤC VÀ ĐÀO TẠO,repealed,Bãi bỏ,province,2026-05-19,repealed,https://giavien.haiphong.gov.vn/so-giao-duc-va-dao-tao-92279/qd-1877-ve-viec-cong-bo-danh-muc-thu-tuc-hanh-chinh-moi-ban-hanh-bi-bai-bo-thuoc-pham-vi-chuc-na-906998,https://cdn.haiphong.gov.vn/gov-hpg/6798/tintuc/2026/5/qd-1847639156687053039888.pdf,4e6a599d3ceb62843f6a5b5b5d3a14ebe6210084536db1667c2030b463897333,quy định bãi bỏ thủ tục hành chính I GIÁO DỤC TRUNG HỌC 1 2.002478.000.00.00.H24 Chuyển trư ờng đ ối v ới học sinh trung h ọc phổ thông. Thông tư s ố 15/2026/TT-BGDĐT ngày 24 tháng 3 năm 2026 của Bộ trưởng Bộ Giáo dục và Đào tạo 2 2.002479.000.00.00.H24 Tiếp nh ận h ọc sinh trung h ọc ph ổ thông Việt Nam về nước 3 2.002480.000.00.00.H24 Tiếp nh ận h ọc sinh trung h ọc ph ổ thông người nước ngoài 4 1.001088.000.00.00.H24
2026-05-19,1847/QĐ-UBND,2.002479,000.00.00.H24 Tiếp nh ận h ọc sinh trung h ọc ph ổ thông Việt Nam về nước,GIÁO DỤC VÀ ĐÀO TẠO,repealed,Bãi bỏ,province,2026-05-19,repealed,https://giavien.haiphong.gov.vn/so-giao-duc-va-dao-tao-92279/qd-1877-ve-viec-cong-bo-danh-muc-thu-tuc-hanh-chinh-moi-ban-hanh-bi-bai-bo-thuoc-pham-vi-chuc-na-906998,https://cdn.haiphong.gov.vn/gov-hpg/6798/tintuc/2026/5/qd-1847639156687053039888.pdf,4e6a599d3ceb62843f6a5b5b5d3a14ebe6210084536db1667c2030b463897333,ngày 24 tháng 3 năm 2026 của Bộ trưởng Bộ Giáo dục và Đào tạo 2 2.002479.000.00.00.H24 Tiếp nh ận h ọc sinh trung h ọc ph ổ thông Việt Nam về nước 3 2.002480.000.00.00.H24 Tiếp nh ận h ọc sinh trung h ọc ph ổ thông người nước ngoài 4 1.001088.000.00.00.H24 Xin h ọc l ại t ại trư ờng khác đ ối v ới h ọc sinh trung học II. DANH MỤC THỦ TỤC HÀNH CHÍNH CẤP XÃ STT Mã thủ tục hành chính Tên thủ tục hành chính Tên văn bản QPPL quy định bãi bỏ thủ tục hành chính
2026-05-19,1847/QĐ-UBND,2.002480,000.00.00.H24 Tiếp nh ận h ọc sinh trung h ọc ph ổ thông người nước ngoài,GIÁO DỤC VÀ ĐÀO TẠO,repealed,Bãi bỏ,province,2026-05-19,repealed,https://giavien.haiphong.gov.vn/so-giao-duc-va-dao-tao-92279/qd-1877-ve-viec-cong-bo-danh-muc-thu-tuc-hanh-chinh-moi-ban-hanh-bi-bai-bo-thuoc-pham-vi-chuc-na-906998,https://cdn.haiphong.gov.vn/gov-hpg/6798/tintuc/2026/5/qd-1847639156687053039888.pdf,4e6a599d3ceb62843f6a5b5b5d3a14ebe6210084536db1667c2030b463897333,Tiếp nh ận h ọc sinh trung h ọc ph ổ thông Việt Nam về nước 3 2.002480.000.00.00.H24 Tiếp nh ận h ọc sinh trung h ọc ph ổ thông người nước ngoài 4 1.001088.000.00.00.H24 Xin h ọc l ại t ại trư ờng khác đ ối v ới h ọc sinh trung học II. DANH MỤC THỦ TỤC HÀNH CHÍNH CẤP XÃ STT Mã thủ tục hành chính Tên thủ tục hành chính Tên văn bản QPPL quy định bãi bỏ thủ tục hành chính I LĨNH VỰC GIÁO DỤC TRUNG HỌC 1 2.002481.000.00.00.H24 Chuyển trư ờng đ ối v ới học sinh trung học cơ sở.
2026-05-19,1847/QĐ-UBND,2.002481,000.00.00.H24 Chuyển trư ờng đ ối v ới học sinh trung học cơ sở. Thông tư s ố 15/2026/TT-BGDĐT ngày 24 tháng 3 năm 2026 của Bộ trưởng Bộ Giáo dục và Đào tạo,GIÁO DỤC VÀ ĐÀO TẠO,repealed,Bãi bỏ,commune,2026-05-19,repealed,https://giavien.haiphong.gov.vn/so-giao-duc-va-dao-tao-92279/qd-1877-ve-viec-cong-bo-danh-muc-thu-tuc-hanh-chinh-moi-ban-hanh-bi-bai-bo-thuoc-pham-vi-chuc-na-906998,https://cdn.haiphong.gov.vn/gov-hpg/6798/tintuc/2026/5/qd-1847639156687053039888.pdf,4e6a599d3ceb62843f6a5b5b5d3a14ebe6210084536db1667c2030b463897333,quy định bãi bỏ thủ tục hành chính I LĨNH VỰC GIÁO DỤC TRUNG HỌC 1 2.002481.000.00.00.H24 Chuyển trư ờng đ ối v ới học sinh trung học cơ sở. Thông tư s ố 15/2026/TT-BGDĐT ngày 24 tháng 3 năm 2026 của Bộ trưởng Bộ Giáo dục và Đào tạo 2 2.002483.000.00.00.H24 Tiếp nhận học sinh trung học cơ s ở người nư ớc ngoài 3 2.002482.000.00.00.H24 Tiếp nhận học sinh trung học cơ s ở Việt Nam v ề
2026-05-19,1847/QĐ-UBND,2.002482,000.00.00.H24 Tiếp nhận học sinh trung học cơ s ở Việt Nam v ề nước II LĨNH VỰC GIÁO DỤC TIỂU HỌC,GIÁO DỤC VÀ ĐÀO TẠO,repealed,Bãi bỏ,commune,2026-05-19,repealed,https://giavien.haiphong.gov.vn/so-giao-duc-va-dao-tao-92279/qd-1877-ve-viec-cong-bo-danh-muc-thu-tuc-hanh-chinh-moi-ban-hanh-bi-bai-bo-thuoc-pham-vi-chuc-na-906998,https://cdn.haiphong.gov.vn/gov-hpg/6798/tintuc/2026/5/qd-1847639156687053039888.pdf,4e6a599d3ceb62843f6a5b5b5d3a14ebe6210084536db1667c2030b463897333,Tiếp nhận học sinh trung học cơ s ở người nư ớc ngoài 3 2.002482.000.00.00.H24 Tiếp nhận học sinh trung học cơ s ở Việt Nam v ề nước II LĨNH VỰC GIÁO DỤC TIỂU HỌC 4 1.005099.000.00.00.H24 Chuyển trư ờng đ ối v ới học sinh tiểu học
2026-05-19,1847/QĐ-UBND,2.002483,000.00.00.H24 Tiếp nhận học sinh trung học cơ s ở người nư ớc ngoài,GIÁO DỤC VÀ ĐÀO TẠO,repealed,Bãi bỏ,commune,2026-05-19,repealed,https://giavien.haiphong.gov.vn/so-giao-duc-va-dao-tao-92279/qd-1877-ve-viec-cong-bo-danh-muc-thu-tuc-hanh-chinh-moi-ban-hanh-bi-bai-bo-thuoc-pham-vi-chuc-na-906998,https://cdn.haiphong.gov.vn/gov-hpg/6798/tintuc/2026/5/qd-1847639156687053039888.pdf,4e6a599d3ceb62843f6a5b5b5d3a14ebe6210084536db1667c2030b463897333,ngày 24 tháng 3 năm 2026 của Bộ trưởng Bộ Giáo dục và Đào tạo 2 2.002483.000.00.00.H24 Tiếp nhận học sinh trung học cơ s ở người nư ớc ngoài 3 2.002482.000.00.00.H24 Tiếp nhận học sinh trung học cơ s ở Việt Nam v ề nước II LĨNH VỰC GIÁO DỤC TIỂU HỌC 4 1.005099.000.00.00.H24 Chuyển trư ờng đ ối v ới học sinh tiểu học
2026-05-19,1847/QĐ-UBND,2.002854,Chuyển trường và tiếp nhận học sinh,GIÁO DỤC VÀ ĐÀO TẠO,published,Công bố/chuẩn hóa,shared_including_commune,2026-05-19,current,https://giavien.haiphong.gov.vn/so-giao-duc-va-dao-tao-92279/qd-1877-ve-viec-cong-bo-danh-muc-thu-tuc-hanh-chinh-moi-ban-hanh-bi-bai-bo-thuoc-pham-vi-chuc-na-906998,https://cdn.haiphong.gov.vn/gov-hpg/6798/tintuc/2026/5/qd-1847639156687053039888.pdf,4e6a599d3ceb62843f6a5b5b5d3a14ebe6210084536db1667c2030b463897333,"(nếu có) Căn cứ pháp lý Theo quy định Sau cắt giảm I LĨNH VỰC GIÁO DỤC VÀ ĐÀO TẠO THUỘC HỆ THỐNG QUỐC DÂN 1. 2.002854 Chuyển trường và tiếp nh ận học sinh - Chuyển trư ờng trong cùng t ỉnh, thành ph ố: 05 ngày làm việc. - Chuyển trư ờng từ tỉnh, thành phố khác: 08 ngày làm việc. - Chuyển trư ờng trong cùng t ỉnh, thành ph ố: 03 ngày làm việc. - Chuyển trư ờng"
2026-05-19,1847/QĐ-UBND,2.002855,Tiếp nhận học sinh Việt Nam từ nước ngoài về nước,GIÁO DỤC VÀ ĐÀO TẠO,published,Công bố/chuẩn hóa,shared_including_commune,2026-05-19,current,https://giavien.haiphong.gov.vn/so-giao-duc-va-dao-tao-92279/qd-1877-ve-viec-cong-bo-danh-muc-thu-tuc-hanh-chinh-moi-ban-hanh-bi-bai-bo-thuoc-pham-vi-chuc-na-906998,https://cdn.haiphong.gov.vn/gov-hpg/6798/tintuc/2026/5/qd-1847639156687053039888.pdf,4e6a599d3ceb62843f6a5b5b5d3a14ebe6210084536db1667c2030b463897333,trung học phổ thông và trường phổ thông có nhiều cấp học 4. 2.002855 Tiếp nh ận học sinh Việt Nam từ nước 08 ngày làm việc 05 ngày làm việc - Trung tâm Phục v ụ hành Không quy định Thông tư số 15/2026/TT-BGDĐT ngày 24 tháng 3 năm 2026 của Bộ trưởng B ộ Giáo d ục và Đào t ạo
2026-05-19,1847/QĐ-UBND,2.002856,Tiếp nhận học sinh người nước ngoài,GIÁO DỤC VÀ ĐÀO TẠO,published,Công bố/chuẩn hóa,shared_including_commune,2026-05-19,current,https://giavien.haiphong.gov.vn/so-giao-duc-va-dao-tao-92279/qd-1877-ve-viec-cong-bo-danh-muc-thu-tuc-hanh-chinh-moi-ban-hanh-bi-bai-bo-thuoc-pham-vi-chuc-na-906998,https://cdn.haiphong.gov.vn/gov-hpg/6798/tintuc/2026/5/qd-1847639156687053039888.pdf,4e6a599d3ceb62843f6a5b5b5d3a14ebe6210084536db1667c2030b463897333,"trung học phổ thông và trường phổ thông có nhiều cấp học. 3. 2.002856 Tiếp nh ận học sinh người nước ngoài 08 ngày làm việc 05 ngày làm việc - Trung tâm Phục v ụ hành chính công thành phố. - Trung tâm Phục v ụ hành chính công các xã, phư ờng, đặc khu. Không quy định Thông tư số 15/2026/TT-BGDĐT"
2026-05-19,1847/QĐ-UBND,2.002857,Tiếp nhận học sinh xin học lại,GIÁO DỤC VÀ ĐÀO TẠO,published,Công bố/chuẩn hóa,shared_including_commune,2026-05-19,current,https://giavien.haiphong.gov.vn/so-giao-duc-va-dao-tao-92279/qd-1877-ve-viec-cong-bo-danh-muc-thu-tuc-hanh-chinh-moi-ban-hanh-bi-bai-bo-thuoc-pham-vi-chuc-na-906998,https://cdn.haiphong.gov.vn/gov-hpg/6798/tintuc/2026/5/qd-1847639156687053039888.pdf,4e6a599d3ceb62843f6a5b5b5d3a14ebe6210084536db1667c2030b463897333,"trung học phổ thông và trường phổ thông có nhiều cấp học. 2. 2.002857 Tiếp nh ận học sinh xin học lại - Trong thời gian không quá 05 ngày làm việc kể từ ngày tiếp nhận hồ sơ, hiệu trưởng nhà trư ờng có ý kiến đ ồng ý v ề - Trong thời gian không quá 0 3 ngày làm việc kể từ ngày tiếp nhận hồ sơ, hiệu trưởng nhà trư ờng có ý kiến đ ồng ý v ề - Trung tâm"
2026-05-20,1857/QĐ-UBND,1.003870,"Cấp gia hạn, điều chỉnh nội dung giấy phép cho các hoạt động trong ph ạm vi bảo vệ công trình thủy",NÔNG NGHIỆP VÀ MÔI TRƯỜNG,modified,Sửa đổi/bổ sung,province,2026-05-20,not_in_current_master,https://cathai.haiphong.gov.vn/linh-vuc-moi-truong/quyet-dinh-so-1857-qd-ubnd-ngay-20-5-2026-cua-ubnd-thanh-pho-hai-phong-v-v-cong-bo-danh-muc-thu--908004,https://cdn.haiphong.gov.vn/gov-hpg/5889/tintuc/2026/6/quyet-dinh-so-1857-2026-cong-bo-dmtthc-so-nn-va-mt-linh-vuc-ts-tl-ttr368-qd-bnnmt-1750-1763-..signed639159290848491178.pdf,af4f2083cca7e476e98cd977379acc57c49ca6e784f5bb98c28fd6244fb96a2f,"- Nghị quyết s ố 17/2026/NQ-CP ngày 29/4/2026. 5 1.003870 Cấp gia hạn, điều chỉnh nội dung giấy phép cho các hoạt động trong ph ạm vi bảo vệ công trình thủy 06 ngày làm việc, k ể từ ngày nhận đ ủ hồ sơ theo quy định 4,5 ngày làm việc, kể từ ngày nhận đủ hồ sơ theo quy định - Trung tâm Phục v ụ hành chính công thành"
2026-05-20,1857/QĐ-UBND,1.003880,"Cấp gia h ạn, đi ều chỉnh n ội dung gi ấy phép cho các ho ạt động trong ph ạm vi bảo vệ công trình thủy lợi đối với hoạt động: du l ịch, th ể thao, nghiên cứu khoa h ọc, kinh doanh, d ịch v ụ thuộc thẩm quyền cấp phép c ủa Ch ủ tịch",NÔNG NGHIỆP VÀ MÔI TRƯỜNG,modified,Sửa đổi/bổ sung,province,2026-05-20,not_in_current_master,https://cathai.haiphong.gov.vn/linh-vuc-moi-truong/quyet-dinh-so-1857-qd-ubnd-ngay-20-5-2026-cua-ubnd-thanh-pho-hai-phong-v-v-cong-bo-danh-muc-thu--908004,https://cdn.haiphong.gov.vn/gov-hpg/5889/tintuc/2026/6/quyet-dinh-so-1857-2026-cong-bo-dmtthc-so-nn-va-mt-linh-vuc-ts-tl-ttr368-qd-bnnmt-1750-1763-..signed639159290848491178.pdf,af4f2083cca7e476e98cd977379acc57c49ca6e784f5bb98c28fd6244fb96a2f,"- Nghị quyết s ố 17/2026/NQ-CP ngày 29/4/2026. 9 1.003880 Cấp gia h ạn, đi ều chỉnh n ội dung gi ấy phép cho các ho ạt động trong ph ạm vi bảo vệ công trình thủy lợi đối với hoạt động: du l ịch, th ể thao, nghiên cứu khoa h ọc, kinh doanh, d ịch v ụ thuộc thẩm quyền cấp phép c ủa Ch ủ tịch UBND cấp tỉnh 06 ngày làm việc, k ể từ ngày nhận đ ủ hồ sơ theo quy định 4,5 ngày làm"
2026-05-20,1857/QĐ-UBND,1.004385,Cấp giấy phép cho các hoạt đ ộng tr ồng cây lâu năm trong phạm vi bảo vệ công trình thủy lợi thu ộc th ẩm quy ền cấp phép của Chủ tịch UBND cấp tỉnh,NÔNG NGHIỆP VÀ MÔI TRƯỜNG,modified,Sửa đổi/bổ sung,province,2026-05-20,current,https://cathai.haiphong.gov.vn/linh-vuc-moi-truong/quyet-dinh-so-1857-qd-ubnd-ngay-20-5-2026-cua-ubnd-thanh-pho-hai-phong-v-v-cong-bo-danh-muc-thu--908004,https://cdn.haiphong.gov.vn/gov-hpg/5889/tintuc/2026/6/quyet-dinh-so-1857-2026-cong-bo-dmtthc-so-nn-va-mt-linh-vuc-ts-tl-ttr368-qd-bnnmt-1750-1763-..signed639159290848491178.pdf,af4f2083cca7e476e98cd977379acc57c49ca6e784f5bb98c28fd6244fb96a2f,"- Nghị quyết s ố 17/2026/NQ-CP ngày 29/4/2026. 7 1.004385 Cấp giấy phép cho các hoạt đ ộng tr ồng cây lâu năm trong phạm vi bảo vệ công trình thủy lợi thu ộc th ẩm quy ền cấp phép của Chủ tịch UBND cấp tỉnh 06 ngày làm việc, k ể từ ngày nhận đ ủ hồ sơ theo quy định 4,5 ngày làm việc, kể từ ngày nhận đủ hồ sơ theo quy định - Trung tâm Phục v ụ"
2026-05-20,1857/QĐ-UBND,1.004427,Cấp giấy phép cho các hoạt động trong phạm vi b ảo v ệ công trình,NÔNG NGHIỆP VÀ MÔI TRƯỜNG,reduced,Có bằng chứng trong phụ lục về nội dung sau cắt giảm,province,2026-05-20,not_in_current_master,https://cathai.haiphong.gov.vn/linh-vuc-moi-truong/quyet-dinh-so-1857-qd-ubnd-ngay-20-5-2026-cua-ubnd-thanh-pho-hai-phong-v-v-cong-bo-danh-muc-thu--908004,https://cdn.haiphong.gov.vn/gov-hpg/5889/tintuc/2026/6/quyet-dinh-so-1857-2026-cong-bo-dmtthc-so-nn-va-mt-linh-vuc-ts-tl-ttr368-qd-bnnmt-1750-1763-..signed639159290848491178.pdf,af4f2083cca7e476e98cd977379acc57c49ca6e784f5bb98c28fd6244fb96a2f,"thực hiện Phí, lệ phí Căn cứ pháp lý Theo quy định Sau cắt giảm I LĨNH VỰC THỦY LỢI 1 1.004427 Cấp giấy phép cho các hoạt động trong phạm vi b ảo v ệ công trình 13 ngày làm việc, k ể từ ngày nhận đ ủ 12 ngày làm việc, kể từ ngày - Trung tâm Phục v ụ hành chính Không quy định - Luật Th ủy l ợi s ố 08/2017/QH14 ngày 19/6/2017."
2026-05-20,1857/QĐ-UBND,1.014834,"Cấp, cấp lại Giấy xác nhận nuôi tr ồng th ủy sản lồng bè, đối tượng thủy sản nuôi chủ lực (hoạt động trên nội địa thuộc phạm vi quản lý từ 02 t ỉnh, thành ph ố trở lên và cơ s ở nuôi trồng thủy sản lồng bè thuộc thẩm quyền giao",NÔNG NGHIỆP VÀ MÔI TRƯỜNG,reduced,Có bằng chứng trong phụ lục về nội dung sau cắt giảm,province,2026-05-20,not_in_current_master,https://cathai.haiphong.gov.vn/linh-vuc-moi-truong/quyet-dinh-so-1857-qd-ubnd-ngay-20-5-2026-cua-ubnd-thanh-pho-hai-phong-v-v-cong-bo-danh-muc-thu--908004,https://cdn.haiphong.gov.vn/gov-hpg/5889/tintuc/2026/6/quyet-dinh-so-1857-2026-cong-bo-dmtthc-so-nn-va-mt-linh-vuc-ts-tl-ttr368-qd-bnnmt-1750-1763-..signed639159290848491178.pdf,af4f2083cca7e476e98cd977379acc57c49ca6e784f5bb98c28fd6244fb96a2f,"định Sau cắt giảm I LĨNH VỰC THỦY SẢN 1 1.014834 Cấp, cấp lại Giấy xác nhận nuôi tr ồng th ủy sản lồng bè, đối tượng thủy sản nuôi chủ lực (hoạt động trên nội địa thuộc phạm vi quản lý từ 02 t ỉnh, thành ph ố trở lên và cơ s ở nuôi trồng thủy sản lồng bè thuộc thẩm quyền giao khu v ực bi ển c ủa B ộ trưởng B ộ Nông nghiệp và Môi trường) - Trường hợp cấp Gi ấy xác nhận: 08 ngày làm việc. - Trường hợp"
2026-05-20,1857/QĐ-UBND,1.014849,"Cấp giấy phép cho các hoạt động trong phạm vi b ảo v ệ công trình thủy l ợi: Xây d ựng công trình m ới; L ập bến, bãi t ập k ết nguyên li ệu, nhiên liệu, v ật tư, phương tiện; Xây d ựng công trình ng ầm do Ch ủ tịch UBND c ấp t ỉnh",NÔNG NGHIỆP VÀ MÔI TRƯỜNG,reduced,Có bằng chứng trong phụ lục về nội dung sau cắt giảm,commune,2026-05-20,current,https://cathai.haiphong.gov.vn/linh-vuc-moi-truong/quyet-dinh-so-1857-qd-ubnd-ngay-20-5-2026-cua-ubnd-thanh-pho-hai-phong-v-v-cong-bo-danh-muc-thu--908004,https://cdn.haiphong.gov.vn/gov-hpg/5889/tintuc/2026/6/quyet-dinh-so-1857-2026-cong-bo-dmtthc-so-nn-va-mt-linh-vuc-ts-tl-ttr368-qd-bnnmt-1750-1763-..signed639159290848491178.pdf,af4f2083cca7e476e98cd977379acc57c49ca6e784f5bb98c28fd6244fb96a2f,"thực hiện Phí, lệ phí Căn cứ pháp lý Theo quy định Sau cắt giảm I LĨNH VỰC THỦY LỢI 1 1.014849 Cấp giấy phép cho các hoạt động trong phạm vi b ảo v ệ công trình thủy l ợi: Xây d ựng công trình m ới; L ập bến, bãi t ập k ết nguyên li ệu, nhiên liệu, v ật tư, phương tiện; Xây d ựng công trình ng ầm do Ch ủ tịch UBND c ấp t ỉnh phân cấp cho Chủ tịch UBND cấp xã 11 ngày làm việc, k ể từ ngày nhận đ ủ hồ sơ theo quy định"
2026-05-20,1857/QĐ-UBND,1.014850,"Cấp giấy phép cho các hoạt động trong phạm vi b ảo v ệ công trình thủy l ợi đ ối v ới ho ạt động du lịch, thể thao,",NÔNG NGHIỆP VÀ MÔI TRƯỜNG,modified,Sửa đổi/bổ sung,commune,2026-05-20,current,https://cathai.haiphong.gov.vn/linh-vuc-moi-truong/quyet-dinh-so-1857-qd-ubnd-ngay-20-5-2026-cua-ubnd-thanh-pho-hai-phong-v-v-cong-bo-danh-muc-thu--908004,https://cdn.haiphong.gov.vn/gov-hpg/5889/tintuc/2026/6/quyet-dinh-so-1857-2026-cong-bo-dmtthc-so-nn-va-mt-linh-vuc-ts-tl-ttr368-qd-bnnmt-1750-1763-..signed639159290848491178.pdf,af4f2083cca7e476e98cd977379acc57c49ca6e784f5bb98c28fd6244fb96a2f,"- Nghị quyết s ố 17/2026/NQ-CP ngày 29/4/2026. 2 1.014850 Cấp giấy phép cho các hoạt động trong phạm vi b ảo v ệ công trình thủy l ợi đ ối v ới ho ạt động du lịch, thể thao, 06 ngày làm việc, k ể từ ngày nhận đ ủ hồ sơ theo quy định Không th ực hiện cắt giảm - Trung tâm Phục v ụ hành chính công thành phố Không quy"
2026-05-20,1857/QĐ-UBND,1.014851,"Cấp gia h ạn, đi ều chỉnh n ội dung gi ấy phép cho các ho ạt động trong ph ạm vi bảo vệ công trình thủy lợi: Xây d ựng công trình m ới; L ập b ến, bãi t ập k ết nguyên liệu, nhiên li ệu, v ật liệu, v ật tư, phương tiện; Xây d ựng công",NÔNG NGHIỆP VÀ MÔI TRƯỜNG,modified,Sửa đổi/bổ sung,commune,2026-05-20,current,https://cathai.haiphong.gov.vn/linh-vuc-moi-truong/quyet-dinh-so-1857-qd-ubnd-ngay-20-5-2026-cua-ubnd-thanh-pho-hai-phong-v-v-cong-bo-danh-muc-thu--908004,https://cdn.haiphong.gov.vn/gov-hpg/5889/tintuc/2026/6/quyet-dinh-so-1857-2026-cong-bo-dmtthc-so-nn-va-mt-linh-vuc-ts-tl-ttr368-qd-bnnmt-1750-1763-..signed639159290848491178.pdf,af4f2083cca7e476e98cd977379acc57c49ca6e784f5bb98c28fd6244fb96a2f,"- Nghị quyết s ố 17/2026/NQ-CP ngày 29/4/2026. 3 1.014851 Cấp gia h ạn, đi ều chỉnh n ội dung gi ấy phép cho các ho ạt động trong ph ạm vi bảo vệ công trình thủy lợi: Xây d ựng công trình m ới; L ập b ến, bãi t ập k ết nguyên liệu, nhiên li ệu, v ật liệu, v ật tư, phương tiện; Xây d ựng công trình ng ầm do Chủ tịch UBND c ấp t ỉnh 06 ngày làm việc, k ể từ ngày nhận đ ủ hồ sơ theo quy định"
2026-05-20,1857/QĐ-UBND,1.014852,Cấp giấy phép nổ mìn và các ho ạt đ ộng gây nổ khác trong phạm vi bảo vệ công trình thủy lợi do Chủ tịch UBND cấp tỉnh phân cấp cho Chủ tịch UBND c ấp xã,NÔNG NGHIỆP VÀ MÔI TRƯỜNG,modified,Sửa đổi/bổ sung,commune,2026-05-20,current,https://cathai.haiphong.gov.vn/linh-vuc-moi-truong/quyet-dinh-so-1857-qd-ubnd-ngay-20-5-2026-cua-ubnd-thanh-pho-hai-phong-v-v-cong-bo-danh-muc-thu--908004,https://cdn.haiphong.gov.vn/gov-hpg/5889/tintuc/2026/6/quyet-dinh-so-1857-2026-cong-bo-dmtthc-so-nn-va-mt-linh-vuc-ts-tl-ttr368-qd-bnnmt-1750-1763-..signed639159290848491178.pdf,af4f2083cca7e476e98cd977379acc57c49ca6e784f5bb98c28fd6244fb96a2f,"- Nghị quyết s ố 17/2026/NQ-CP ngày 29/4/2026. 4 1.014852 Cấp giấy phép nổ mìn và các ho ạt đ ộng gây nổ khác trong phạm vi bảo vệ công trình thủy lợi do Chủ tịch UBND cấp tỉnh phân cấp cho Chủ tịch UBND c ấp xã 06 ngày làm việc, k ể từ ngày nhận đ ủ hồ sơ theo quy định Không th ực hiện cắt giảm - Trung tâm Phục v ụ hành chính"
2026-05-20,1857/QĐ-UBND,1.014853,"Cấp gia hạn, điều chỉnh nội dung giấy phép cho các hoạt động trong ph ạm vi bảo vệ công trình thủy",NÔNG NGHIỆP VÀ MÔI TRƯỜNG,modified,Sửa đổi/bổ sung,commune,2026-05-20,current,https://cathai.haiphong.gov.vn/linh-vuc-moi-truong/quyet-dinh-so-1857-qd-ubnd-ngay-20-5-2026-cua-ubnd-thanh-pho-hai-phong-v-v-cong-bo-danh-muc-thu--908004,https://cdn.haiphong.gov.vn/gov-hpg/5889/tintuc/2026/6/quyet-dinh-so-1857-2026-cong-bo-dmtthc-so-nn-va-mt-linh-vuc-ts-tl-ttr368-qd-bnnmt-1750-1763-..signed639159290848491178.pdf,af4f2083cca7e476e98cd977379acc57c49ca6e784f5bb98c28fd6244fb96a2f,"- Nghị quyết s ố 17/2026/NQ-CP ngày 29/4/2026. 5 1.014853 Cấp gia hạn, điều chỉnh nội dung giấy phép cho các hoạt động trong ph ạm vi bảo vệ công trình thủy 04 ngày làm việc, k ể từ ngày nhận đ ủ hồ sơ theo quy định Không th ực hiện cắt giảm - Trung tâm Phục v ụ hành chính công thành phố Không quy"
2026-05-20,1857/QĐ-UBND,1.014859,"Cấp gi ấy phép ho ạt động của phương ti ện thủy n ội đ ịa, phương tiện cơ giới, trừ xe mô tô, xe g ắn máy, phương ti ện th ủy n ội địa thô sơ trong ph ạm vi b ảo v ệ công trình thủy l ợi do Ch ủ tịch UBND c ấp t ỉnh phân cấp cho Ch ủ tịch",NÔNG NGHIỆP VÀ MÔI TRƯỜNG,modified,Sửa đổi/bổ sung,commune,2026-05-20,current,https://cathai.haiphong.gov.vn/linh-vuc-moi-truong/quyet-dinh-so-1857-qd-ubnd-ngay-20-5-2026-cua-ubnd-thanh-pho-hai-phong-v-v-cong-bo-danh-muc-thu--908004,https://cdn.haiphong.gov.vn/gov-hpg/5889/tintuc/2026/6/quyet-dinh-so-1857-2026-cong-bo-dmtthc-so-nn-va-mt-linh-vuc-ts-tl-ttr368-qd-bnnmt-1750-1763-..signed639159290848491178.pdf,af4f2083cca7e476e98cd977379acc57c49ca6e784f5bb98c28fd6244fb96a2f,"- Nghị quyết s ố 17/2026/NQ-CP ngày 29/4/2026. 6 1.014859 Cấp gi ấy phép ho ạt động của phương ti ện thủy n ội đ ịa, phương tiện cơ giới, trừ xe mô tô, xe g ắn máy, phương ti ện th ủy n ội địa thô sơ trong ph ạm vi b ảo v ệ công trình thủy l ợi do Ch ủ tịch UBND c ấp t ỉnh phân cấp cho Ch ủ tịch UBND cấp xã 04 ngày làm việc, k ể từ ngày nhận đ ủ hồ sơ theo quy định 03 ngày làm"
2026-05-20,1857/QĐ-UBND,1.014860,Cấp giấy phép cho các hoạt đ ộng tr ồng cây lâu năm trong phạm vi bảo vệ công trình thủy lợi do Chủ tịch UBND cấp tỉnh phân cấp cho Chủ tịch UBND c ấp xã,NÔNG NGHIỆP VÀ MÔI TRƯỜNG,modified,Sửa đổi/bổ sung,commune,2026-05-20,current,https://cathai.haiphong.gov.vn/linh-vuc-moi-truong/quyet-dinh-so-1857-qd-ubnd-ngay-20-5-2026-cua-ubnd-thanh-pho-hai-phong-v-v-cong-bo-danh-muc-thu--908004,https://cdn.haiphong.gov.vn/gov-hpg/5889/tintuc/2026/6/quyet-dinh-so-1857-2026-cong-bo-dmtthc-so-nn-va-mt-linh-vuc-ts-tl-ttr368-qd-bnnmt-1750-1763-..signed639159290848491178.pdf,af4f2083cca7e476e98cd977379acc57c49ca6e784f5bb98c28fd6244fb96a2f,"- Nghị quyết s ố 17/2026/NQ-CP ngày 29/4/2026. 7 1.014860 Cấp giấy phép cho các hoạt đ ộng tr ồng cây lâu năm trong phạm vi bảo vệ công trình thủy lợi do Chủ tịch UBND cấp tỉnh phân cấp cho Chủ tịch UBND c ấp xã 04 ngày làm việc, k ể từ ngày nhận đ ủ hồ sơ theo quy định Không th ực hiện cắt giảm - Trung tâm Phục v ụ hành chính"
2026-05-20,1857/QĐ-UBND,1.014862,Cấp gi ấy phép nuôi trồng th ủy s ản trong phạm vi b ảo v ệ công trình thủy do Chủ tịch UBND c ấp t ỉnh phân,NÔNG NGHIỆP VÀ MÔI TRƯỜNG,modified,Sửa đổi/bổ sung,commune,2026-05-20,current,https://cathai.haiphong.gov.vn/linh-vuc-moi-truong/quyet-dinh-so-1857-qd-ubnd-ngay-20-5-2026-cua-ubnd-thanh-pho-hai-phong-v-v-cong-bo-danh-muc-thu--908004,https://cdn.haiphong.gov.vn/gov-hpg/5889/tintuc/2026/6/quyet-dinh-so-1857-2026-cong-bo-dmtthc-so-nn-va-mt-linh-vuc-ts-tl-ttr368-qd-bnnmt-1750-1763-..signed639159290848491178.pdf,af4f2083cca7e476e98cd977379acc57c49ca6e784f5bb98c28fd6244fb96a2f,"- Nghị quyết s ố 17/2026/NQ-CP ngày 29/4/2026. 8 1.014862 Cấp gi ấy phép nuôi trồng th ủy s ản trong phạm vi b ảo v ệ công trình thủy do Chủ tịch UBND c ấp t ỉnh phân 06 ngày làm việc, k ể từ ngày nhận đ ủ hồ sơ theo quy định Không th ực hiện cắt giảm - Trung tâm Phục v ụ hành chính công thành phố Không quy"
2026-05-20,1857/QĐ-UBND,1.014863,"Cấp gia h ạn, đi ều chỉnh n ội dung gi ấy phép cho các ho ạt động trong ph ạm vi bảo vệ công trình thủy lợi đối với hoạt động: du l ịch, th ể thao, nghiên cứu khoa h ọc, kinh doanh, dịch vụ do Chủ tịch UBND c ấp tỉnh phân cấp cho Chủ",NÔNG NGHIỆP VÀ MÔI TRƯỜNG,modified,Sửa đổi/bổ sung,commune,2026-05-20,current,https://cathai.haiphong.gov.vn/linh-vuc-moi-truong/quyet-dinh-so-1857-qd-ubnd-ngay-20-5-2026-cua-ubnd-thanh-pho-hai-phong-v-v-cong-bo-danh-muc-thu--908004,https://cdn.haiphong.gov.vn/gov-hpg/5889/tintuc/2026/6/quyet-dinh-so-1857-2026-cong-bo-dmtthc-so-nn-va-mt-linh-vuc-ts-tl-ttr368-qd-bnnmt-1750-1763-..signed639159290848491178.pdf,af4f2083cca7e476e98cd977379acc57c49ca6e784f5bb98c28fd6244fb96a2f,"- Nghị quyết s ố 17/2026/NQ-CP ngày 29/4/2026. 9 1.014863 Cấp gia h ạn, đi ều chỉnh n ội dung gi ấy phép cho các ho ạt động trong ph ạm vi bảo vệ công trình thủy lợi đối với hoạt động: du l ịch, th ể thao, nghiên cứu khoa h ọc, kinh doanh, dịch vụ do Chủ tịch UBND c ấp tỉnh phân cấp cho Chủ tịch UBND cấp xã 04 ngày làm việc, k ể từ ngày nhận đ ủ hồ sơ theo quy định Không th ực"
2026-05-20,1857/QĐ-UBND,1.014864,"Cấp gia h ạn, đi ều chỉnh n ội dung gi ấy phép cho các ho ạt động trong ph ạm vi bảo vệ công trình thủy lợi: Tr ồng cây lâu năm; Ho ạt đ ộng c ủa phương ti ện th ủy n ội địa, phương ti ện cơ giới, trừ xe mô tô, xe gắn máy, phương ti ện",NÔNG NGHIỆP VÀ MÔI TRƯỜNG,modified,Sửa đổi/bổ sung,commune,2026-05-20,current,https://cathai.haiphong.gov.vn/linh-vuc-moi-truong/quyet-dinh-so-1857-qd-ubnd-ngay-20-5-2026-cua-ubnd-thanh-pho-hai-phong-v-v-cong-bo-danh-muc-thu--908004,https://cdn.haiphong.gov.vn/gov-hpg/5889/tintuc/2026/6/quyet-dinh-so-1857-2026-cong-bo-dmtthc-so-nn-va-mt-linh-vuc-ts-tl-ttr368-qd-bnnmt-1750-1763-..signed639159290848491178.pdf,af4f2083cca7e476e98cd977379acc57c49ca6e784f5bb98c28fd6244fb96a2f,"- Nghị quyết s ố 17/2026/NQ-CP ngày 29/4/2026. 10 1.014864 Cấp gia h ạn, đi ều chỉnh n ội dung gi ấy phép cho các ho ạt động trong ph ạm vi bảo vệ công trình thủy lợi: Tr ồng cây lâu năm; Ho ạt đ ộng c ủa phương ti ện th ủy n ội địa, phương ti ện cơ giới, trừ xe mô tô, xe gắn máy, phương ti ện thủy nội địa thô sơ do Chủ tịch UBND c ấp tỉnh phân cấp cho Chủ tịch UBND cấp xã 02 ngày làm việc, k ể từ ngày nhận đ ủ"
2026-05-20,1857/QĐ-UBND,2.001401,"Cấp gia h ạn, đi ều chỉnh n ội dung gi ấy phép cho các ho ạt động trong ph ạm vi bảo vệ công trình thủy lợi: Tr ồng cây lâu năm; Ho ạt đ ộng c ủa phương ti ện th ủy n ội địa, phương ti ện cơ giới, trừ xe mô tô, xe gắn máy, phương ti ện",NÔNG NGHIỆP VÀ MÔI TRƯỜNG,modified,Sửa đổi/bổ sung,province,2026-05-20,not_in_current_master,https://cathai.haiphong.gov.vn/linh-vuc-moi-truong/quyet-dinh-so-1857-qd-ubnd-ngay-20-5-2026-cua-ubnd-thanh-pho-hai-phong-v-v-cong-bo-danh-muc-thu--908004,https://cdn.haiphong.gov.vn/gov-hpg/5889/tintuc/2026/6/quyet-dinh-so-1857-2026-cong-bo-dmtthc-so-nn-va-mt-linh-vuc-ts-tl-ttr368-qd-bnnmt-1750-1763-..signed639159290848491178.pdf,af4f2083cca7e476e98cd977379acc57c49ca6e784f5bb98c28fd6244fb96a2f,"- Nghị quyết s ố 17/2026/NQ-CP ngày 29/4/2026. 10 2.001401 Cấp gia h ạn, đi ều chỉnh n ội dung gi ấy phép cho các ho ạt động trong ph ạm vi bảo vệ công trình thủy lợi: Tr ồng cây lâu năm; Ho ạt đ ộng c ủa phương ti ện th ủy n ội địa, phương ti ện cơ giới, trừ xe mô tô, xe gắn máy, phương ti ện thủy n ội đ ịa thô sơ thuộc thẩm quyền cấp phép c ủa Ch ủ tịch UBND cấp tỉnh 02 ngày làm việc, k ể từ ngày nhận đ ủ"
2026-05-20,1857/QĐ-UBND,2.001426,"Cấp gia h ạn, đi ều chỉnh n ội dung gi ấy phép cho các ho ạt động trong ph ạm vi bảo vệ công trình thủy lợi: Xây d ựng công trình m ới; L ập b ến, bãi t ập k ết nguyên liệu, nhiên li ệu, v ật liệu, v ật tư, phương tiện; Xây d ựng công",NÔNG NGHIỆP VÀ MÔI TRƯỜNG,modified,Sửa đổi/bổ sung,province,2026-05-20,not_in_current_master,https://cathai.haiphong.gov.vn/linh-vuc-moi-truong/quyet-dinh-so-1857-qd-ubnd-ngay-20-5-2026-cua-ubnd-thanh-pho-hai-phong-v-v-cong-bo-danh-muc-thu--908004,https://cdn.haiphong.gov.vn/gov-hpg/5889/tintuc/2026/6/quyet-dinh-so-1857-2026-cong-bo-dmtthc-so-nn-va-mt-linh-vuc-ts-tl-ttr368-qd-bnnmt-1750-1763-..signed639159290848491178.pdf,af4f2083cca7e476e98cd977379acc57c49ca6e784f5bb98c28fd6244fb96a2f,"- Nghị quyết s ố 17/2026/NQ-CP ngày 29/4/2026. 3 2.001426 Cấp gia h ạn, đi ều chỉnh n ội dung gi ấy phép cho các ho ạt động trong ph ạm vi bảo vệ công trình thủy lợi: Xây d ựng công trình m ới; L ập b ến, bãi t ập k ết nguyên liệu, nhiên li ệu, v ật liệu, v ật tư, phương tiện; Xây d ựng công trình ngầm thuộc thẩm quyền c ấp phép c ủa Chủ tịch UBND c ấp tỉnh 08 ngày làm việc, k ể từ ngày nhận đ ủ"
2026-05-20,1857/QĐ-UBND,2.001791,Cấp gi ấy phép nuôi trồng th ủy s ản trong phạm vi b ảo v ệ công trình th ủy l ợi thu ộc thẩm quyền c ấp phép,NÔNG NGHIỆP VÀ MÔI TRƯỜNG,modified,Sửa đổi/bổ sung,province,2026-05-20,not_in_current_master,https://cathai.haiphong.gov.vn/linh-vuc-moi-truong/quyet-dinh-so-1857-qd-ubnd-ngay-20-5-2026-cua-ubnd-thanh-pho-hai-phong-v-v-cong-bo-danh-muc-thu--908004,https://cdn.haiphong.gov.vn/gov-hpg/5889/tintuc/2026/6/quyet-dinh-so-1857-2026-cong-bo-dmtthc-so-nn-va-mt-linh-vuc-ts-tl-ttr368-qd-bnnmt-1750-1763-..signed639159290848491178.pdf,af4f2083cca7e476e98cd977379acc57c49ca6e784f5bb98c28fd6244fb96a2f,"- Nghị quyết s ố 17/2026/NQ-CP ngày 29/4/2026. 8 2.001791 Cấp gi ấy phép nuôi trồng th ủy s ản trong phạm vi b ảo v ệ công trình th ủy l ợi thu ộc thẩm quyền c ấp phép 08 ngày làm việc, k ể từ ngày nhận đ ủ hồ sơ theo quy định 07 ngày làm việc, kể từ ngày nhận đủ hồ sơ theo quy định - Trung tâm Phục v ụ hành chính công thành"
2026-05-20,1857/QĐ-UBND,2.001793,"Cấp gi ấy phép ho ạt động của phương ti ện thủy n ội đ ịa, phương tiện cơ giới, trừ xe mô tô, xe g ắn máy, phương ti ện th ủy n ội địa thô sơ trong ph ạm vi b ảo v ệ công trình thủy l ợi thu ộc th ẩm quyền c ấp phép c ủa Chủ tịch UBND c ấp",NÔNG NGHIỆP VÀ MÔI TRƯỜNG,modified,Sửa đổi/bổ sung,province,2026-05-20,not_in_current_master,https://cathai.haiphong.gov.vn/linh-vuc-moi-truong/quyet-dinh-so-1857-qd-ubnd-ngay-20-5-2026-cua-ubnd-thanh-pho-hai-phong-v-v-cong-bo-danh-muc-thu--908004,https://cdn.haiphong.gov.vn/gov-hpg/5889/tintuc/2026/6/quyet-dinh-so-1857-2026-cong-bo-dmtthc-so-nn-va-mt-linh-vuc-ts-tl-ttr368-qd-bnnmt-1750-1763-..signed639159290848491178.pdf,af4f2083cca7e476e98cd977379acc57c49ca6e784f5bb98c28fd6244fb96a2f,"- Nghị quyết s ố 17/2026/NQ-CP ngày 29/4/2026. 6 2.001793 Cấp gi ấy phép ho ạt động của phương ti ện thủy n ội đ ịa, phương tiện cơ giới, trừ xe mô tô, xe g ắn máy, phương ti ện th ủy n ội địa thô sơ trong ph ạm vi b ảo v ệ công trình thủy l ợi thu ộc th ẩm quyền c ấp phép c ủa Chủ tịch UBND c ấp tỉnh 06 ngày làm việc, k ể từ ngày nhận đ ủ hồ sơ theo quy định 3,5 ngày làm"
2026-05-20,1857/QĐ-UBND,2.001795,Cấp giấy phép nổ mìn và các ho ạt đ ộng gây nổ khác trong phạm vi bảo vệ công trình thủy lợi thu ộc th ẩm quy ền cấp phép của Chủ tịch UBND cấp tỉnh,NÔNG NGHIỆP VÀ MÔI TRƯỜNG,modified,Sửa đổi/bổ sung,province,2026-05-20,current,https://cathai.haiphong.gov.vn/linh-vuc-moi-truong/quyet-dinh-so-1857-qd-ubnd-ngay-20-5-2026-cua-ubnd-thanh-pho-hai-phong-v-v-cong-bo-danh-muc-thu--908004,https://cdn.haiphong.gov.vn/gov-hpg/5889/tintuc/2026/6/quyet-dinh-so-1857-2026-cong-bo-dmtthc-so-nn-va-mt-linh-vuc-ts-tl-ttr368-qd-bnnmt-1750-1763-..signed639159290848491178.pdf,af4f2083cca7e476e98cd977379acc57c49ca6e784f5bb98c28fd6244fb96a2f,"- Nghị quyết s ố 17/2026/NQ-CP ngày 29/4/2026. 4 2.001795 Cấp giấy phép nổ mìn và các ho ạt đ ộng gây nổ khác trong phạm vi bảo vệ công trình thủy lợi thu ộc th ẩm quy ền cấp phép của Chủ tịch UBND cấp tỉnh 08 ngày làm việc, k ể từ ngày nhận đ ủ hồ sơ theo quy định 7,5 ngày làm việc, kể từ ngày nhận đủ hồ sơ theo quy định - Trung tâm Phục v ụ"
2026-05-20,1857/QĐ-UBND,2.001796,"Cấp giấy phép cho các hoạt động trong phạm vi b ảo v ệ công trình thủy l ợi đ ối v ới ho ạt động du lịch, thể thao, nghiên cứu khoa h ọc,",NÔNG NGHIỆP VÀ MÔI TRƯỜNG,modified,Sửa đổi/bổ sung,province,2026-05-20,not_in_current_master,https://cathai.haiphong.gov.vn/linh-vuc-moi-truong/quyet-dinh-so-1857-qd-ubnd-ngay-20-5-2026-cua-ubnd-thanh-pho-hai-phong-v-v-cong-bo-danh-muc-thu--908004,https://cdn.haiphong.gov.vn/gov-hpg/5889/tintuc/2026/6/quyet-dinh-so-1857-2026-cong-bo-dmtthc-so-nn-va-mt-linh-vuc-ts-tl-ttr368-qd-bnnmt-1750-1763-..signed639159290848491178.pdf,af4f2083cca7e476e98cd977379acc57c49ca6e784f5bb98c28fd6244fb96a2f,"- Nghị quyết s ố 17/2026/NQ-CP ngày 29/4/2026. 2 2.001796 Cấp giấy phép cho các hoạt động trong phạm vi b ảo v ệ công trình thủy l ợi đ ối v ới ho ạt động du lịch, thể thao, nghiên cứu khoa h ọc, 08 ngày làm việc, k ể từ ngày nhận đ ủ hồ sơ theo quy định 07 ngày làm việc, kể từ ngày nhận đủ hồ sơ theo quy định - Trung tâm Phục v ụ hành chính"
2026-05-25,1897/QĐ-UBND,1.000824,"Cấp lại giấy phép thăm dò nước dưới đất, giấy phép khai thác tài nguyên nước Nghị quyết s ố 66.19/2026/NQ-CP ngày 18/5/2026 c ủa Chính phủ về cắt giảm, phân quyền, đơn giản hóa thủ tục hành chính và cắt giảm, đơn giản hóa điều kiện kinh doanh",NÔNG NGHIỆP VÀ MÔI TRƯỜNG,repealed,Bãi bỏ,province,2026-05-25,repealed,https://giavien.haiphong.gov.vn/so-nong-nghiep-va-moi-truong-92289/quyet-dinh-so-1897-qd-ubnd-ngay-25-5-2026-ve-viec-cong-bo-danh-muc-thu-tuc-hanh-chinh-moi-ban-ha-904676,https://cdn.haiphong.gov.vn/gov-hpg/6798/tintuc/2026/5/qd-1897-ngay-25.5.2026-ubnd-hp-cong-bo-dm-tthc-moi-sua-doi-bo-sung-bai-bo-lvuc-bdkh-cnty-qldd-va-pctt-tl-tnn-mt-dat-dai639153846685150604.pdf,aeee91de4d22553182e05bf872a300640cb2ddb21413d56a9aa1bbbb191bc9d8,"Chính phủ về cắt giảm, phân quyền, đơn giản hóa thủ tục hành chính và cắt giảm, đơn giản hóa điều kiện kinh doanh thuộc phạm vi quản lý của Bộ Nông nghiệp và Môi trường 2 1.000824 Cấp lại giấy phép thăm dò nước dưới đất, giấy phép khai thác tài nguyên nước Nghị quyết s ố 66.19/2026/NQ-CP ngày 18/5/2026 c ủa Chính phủ về cắt giảm, phân quyền, đơn giản hóa thủ tục hành chính và cắt giảm, đơn giản hóa điều kiện kinh doanh thuộc phạm vi quản lý của Bộ Nông nghiệp và Môi trường IV LĨNH VỰC THỦY LỢI 1"
2026-05-25,1897/QĐ-UBND,1.002571,"Đăng ký, cấp giấy chứng nhận kiểm dịch động vật trên cạn tham gia hội chợ, triển lãm, thi đấu thể thao, biểu diễn nghệ thuật; sản phẩm động vật trên cạn tham gia hội chợ, triển lãm",NÔNG NGHIỆP VÀ MÔI TRƯỜNG,modified,Sửa đổi/bổ sung,province,2026-05-25,current,https://giavien.haiphong.gov.vn/so-nong-nghiep-va-moi-truong-92289/quyet-dinh-so-1897-qd-ubnd-ngay-25-5-2026-ve-viec-cong-bo-danh-muc-thu-tuc-hanh-chinh-moi-ban-ha-904676,https://cdn.haiphong.gov.vn/gov-hpg/6798/tintuc/2026/5/qd-1897-ngay-25.5.2026-ubnd-hp-cong-bo-dm-tthc-moi-sua-doi-bo-sung-bai-bo-lvuc-bdkh-cnty-qldd-va-pctt-tl-tnn-mt-dat-dai639153846685150604.pdf,aeee91de4d22553182e05bf872a300640cb2ddb21413d56a9aa1bbbb191bc9d8,"- Thông tư s ố 03/2026/TT-BNNMT ngày 13/01/2026. 7 1.002571 Đăng ký, c ấp gi ấy chứng nhận kiểm dịch động vật trên cạn tham gia hội chợ, triển lãm, thi đ ấu th ể thao, bi ểu diễn ngh ệ thuật; s ản phẩm động v ật trên cạn tham gia h ội chợ, triển lãm * Đối với động vật, sản phẩm động v ật trên cạn v ận chuyển ra khỏi tỉnh - Đối với động vật, sản phẩm động v ật xu ất"
2026-05-25,1897/QĐ-UBND,1.002992,Cấp l ại Gi ấy ch ứng nhận thực hành tốt sản xuất thuốc thú y (trong trường hợp bị sai sót; thay đ ổi thông tin có,NÔNG NGHIỆP VÀ MÔI TRƯỜNG,modified,Sửa đổi/bổ sung,province,2026-05-25,not_in_current_master,https://giavien.haiphong.gov.vn/so-nong-nghiep-va-moi-truong-92289/quyet-dinh-so-1897-qd-ubnd-ngay-25-5-2026-ve-viec-cong-bo-danh-muc-thu-tuc-hanh-chinh-moi-ban-ha-904676,https://cdn.haiphong.gov.vn/gov-hpg/6798/tintuc/2026/5/qd-1897-ngay-25.5.2026-ubnd-hp-cong-bo-dm-tthc-moi-sua-doi-bo-sung-bai-bo-lvuc-bdkh-cnty-qldd-va-pctt-tl-tnn-mt-dat-dai639153846685150604.pdf,aeee91de4d22553182e05bf872a300640cb2ddb21413d56a9aa1bbbb191bc9d8,"- Thông tư số 101/2020/TT-BTC ngày 23/11/2020. 3 1.002992 Cấp l ại Gi ấy ch ứng nhận thực hành tốt sản xuất thuốc thú y (trong trường hợp bị sai sót; thay đ ổi thông tin có 05 ngày làm việc 2,5 ngày làm việc - Trung tâm Phục v ụ hành chính công thành phố Không quy định - Luật Thú y só 79/2015/QH13."
2026-05-25,1897/QĐ-UBND,1.003026,Gia h ạn Gi ấy ch ứng nhận thực hành tốt sản xuất thu ốc thú y (GMP),NÔNG NGHIỆP VÀ MÔI TRƯỜNG,modified,Sửa đổi/bổ sung,province,2026-05-25,not_in_current_master,https://giavien.haiphong.gov.vn/so-nong-nghiep-va-moi-truong-92289/quyet-dinh-so-1897-qd-ubnd-ngay-25-5-2026-ve-viec-cong-bo-danh-muc-thu-tuc-hanh-chinh-moi-ban-ha-904676,https://cdn.haiphong.gov.vn/gov-hpg/6798/tintuc/2026/5/qd-1897-ngay-25.5.2026-ubnd-hp-cong-bo-dm-tthc-moi-sua-doi-bo-sung-bai-bo-lvuc-bdkh-cnty-qldd-va-pctt-tl-tnn-mt-dat-dai639153846685150604.pdf,aeee91de4d22553182e05bf872a300640cb2ddb21413d56a9aa1bbbb191bc9d8,(viết tắt là Thông tư số 101/2020/TT-BTC ngày 23/11/2020). 2 1.003026 Gia h ạn Gi ấy ch ứng nhận thực hành tốt sản xuất thu ốc thú y (GMP) 12 ngày làm việc Không th ực hiện cắt giảm - Trung tâm Phục v ụ hành chính Phí thẩm định tiêu chuẩn và điều kiện sản xuất thuốc thú - Luật Thú y só 79/2015/QH13. - Luật số
2026-05-25,1897/QĐ-UBND,1.003893,"Cấp l ại gi ấy phép cho các ho ạt đ ộng trong phạm vi bảo vệ công trình thủy lợi trong trường hợp tên chủ giấy phép đã được cấp bị thay đổi do chuyển nhượng, sáp nhập, chia tách, cơ cấu lại tổ chức thuộc thẩm quyền cấp phép của Chủ",NÔNG NGHIỆP VÀ MÔI TRƯỜNG,repealed,Bãi bỏ,province,2026-05-25,repealed,https://giavien.haiphong.gov.vn/so-nong-nghiep-va-moi-truong-92289/quyet-dinh-so-1897-qd-ubnd-ngay-25-5-2026-ve-viec-cong-bo-danh-muc-thu-tuc-hanh-chinh-moi-ban-ha-904676,https://cdn.haiphong.gov.vn/gov-hpg/6798/tintuc/2026/5/qd-1897-ngay-25.5.2026-ubnd-hp-cong-bo-dm-tthc-moi-sua-doi-bo-sung-bai-bo-lvuc-bdkh-cnty-qldd-va-pctt-tl-tnn-mt-dat-dai639153846685150604.pdf,aeee91de4d22553182e05bf872a300640cb2ddb21413d56a9aa1bbbb191bc9d8,"hành chính và cắt giảm, đơn giản hóa điều kiện kinh doanh thuộc phạm vi quản lý của Bộ Nông nghiệp và Môi trường IV LĨNH VỰC THỦY LỢI 1 1.003893 Cấp l ại gi ấy phép cho các ho ạt đ ộng trong phạm vi bảo vệ công trình thủy lợi trong trường hợp tên chủ giấy phép đã được cấp bị thay đổi do chuyển nhượng, sáp nhập, chia tách, cơ cấu lại tổ chức thuộc thẩm quyền cấp phép của Chủ tịch UBND cấp tỉnh Nghị quyết s ố 66.19/2026/NQ-CP ngày 18/5/2026 c ủa Chính phủ về cắt giảm, phân quyền, đơn giản hóa thủ "
2026-05-25,1897/QĐ-UBND,1.008127,Cấp lại Giấy chứng nhận đủ điều kiện sản xuất thức ăn chăn nuôi đ ối với cơ sở sản xuất thức ăn chăn nuôi trên địa bàn (trừ trường hợp cơ sở sản xuất thức ăn chăn nuôi xuất khẩu theo yêu cầu của nước nhập khẩu) Mục VII Phần A Phụ lục II Nghị quyết số 66.19/2026/NQ,NÔNG NGHIỆP VÀ MÔI TRƯỜNG,repealed,Bãi bỏ,province,2026-05-25,repealed,https://giavien.haiphong.gov.vn/so-nong-nghiep-va-moi-truong-92289/quyet-dinh-so-1897-qd-ubnd-ngay-25-5-2026-ve-viec-cong-bo-danh-muc-thu-tuc-hanh-chinh-moi-ban-ha-904676,https://cdn.haiphong.gov.vn/gov-hpg/6798/tintuc/2026/5/qd-1897-ngay-25.5.2026-ubnd-hp-cong-bo-dm-tthc-moi-sua-doi-bo-sung-bai-bo-lvuc-bdkh-cnty-qldd-va-pctt-tl-tnn-mt-dat-dai639153846685150604.pdf,aeee91de4d22553182e05bf872a300640cb2ddb21413d56a9aa1bbbb191bc9d8,"giảm, phân quyền, đơn giản hóa thủ tục hành chính và cắt giảm, đơn giản hóa đi ều kiện kinh doanh thu ộc phạm vi quản lý của Bộ Nông nghiệp và Môi trường 2 1.008127 Cấp lại Giấy chứng nhận đủ điều kiện sản xuất thức ăn chăn nuôi đ ối với cơ sở sản xuất thức ăn chăn nuôi trên địa bàn (trừ trường hợp cơ sở sản xuất thức ăn chăn nuôi xuất khẩu theo yêu cầu của nước nhập khẩu) Mục VII Phần A Phụ lục II Nghị quyết số 66.19/2026/NQ- CP ngày 18/5/2026 c ủa Chính ph ủ về cắt gi ảm, phân quyền, đơn giản "
2026-05-25,1897/QĐ-UBND,1.008129,"Cấp l ại Gi ấy ch ứng nh ận đ ủ điều ki ện chăn nuôi đối với chăn nuôi trang trại quy mô lớn Mục VIII Ph ần A Ph ụ lục II Ngh ị quyết s ố 66.19/2026/NQ-CP ngày 18/5/2026 của Chính phủ về cắt giảm, phân quyền, đơn giản hóa thủ tục hành chính và cắt",NÔNG NGHIỆP VÀ MÔI TRƯỜNG,repealed,Bãi bỏ,province,2026-05-25,repealed,https://giavien.haiphong.gov.vn/so-nong-nghiep-va-moi-truong-92289/quyet-dinh-so-1897-qd-ubnd-ngay-25-5-2026-ve-viec-cong-bo-danh-muc-thu-tuc-hanh-chinh-moi-ban-ha-904676,https://cdn.haiphong.gov.vn/gov-hpg/6798/tintuc/2026/5/qd-1897-ngay-25.5.2026-ubnd-hp-cong-bo-dm-tthc-moi-sua-doi-bo-sung-bai-bo-lvuc-bdkh-cnty-qldd-va-pctt-tl-tnn-mt-dat-dai639153846685150604.pdf,aeee91de4d22553182e05bf872a300640cb2ddb21413d56a9aa1bbbb191bc9d8,"Tên thủ tục hành chính Tên VBQPPL quy định việc bãi bỏ thủ tục hành chính I LĨNH VỰC CHĂN NUÔI 1 1.008129 Cấp l ại Gi ấy ch ứng nh ận đ ủ điều ki ện chăn nuôi đối với chăn nuôi trang trại quy mô lớn Mục VIII Ph ần A Ph ụ lục II Ngh ị quyết s ố 66.19/2026/NQ-CP ngày 18/5/2026 của Chính phủ về cắt giảm, phân quyền, đơn giản hóa thủ tục hành chính và cắt giảm, đơn giản hóa đi ều kiện kinh doanh thu ộc phạm vi quản lý của Bộ Nông nghiệp và Môi trường 2 1.008127 Cấp lại Giấy chứng nhận đủ điều kiện s"
2026-05-25,1897/QĐ-UBND,1.008408,"Phê duyệt việc tiếp nhận viện trợ quốc tế khẩn cấp để cứu trợ thuộc thẩm quyền của Ủy ban nhân dân cấp tỉnh, Uỷ ban Mặt trận Tổ quốc Việt Nam cấp tỉnh - Nghị định số 50/2020/NĐ-CP ngày 20/4/2020 của Chính phủ Quy định về tiếp nhận, quản lý và s ử dụng viện trợ",NÔNG NGHIỆP VÀ MÔI TRƯỜNG,repealed,Bãi bỏ,province,2026-05-25,repealed,https://giavien.haiphong.gov.vn/so-nong-nghiep-va-moi-truong-92289/quyet-dinh-so-1897-qd-ubnd-ngay-25-5-2026-ve-viec-cong-bo-danh-muc-thu-tuc-hanh-chinh-moi-ban-ha-904676,https://cdn.haiphong.gov.vn/gov-hpg/6798/tintuc/2026/5/qd-1897-ngay-25.5.2026-ubnd-hp-cong-bo-dm-tthc-moi-sua-doi-bo-sung-bai-bo-lvuc-bdkh-cnty-qldd-va-pctt-tl-tnn-mt-dat-dai639153846685150604.pdf,aeee91de4d22553182e05bf872a300640cb2ddb21413d56a9aa1bbbb191bc9d8,"giản hóa điều kiện kinh doanh thuộc phạm vi quản lý của Bộ Nông nghiệp và Môi trường II LĨNH VỰC QUẢN LÝ ĐÊ ĐIỀU VÀ PHÒNG, CHỐNG THIÊN TAI1 1 1.008408 Phê duyệt việc tiếp nhận viện trợ quốc tế khẩn cấp để cứu trợ thuộc thẩm quyền của Ủy ban nhân dân cấp tỉnh, Uỷ ban Mặt trận Tổ quốc Việt Nam cấp tỉnh - Nghị định số 50/2020/NĐ-CP ngày 20/4/2020 của Chính phủ Quy định về tiếp nhận, quản lý và s ử dụng viện trợ quốc tế khẩn cấp để cứu trợ và khắc phục hậu quả thiên tai - Nghị định s ố 53/2026/NĐ-CP"
2026-05-25,1897/QĐ-UBND,1.010091,"Hỗ trợ khám chữa bệnh, trợ cấp tai nạn cho lực lượng xung kích phòng chống thiên tai cấp xã trong trường hợp chưa tham gia bảo hiểm y tế, bảo hiểm xã hội",NÔNG NGHIỆP VÀ MÔI TRƯỜNG,reduced,Có bằng chứng trong phụ lục về nội dung sau cắt giảm,commune,2026-05-25,current,https://giavien.haiphong.gov.vn/so-nong-nghiep-va-moi-truong-92289/quyet-dinh-so-1897-qd-ubnd-ngay-25-5-2026-ve-viec-cong-bo-danh-muc-thu-tuc-hanh-chinh-moi-ban-ha-904676,https://cdn.haiphong.gov.vn/gov-hpg/6798/tintuc/2026/5/qd-1897-ngay-25.5.2026-ubnd-hp-cong-bo-dm-tthc-moi-sua-doi-bo-sung-bai-bo-lvuc-bdkh-cnty-qldd-va-pctt-tl-tnn-mt-dat-dai639153846685150604.pdf,aeee91de4d22553182e05bf872a300640cb2ddb21413d56a9aa1bbbb191bc9d8,"thực hiện Phí, lệ phí Căn cứ pháp lý Theo quy định Sau cắt giảm I LĨNH VỰC QUẢN LÝ ĐÊ ĐIỀU VÀ PHÒNG, CHỐNG THIÊN TAI 1 1.010091 Hỗ trợ khám ch ữa bệnh, tr ợ cấp tai nạn cho l ực lư ợng xung kích phòng ch ống thiên tai cấp xã trong trường hợp chưa tham 10 ngày làm việc, k ể từ ngày nh ận được h ồ sơ đầy đủ, hợp lệ 05 ngày làm việc, k ể từ ngày nh ận được h ồ sơ đầy đủ, hợp lệ - Trung tâm Phục v ụ"
2026-05-25,1897/QĐ-UBND,1.010092,"Trợ cấp tiền tuất, tai nạn (đối với trường hợp tai nạn suy giảm khả năng lao động từ 5% trở lên) cho lực lượng xung kích phòng chống thiên tai cấp xã chưa tham gia bảo hiểm xã hội",NÔNG NGHIỆP VÀ MÔI TRƯỜNG,modified,Sửa đổi/bổ sung,commune,2026-05-25,current,https://giavien.haiphong.gov.vn/so-nong-nghiep-va-moi-truong-92289/quyet-dinh-so-1897-qd-ubnd-ngay-25-5-2026-ve-viec-cong-bo-danh-muc-thu-tuc-hanh-chinh-moi-ban-ha-904676,https://cdn.haiphong.gov.vn/gov-hpg/6798/tintuc/2026/5/qd-1897-ngay-25.5.2026-ubnd-hp-cong-bo-dm-tthc-moi-sua-doi-bo-sung-bai-bo-lvuc-bdkh-cnty-qldd-va-pctt-tl-tnn-mt-dat-dai639153846685150604.pdf,aeee91de4d22553182e05bf872a300640cb2ddb21413d56a9aa1bbbb191bc9d8,"- Nghị quyết s ố 66.19/2026/NQ-CP ngày 18/5/2026. 2 1.010092 Trợ cấp ti ền tu ất, tai nạn (đ ối v ới trư ờng hợp tai n ạn suy gi ảm khả năng lao đ ộng t ừ 13 ngày làm việc, k ể từ ngày nh ận 6,5 ngày làm việc, k ể từ ngày nh ận - Trung tâm Phục v ụ hành chính Không quy định - Nghị định s ố 66/2021/NĐ-CP ngày 06/7/2021."
2026-05-25,1897/QĐ-UBND,1.010730,"Cấp lại giấy phép môi trường Nghị quyết s ố 66.19/2026/NQ-CP ngày 18/5/2026 c ủa Chính phủ về cắt giảm, phân quyền, đơn giản hóa thủ tục hành chính và cắt giảm, đơn giản hóa điều kiện kinh doanh thuộc phạm vi quản lý của Bộ Nông nghiệp và Môi trường",NÔNG NGHIỆP VÀ MÔI TRƯỜNG,repealed,Bãi bỏ,province,2026-05-25,repealed,https://giavien.haiphong.gov.vn/so-nong-nghiep-va-moi-truong-92289/quyet-dinh-so-1897-qd-ubnd-ngay-25-5-2026-ve-viec-cong-bo-danh-muc-thu-tuc-hanh-chinh-moi-ban-ha-904676,https://cdn.haiphong.gov.vn/gov-hpg/6798/tintuc/2026/5/qd-1897-ngay-25.5.2026-ubnd-hp-cong-bo-dm-tthc-moi-sua-doi-bo-sung-bai-bo-lvuc-bdkh-cnty-qldd-va-pctt-tl-tnn-mt-dat-dai639153846685150604.pdf,aeee91de4d22553182e05bf872a300640cb2ddb21413d56a9aa1bbbb191bc9d8,"chính Tên thủ tục hành chính Tên VBQPPL quy định việc bãi bỏ thủ tục hành chính 2 1.010730 Cấp lại giấy phép môi trường Nghị quyết s ố 66.19/2026/NQ-CP ngày 18/5/2026 c ủa Chính phủ về cắt giảm, phân quyền, đơn giản hóa thủ tục hành chính và cắt giảm, đơn giản hóa điều kiện kinh doanh thuộc phạm vi quản lý của Bộ Nông nghiệp và Môi trường VI LĨNH VỰC ĐẤT ĐAI 1 1.012789 Cung cấp thông tin, dữ liệu đất đai Nghị quyết s ố 66.19/2026/NQ-CP ngày 18/5/2026 c ủa Chính phủ về cắt giảm, phân quyền, đơn g"
2026-05-25,1897/QĐ-UBND,1.010733,Thẩm định báo cáo đánh giá tác động môi trường,NÔNG NGHIỆP VÀ MÔI TRƯỜNG,reduced,Có bằng chứng trong phụ lục về nội dung sau cắt giảm,shared,2026-05-25,current,https://giavien.haiphong.gov.vn/so-nong-nghiep-va-moi-truong-92289/quyet-dinh-so-1897-qd-ubnd-ngay-25-5-2026-ve-viec-cong-bo-danh-muc-thu-tuc-hanh-chinh-moi-ban-ha-904676,https://cdn.haiphong.gov.vn/gov-hpg/6798/tintuc/2026/5/qd-1897-ngay-25.5.2026-ubnd-hp-cong-bo-dm-tthc-moi-sua-doi-bo-sung-bai-bo-lvuc-bdkh-cnty-qldd-va-pctt-tl-tnn-mt-dat-dai639153846685150604.pdf,aeee91de4d22553182e05bf872a300640cb2ddb21413d56a9aa1bbbb191bc9d8,"định Sau cắt giảm I LĨNH VỰC MÔI TRƯỜNG (Thủ tục hành chính dùng chung 02 đơn vị: Sở Nông nghiệp và Môi trường, Ban Quản lý khu kinh tế) 1 1.010733 Thẩm đ ịnh báo cáo đánh giá tác đ ộng môi trường (1) Th ời h ạn kiểm tra, tr ả lời v ề tính đầy đ ủ, h ợp lệ của h ồ sơ: không quy định. (2) Th ời h ạn thẩm đ ịnh báo cáo đánh giá tác đ ộng môi trường: - Trước ngày 01 tháng 7"
2026-05-25,1897/QĐ-UBND,1.010735,"Thẩm đ ịnh phương án c ải t ạo, ph ục h ồi môi trường trong ho ạt đ ộng khai thác khoáng s ản (báo cáo riêng theo quy định tại khoản 2 Điều 36 Nghị định số 08/2022/NĐ-CP) Nghị quyết s ố 66.19/2026/NQ-CP ngày 18/5/2026 c ủa",NÔNG NGHIỆP VÀ MÔI TRƯỜNG,repealed,Bãi bỏ,province,2026-05-25,repealed,https://giavien.haiphong.gov.vn/so-nong-nghiep-va-moi-truong-92289/quyet-dinh-so-1897-qd-ubnd-ngay-25-5-2026-ve-viec-cong-bo-danh-muc-thu-tuc-hanh-chinh-moi-ban-ha-904676,https://cdn.haiphong.gov.vn/gov-hpg/6798/tintuc/2026/5/qd-1897-ngay-25.5.2026-ubnd-hp-cong-bo-dm-tthc-moi-sua-doi-bo-sung-bai-bo-lvuc-bdkh-cnty-qldd-va-pctt-tl-tnn-mt-dat-dai639153846685150604.pdf,aeee91de4d22553182e05bf872a300640cb2ddb21413d56a9aa1bbbb191bc9d8,"hành chính và cắt giảm, đơn giản hóa điều kiện kinh doanh thuộc phạm vi quản lý của Bộ Nông nghiệp và Môi trường V LĨNH VỰC MÔI TRƯỜNG 1 1.010735 Thẩm đ ịnh phương án c ải t ạo, ph ục h ồi môi trường trong ho ạt đ ộng khai thác khoáng s ản (báo cáo riêng theo quy định tại khoản 2 Điều 36 Nghị định số 08/2022/NĐ-CP) Nghị quyết s ố 66.19/2026/NQ-CP ngày 18/5/2026 c ủa Chính phủ về cắt giảm, phân quyền, đơn giản hóa thủ tục hành chính và cắt giảm, đơn giản hóa điều kiện kinh doanh thuộc phạm vi quả"
2026-05-25,1897/QĐ-UBND,1.012500,"Tạm dừng hi ệu l ực gi ấy phép thăm dò nư ớc dưới đất, giấy phép khai thác tài nguyên nước Nghị quyết s ố 66.19/2026/NQ-CP ngày 18/5/2026 c ủa Chính phủ về cắt giảm, phân quyền, đơn giản hóa thủ tục hành chính và cắt giảm, đơn giản hóa điều kiện kinh doanh",NÔNG NGHIỆP VÀ MÔI TRƯỜNG,repealed,Bãi bỏ,province,2026-05-25,repealed,https://giavien.haiphong.gov.vn/so-nong-nghiep-va-moi-truong-92289/quyet-dinh-so-1897-qd-ubnd-ngay-25-5-2026-ve-viec-cong-bo-danh-muc-thu-tuc-hanh-chinh-moi-ban-ha-904676,https://cdn.haiphong.gov.vn/gov-hpg/6798/tintuc/2026/5/qd-1897-ngay-25.5.2026-ubnd-hp-cong-bo-dm-tthc-moi-sua-doi-bo-sung-bai-bo-lvuc-bdkh-cnty-qldd-va-pctt-tl-tnn-mt-dat-dai639153846685150604.pdf,aeee91de4d22553182e05bf872a300640cb2ddb21413d56a9aa1bbbb191bc9d8,"Chính phủ Sửa đổi, bổ sung một số điều của các Nghị định trong lĩnh vực đê điều và phòng, chống thiên tai III LĨNH VỰC TÀI NGUYÊN NƯỚC 1 1.012500 Tạm dừng hi ệu l ực gi ấy phép thăm dò nư ớc dưới đất, giấy phép khai thác tài nguyên nước Nghị quyết s ố 66.19/2026/NQ-CP ngày 18/5/2026 c ủa Chính phủ về cắt giảm, phân quyền, đơn giản hóa thủ tục hành chính và cắt giảm, đơn giản hóa điều kiện kinh doanh thuộc phạm vi quản lý của Bộ Nông nghiệp và Môi trường 2 1.000824 Cấp lại giấy phép thăm dò nước "
2026-05-25,1897/QĐ-UBND,1.012789,"Cung cấp thông tin, dữ liệu đất đai Nghị quyết s ố 66.19/2026/NQ-CP ngày 18/5/2026 c ủa Chính phủ về cắt giảm, phân quyền, đơn giản hóa thủ tục hành chính và cắt giảm, đơn giản hóa điều kiện kinh doanh thuộc phạm vi quản lý của Bộ Nông nghiệp và Môi trường",NÔNG NGHIỆP VÀ MÔI TRƯỜNG,repealed,Bãi bỏ,province,2026-05-25,repealed,https://giavien.haiphong.gov.vn/so-nong-nghiep-va-moi-truong-92289/quyet-dinh-so-1897-qd-ubnd-ngay-25-5-2026-ve-viec-cong-bo-danh-muc-thu-tuc-hanh-chinh-moi-ban-ha-904676,https://cdn.haiphong.gov.vn/gov-hpg/6798/tintuc/2026/5/qd-1897-ngay-25.5.2026-ubnd-hp-cong-bo-dm-tthc-moi-sua-doi-bo-sung-bai-bo-lvuc-bdkh-cnty-qldd-va-pctt-tl-tnn-mt-dat-dai639153846685150604.pdf,aeee91de4d22553182e05bf872a300640cb2ddb21413d56a9aa1bbbb191bc9d8,"hành chính và cắt giảm, đơn giản hóa điều kiện kinh doanh thuộc phạm vi quản lý của Bộ Nông nghiệp và Môi trường VI LĨNH VỰC ĐẤT ĐAI 1 1.012789 Cung cấp thông tin, dữ liệu đất đai Nghị quyết s ố 66.19/2026/NQ-CP ngày 18/5/2026 c ủa Chính phủ về cắt giảm, phân quyền, đơn giản hóa thủ tục hành chính và cắt giảm, đơn giản hóa điều kiện kinh doanh thuộc phạm vi quản lý của Bộ Nông nghiệp và Môi trường B. DANH MỤC THỦ TỤC HÀNH CHÍNH CẤP XÃ STT Mã thủ tục hành chính Tên thủ tục hành chính Tên VBQPPL q"
2026-05-25,1897/QĐ-UBND,1.013644,Cấp phép đối với các hoạt động liên quan đến đê điều thuộc trách nhiệm của Uỷ ban nhân dân tỉnh,NÔNG NGHIỆP VÀ MÔI TRƯỜNG,reduced,Có bằng chứng trong phụ lục về nội dung sau cắt giảm,province,2026-05-25,current,https://giavien.haiphong.gov.vn/so-nong-nghiep-va-moi-truong-92289/quyet-dinh-so-1897-qd-ubnd-ngay-25-5-2026-ve-viec-cong-bo-danh-muc-thu-tuc-hanh-chinh-moi-ban-ha-904676,https://cdn.haiphong.gov.vn/gov-hpg/6798/tintuc/2026/5/qd-1897-ngay-25.5.2026-ubnd-hp-cong-bo-dm-tthc-moi-sua-doi-bo-sung-bai-bo-lvuc-bdkh-cnty-qldd-va-pctt-tl-tnn-mt-dat-dai639153846685150604.pdf,aeee91de4d22553182e05bf872a300640cb2ddb21413d56a9aa1bbbb191bc9d8,"Căn cứ pháp lý Theo quy định Sau cắt giảm I LĨNH VỰC QUẢN LÝ ĐÊ ĐIỀU VÀ PHÒNG, CHỐNG THIÊN TAI 1 1.013644 Cấp phép đ ối v ới các hoạt đ ộng liên quan đến đê đi ều thu ộc trách nhi ệm c ủa Uỷ ban nhân dân tỉnh Trong thời hạn không quá 20 ngày, k ể từ ngày nh ận đ ủ hồ sơ hợp lệ Trong th ời hạn không quá 10 ngày, kể từ ngày nh ận đ ủ hồ sơ hợp lệ - Trung tâm Phục v ụ hành chính"
2026-05-25,1897/QĐ-UBND,1.014129,Đăng ký tài khoản trên Hệ thống đăng ký quốc gia về hạn ngạch phát thải khí nhà kính và tín chỉ các-bon,NÔNG NGHIỆP VÀ MÔI TRƯỜNG,reduced,Có bằng chứng trong phụ lục về nội dung sau cắt giảm,shared,2026-05-25,current,https://giavien.haiphong.gov.vn/so-nong-nghiep-va-moi-truong-92289/quyet-dinh-so-1897-qd-ubnd-ngay-25-5-2026-ve-viec-cong-bo-danh-muc-thu-tuc-hanh-chinh-moi-ban-ha-904676,https://cdn.haiphong.gov.vn/gov-hpg/6798/tintuc/2026/5/qd-1897-ngay-25.5.2026-ubnd-hp-cong-bo-dm-tthc-moi-sua-doi-bo-sung-bai-bo-lvuc-bdkh-cnty-qldd-va-pctt-tl-tnn-mt-dat-dai639153846685150604.pdf,aeee91de4d22553182e05bf872a300640cb2ddb21413d56a9aa1bbbb191bc9d8,"định Sau cắt giảm I LĨNH VỰC BIẾN ĐỔI KHÍ H ẬU (Thủ tục hành chính dùng chung 04 đơn vị: Sở Nông nghiệp và Môi trư ờng, Sở Công thương, Sở Xây dựng, Ban Quản lý khu kinh tế) 1 1.014129 Đăng ký tài khoản trên Hệ thống đăng ký quốc gia về hạn ngạch phát thải khí nhà kính và tín chỉ các-bon 05 ngày làm việc 2,5 ngày làm việc - Trung tâm Phục v ụ hành chính công thành phố - Trung tâm Phục v ụ hành chính công cấp xã"
2026-05-25,1897/QĐ-UBND,1.014131,Thay đ ổi thành ph ần tham gia dự án,NÔNG NGHIỆP VÀ MÔI TRƯỜNG,modified,Sửa đổi/bổ sung,shared,2026-05-25,not_in_current_master,https://giavien.haiphong.gov.vn/so-nong-nghiep-va-moi-truong-92289/quyet-dinh-so-1897-qd-ubnd-ngay-25-5-2026-ve-viec-cong-bo-danh-muc-thu-tuc-hanh-chinh-moi-ban-ha-904676,https://cdn.haiphong.gov.vn/gov-hpg/6798/tintuc/2026/5/qd-1897-ngay-25.5.2026-ubnd-hp-cong-bo-dm-tthc-moi-sua-doi-bo-sung-bai-bo-lvuc-bdkh-cnty-qldd-va-pctt-tl-tnn-mt-dat-dai639153846685150604.pdf,aeee91de4d22553182e05bf872a300640cb2ddb21413d56a9aa1bbbb191bc9d8,phê duy ệt đăng ký dự án: 05 ngày. 3 1.014131 Thay đ ổi thành ph ần tham gia dự án 10 ngày 05 ngày - Trung tâm Phục v ụ Không quy định - Luật B ảo v ệ môi trường 2020;
2026-05-25,1897/QĐ-UBND,1.014132,Hủy đăng ký dự án,NÔNG NGHIỆP VÀ MÔI TRƯỜNG,modified,Sửa đổi/bổ sung,shared,2026-05-25,current,https://giavien.haiphong.gov.vn/so-nong-nghiep-va-moi-truong-92289/quyet-dinh-so-1897-qd-ubnd-ngay-25-5-2026-ve-viec-cong-bo-danh-muc-thu-tuc-hanh-chinh-moi-ban-ha-904676,https://cdn.haiphong.gov.vn/gov-hpg/6798/tintuc/2026/5/qd-1897-ngay-25.5.2026-ubnd-hp-cong-bo-dm-tthc-moi-sua-doi-bo-sung-bai-bo-lvuc-bdkh-cnty-qldd-va-pctt-tl-tnn-mt-dat-dai639153846685150604.pdf,aeee91de4d22553182e05bf872a300640cb2ddb21413d56a9aa1bbbb191bc9d8,- Quyết đ ịnh số 201/2025/QĐ-UBND ngày 30/10/2025. 4 1.014132 Hủy đăng ký dự án 30 ngày 15 ngày - Trung tâm Phục v ụ hành chính công thành phố - Trung tâm Phục v ụ hành chính công cấp xã Không quy định - Luật B ảo v ệ môi trường 2020; - Nghị định số 06/2022/ NĐ-CP ngày 07/01/2022; - Nghị quyết s ố 17/2026/NQ-CP ngày
2026-05-25,1897/QĐ-UBND,1.014133,"Cấp tín chỉ các-bon theo cơ chế trao đổi, bù trừ tín chỉ các-bon trong nước",NÔNG NGHIỆP VÀ MÔI TRƯỜNG,modified,Sửa đổi/bổ sung,shared,2026-05-25,current,https://giavien.haiphong.gov.vn/so-nong-nghiep-va-moi-truong-92289/quyet-dinh-so-1897-qd-ubnd-ngay-25-5-2026-ve-viec-cong-bo-danh-muc-thu-tuc-hanh-chinh-moi-ban-ha-904676,https://cdn.haiphong.gov.vn/gov-hpg/6798/tintuc/2026/5/qd-1897-ngay-25.5.2026-ubnd-hp-cong-bo-dm-tthc-moi-sua-doi-bo-sung-bai-bo-lvuc-bdkh-cnty-qldd-va-pctt-tl-tnn-mt-dat-dai639153846685150604.pdf,aeee91de4d22553182e05bf872a300640cb2ddb21413d56a9aa1bbbb191bc9d8,"- Quyết đ ịnh s ố 201/2025/QĐ-UBND ngày 30/10/2025. 5 1.014133 Cấp tín ch ỉ các-bon theo cơ ch ế trao đ ổi, bù trừ tín chỉ các-bon trong nước Tổng s ố: 06 ngày làm việc và 30 ngày, trong đó: - Thời h ạn kiểm tra tính hợp lệ của hồ sơ: 03 ngày làm việc. - Thời hạn gửi hồ sơ l ấy ý kiến: 03 ngày làm việc. - Thời h ạn"
2026-05-25,1897/QĐ-UBND,1.014136,"Đăng ký/Điều chỉnh dự án theo cơ chế trao đổi, bù trừ tín chỉ các-bon trong nước",NÔNG NGHIỆP VÀ MÔI TRƯỜNG,modified,Sửa đổi/bổ sung,shared,2026-05-25,current,https://giavien.haiphong.gov.vn/so-nong-nghiep-va-moi-truong-92289/quyet-dinh-so-1897-qd-ubnd-ngay-25-5-2026-ve-viec-cong-bo-danh-muc-thu-tuc-hanh-chinh-moi-ban-ha-904676,https://cdn.haiphong.gov.vn/gov-hpg/6798/tintuc/2026/5/qd-1897-ngay-25.5.2026-ubnd-hp-cong-bo-dm-tthc-moi-sua-doi-bo-sung-bai-bo-lvuc-bdkh-cnty-qldd-va-pctt-tl-tnn-mt-dat-dai639153846685150604.pdf,aeee91de4d22553182e05bf872a300640cb2ddb21413d56a9aa1bbbb191bc9d8,"Quyết đ ịnh s ố 201/2025/QĐ-UBND ngày 30/10/2025). 2 1.014136 Đăng ký/Đi ều ch ỉnh dự án theo cơ chế trao đổi, bù trừ tín chỉ các- bon trong nước Tổng s ố: 15 ngày làm việc và 47 ngày, trong đó: - Thời h ạn kiểm tra tính hợp lệ của hồ sơ: 03 ngày làm việc. - Thời h ạn đăng tải hồ sơ lấy ý kiến rộng rãi: 01 ngày làm việc."
2026-05-25,1897/QĐ-UBND,1.014846,"Phê duyệt Văn kiện, điều chỉnh Văn kiện viện trợ quốc tế khẩn cấp để khắc phục hậu quả thiên tai không thu ộc th ẩm quy ền quy ết đ ịnh ch ủ trương tiếp nhận của Thủ tướng Chính phủ - Nghị định số 50/2020/NĐ-CP ngày 20/4/2020 của Chính",NÔNG NGHIỆP VÀ MÔI TRƯỜNG,repealed,Bãi bỏ,province,2026-05-25,repealed,https://giavien.haiphong.gov.vn/so-nong-nghiep-va-moi-truong-92289/quyet-dinh-so-1897-qd-ubnd-ngay-25-5-2026-ve-viec-cong-bo-danh-muc-thu-tuc-hanh-chinh-moi-ban-ha-904676,https://cdn.haiphong.gov.vn/gov-hpg/6798/tintuc/2026/5/qd-1897-ngay-25.5.2026-ubnd-hp-cong-bo-dm-tthc-moi-sua-doi-bo-sung-bai-bo-lvuc-bdkh-cnty-qldd-va-pctt-tl-tnn-mt-dat-dai639153846685150604.pdf,aeee91de4d22553182e05bf872a300640cb2ddb21413d56a9aa1bbbb191bc9d8,"- Nghị định s ố 53/2026/NĐ-CP ngày 05/02/2026 c ủa Chính phủ Sửa đổi, bổ sung một số điều của các Nghị định trong lĩnh vực đê điều và phòng, chống thiên tai 2 1.014846 Phê duyệt Văn kiện, điều chỉnh Văn kiện viện trợ quốc tế khẩn cấp để khắc phục hậu quả thiên tai không thu ộc th ẩm quy ền quy ết đ ịnh ch ủ trương tiếp nhận của Thủ tướng Chính phủ - Nghị định số 50/2020/NĐ-CP ngày 20/4/2020 của Chính phủ Quy định về tiếp nhận, quản lý và s ử dụng viện trợ quốc tế khẩn cấp để cứu trợ và khắc phục"
2026-05-25,1897/QĐ-UBND,1.014854,"Cấp l ại gi ấy phép cho các ho ạt đ ộng trong phạm vi bảo vệ công trình thủy lợi trong trường hợp tên chủ giấy phép đã được cấp bị thay đổi do chuyển nhượng, sáp nhập, chia tách, cơ cấu lại tổ chức do Ch ủ tịch UBND c ấp tỉnh phân",NÔNG NGHIỆP VÀ MÔI TRƯỜNG,repealed,Bãi bỏ,commune,2026-05-25,repealed,https://giavien.haiphong.gov.vn/so-nong-nghiep-va-moi-truong-92289/quyet-dinh-so-1897-qd-ubnd-ngay-25-5-2026-ve-viec-cong-bo-danh-muc-thu-tuc-hanh-chinh-moi-ban-ha-904676,https://cdn.haiphong.gov.vn/gov-hpg/6798/tintuc/2026/5/qd-1897-ngay-25.5.2026-ubnd-hp-cong-bo-dm-tthc-moi-sua-doi-bo-sung-bai-bo-lvuc-bdkh-cnty-qldd-va-pctt-tl-tnn-mt-dat-dai639153846685150604.pdf,aeee91de4d22553182e05bf872a300640cb2ddb21413d56a9aa1bbbb191bc9d8,"Tên thủ tục hành chính Tên VBQPPL quy định việc bãi bỏ thủ tục hành chính I LĨNH VỰC THỦY LỢI 1 1.014854 Cấp l ại gi ấy phép cho các ho ạt đ ộng trong phạm vi bảo vệ công trình thủy lợi trong trường hợp tên chủ giấy phép đã được cấp bị thay đổi do chuyển nhượng, sáp nhập, chia tách, cơ cấu lại tổ chức do Ch ủ tịch UBND c ấp tỉnh phân cấp cho Chủ tịch UBND cấp xã Nghị quyết s ố 66.19/2026/NQ-CP ngày 18/5/2026 c ủa Chính phủ về cắt giảm, phân quyền, đơn giản hóa thủ tục hành chính và cắt giảm, đơn"
2026-05-25,1897/QĐ-UBND,1.014948,"Chấp thu ận trao đ ổi quốc t ế nguồn gen giống v ật nuôi quý, hiếm c ủa Vi ệt Nam cho bên thứ ba",NÔNG NGHIỆP VÀ MÔI TRƯỜNG,modified,Sửa đổi/bổ sung,province,2026-05-25,not_in_current_master,https://giavien.haiphong.gov.vn/so-nong-nghiep-va-moi-truong-92289/quyet-dinh-so-1897-qd-ubnd-ngay-25-5-2026-ve-viec-cong-bo-danh-muc-thu-tuc-hanh-chinh-moi-ban-ha-904676,https://cdn.haiphong.gov.vn/gov-hpg/6798/tintuc/2026/5/qd-1897-ngay-25.5.2026-ubnd-hp-cong-bo-dm-tthc-moi-sua-doi-bo-sung-bai-bo-lvuc-bdkh-cnty-qldd-va-pctt-tl-tnn-mt-dat-dai639153846685150604.pdf,aeee91de4d22553182e05bf872a300640cb2ddb21413d56a9aa1bbbb191bc9d8,"tư s ố 94/2025/TT- BNNMT ngày 31/12/2025). 2 1.014948 Chấp thu ận trao đ ổi quốc t ế nguồn gen giống v ật nuôi quý, hiếm c ủa Vi ệt Nam cho bên thứ ba 15 ngày làm việc 7,5 ngày làm việc - Trung tâm Phục v ụ hành chính công thành phố - Trung tâm Phục v ụ 850.000 đ ồng đối v ới 01"
2026-05-25,1897/QĐ-UBND,2.001515,Cấp gi ấy v ận chuy ển mẫu b ệnh ph ẩm th ủy sản,NÔNG NGHIỆP VÀ MÔI TRƯỜNG,modified,Sửa đổi/bổ sung,province,2026-05-25,current,https://giavien.haiphong.gov.vn/so-nong-nghiep-va-moi-truong-92289/quyet-dinh-so-1897-qd-ubnd-ngay-25-5-2026-ve-viec-cong-bo-danh-muc-thu-tuc-hanh-chinh-moi-ban-ha-904676,https://cdn.haiphong.gov.vn/gov-hpg/6798/tintuc/2026/5/qd-1897-ngay-25.5.2026-ubnd-hp-cong-bo-dm-tthc-moi-sua-doi-bo-sung-bai-bo-lvuc-bdkh-cnty-qldd-va-pctt-tl-tnn-mt-dat-dai639153846685150604.pdf,aeee91de4d22553182e05bf872a300640cb2ddb21413d56a9aa1bbbb191bc9d8,tắt là Thông tư s ố 03/2026/TT-BNNMT ngày 13/01/2026). 5 2.001515 Cấp gi ấy v ận chuy ển mẫu b ệnh ph ẩm th ủy sản 01 ngày làm việc Không th ực hiện cắt giảm - Trung tâm Phục v ụ hành chính công thành phố - Trung tâm Phục v ụ hành chính công cấp xã Không quy định
2026-05-25,1897/QĐ-UBND,2.001524,Đăng ký v ận chuy ển mẫu b ệnh ph ẩm th ủy sản,NÔNG NGHIỆP VÀ MÔI TRƯỜNG,modified,Sửa đổi/bổ sung,province,2026-05-25,current,https://giavien.haiphong.gov.vn/so-nong-nghiep-va-moi-truong-92289/quyet-dinh-so-1897-qd-ubnd-ngay-25-5-2026-ve-viec-cong-bo-danh-muc-thu-tuc-hanh-chinh-moi-ban-ha-904676,https://cdn.haiphong.gov.vn/gov-hpg/6798/tintuc/2026/5/qd-1897-ngay-25.5.2026-ubnd-hp-cong-bo-dm-tthc-moi-sua-doi-bo-sung-bai-bo-lvuc-bdkh-cnty-qldd-va-pctt-tl-tnn-mt-dat-dai639153846685150604.pdf,aeee91de4d22553182e05bf872a300640cb2ddb21413d56a9aa1bbbb191bc9d8,- Thông tư s ố 03/2026/TT-BNNMT ngày 13/01/2026. 6 2.001524 Đăng ký v ận chuy ển mẫu b ệnh ph ẩm th ủy sản 04 ngày làm việc 02 ngày làm việc - Trung tâm Phục v ụ hành chính công thành phố Không quy định - Luật Thú y só 79/2015/QH13. - Luật số 146/2025/QH15 sửa
2026-05-25,1897/QĐ-UBND,2.001558,"Cấp giấy chứng nhận kiểm dịch động vật, sản phẩm động vật thủy sản xuất khẩu mang theo người, gửi qua đường bưu điện",NÔNG NGHIỆP VÀ MÔI TRƯỜNG,modified,Sửa đổi/bổ sung,province,2026-05-25,current,https://giavien.haiphong.gov.vn/so-nong-nghiep-va-moi-truong-92289/quyet-dinh-so-1897-qd-ubnd-ngay-25-5-2026-ve-viec-cong-bo-danh-muc-thu-tuc-hanh-chinh-moi-ban-ha-904676,https://cdn.haiphong.gov.vn/gov-hpg/6798/tintuc/2026/5/qd-1897-ngay-25.5.2026-ubnd-hp-cong-bo-dm-tthc-moi-sua-doi-bo-sung-bai-bo-lvuc-bdkh-cnty-qldd-va-pctt-tl-tnn-mt-dat-dai639153846685150604.pdf,aeee91de4d22553182e05bf872a300640cb2ddb21413d56a9aa1bbbb191bc9d8,"- Nghị quyết s ố 66.19/2026/NQ-CP ngày 18/5/2026. 4 2.001558 Cấp gi ấy ch ứng nh ận kiểm d ịch đ ộng v ật, sản ph ẩm đ ộng v ật thủy s ản xu ất kh ẩu mang theo ngư ời, gửi qua đường bưu điện - Trường h ợp không ph ải lấy m ẫu xét nghiệm, hồ sơ đầy đ ủ, h ợp lệ: 01 ngày làm việc - Đối v ới lô hàng ph ải l ấy mẫu xét nghiệm: 05 ngày làm việc"
2026-05-25,1897/QĐ-UBND,2.001872,Cấp Giấy chứng nhận thực hành tốt sản xuất thuốc thú y (GMP),NÔNG NGHIỆP VÀ MÔI TRƯỜNG,modified,Sửa đổi/bổ sung,province,2026-05-25,not_in_current_master,https://giavien.haiphong.gov.vn/so-nong-nghiep-va-moi-truong-92289/quyet-dinh-so-1897-qd-ubnd-ngay-25-5-2026-ve-viec-cong-bo-danh-muc-thu-tuc-hanh-chinh-moi-ban-ha-904676,https://cdn.haiphong.gov.vn/gov-hpg/6798/tintuc/2026/5/qd-1897-ngay-25.5.2026-ubnd-hp-cong-bo-dm-tthc-moi-sua-doi-bo-sung-bai-bo-lvuc-bdkh-cnty-qldd-va-pctt-tl-tnn-mt-dat-dai639153846685150604.pdf,aeee91de4d22553182e05bf872a300640cb2ddb21413d56a9aa1bbbb191bc9d8,24/2021/TT-BTC ngày 31/3/2021). II LĨNH VỰC THÚ Y 1 2.001872 Cấp Giấy chứng nhận thực hành tốt sản xuất thuốc thú y (GMP) 12 ngày làm việc Không th ực hiện cắt giảm - Trung tâm Phục v ụ hành chính Phí thẩm định tiêu chuẩn và điều kiện sản xuất thuốc thú - Luật Thú y só 79/2015/QH13. - Luật số 146/2025/QH15 sửa
2026-05-25,1897/QĐ-UBND,2.002848,Hủy đăng ký tín ch ỉ các-bon tự nguyện,NÔNG NGHIỆP VÀ MÔI TRƯỜNG,reduced,Có bằng chứng trong phụ lục về nội dung sau cắt giảm,shared,2026-05-25,current,https://giavien.haiphong.gov.vn/so-nong-nghiep-va-moi-truong-92289/quyet-dinh-so-1897-qd-ubnd-ngay-25-5-2026-ve-viec-cong-bo-danh-muc-thu-tuc-hanh-chinh-moi-ban-ha-904676,https://cdn.haiphong.gov.vn/gov-hpg/6798/tintuc/2026/5/qd-1897-ngay-25.5.2026-ubnd-hp-cong-bo-dm-tthc-moi-sua-doi-bo-sung-bai-bo-lvuc-bdkh-cnty-qldd-va-pctt-tl-tnn-mt-dat-dai639153846685150604.pdf,aeee91de4d22553182e05bf872a300640cb2ddb21413d56a9aa1bbbb191bc9d8,"thực hiện Phí, lệ phí Căn cứ pháp lý Theo quy định Sau cắt giảm 6 2.002848 Hủy đăng ký tín ch ỉ các-bon tự nguyện 02 ngày làm việc Không th ực hiện cắt giảm - Trung tâm Phục v ụ hành chính công thành phố - Trung tâm Phục v ụ hành chính công cấp xã Không quy định - Thông tư s ố"
2026-05-25,1897/QĐ-UBND,2.002849,"Chuyển quyền sở hữu hạn ngạch phát thải khí nhà kính, tín chỉ các-bon ngoài hệ thống giao dịch các-bon",NÔNG NGHIỆP VÀ MÔI TRƯỜNG,modified,Sửa đổi/bổ sung,shared,2026-05-25,current,https://giavien.haiphong.gov.vn/so-nong-nghiep-va-moi-truong-92289/quyet-dinh-so-1897-qd-ubnd-ngay-25-5-2026-ve-viec-cong-bo-danh-muc-thu-tuc-hanh-chinh-moi-ban-ha-904676,https://cdn.haiphong.gov.vn/gov-hpg/6798/tintuc/2026/5/qd-1897-ngay-25.5.2026-ubnd-hp-cong-bo-dm-tthc-moi-sua-doi-bo-sung-bai-bo-lvuc-bdkh-cnty-qldd-va-pctt-tl-tnn-mt-dat-dai639153846685150604.pdf,aeee91de4d22553182e05bf872a300640cb2ddb21413d56a9aa1bbbb191bc9d8,"- Quyết đ ịnh s ố 201/2025/QĐ-UBND ngày 30/10/2025. 7 2.002849 Chuyển quyền sở hữu hạn ng ạch phát th ải khí nhà kính, tín ch ỉ các-bon ngoài h ệ thống giao d ịch các - bon 07 ngày làm việc 3,5 ngày làm việc - Trung tâm Phục v ụ hành chính công thành phố - Trung tâm Phục v ụ hành chính"
2026-05-25,1897/QĐ-UBND,3.000125,"Chấp thu ận trao đ ổi quốc t ế nguồn gen giống v ật nuôi có trong danh mục giống vật nuôi c ấm xu ất khẩu đ ể phục v ụ nghiên cứu khoa h ọc, triển lãm, quảng cáo",NÔNG NGHIỆP VÀ MÔI TRƯỜNG,reduced,Có bằng chứng trong phụ lục về nội dung sau cắt giảm,province,2026-05-25,current,https://giavien.haiphong.gov.vn/so-nong-nghiep-va-moi-truong-92289/quyet-dinh-so-1897-qd-ubnd-ngay-25-5-2026-ve-viec-cong-bo-danh-muc-thu-tuc-hanh-chinh-moi-ban-ha-904676,https://cdn.haiphong.gov.vn/gov-hpg/6798/tintuc/2026/5/qd-1897-ngay-25.5.2026-ubnd-hp-cong-bo-dm-tthc-moi-sua-doi-bo-sung-bai-bo-lvuc-bdkh-cnty-qldd-va-pctt-tl-tnn-mt-dat-dai639153846685150604.pdf,aeee91de4d22553182e05bf872a300640cb2ddb21413d56a9aa1bbbb191bc9d8,"Theo quy định Sau cắt giảm I LĨNH VỰC CHĂN NUÔI 1 3.000125 Chấp thu ận trao đ ổi quốc t ế nguồn gen giống v ật nuôi có trong danh mục giống vật nuôi c ấm xu ất khẩu đ ể phục v ụ nghiên cứu khoa h ọc, triển lãm, quảng cáo 15 ngày làm việc 7,5 ngày làm việc - Trung tâm Phục v ụ hành chính công thành phố - Trung tâm"
2026-05-25,1897/QĐ-UBND,3.000127,"Công bố thông tin s ản phẩm thức ăn b ổ sung sản xuất trong nước Mục II Phần A Phụ lục II Nghị quyết số 66.19/2026/NQ- CP ngày 18/5/2026 c ủa Chính ph ủ về cắt gi ảm, phân quyền, đơn giản hóa thủ tục hành chính và cắt giảm, đơn",NÔNG NGHIỆP VÀ MÔI TRƯỜNG,repealed,Bãi bỏ,province,2026-05-25,repealed,https://giavien.haiphong.gov.vn/so-nong-nghiep-va-moi-truong-92289/quyet-dinh-so-1897-qd-ubnd-ngay-25-5-2026-ve-viec-cong-bo-danh-muc-thu-tuc-hanh-chinh-moi-ban-ha-904676,https://cdn.haiphong.gov.vn/gov-hpg/6798/tintuc/2026/5/qd-1897-ngay-25.5.2026-ubnd-hp-cong-bo-dm-tthc-moi-sua-doi-bo-sung-bai-bo-lvuc-bdkh-cnty-qldd-va-pctt-tl-tnn-mt-dat-dai639153846685150604.pdf,aeee91de4d22553182e05bf872a300640cb2ddb21413d56a9aa1bbbb191bc9d8,"quyền, đơn giản hóa thủ tục hành chính và cắt giảm, đơn giản hóa điều kiện kinh doanh thuộc phạm vi quản lý của Bộ Nông nghiệp và Môi trường 3 3.000127 Công bố thông tin s ản phẩm thức ăn b ổ sung sản xuất trong nước Mục II Phần A Phụ lục II Nghị quyết số 66.19/2026/NQ- CP ngày 18/5/2026 c ủa Chính ph ủ về cắt gi ảm, phân quyền, đơn giản hóa thủ tục hành chính và cắt giảm, đơn giản hóa điều kiện kinh doanh thuộc phạm vi quản lý của Bộ Nông nghiệp và Môi trường 4 3.000128 Công bố thông tin s ản p"
2026-05-25,1897/QĐ-UBND,3.000128,"Công bố thông tin s ản phẩm thức ăn b ổ sung nhập khẩu Mục III Phần A Phụ lục II Nghị quyết số 66.19/2026/NQ- CP ngày 18/5/2026 c ủa Chính ph ủ về cắt gi ảm, phân quyền, đơn giản hóa thủ tục hành chính và cắt giảm, đơn",NÔNG NGHIỆP VÀ MÔI TRƯỜNG,repealed,Bãi bỏ,province,2026-05-25,repealed,https://giavien.haiphong.gov.vn/so-nong-nghiep-va-moi-truong-92289/quyet-dinh-so-1897-qd-ubnd-ngay-25-5-2026-ve-viec-cong-bo-danh-muc-thu-tuc-hanh-chinh-moi-ban-ha-904676,https://cdn.haiphong.gov.vn/gov-hpg/6798/tintuc/2026/5/qd-1897-ngay-25.5.2026-ubnd-hp-cong-bo-dm-tthc-moi-sua-doi-bo-sung-bai-bo-lvuc-bdkh-cnty-qldd-va-pctt-tl-tnn-mt-dat-dai639153846685150604.pdf,aeee91de4d22553182e05bf872a300640cb2ddb21413d56a9aa1bbbb191bc9d8,"quyền, đơn giản hóa thủ tục hành chính và cắt giảm, đơn giản hóa điều kiện kinh doanh thuộc phạm vi quản lý của Bộ Nông nghiệp và Môi trường 4 3.000128 Công bố thông tin s ản phẩm thức ăn b ổ sung nhập khẩu Mục III Phần A Phụ lục II Nghị quyết số 66.19/2026/NQ- CP ngày 18/5/2026 c ủa Chính ph ủ về cắt gi ảm, phân quyền, đơn giản hóa thủ tục hành chính và cắt giảm, đơn"
2026-05-25,1897/QĐ-UBND,3.000129,"Công bố lại thông tin sản phẩm thức ăn bổ sung Mục IV Phần A Phụ lục II Nghị quyết số 66.19/2026/NQ- CP ngày 18/5/2026 c ủa Chính ph ủ về cắt gi ảm, phân quyền, đơn giản hóa thủ tục hành chính và cắt giảm, đơn giản hóa điều kiện kinh doanh thuộc phạm vi quản lý của",NÔNG NGHIỆP VÀ MÔI TRƯỜNG,repealed,Bãi bỏ,province,2026-05-25,repealed,https://giavien.haiphong.gov.vn/so-nong-nghiep-va-moi-truong-92289/quyet-dinh-so-1897-qd-ubnd-ngay-25-5-2026-ve-viec-cong-bo-danh-muc-thu-tuc-hanh-chinh-moi-ban-ha-904676,https://cdn.haiphong.gov.vn/gov-hpg/6798/tintuc/2026/5/qd-1897-ngay-25.5.2026-ubnd-hp-cong-bo-dm-tthc-moi-sua-doi-bo-sung-bai-bo-lvuc-bdkh-cnty-qldd-va-pctt-tl-tnn-mt-dat-dai639153846685150604.pdf,aeee91de4d22553182e05bf872a300640cb2ddb21413d56a9aa1bbbb191bc9d8,"chính giản hóa điều kiện kinh doanh thuộc phạm vi quản lý của Bộ Nông nghiệp và Môi trường 5 3.000129 Công bố lại thông tin sản phẩm thức ăn bổ sung Mục IV Phần A Phụ lục II Nghị quyết số 66.19/2026/NQ- CP ngày 18/5/2026 c ủa Chính ph ủ về cắt gi ảm, phân quyền, đơn giản hóa thủ tục hành chính và cắt giảm, đơn giản hóa điều kiện kinh doanh thuộc phạm vi quản lý của Bộ Nông nghiệp và Môi trường 6 3.000130 Thay đổi thông tin sản phẩm thức ăn bổ sung Mục V Phần A Phụ lục II Nghị quyết số 66.19/2026"
2026-05-25,1897/QĐ-UBND,3.000130,"Thay đổi thông tin sản phẩm thức ăn bổ sung Mục V Phần A Phụ lục II Nghị quyết số 66.19/2026/NQ- CP ngày 18/5/2026 c ủa Chính ph ủ về cắt gi ảm, phân quyền, đơn giản hóa thủ tục hành chính và cắt giảm, đơn giản hóa điều kiện kinh doanh thuộc phạm vi quản lý của",NÔNG NGHIỆP VÀ MÔI TRƯỜNG,repealed,Bãi bỏ,province,2026-05-25,repealed,https://giavien.haiphong.gov.vn/so-nong-nghiep-va-moi-truong-92289/quyet-dinh-so-1897-qd-ubnd-ngay-25-5-2026-ve-viec-cong-bo-danh-muc-thu-tuc-hanh-chinh-moi-ban-ha-904676,https://cdn.haiphong.gov.vn/gov-hpg/6798/tintuc/2026/5/qd-1897-ngay-25.5.2026-ubnd-hp-cong-bo-dm-tthc-moi-sua-doi-bo-sung-bai-bo-lvuc-bdkh-cnty-qldd-va-pctt-tl-tnn-mt-dat-dai639153846685150604.pdf,aeee91de4d22553182e05bf872a300640cb2ddb21413d56a9aa1bbbb191bc9d8,"quyền, đơn giản hóa thủ tục hành chính và cắt giảm, đơn giản hóa điều kiện kinh doanh thuộc phạm vi quản lý của Bộ Nông nghiệp và Môi trường 6 3.000130 Thay đổi thông tin sản phẩm thức ăn bổ sung Mục V Phần A Phụ lục II Nghị quyết số 66.19/2026/NQ- CP ngày 18/5/2026 c ủa Chính ph ủ về cắt gi ảm, phân quyền, đơn giản hóa thủ tục hành chính và cắt giảm, đơn giản hóa điều kiện kinh doanh thuộc phạm vi quản lý của Bộ Nông nghiệp và Môi trường II LĨNH VỰC QUẢN LÝ ĐÊ ĐIỀU VÀ PHÒNG, CHỐNG THIÊN TAI1 1 "
2026-05-29,2032/QĐ-UBND,1.000922,000.00.00.H24 Thủ tục cấp Giấy phép điều chỉnh Giấy phép đủ điều kiện kinh doanh dịch vụ vũ trường II LĨNH VỰC BÁO CHÍ (Bị bãi bỏ từ ngày 20/5/2026 đến ngày 28/02/2027),VĂN HÓA,repealed,Bãi bỏ,province,2026-05-29,repealed,https://giavien.haiphong.gov.vn/so-van-hoa-the-thao-va-du-lich-92284/qd-2032-ve-viec-cong-bo-danh-muc-thu-tuc-hanh-chinh-moi-ban-hanh-duoc-sua-doi-bo-sung-va-bi-bai--910186,https://cdn.haiphong.gov.vn/gov-hpg/6798/tintuc/2026/6/qd-2032639161842299651591.pdf,0b10427989639b51f62860122ca29c9ad185b0ce4078625dcacc279771f223d7,"karaoke 3 1.001008.000.00.00.H24 Thủ tục cấp giấy phép đủ điều kiện kinh doanh dịch vụ vũ trường 4 1.000922.000.00.00.H24 Thủ tục cấp Giấy phép điều chỉnh Giấy phép đủ điều kiện kinh doanh dịch vụ vũ trường II LĨNH VỰC BÁO CHÍ (Bị bãi bỏ từ ngày 20/5/2026 đến ngày 28/02/2027) 5 1.013786.H24 Thủ tục cấp giấy phép sửa đổi, bổ sung những nội dung giấy phép xuất bản phụ trương đối với cơ quan báo chí của địa phương Nghị quyết số 66.18/2026/NQ- CP ngày 18 tháng 5 năm 2026 của Chính phủ 6 1.013787.H24"
2026-05-29,2032/QĐ-UBND,1.000963,000.00.00.H24 Thủ tục cấp giấy phép điều chỉnh Giấy phép đủ điều kiện kinh doanh dịch vụ karaoke - Nghị quyết s ố 66.18/2026/NQ- CP ngày 18 tháng 5 năm 2026 của Chính phủ,VĂN HÓA,repealed,Bãi bỏ,province,2026-05-29,repealed,https://giavien.haiphong.gov.vn/so-van-hoa-the-thao-va-du-lich-92284/qd-2032-ve-viec-cong-bo-danh-muc-thu-tuc-hanh-chinh-moi-ban-hanh-duoc-sua-doi-bo-sung-va-bi-bai--910186,https://cdn.haiphong.gov.vn/gov-hpg/6798/tintuc/2026/6/qd-2032639161842299651591.pdf,0b10427989639b51f62860122ca29c9ad185b0ce4078625dcacc279771f223d7,tục hành chính A THỦ TỤC HÀNH CHÍNH CẤP TỈNH I LĨNH VỰC VĂN HÓA (Bị bãi bỏ từ ngày 01/7/2026 đến ngày 28/02/2027) 1 1.000963.000.00.00.H24 Thủ tục cấp giấy phép điều chỉnh Giấy phép đủ điều kiện kinh doanh dịch vụ karaoke - Nghị quyết s ố 66.18/2026/NQ- CP ngày 18 tháng 5 năm 2026 của Chính phủ 2 1.001029.000.00.00.H24 Thủ tục cấp giấy phép đủ điều kiện kinh doanh dịch vụ karaoke 3 1.001008.000.00.00.H24 Thủ tục cấp giấy phép đủ điều kiện kinh doanh dịch vụ vũ trường 4 1.000922.000.00.00.H24 Thủ
2026-05-29,2032/QĐ-UBND,1.001008,000.00.00.H24 Thủ tục cấp giấy phép đủ điều kiện kinh doanh dịch vụ vũ trường,VĂN HÓA,repealed,Bãi bỏ,province,2026-05-29,repealed,https://giavien.haiphong.gov.vn/so-van-hoa-the-thao-va-du-lich-92284/qd-2032-ve-viec-cong-bo-danh-muc-thu-tuc-hanh-chinh-moi-ban-hanh-duoc-sua-doi-bo-sung-va-bi-bai--910186,https://cdn.haiphong.gov.vn/gov-hpg/6798/tintuc/2026/6/qd-2032639161842299651591.pdf,0b10427989639b51f62860122ca29c9ad185b0ce4078625dcacc279771f223d7,"của Chính phủ 2 1.001029.000.00.00.H24 Thủ tục cấp giấy phép đủ điều kiện kinh doanh dịch vụ karaoke 3 1.001008.000.00.00.H24 Thủ tục cấp giấy phép đủ điều kiện kinh doanh dịch vụ vũ trường 4 1.000922.000.00.00.H24 Thủ tục cấp Giấy phép điều chỉnh Giấy phép đủ điều kiện kinh doanh dịch vụ vũ trường II LĨNH VỰC BÁO CHÍ (Bị bãi bỏ từ ngày 20/5/2026 đến ngày 28/02/2027) 5 1.013786.H24 Thủ tục cấp giấy phép sửa đổi, bổ sung những nội dung giấy phép xuất bản phụ trương đối với cơ quan báo chí của địa"
2026-05-29,2032/QĐ-UBND,1.001029,000.00.00.H24 Thủ tục cấp giấy phép đủ điều kiện kinh doanh dịch vụ karaoke,VĂN HÓA,repealed,Bãi bỏ,province,2026-05-29,repealed,https://giavien.haiphong.gov.vn/so-van-hoa-the-thao-va-du-lich-92284/qd-2032-ve-viec-cong-bo-danh-muc-thu-tuc-hanh-chinh-moi-ban-hanh-duoc-sua-doi-bo-sung-va-bi-bai--910186,https://cdn.haiphong.gov.vn/gov-hpg/6798/tintuc/2026/6/qd-2032639161842299651591.pdf,0b10427989639b51f62860122ca29c9ad185b0ce4078625dcacc279771f223d7,"- Nghị quyết s ố 66.18/2026/NQ- CP ngày 18 tháng 5 năm 2026 của Chính phủ 2 1.001029.000.00.00.H24 Thủ tục cấp giấy phép đủ điều kiện kinh doanh dịch vụ karaoke 3 1.001008.000.00.00.H24 Thủ tục cấp giấy phép đủ điều kiện kinh doanh dịch vụ vũ trường 4 1.000922.000.00.00.H24 Thủ tục cấp Giấy phép điều chỉnh Giấy phép đủ điều kiện kinh doanh dịch vụ vũ trường II LĨNH VỰC BÁO CHÍ (Bị bãi bỏ từ ngày 20/5/2026 đến ngày 28/02/2027) 5 1.013786.H24 Thủ tục cấp giấy phép sửa đổi, bổ sung những nội dung g"
2026-05-29,2032/QĐ-UBND,1.003114,000.00.00.H24 Thủ tục cấp giấy xác nhận đăng ký hoạt động phát hành xuất bản phẩm Nghị quyết số 66.18/2026/NQ- CP ngày 18 tháng 5 năm 2026 của Chính phủ,VĂN HÓA,repealed,Bãi bỏ,province,2026-05-29,repealed,https://giavien.haiphong.gov.vn/so-van-hoa-the-thao-va-du-lich-92284/qd-2032-ve-viec-cong-bo-danh-muc-thu-tuc-hanh-chinh-moi-ban-hanh-duoc-sua-doi-bo-sung-va-bi-bai--910186,https://cdn.haiphong.gov.vn/gov-hpg/6798/tintuc/2026/6/qd-2032639161842299651591.pdf,0b10427989639b51f62860122ca29c9ad185b0ce4078625dcacc279771f223d7,Nghị quyết số 66.18/2026/NQ- CP ngày 18 tháng 5 năm 2026 của Chính phủ 11 1.003114.000.00.00.H24 Thủ tục cấp giấy xác nhận đăng ký hoạt động phát hành xuất bản phẩm Nghị quyết số 66.18/2026/NQ- CP ngày 18 tháng 5 năm 2026 của Chính phủ 12 1.008201.000.00.00.H24 Cấp lại giấy xác nhận đăng ký hoạt động phát hành xuất bản phẩm 13 1.004260.000.00.00.H24 Cấp lại giấy phép hoạt động kinh doanh nhập khẩu xuất bản phẩm IV LĨNH VỰC PHÁT THANH TRUYỀN HÌNH VÀ THÔNG TIN ĐIỆN TỬ (Bị bãi bỏ từ ngày 20/5/2026 
2026-05-29,2032/QĐ-UBND,1.003725,000.00.00.H24 Cấp giấy phép nhập khẩu xuất bản phẩm không kinh doanh (địa phương) Nghị quyết số 66.18/2026/NQ- CP ngày 18 tháng 5 năm 2026 của Chính phủ,VĂN HÓA,repealed,Bãi bỏ,province,2026-05-29,repealed,https://giavien.haiphong.gov.vn/so-van-hoa-the-thao-va-du-lich-92284/qd-2032-ve-viec-cong-bo-danh-muc-thu-tuc-hanh-chinh-moi-ban-hanh-duoc-sua-doi-bo-sung-va-bi-bai--910186,https://cdn.haiphong.gov.vn/gov-hpg/6798/tintuc/2026/6/qd-2032639161842299651591.pdf,0b10427989639b51f62860122ca29c9ad185b0ce4078625dcacc279771f223d7,"Cho phép họp báo nước ngoài (địa phương) III LĨNH VỰC XUẤT BẢN, IN VÀ PHÁT HÀNH (Bị bãi bỏ từ ngày 20/5/2026 đến ngày 28/02/2027) 10 1.003725.000.00.00.H24 Cấp giấy phép nhập khẩu xuất bản phẩm không kinh doanh (địa phương) Nghị quyết số 66.18/2026/NQ- CP ngày 18 tháng 5 năm 2026 của Chính phủ 11 1.003114.000.00.00.H24 Thủ tục cấp giấy xác nhận đăng ký hoạt động phát hành xuất bản phẩm Nghị quyết số 66.18/2026/NQ- CP ngày 18 tháng 5 năm 2026 của Chính phủ 12 1.008201.000.00.00.H24 Cấp lại giấy x"
2026-05-29,2032/QĐ-UBND,1.004260,000.00.00.H24 Cấp lại giấy phép hoạt động kinh doanh nhập khẩu xuất bản phẩm IV LĨNH VỰC PHÁT THANH TRUYỀN HÌNH VÀ THÔNG TIN ĐIỆN TỬ (Bị bãi bỏ từ ngày 20/5/2026 đến ngày 28/02/2027),VĂN HÓA,repealed,Bãi bỏ,province,2026-05-29,repealed,https://giavien.haiphong.gov.vn/so-van-hoa-the-thao-va-du-lich-92284/qd-2032-ve-viec-cong-bo-danh-muc-thu-tuc-hanh-chinh-moi-ban-hanh-duoc-sua-doi-bo-sung-va-bi-bai--910186,https://cdn.haiphong.gov.vn/gov-hpg/6798/tintuc/2026/6/qd-2032639161842299651591.pdf,0b10427989639b51f62860122ca29c9ad185b0ce4078625dcacc279771f223d7,"của Chính phủ 12 1.008201.000.00.00.H24 Cấp lại giấy xác nhận đăng ký hoạt động phát hành xuất bản phẩm 13 1.004260.000.00.00.H24 Cấp lại giấy phép hoạt động kinh doanh nhập khẩu xuất bản phẩm IV LĨNH VỰC PHÁT THANH TRUYỀN HÌNH VÀ THÔNG TIN ĐIỆN TỬ (Bị bãi bỏ từ ngày 20/5/2026 đến ngày 28/02/2027) 14 1.014861.H24 Thủ tục sửa đổi, bổ sung nội dung Giấy phép sản xuất kênh chương trình chuyên quảng cáo (cấp tỉnh) Nghị quyết số 66.18/2026/NQ-CP ngày 18 tháng 5 năm 2026 c ủa Chính phủ B THỦ TỤC HÀNH "
2026-05-29,2032/QĐ-UBND,1.008201,000.00.00.H24 Cấp lại giấy xác nhận đăng ký hoạt động phát hành xuất bản phẩm,VĂN HÓA,repealed,Bãi bỏ,province,2026-05-29,repealed,https://giavien.haiphong.gov.vn/so-van-hoa-the-thao-va-du-lich-92284/qd-2032-ve-viec-cong-bo-danh-muc-thu-tuc-hanh-chinh-moi-ban-hanh-duoc-sua-doi-bo-sung-va-bi-bai--910186,https://cdn.haiphong.gov.vn/gov-hpg/6798/tintuc/2026/6/qd-2032639161842299651591.pdf,0b10427989639b51f62860122ca29c9ad185b0ce4078625dcacc279771f223d7,"xuất bản phẩm Nghị quyết số 66.18/2026/NQ- CP ngày 18 tháng 5 năm 2026 của Chính phủ 12 1.008201.000.00.00.H24 Cấp lại giấy xác nhận đăng ký hoạt động phát hành xuất bản phẩm 13 1.004260.000.00.00.H24 Cấp lại giấy phép hoạt động kinh doanh nhập khẩu xuất bản phẩm IV LĨNH VỰC PHÁT THANH TRUYỀN HÌNH VÀ THÔNG TIN ĐIỆN TỬ (Bị bãi bỏ từ ngày 20/5/2026 đến ngày 28/02/2027) 14 1.014861.H24 Thủ tục sửa đổi, bổ sung nội dung Giấy phép sản xuất kênh chương trình chuyên quảng cáo (cấp tỉnh) Nghị quyết số 6"
2026-05-29,2032/QĐ-UBND,1.013783,"H24 Thủ tục cấp giấy phép sửa đổi, bổ sung những nội dung ghi trong giấy phép xuất bản thêm ấn phẩm đối với cơ quan báo chí của địa phương",VĂN HÓA,repealed,Bãi bỏ,province,2026-05-29,repealed,https://giavien.haiphong.gov.vn/so-van-hoa-the-thao-va-du-lich-92284/qd-2032-ve-viec-cong-bo-danh-muc-thu-tuc-hanh-chinh-moi-ban-hanh-duoc-sua-doi-bo-sung-va-bi-bai--910186,https://cdn.haiphong.gov.vn/gov-hpg/6798/tintuc/2026/6/qd-2032639161842299651591.pdf,0b10427989639b51f62860122ca29c9ad185b0ce4078625dcacc279771f223d7,"6 1.013787.H24 Thủ tục chấp thuận thay đổi nội dung ghi trong giấy phép xuất bản phụ trương đối với cơ quan báo chí của địa phương 7 1.013783.H24 Thủ tục cấp giấy phép sửa đổi, bổ sung những nội dung ghi trong giấy phép xuất bản thêm ấn phẩm đối với cơ quan báo chí của địa phương"
2026-05-29,2032/QĐ-UBND,1.013784,Thủ tục chấp thuận thay đ ổi n ội dung,VĂN HÓA,reduced,Có bằng chứng trong phụ lục về nội dung sau cắt giảm,province,2026-05-29,current,https://giavien.haiphong.gov.vn/so-van-hoa-the-thao-va-du-lich-92284/qd-2032-ve-viec-cong-bo-danh-muc-thu-tuc-hanh-chinh-moi-ban-hanh-duoc-sua-doi-bo-sung-va-bi-bai--910186,https://cdn.haiphong.gov.vn/gov-hpg/6798/tintuc/2026/6/qd-2032639161842299651591.pdf,0b10427989639b51f62860122ca29c9ad185b0ce4078625dcacc279771f223d7,Sau cắt giảm I LĨNH VỰC BÁO CHÍ (Hiệu lực thi hành từ 20/5/2026) 1 1.013784 Thủ tục chấp thuận thay đ ổi n ội dung 10 ngày làm việc 05 ngày làm việc - Trung tâm Phục v ụ hành Không quy định - Luật Báo chí s ố 103/2016/QH13;
2026-05-29,2032/QĐ-UBND,1.013786,"H24 Thủ tục cấp giấy phép sửa đổi, bổ sung những nội dung giấy phép xuất bản phụ trương đối với cơ quan báo chí của địa phương Nghị quyết số 66.18/2026/NQ- CP ngày 18 tháng 5 năm 2026 của Chính phủ",VĂN HÓA,repealed,Bãi bỏ,province,2026-05-29,repealed,https://giavien.haiphong.gov.vn/so-van-hoa-the-thao-va-du-lich-92284/qd-2032-ve-viec-cong-bo-danh-muc-thu-tuc-hanh-chinh-moi-ban-hanh-duoc-sua-doi-bo-sung-va-bi-bai--910186,https://cdn.haiphong.gov.vn/gov-hpg/6798/tintuc/2026/6/qd-2032639161842299651591.pdf,0b10427989639b51f62860122ca29c9ad185b0ce4078625dcacc279771f223d7,"4 1.000922.000.00.00.H24 Thủ tục cấp Giấy phép điều chỉnh Giấy phép đủ điều kiện kinh doanh dịch vụ vũ trường II LĨNH VỰC BÁO CHÍ (Bị bãi bỏ từ ngày 20/5/2026 đến ngày 28/02/2027) 5 1.013786.H24 Thủ tục cấp giấy phép sửa đổi, bổ sung những nội dung giấy phép xuất bản phụ trương đối với cơ quan báo chí của địa phương Nghị quyết số 66.18/2026/NQ- CP ngày 18 tháng 5 năm 2026 của Chính phủ 6 1.013787.H24 Thủ tục chấp thuận thay đổi nội dung ghi trong giấy phép xuất bản phụ trương đối với cơ quan báo"
2026-05-29,2032/QĐ-UBND,1.013787,H24 Thủ tục chấp thuận thay đổi nội dung ghi trong giấy phép xuất bản phụ trương đối với cơ quan báo chí của địa phương,VĂN HÓA,repealed,Bãi bỏ,province,2026-05-29,repealed,https://giavien.haiphong.gov.vn/so-van-hoa-the-thao-va-du-lich-92284/qd-2032-ve-viec-cong-bo-danh-muc-thu-tuc-hanh-chinh-moi-ban-hanh-duoc-sua-doi-bo-sung-va-bi-bai--910186,https://cdn.haiphong.gov.vn/gov-hpg/6798/tintuc/2026/6/qd-2032639161842299651591.pdf,0b10427989639b51f62860122ca29c9ad185b0ce4078625dcacc279771f223d7,"Nghị quyết số 66.18/2026/NQ- CP ngày 18 tháng 5 năm 2026 của Chính phủ 6 1.013787.H24 Thủ tục chấp thuận thay đổi nội dung ghi trong giấy phép xuất bản phụ trương đối với cơ quan báo chí của địa phương 7 1.013783.H24 Thủ tục cấp giấy phép sửa đổi, bổ sung những nội dung ghi trong giấy phép xuất bản thêm ấn phẩm đối với cơ quan báo chí của địa phương"
2026-05-29,2032/QĐ-UBND,1.014475,Thủ tục hành chính liên thông điện tử về cấp Giấy phép đủ điều kiện kinh doanh dịch vụ karaoke Nghị quyết số 66.18/2026/NQ-CP ngày 18 tháng 5 năm 2026 c ủa Chính phủ,VĂN HÓA,repealed,Bãi bỏ,commune,2026-05-29,repealed,https://giavien.haiphong.gov.vn/so-van-hoa-the-thao-va-du-lich-92284/qd-2032-ve-viec-cong-bo-danh-muc-thu-tuc-hanh-chinh-moi-ban-hanh-duoc-sua-doi-bo-sung-va-bi-bai--910186,https://cdn.haiphong.gov.vn/gov-hpg/6798/tintuc/2026/6/qd-2032639161842299651591.pdf,0b10427989639b51f62860122ca29c9ad185b0ce4078625dcacc279771f223d7,Chính phủ B THỦ TỤC HÀNH CHÍNH LIÊN THÔNG CẤP XÃ I LĨNH VỰC VĂN HÓA (Bị bãi bỏ từ ngày 01/7/2026 đến ngày 28/02/2027) 1 1.014475 Thủ tục hành chính liên thông điện tử về cấp Giấy phép đủ điều kiện kinh doanh dịch vụ karaoke Nghị quyết số 66.18/2026/NQ-CP ngày 18 tháng 5 năm 2026 c ủa Chính phủ
2026-05-29,2032/QĐ-UBND,1.014861,"H24 Thủ tục sửa đổi, bổ sung nội dung Giấy phép sản xuất kênh chương trình chuyên quảng cáo (cấp tỉnh) Nghị quyết số 66.18/2026/NQ-CP ngày 18 tháng 5 năm 2026 c ủa Chính phủ B THỦ TỤC HÀNH CHÍNH LIÊN THÔNG CẤP XÃ I LĨNH VỰC VĂN HÓA (Bị bãi bỏ từ ngày 01/7/2026 đến ngày 28/02/2027)",VĂN HÓA,repealed,Bãi bỏ,province,2026-05-29,repealed,https://giavien.haiphong.gov.vn/so-van-hoa-the-thao-va-du-lich-92284/qd-2032-ve-viec-cong-bo-danh-muc-thu-tuc-hanh-chinh-moi-ban-hanh-duoc-sua-doi-bo-sung-va-bi-bai--910186,https://cdn.haiphong.gov.vn/gov-hpg/6798/tintuc/2026/6/qd-2032639161842299651591.pdf,0b10427989639b51f62860122ca29c9ad185b0ce4078625dcacc279771f223d7,"bản phẩm IV LĨNH VỰC PHÁT THANH TRUYỀN HÌNH VÀ THÔNG TIN ĐIỆN TỬ (Bị bãi bỏ từ ngày 20/5/2026 đến ngày 28/02/2027) 14 1.014861.H24 Thủ tục sửa đổi, bổ sung nội dung Giấy phép sản xuất kênh chương trình chuyên quảng cáo (cấp tỉnh) Nghị quyết số 66.18/2026/NQ-CP ngày 18 tháng 5 năm 2026 c ủa Chính phủ B THỦ TỤC HÀNH CHÍNH LIÊN THÔNG CẤP XÃ I LĨNH VỰC VĂN HÓA (Bị bãi bỏ từ ngày 01/7/2026 đến ngày 28/02/2027) 1 1.014475 Thủ tục hành chính liên thông điện tử về cấp Giấy phép đủ điều kiện kinh doanh d"
2026-05-29,2032/QĐ-UBND,2.001171,000.00.00.H24 Cho phép họp báo trong nước (địa phương),VĂN HÓA,repealed,Bãi bỏ,province,2026-05-29,repealed,https://giavien.haiphong.gov.vn/so-van-hoa-the-thao-va-du-lich-92284/qd-2032-ve-viec-cong-bo-danh-muc-thu-tuc-hanh-chinh-moi-ban-hanh-duoc-sua-doi-bo-sung-va-bi-bai--910186,https://cdn.haiphong.gov.vn/gov-hpg/6798/tintuc/2026/6/qd-2032639161842299651591.pdf,0b10427989639b51f62860122ca29c9ad185b0ce4078625dcacc279771f223d7,"9 8 2.001171.000.00.00.H24 Cho phép họp báo trong nước (địa phương) 9 2.001173.000.00.00.H24 Cho phép họp báo nước ngoài (địa phương) III LĨNH VỰC XUẤT BẢN, IN VÀ PHÁT HÀNH (Bị bãi bỏ từ ngày 20/5/2026 đến ngày 28/02/2027) 10 1.003725.000.00.00.H24 Cấp giấy phép nhập khẩu xuất bản phẩm không kinh doanh (địa phương) Nghị quyết số 66.18/2026/NQ- CP ngày 18 tháng 5 năm 2026 của Chính phủ 11 1.003114.000.00.00.H24 Thủ tục cấp giấy xác nhận đăng ký hoạt động phát hành xuất bản phẩm Nghị quyết số 66.1"
2026-05-29,2032/QĐ-UBND,2.001173,"000.00.00.H24 Cho phép họp báo nước ngoài (địa phương) III LĨNH VỰC XUẤT BẢN, IN VÀ PHÁT HÀNH (Bị bãi bỏ từ ngày 20/5/2026 đến ngày 28/02/2027)",VĂN HÓA,repealed,Bãi bỏ,province,2026-05-29,repealed,https://giavien.haiphong.gov.vn/so-van-hoa-the-thao-va-du-lich-92284/qd-2032-ve-viec-cong-bo-danh-muc-thu-tuc-hanh-chinh-moi-ban-hanh-duoc-sua-doi-bo-sung-va-bi-bai--910186,https://cdn.haiphong.gov.vn/gov-hpg/6798/tintuc/2026/6/qd-2032639161842299651591.pdf,0b10427989639b51f62860122ca29c9ad185b0ce4078625dcacc279771f223d7,"8 2.001171.000.00.00.H24 Cho phép họp báo trong nước (địa phương) 9 2.001173.000.00.00.H24 Cho phép họp báo nước ngoài (địa phương) III LĨNH VỰC XUẤT BẢN, IN VÀ PHÁT HÀNH (Bị bãi bỏ từ ngày 20/5/2026 đến ngày 28/02/2027) 10 1.003725.000.00.00.H24 Cấp giấy phép nhập khẩu xuất bản phẩm không kinh doanh (địa phương) Nghị quyết số 66.18/2026/NQ- CP ngày 18 tháng 5 năm 2026 của Chính phủ 11 1.003114.000.00.00.H24 Thủ tục cấp giấy xác nhận đăng ký hoạt động phát hành xuất bản phẩm Nghị quyết số 66.18/"
2026-05-29,2032/QĐ-UBND,2.001737,Thủ tục Xác nh ận thay đ ổi thông tin,VĂN HÓA,modified,Sửa đổi/bổ sung,province,2026-05-29,current,https://giavien.haiphong.gov.vn/so-van-hoa-the-thao-va-du-lich-92284/qd-2032-ve-viec-cong-bo-danh-muc-thu-tuc-hanh-chinh-moi-ban-hanh-duoc-sua-doi-bo-sung-va-bi-bai--910186,https://cdn.haiphong.gov.vn/gov-hpg/6798/tintuc/2026/6/qd-2032639161842299651591.pdf,0b10427989639b51f62860122ca29c9ad185b0ce4078625dcacc279771f223d7,"66.18/2026/NQ-CP ngày 18 tháng 5 năm 2026 c ủa Chính phủ. 3 2.001737 Thủ tục Xác nh ận thay đ ổi thông tin 05 ngày làm việc 2,5 ngày làm việc - Trung tâm Phục v ụ hành Không quy định - Nghị định số 60/2014/NĐ-CP ngày 19/6/2014;"
2026-05-29,2032/QĐ-UBND,2.001740,Thủ tục Xác nh ận đăng ký ho ạt đ ộng in (cấp tỉnh),VĂN HÓA,modified,Sửa đổi/bổ sung,province,2026-05-29,current,https://giavien.haiphong.gov.vn/so-van-hoa-the-thao-va-du-lich-92284/qd-2032-ve-viec-cong-bo-danh-muc-thu-tuc-hanh-chinh-moi-ban-hanh-duoc-sua-doi-bo-sung-va-bi-bai--910186,https://cdn.haiphong.gov.vn/gov-hpg/6798/tintuc/2026/6/qd-2032639161842299651591.pdf,0b10427989639b51f62860122ca29c9ad185b0ce4078625dcacc279771f223d7,"tháng 5 năm 2026 c ủa Chính phủ. II LĨNH VỰC XUẤT BẢN, IN VÀ PHÁT HÀNH (Hiệu lực thi hành từ 01/7/2026) 2 2.001740 Thủ tục Xác nh ận đăng ký ho ạt đ ộng in (cấp tỉnh) 05 ngày làm việc 2,5 ngày làm việc - Trung tâm Phục v ụ hành chính công thành phố. - Trung tâm Phục v ụ hành chính công các xã, phường, đặc khu. Không quy định"
2026-05-29,2032/QĐ-UBND,3.000569,Thủ tục Xác nh ận đăng ký ho ạt đ ộng in (cấp xã),VĂN HÓA,reduced,Có bằng chứng trong phụ lục về nội dung sau cắt giảm,commune,2026-05-29,current,https://giavien.haiphong.gov.vn/so-van-hoa-the-thao-va-du-lich-92284/qd-2032-ve-viec-cong-bo-danh-muc-thu-tuc-hanh-chinh-moi-ban-hanh-duoc-sua-doi-bo-sung-va-bi-bai--910186,https://cdn.haiphong.gov.vn/gov-hpg/6798/tintuc/2026/6/qd-2032639161842299651591.pdf,0b10427989639b51f62860122ca29c9ad185b0ce4078625dcacc279771f223d7,"Sau cắt giảm I LĨNH VỰC XUẤT BẢN, IN VÀ PHÁT HÀNH (Hiệu lực thi hành từ 01/7/2026) 1 3.000569 Thủ tục Xác nh ận đăng ký ho ạt đ ộng in (cấp xã) 05 ngày làm việc 2,5 ngày làm việc - Trung tâm Phục v ụ hành chính công thành phố. - Trung tâm Phục v ụ hành chính công các xã, phường, đặc khu. Không quy định"
2026-05-29,2032/QĐ-UBND,3.000570,Thủ tục Xác nh ận thay đ ổi thông tin đăng ký ho ạt đ ộng in (cấp xã),VĂN HÓA,modified,Sửa đổi/bổ sung,commune,2026-05-29,current,https://giavien.haiphong.gov.vn/so-van-hoa-the-thao-va-du-lich-92284/qd-2032-ve-viec-cong-bo-danh-muc-thu-tuc-hanh-chinh-moi-ban-hanh-duoc-sua-doi-bo-sung-va-bi-bai--910186,https://cdn.haiphong.gov.vn/gov-hpg/6798/tintuc/2026/6/qd-2032639161842299651591.pdf,0b10427989639b51f62860122ca29c9ad185b0ce4078625dcacc279771f223d7,"66.18/2026/NQ-CP ngày 18 tháng 5 năm 2026 c ủa Chính phủ. 2 3.000570 Thủ tục Xác nh ận thay đ ổi thông tin đăng ký ho ạt đ ộng in (cấp xã) 05 ngày làm việc 2,5 ngày làm việc - Trung tâm Phục v ụ hành chính công thành phố. - Trung tâm Phục v ụ hành chính công các xã, phường, đặc khu. Không quy"
2026-06-06,2127/QĐ-UBND,1.000387,"Cấp lại Giấy chứng nhận đủ điều kiện thương nhân xuất khẩu, nhập khẩu CNG",CÔNG THƯƠNG,repealed,Bãi bỏ,province,2026-07-01,repealed,https://giavien.haiphong.gov.vn/so-cong-thuong-92280/quyet-dinh-so-2127-qd-ubnd-ngay-06-6-2026-ve-viec-cong-bo-danh-muc-thu-tuc-hanh-chinh-moi-ban-ha-921129,https://cdn.haiphong.gov.vn/gov-hpg/6798/tintuc/2026/6/qd-2127.2026-so-cong-thuong639179180236944152.pdf,4344cd91fab152eba97ec780c1ed168619a90af8d1643d1975d42ef89d2b3a6f,"7 8. 1.000387 Cấp lại Giấy chứng nhận đủ điều kiện thương nhân xuất khẩu, nhập khẩu CNG 9. 2.000146 Cấp điều chỉnh Giấy chứng nhận đủ điều kiện thương nhân xuất khẩu, nhập khẩu CNG 10. 2.000142 Cấp Giấy chứng nhận đủ điều kiện thương nhân kinh doanh mua bán LPG 11. 2.000136 Cấp lại Cấp Giấy chứng nhận đủ điều kiện thương nhân kinh doanh mua bán LPG 12. 2.000078 Cấp điều chỉnh Cấp Giấy chứng nhận đủ điều kiện thương nhân kinh doanh mua bán LPG 13. 2.000073 Cấp Giấy chứng nhận đủ điều kiện trạm nạ"
2026-06-06,2127/QĐ-UBND,1.000425,Cấp lại Giấy chứng nhận đủ điều kiện trạm nạp LPG vào phương tiện vận tải,CÔNG THƯƠNG,repealed,Bãi bỏ,province,2026-07-01,repealed,https://giavien.haiphong.gov.vn/so-cong-thuong-92280/quyet-dinh-so-2127-qd-ubnd-ngay-06-6-2026-ve-viec-cong-bo-danh-muc-thu-tuc-hanh-chinh-moi-ban-ha-921129,https://cdn.haiphong.gov.vn/gov-hpg/6798/tintuc/2026/6/qd-2127.2026-so-cong-thuong639179180236944152.pdf,4344cd91fab152eba97ec780c1ed168619a90af8d1643d1975d42ef89d2b3a6f,nạp LPG vào xe bồn 19. 2.000196 Cấp Giấy chứng nhận đủ điều kiện trạm nạp LPG vào phương tiện vận tải 20. 1.000425 Cấp lại Giấy chứng nhận đủ điều kiện trạm nạp LPG vào phương tiện vận tải
2026-06-06,2127/QĐ-UBND,1.000444,Cấp lại Giấy chứng nhận đủ điều kiện trạm nạp CNG vào phương tiện vận tải,CÔNG THƯƠNG,repealed,Bãi bỏ,province,2026-07-01,repealed,https://giavien.haiphong.gov.vn/so-cong-thuong-92280/quyet-dinh-so-2127-qd-ubnd-ngay-06-6-2026-ve-viec-cong-bo-danh-muc-thu-tuc-hanh-chinh-moi-ban-ha-921129,https://cdn.haiphong.gov.vn/gov-hpg/6798/tintuc/2026/6/qd-2127.2026-so-cong-thuong639179180236944152.pdf,4344cd91fab152eba97ec780c1ed168619a90af8d1643d1975d42ef89d2b3a6f,"quyền, cắt giảm, đơn giản hóa thủ tục hành chính, điều kiện kinh doanh 32. 1.000444 Cấp lại Giấy chứng nhận đủ điều kiện trạm nạp CNG vào phương tiện vận tải 33. 2.000211 Cấp điều chỉnh Giấy chứng nhận đủ điều kiện trạm nạp CNG vào phương tiện vận tải"
2026-06-06,2127/QĐ-UBND,1.000455,"Cấp lại Giấy chứng nhận đủ điều kiện sản xuất, sửa chữa chai chứa LPG",CÔNG THƯƠNG,repealed,Bãi bỏ,province,2026-07-01,repealed,https://giavien.haiphong.gov.vn/so-cong-thuong-92280/quyet-dinh-so-2127-qd-ubnd-ngay-06-6-2026-ve-viec-cong-bo-danh-muc-thu-tuc-hanh-chinh-moi-ban-ha-921129,https://cdn.haiphong.gov.vn/gov-hpg/6798/tintuc/2026/6/qd-2127.2026-so-cong-thuong639179180236944152.pdf,4344cd91fab152eba97ec780c1ed168619a90af8d1643d1975d42ef89d2b3a6f,"quyền, cắt giảm, đơn giản hóa thủ tục hành chính, điều kiện kinh doanh 2. 1.000455 Cấp lại Giấy chứng nhận đủ điều kiện sản xuất, sửa chữa chai chứa LPG 3. 1.000742 Cấp điều chỉnh Giấy chứng nhận đủ điều kiện sản xuất, sửa chữa chai chứa LPG. 4. 2.000304 Cấp Giấy chứng nhận đủ điều kiện sản xuất chai LPG mini. 5. 1.000709 Cấp lại Giấy chứng nhận đủ điều kiện sản xuất chai LPG mini. 6. 1.000704 Cấp điều chỉnh Giấy chứng nhận đủ điều kiện sản xuất chai LPG mini"
2026-06-06,2127/QĐ-UBND,1.000475,"Cấp Giấy chứng nhận đủ điều kiện sản xuất, sửa chữa chai chứa LPG Nghị quyết số 66.18/2026/NQ -CP ngày 18 tháng 5 năm 2026 của Chính phủ về việc phân quyền, cắt giảm, đơn giản hóa thủ tục hành chính, điều kiện kinh doanh",CÔNG THƯƠNG,repealed,Bãi bỏ,province,2026-07-01,repealed,https://giavien.haiphong.gov.vn/so-cong-thuong-92280/quyet-dinh-so-2127-qd-ubnd-ngay-06-6-2026-ve-viec-cong-bo-danh-muc-thu-tuc-hanh-chinh-moi-ban-ha-921129,https://cdn.haiphong.gov.vn/gov-hpg/6798/tintuc/2026/6/qd-2127.2026-so-cong-thuong639179180236944152.pdf,4344cd91fab152eba97ec780c1ed168619a90af8d1643d1975d42ef89d2b3a6f,"Cấp lại Giấy chứng nhận đăng ký hoạt động kiểm định A2. LĨNH VỰC KINH DOANH KHÍ (06 TTHC) 1. 1.000475 Cấp Giấy chứng nhận đủ điều kiện sản xuất, sửa chữa chai chứa LPG Nghị quyết số 66.18/2026/NQ -CP ngày 18 tháng 5 năm 2026 của Chính phủ về việc phân quyền, cắt giảm, đơn giản hóa thủ tục hành chính, điều kiện kinh doanh 2. 1.000455 Cấp lại Giấy chứng nhận đủ điều kiện sản xuất, sửa chữa chai chứa LPG 3. 1.000742 Cấp điều chỉnh Giấy chứng nhận đủ điều kiện sản xuất, sửa chữa chai chứa LPG. 4. 2."
2026-06-06,2127/QĐ-UBND,1.000481,Cấp điều chỉnh Giấy chứng nhận đủ điều kiện thương nhân kinh doanh mua bán CNG,CÔNG THƯƠNG,repealed,Bãi bỏ,province,2026-07-01,repealed,https://giavien.haiphong.gov.vn/so-cong-thuong-92280/quyet-dinh-so-2127-qd-ubnd-ngay-06-6-2026-ve-viec-cong-bo-danh-muc-thu-tuc-hanh-chinh-moi-ban-ha-921129,https://cdn.haiphong.gov.vn/gov-hpg/6798/tintuc/2026/6/qd-2127.2026-so-cong-thuong639179180236944152.pdf,4344cd91fab152eba97ec780c1ed168619a90af8d1643d1975d42ef89d2b3a6f,"doanh mua bán CNG 29. 2.000279 Cấp lại Giấy chứng nhận đủ điều kiện thương nhân kinh doanh mua bán CNG 30. 1.000481 Cấp điều chỉnh Giấy chứng nhận đủ điều kiện thương nhân kinh doanh mua bán CNG 31. 2.000163 Cấp Giấy chứng nhận đủ điều kiện trạm nạp CNG vào phương tiện vận tải Nghị quyết số 66.18/2026/NQ -CP ngày 18 tháng 5 năm 2026 của Chính phủ về việc phân quyền, cắt giảm, đơn giản hóa thủ tục hành chính, điều kiện kinh doanh 32. 1.000444 Cấp lại Giấy chứng nhận đủ điều kiện trạm nạp CNG vào "
2026-06-06,2127/QĐ-UBND,1.000491,"Cấp điều chỉnh Giấy chứng nhận đủ điều kiện thương nhân xuất khẩu, nhập khẩu LPG",CÔNG THƯƠNG,repealed,Bãi bỏ,province,2026-07-01,repealed,https://giavien.haiphong.gov.vn/so-cong-thuong-92280/quyet-dinh-so-2127-qd-ubnd-ngay-06-6-2026-ve-viec-cong-bo-danh-muc-thu-tuc-hanh-chinh-moi-ban-ha-921129,https://cdn.haiphong.gov.vn/gov-hpg/6798/tintuc/2026/6/qd-2127.2026-so-cong-thuong639179180236944152.pdf,4344cd91fab152eba97ec780c1ed168619a90af8d1643d1975d42ef89d2b3a6f,"2. 1.000510 Cấp lại Giấy chứng nhận đủ điều kiện thương nhân xuất khẩu, nhập khẩu LPG 3. 1.000491 Cấp điều chỉnh Giấy chứng nhận đủ điều kiện thương nhân xuất khẩu, nhập khẩu LPG 4. 1.005184 Cấp Giấy chứng nhận đủ điều kiện thương nhân xuất khẩu, nhập khẩu LNG 5. 1.005372 Cấp lại Giấy chứng nhận đủ điều kiện thương nhân xuất khẩu, nhập khẩu LNG 6. 1.000649 Cấp điều chỉnh Giấy chứng nhận đủ điều kiện thương nhân xuất khẩu, nhập khẩu LNG 7. 1.000706 Cấp Giấy chứng nhận đủ điều kiện thương nhân xuấ"
2026-06-06,2127/QĐ-UBND,1.000510,"Cấp lại Giấy chứng nhận đủ điều kiện thương nhân xuất khẩu, nhập khẩu LPG",CÔNG THƯƠNG,repealed,Bãi bỏ,province,2026-07-01,repealed,https://giavien.haiphong.gov.vn/so-cong-thuong-92280/quyet-dinh-so-2127-qd-ubnd-ngay-06-6-2026-ve-viec-cong-bo-danh-muc-thu-tuc-hanh-chinh-moi-ban-ha-921129,https://cdn.haiphong.gov.vn/gov-hpg/6798/tintuc/2026/6/qd-2127.2026-so-cong-thuong639179180236944152.pdf,4344cd91fab152eba97ec780c1ed168619a90af8d1643d1975d42ef89d2b3a6f,"quyền, cắt giảm, đơn giản hóa thủ tục hành chính, điều kiện kinh doanh 2. 1.000510 Cấp lại Giấy chứng nhận đủ điều kiện thương nhân xuất khẩu, nhập khẩu LPG 3. 1.000491 Cấp điều chỉnh Giấy chứng nhận đủ điều kiện thương nhân xuất khẩu, nhập khẩu LPG 4. 1.005184 Cấp Giấy chứng nhận đủ điều kiện thương nhân xuất khẩu, nhập khẩu LNG 5. 1.005372 Cấp lại Giấy chứng nhận đủ điều kiện thương nhân xuất khẩu, nhập khẩu LNG 6. 1.000649 Cấp điều chỉnh Giấy chứng nhận đủ điều kiện thương nhân xuất khẩu, nhậ"
2026-06-06,2127/QĐ-UBND,1.000649,"Cấp điều chỉnh Giấy chứng nhận đủ điều kiện thương nhân xuất khẩu, nhập khẩu LNG",CÔNG THƯƠNG,repealed,Bãi bỏ,province,2026-07-01,repealed,https://giavien.haiphong.gov.vn/so-cong-thuong-92280/quyet-dinh-so-2127-qd-ubnd-ngay-06-6-2026-ve-viec-cong-bo-danh-muc-thu-tuc-hanh-chinh-moi-ban-ha-921129,https://cdn.haiphong.gov.vn/gov-hpg/6798/tintuc/2026/6/qd-2127.2026-so-cong-thuong639179180236944152.pdf,4344cd91fab152eba97ec780c1ed168619a90af8d1643d1975d42ef89d2b3a6f,"khẩu, nhập khẩu LNG 5. 1.005372 Cấp lại Giấy chứng nhận đủ điều kiện thương nhân xuất khẩu, nhập khẩu LNG 6. 1.000649 Cấp điều chỉnh Giấy chứng nhận đủ điều kiện thương nhân xuất khẩu, nhập khẩu LNG 7. 1.000706 Cấp Giấy chứng nhận đủ điều kiện thương nhân xuất khẩu, nhập khẩu CNG"
2026-06-06,2127/QĐ-UBND,1.000704,Cấp điều chỉnh Giấy chứng nhận đủ điều kiện sản xuất chai LPG mini,CÔNG THƯƠNG,repealed,Bãi bỏ,province,2026-07-01,repealed,https://giavien.haiphong.gov.vn/so-cong-thuong-92280/quyet-dinh-so-2127-qd-ubnd-ngay-06-6-2026-ve-viec-cong-bo-danh-muc-thu-tuc-hanh-chinh-moi-ban-ha-921129,https://cdn.haiphong.gov.vn/gov-hpg/6798/tintuc/2026/6/qd-2127.2026-so-cong-thuong639179180236944152.pdf,4344cd91fab152eba97ec780c1ed168619a90af8d1643d1975d42ef89d2b3a6f,mini. 5. 1.000709 Cấp lại Giấy chứng nhận đủ điều kiện sản xuất chai LPG mini. 6. 1.000704 Cấp điều chỉnh Giấy chứng nhận đủ điều kiện sản xuất chai LPG mini
2026-06-06,2127/QĐ-UBND,1.000706,"Cấp Giấy chứng nhận đủ điều kiện thương nhân xuất khẩu, nhập khẩu CNG",CÔNG THƯƠNG,repealed,Bãi bỏ,province,2026-07-01,repealed,https://giavien.haiphong.gov.vn/so-cong-thuong-92280/quyet-dinh-so-2127-qd-ubnd-ngay-06-6-2026-ve-viec-cong-bo-danh-muc-thu-tuc-hanh-chinh-moi-ban-ha-921129,https://cdn.haiphong.gov.vn/gov-hpg/6798/tintuc/2026/6/qd-2127.2026-so-cong-thuong639179180236944152.pdf,4344cd91fab152eba97ec780c1ed168619a90af8d1643d1975d42ef89d2b3a6f,"xuất khẩu, nhập khẩu LNG 6. 1.000649 Cấp điều chỉnh Giấy chứng nhận đủ điều kiện thương nhân xuất khẩu, nhập khẩu LNG 7. 1.000706 Cấp Giấy chứng nhận đủ điều kiện thương nhân xuất khẩu, nhập khẩu CNG"
2026-06-06,2127/QĐ-UBND,1.000709,Cấp lại Giấy chứng nhận đủ điều kiện sản xuất chai LPG mini,CÔNG THƯƠNG,repealed,Bãi bỏ,province,2026-07-01,repealed,https://giavien.haiphong.gov.vn/so-cong-thuong-92280/quyet-dinh-so-2127-qd-ubnd-ngay-06-6-2026-ve-viec-cong-bo-danh-muc-thu-tuc-hanh-chinh-moi-ban-ha-921129,https://cdn.haiphong.gov.vn/gov-hpg/6798/tintuc/2026/6/qd-2127.2026-so-cong-thuong639179180236944152.pdf,4344cd91fab152eba97ec780c1ed168619a90af8d1643d1975d42ef89d2b3a6f,"xuất, sửa chữa chai chứa LPG. 4. 2.000304 Cấp Giấy chứng nhận đủ điều kiện sản xuất chai LPG mini. 5. 1.000709 Cấp lại Giấy chứng nhận đủ điều kiện sản xuất chai LPG mini. 6. 1.000704 Cấp điều chỉnh Giấy chứng nhận đủ điều kiện sản xuất chai LPG mini"
2026-06-06,2127/QĐ-UBND,1.000742,"Cấp điều chỉnh Giấy chứng nhận đủ điều kiện sản xuất, sửa chữa chai chứa LPG",CÔNG THƯƠNG,repealed,Bãi bỏ,province,2026-07-01,repealed,https://giavien.haiphong.gov.vn/so-cong-thuong-92280/quyet-dinh-so-2127-qd-ubnd-ngay-06-6-2026-ve-viec-cong-bo-danh-muc-thu-tuc-hanh-chinh-moi-ban-ha-921129,https://cdn.haiphong.gov.vn/gov-hpg/6798/tintuc/2026/6/qd-2127.2026-so-cong-thuong639179180236944152.pdf,4344cd91fab152eba97ec780c1ed168619a90af8d1643d1975d42ef89d2b3a6f,"2. 1.000455 Cấp lại Giấy chứng nhận đủ điều kiện sản xuất, sửa chữa chai chứa LPG 3. 1.000742 Cấp điều chỉnh Giấy chứng nhận đủ điều kiện sản xuất, sửa chữa chai chứa LPG. 4. 2.000304 Cấp Giấy chứng nhận đủ điều kiện sản xuất chai LPG mini. 5. 1.000709 Cấp lại Giấy chứng nhận đủ điều kiện sản xuất chai LPG mini. 6. 1.000704 Cấp điều chỉnh Giấy chứng nhận đủ điều kiện sản xuất chai LPG mini"
2026-06-06,2127/QĐ-UBND,1.000905,"Thủ tục cấp Giấy phép tạm xuất, tái nhập",CÔNG THƯƠNG,modified,Sửa đổi/bổ sung,province,2026-07-01,current,https://giavien.haiphong.gov.vn/so-cong-thuong-92280/quyet-dinh-so-2127-qd-ubnd-ngay-06-6-2026-ve-viec-cong-bo-danh-muc-thu-tuc-hanh-chinh-moi-ban-ha-921129,https://cdn.haiphong.gov.vn/gov-hpg/6798/tintuc/2026/6/qd-2127.2026-so-cong-thuong639179180236944152.pdf,4344cd91fab152eba97ec780c1ed168619a90af8d1643d1975d42ef89d2b3a6f,"quyền, cắt giảm, đơn giản hóa thủ tục hành chính, điều kiện kinh doanh 2. 1.000905 Thủ tục cấp Giấy phép tạm xuất, tái nhập 05 ngày làm việc kể từ khi nhận được hồ sơ hợp lệ 2,5 ngày làm việc kể từ khi nhận được hồ sơ hợp lệ. - Trung tâm Phục vụ hành chính công thành phố; - Trung tâm Không"
2026-06-06,2127/QĐ-UBND,1.000957,"Thủ tục cấp Giấy phép tạm nhập, tái xuất theo hình thức khác",CÔNG THƯƠNG,modified,Sửa đổi/bổ sung,province,2026-07-01,current,https://giavien.haiphong.gov.vn/so-cong-thuong-92280/quyet-dinh-so-2127-qd-ubnd-ngay-06-6-2026-ve-viec-cong-bo-danh-muc-thu-tuc-hanh-chinh-moi-ban-ha-921129,https://cdn.haiphong.gov.vn/gov-hpg/6798/tintuc/2026/6/qd-2127.2026-so-cong-thuong639179180236944152.pdf,4344cd91fab152eba97ec780c1ed168619a90af8d1643d1975d42ef89d2b3a6f,"cắt giảm THỦ TỤC HÀNH CHÍNH CẤP TỈNH (03 TTHC) LĨNH VỰC XUẤT NHẬP KHẨU (03 TTHC) 1. 1.000957 Thủ tục cấp Giấy phép tạm nhập, tái xuất theo hình thức khác 05 ngày làm việc kể từ khi nhận được hồ sơ hợp lệ 2,5 ngày làm việc kể từ khi nhận được hồ sơ hợp lệ. - Trung tâm Phục vụ hành chính công thành phố; - Trung tâm"
2026-06-06,2127/QĐ-UBND,1.001279,Cấp lại Giấy phép sản xuất rượu thủ công nhằm mục đích kinh doanh,CÔNG THƯƠNG,repealed,Bãi bỏ,commune,2026-07-01,repealed,https://giavien.haiphong.gov.vn/so-cong-thuong-92280/quyet-dinh-so-2127-qd-ubnd-ngay-06-6-2026-ve-viec-cong-bo-danh-muc-thu-tuc-hanh-chinh-moi-ban-ha-921129,https://cdn.haiphong.gov.vn/gov-hpg/6798/tintuc/2026/6/qd-2127.2026-so-cong-thuong639179180236944152.pdf,4344cd91fab152eba97ec780c1ed168619a90af8d1643d1975d42ef89d2b3a6f,"Nghị quyết số 19/2026/NQ-CP ngày 29/4/2026 của Chính phủ về cắt giảm, phân cấp, đơn giản hóa thủ tục hành chính, điều kiện kinh doanh thuộc phạm vi quản lý của Bộ Công Thương 2. 1.001279 Cấp lại Giấy phép sản xuất rượu thủ công nhằm mục đích kinh doanh 3. 2.000629 Cấp sửa đổi, bổ sung Giấy phép sản xuất rượu thủ công nhằm mục đích kinh doanh"
2026-06-06,2127/QĐ-UBND,1.003101,Cấp lại Giấy phép phân phối rượu,CÔNG THƯƠNG,repealed,Bãi bỏ,province,2026-07-01,repealed,https://giavien.haiphong.gov.vn/so-cong-thuong-92280/quyet-dinh-so-2127-qd-ubnd-ngay-06-6-2026-ve-viec-cong-bo-danh-muc-thu-tuc-hanh-chinh-moi-ban-ha-921129,https://cdn.haiphong.gov.vn/gov-hpg/6798/tintuc/2026/6/qd-2127.2026-so-cong-thuong639179180236944152.pdf,4344cd91fab152eba97ec780c1ed168619a90af8d1643d1975d42ef89d2b3a6f,"34. 1.003977 Cấp Giấy phép phân phối rượu 35. 1.005376 Cấp sửa đổi, bổ sung Giấy phép phân phối rượu 36. 1.003101 Cấp lại Giấy phép phân phối rượu 37. 2.001624 Cấp Giấy phép bán buôn rượu 38. 2.001619 Cấp sửa đổi, bổ sung Giấy phép bán buôn rượu 39. 2.000636 Cấp lại Giấy phép bán buôn rượu B. THỦ TỤC HÀNH CHÍNH CẤP XÃ (09 TTHC) B1. LĨNH VỰC LƯU THÔNG HÀNG HÓA TRONG NƯỚC (06 TTHC) 1. 2.001283 Cấp Giấy chứng nhận đủ điều kiện cửa hàng bán lẻ LPG chai Nghị quyết số 66.18/2026/NQ -CP ngày 18 tháng 5"
2026-06-06,2127/QĐ-UBND,1.003977,Cấp Giấy phép phân phối rượu,CÔNG THƯƠNG,repealed,Bãi bỏ,province,2026-07-01,repealed,https://giavien.haiphong.gov.vn/so-cong-thuong-92280/quyet-dinh-so-2127-qd-ubnd-ngay-06-6-2026-ve-viec-cong-bo-danh-muc-thu-tuc-hanh-chinh-moi-ban-ha-921129,https://cdn.haiphong.gov.vn/gov-hpg/6798/tintuc/2026/6/qd-2127.2026-so-cong-thuong639179180236944152.pdf,4344cd91fab152eba97ec780c1ed168619a90af8d1643d1975d42ef89d2b3a6f,"9 34. 1.003977 Cấp Giấy phép phân phối rượu 35. 1.005376 Cấp sửa đổi, bổ sung Giấy phép phân phối rượu 36. 1.003101 Cấp lại Giấy phép phân phối rượu 37. 2.001624 Cấp Giấy phép bán buôn rượu 38. 2.001619 Cấp sửa đổi, bổ sung Giấy phép bán buôn rượu 39. 2.000636 Cấp lại Giấy phép bán buôn rượu B. THỦ TỤC HÀNH CHÍNH CẤP XÃ (09 TTHC) B1. LĨNH VỰC LƯU THÔNG HÀNG HÓA TRONG NƯỚC (06 TTHC) 1. 2.001283 Cấp Giấy chứng nhận đủ điều kiện cửa hàng bán lẻ LPG chai Nghị quyết số 66.18/2026/NQ -CP ngày 18 tháng"
2026-06-06,2127/QĐ-UBND,1.003992,"Cấp lại Giấy phép sản xuất rượu công nghiệp (quy mô từ 3 triệu lít/năm trở lên) Nghị quyết số 66.18/2026/NQ -CP ngày 18 tháng 5 năm 2026 của Chính phủ về việc phân quyền, cắt giảm, đơn giản hóa thủ tục hành chính, điều kiện kinh doanh",CÔNG THƯƠNG,repealed,Bãi bỏ,province,2026-07-01,repealed,https://giavien.haiphong.gov.vn/so-cong-thuong-92280/quyet-dinh-so-2127-qd-ubnd-ngay-06-6-2026-ve-viec-cong-bo-danh-muc-thu-tuc-hanh-chinh-moi-ban-ha-921129,https://cdn.haiphong.gov.vn/gov-hpg/6798/tintuc/2026/6/qd-2127.2026-so-cong-thuong639179180236944152.pdf,4344cd91fab152eba97ec780c1ed168619a90af8d1643d1975d42ef89d2b3a6f,"1. 1.004021 Cấp Giấy phép sản xuất rượu công nghiệp (quy mô từ 3 triệu lít/năm trở lên) 2. 1.003992 Cấp lại Giấy phép sản xuất rượu công nghiệp (quy mô từ 3 triệu lít/năm trở lên) Nghị quyết số 66.18/2026/NQ -CP ngày 18 tháng 5 năm 2026 của Chính phủ về việc phân quyền, cắt giảm, đơn giản hóa thủ tục hành chính, điều kiện kinh doanh 3. 2.001646 Cấp Giấy phép sản xuất rượu công nghiệp (quy mô dưới 3 triệu lít/năm) 4. 2.001630 Cấp lại Giấy phép sản xuất rượu công nghiệp (quy mô dưới 3 triệu lít/nă"
2026-06-06,2127/QĐ-UBND,1.004007,"Cấp sửa đổi, bổ sung Giấy phép sản xuất rượu công nghiệp (quy mô từ 3 triệu lít/năm trở lên) A4. LĨNH VỰC LƯU THÔNG HÀNG HÓA TRONG NƯỚC (39 TTHC)",CÔNG THƯƠNG,repealed,Bãi bỏ,province,2026-07-01,repealed,https://giavien.haiphong.gov.vn/so-cong-thuong-92280/quyet-dinh-so-2127-qd-ubnd-ngay-06-6-2026-ve-viec-cong-bo-danh-muc-thu-tuc-hanh-chinh-moi-ban-ha-921129,https://cdn.haiphong.gov.vn/gov-hpg/6798/tintuc/2026/6/qd-2127.2026-so-cong-thuong639179180236944152.pdf,4344cd91fab152eba97ec780c1ed168619a90af8d1643d1975d42ef89d2b3a6f,"dưới 3 triệu lít/năm) 4. 2.001630 Cấp lại Giấy phép sản xuất rượu công nghiệp (quy mô dưới 3 triệu lít/năm) 5. 1.004007 Cấp sửa đổi, bổ sung Giấy phép sản xuất rượu công nghiệp (quy mô từ 3 triệu lít/năm trở lên) A4. LĨNH VỰC LƯU THÔNG HÀNG HÓA TRONG NƯỚC (39 TTHC) 1. 2.001424 Cấp Giấy chứng nhận đủ điều kiện thương nhân xuất khẩu, nhập khẩu LPG Nghị quyết số 66.18/2026/NQ -CP ngày 18 tháng 5 năm 2026 của Chính phủ về việc phân quyền, cắt giảm, đơn giản hóa thủ tục hành chính, điều kiện kinh doa"
2026-06-06,2127/QĐ-UBND,1.004021,Cấp Giấy phép sản xuất rượu công nghiệp (quy mô từ 3 triệu lít/năm trở lên),CÔNG THƯƠNG,repealed,Bãi bỏ,province,2026-07-01,repealed,https://giavien.haiphong.gov.vn/so-cong-thuong-92280/quyet-dinh-so-2127-qd-ubnd-ngay-06-6-2026-ve-viec-cong-bo-danh-muc-thu-tuc-hanh-chinh-moi-ban-ha-921129,https://cdn.haiphong.gov.vn/gov-hpg/6798/tintuc/2026/6/qd-2127.2026-so-cong-thuong639179180236944152.pdf,4344cd91fab152eba97ec780c1ed168619a90af8d1643d1975d42ef89d2b3a6f,"6 A3. LĨNH VỰC CÔNG NGHIỆP TIÊU DÙNG (05 TTHC) 1. 1.004021 Cấp Giấy phép sản xuất rượu công nghiệp (quy mô từ 3 triệu lít/năm trở lên) 2. 1.003992 Cấp lại Giấy phép sản xuất rượu công nghiệp (quy mô từ 3 triệu lít/năm trở lên) Nghị quyết số 66.18/2026/NQ -CP ngày 18 tháng 5 năm 2026 của Chính phủ về việc phân quyền, cắt giảm, đơn giản hóa thủ tục hành chính, điều kiện kinh doanh 3. 2.001646 Cấp Giấy phép sản xuất rượu công nghiệp (quy mô dưới 3 triệu lít/năm) 4. 2.001630 Cấp lại Giấy phép sản xu"
2026-06-06,2127/QĐ-UBND,1.005184,"Cấp Giấy chứng nhận đủ điều kiện thương nhân xuất khẩu, nhập khẩu LNG",CÔNG THƯƠNG,repealed,Bãi bỏ,province,2026-07-01,repealed,https://giavien.haiphong.gov.vn/so-cong-thuong-92280/quyet-dinh-so-2127-qd-ubnd-ngay-06-6-2026-ve-viec-cong-bo-danh-muc-thu-tuc-hanh-chinh-moi-ban-ha-921129,https://cdn.haiphong.gov.vn/gov-hpg/6798/tintuc/2026/6/qd-2127.2026-so-cong-thuong639179180236944152.pdf,4344cd91fab152eba97ec780c1ed168619a90af8d1643d1975d42ef89d2b3a6f,"xuất khẩu, nhập khẩu LPG 3. 1.000491 Cấp điều chỉnh Giấy chứng nhận đủ điều kiện thương nhân xuất khẩu, nhập khẩu LPG 4. 1.005184 Cấp Giấy chứng nhận đủ điều kiện thương nhân xuất khẩu, nhập khẩu LNG 5. 1.005372 Cấp lại Giấy chứng nhận đủ điều kiện thương nhân xuất khẩu, nhập khẩu LNG 6. 1.000649 Cấp điều chỉnh Giấy chứng nhận đủ điều kiện thương nhân xuất khẩu, nhập khẩu LNG 7. 1.000706 Cấp Giấy chứng nhận đủ điều kiện thương nhân xuất khẩu, nhập khẩu CNG"
2026-06-06,2127/QĐ-UBND,1.005372,"Cấp lại Giấy chứng nhận đủ điều kiện thương nhân xuất khẩu, nhập khẩu LNG",CÔNG THƯƠNG,repealed,Bãi bỏ,province,2026-07-01,repealed,https://giavien.haiphong.gov.vn/so-cong-thuong-92280/quyet-dinh-so-2127-qd-ubnd-ngay-06-6-2026-ve-viec-cong-bo-danh-muc-thu-tuc-hanh-chinh-moi-ban-ha-921129,https://cdn.haiphong.gov.vn/gov-hpg/6798/tintuc/2026/6/qd-2127.2026-so-cong-thuong639179180236944152.pdf,4344cd91fab152eba97ec780c1ed168619a90af8d1643d1975d42ef89d2b3a6f,"nhân xuất khẩu, nhập khẩu LPG 4. 1.005184 Cấp Giấy chứng nhận đủ điều kiện thương nhân xuất khẩu, nhập khẩu LNG 5. 1.005372 Cấp lại Giấy chứng nhận đủ điều kiện thương nhân xuất khẩu, nhập khẩu LNG 6. 1.000649 Cấp điều chỉnh Giấy chứng nhận đủ điều kiện thương nhân xuất khẩu, nhập khẩu LNG 7. 1.000706 Cấp Giấy chứng nhận đủ điều kiện thương nhân xuất khẩu, nhập khẩu CNG"
2026-06-06,2127/QĐ-UBND,1.005376,"Cấp sửa đổi, bổ sung Giấy phép phân phối rượu",CÔNG THƯƠNG,repealed,Bãi bỏ,province,2026-07-01,repealed,https://giavien.haiphong.gov.vn/so-cong-thuong-92280/quyet-dinh-so-2127-qd-ubnd-ngay-06-6-2026-ve-viec-cong-bo-danh-muc-thu-tuc-hanh-chinh-moi-ban-ha-921129,https://cdn.haiphong.gov.vn/gov-hpg/6798/tintuc/2026/6/qd-2127.2026-so-cong-thuong639179180236944152.pdf,4344cd91fab152eba97ec780c1ed168619a90af8d1643d1975d42ef89d2b3a6f,"9 34. 1.003977 Cấp Giấy phép phân phối rượu 35. 1.005376 Cấp sửa đổi, bổ sung Giấy phép phân phối rượu 36. 1.003101 Cấp lại Giấy phép phân phối rượu 37. 2.001624 Cấp Giấy phép bán buôn rượu 38. 2.001619 Cấp sửa đổi, bổ sung Giấy phép bán buôn rượu 39. 2.000636 Cấp lại Giấy phép bán buôn rượu B. THỦ TỤC HÀNH CHÍNH CẤP XÃ (09 TTHC) B1. LĨNH VỰC LƯU THÔNG HÀNG HÓA TRONG NƯỚC (06 TTHC) 1. 2.001283 Cấp Giấy chứng nhận đủ điều kiện cửa hàng bán lẻ LPG chai Nghị quyết số 66.18/2026/NQ -CP ngày 18 tháng"
2026-06-06,2127/QĐ-UBND,1.013771,"Thủ tục cấp giấy phép thương nhân thực hiện hoạt động gia công hàng hóa thuộc Danh mục hàng hóa cấm xuất khẩu, cấm nhập khẩu, hàng hóa tạm ngừng xuất khẩu, tạm ngừng nhập khẩu cho thương nhân nước ngoài để tiêu thụ ở nước ngoài",CÔNG THƯƠNG,new,Ban hành mới,province,2026-07-01,current,https://giavien.haiphong.gov.vn/so-cong-thuong-92280/quyet-dinh-so-2127-qd-ubnd-ngay-06-6-2026-ve-viec-cong-bo-danh-muc-thu-tuc-hanh-chinh-moi-ban-ha-921129,https://cdn.haiphong.gov.vn/gov-hpg/6798/tintuc/2026/6/qd-2127.2026-so-cong-thuong639179180236944152.pdf,4344cd91fab152eba97ec780c1ed168619a90af8d1643d1975d42ef89d2b3a6f,"giảm, đơn giản hóa thủ tục hành chính, điều kiện kinh doanh. 2. 1.013771 Thủ tục cấp giấy phép thương nhân thực hiện hoạt động gia công hàng hóa thuộc Danh mục hàng hóa cấm xuất khẩu, cấm nhập khẩu, hàng hóa tạm ngừng xuất khẩu, tạm ngừng nhập khẩu cho thương nhân nước ngoài để tiêu thụ ở nước ngoài 05 ngày làm việc kể từ khi"
2026-06-06,2127/QĐ-UBND,1.013778,Thủ tục gia hạn thời gian quá cảnh đối với hàng hóa quá cảnh,CÔNG THƯƠNG,modified,Sửa đổi/bổ sung,province,2026-07-01,current,https://giavien.haiphong.gov.vn/so-cong-thuong-92280/quyet-dinh-so-2127-qd-ubnd-ngay-06-6-2026-ve-viec-cong-bo-danh-muc-thu-tuc-hanh-chinh-moi-ban-ha-921129,https://cdn.haiphong.gov.vn/gov-hpg/6798/tintuc/2026/6/qd-2127.2026-so-cong-thuong639179180236944152.pdf,4344cd91fab152eba97ec780c1ed168619a90af8d1643d1975d42ef89d2b3a6f,"quyền, cắt giảm, đơn giản hóa thủ tục hành chính, điều kiện kinh doanh 3. 1.013778 Thủ tục gia hạn thời gian quá cảnh đối với hàng hóa quá cảnh 05 ngày làm việc kể từ khi nhận được hồ sơ hợp lệ 3,5 ngày làm việc kể từ khi nhận được hồ sơ hợp lệ. - Trung tâm Phục vụ hành chính công thành phố; - Trung tâm"
2026-06-06,2127/QĐ-UBND,2.000073,Cấp Giấy chứng nhận đủ điều kiện trạm nạp LPG vào chai,CÔNG THƯƠNG,repealed,Bãi bỏ,province,2026-07-01,repealed,https://giavien.haiphong.gov.vn/so-cong-thuong-92280/quyet-dinh-so-2127-qd-ubnd-ngay-06-6-2026-ve-viec-cong-bo-danh-muc-thu-tuc-hanh-chinh-moi-ban-ha-921129,https://cdn.haiphong.gov.vn/gov-hpg/6798/tintuc/2026/6/qd-2127.2026-so-cong-thuong639179180236944152.pdf,4344cd91fab152eba97ec780c1ed168619a90af8d1643d1975d42ef89d2b3a6f,nhân kinh doanh mua bán LPG 12. 2.000078 Cấp điều chỉnh Cấp Giấy chứng nhận đủ điều kiện thương nhân kinh doanh mua bán LPG 13. 2.000073 Cấp Giấy chứng nhận đủ điều kiện trạm nạp LPG vào chai 14. 2.000207 Cấp lại Giấy chứng nhận đủ điều kiện trạm nạp LPG vào chai 15. 2.000201 Cấp điều chỉnh Giấy chứng nhận đủ điều kiện trạm nạp LPG vào chai 16. 2.000194 Cấp Giấy chứng nhận đủ điều kiện trạm nạp LPG vào xe bồn 17. 2.000187 Cấp lại Giấy chứng nhận đủ điều kiện trạm nạp LPG vào xe bồn 18. 2.000175 
2026-06-06,2127/QĐ-UBND,2.000078,Cấp điều chỉnh Cấp Giấy chứng nhận đủ điều kiện thương nhân kinh doanh mua bán LPG,CÔNG THƯƠNG,repealed,Bãi bỏ,province,2026-07-01,repealed,https://giavien.haiphong.gov.vn/so-cong-thuong-92280/quyet-dinh-so-2127-qd-ubnd-ngay-06-6-2026-ve-viec-cong-bo-danh-muc-thu-tuc-hanh-chinh-moi-ban-ha-921129,https://cdn.haiphong.gov.vn/gov-hpg/6798/tintuc/2026/6/qd-2127.2026-so-cong-thuong639179180236944152.pdf,4344cd91fab152eba97ec780c1ed168619a90af8d1643d1975d42ef89d2b3a6f,doanh mua bán LPG 11. 2.000136 Cấp lại Cấp Giấy chứng nhận đủ điều kiện thương nhân kinh doanh mua bán LPG 12. 2.000078 Cấp điều chỉnh Cấp Giấy chứng nhận đủ điều kiện thương nhân kinh doanh mua bán LPG 13. 2.000073 Cấp Giấy chứng nhận đủ điều kiện trạm nạp LPG vào chai 14. 2.000207 Cấp lại Giấy chứng nhận đủ điều kiện trạm nạp LPG vào chai 15. 2.000201 Cấp điều chỉnh Giấy chứng nhận đủ điều kiện trạm nạp LPG vào chai 16. 2.000194 Cấp Giấy chứng nhận đủ điều kiện trạm nạp LPG vào xe bồn 17. 2.00
2026-06-06,2127/QĐ-UBND,2.000136,Cấp lại Cấp Giấy chứng nhận đủ điều kiện thương nhân kinh doanh mua bán LPG,CÔNG THƯƠNG,repealed,Bãi bỏ,province,2026-07-01,repealed,https://giavien.haiphong.gov.vn/so-cong-thuong-92280/quyet-dinh-so-2127-qd-ubnd-ngay-06-6-2026-ve-viec-cong-bo-danh-muc-thu-tuc-hanh-chinh-moi-ban-ha-921129,https://cdn.haiphong.gov.vn/gov-hpg/6798/tintuc/2026/6/qd-2127.2026-so-cong-thuong639179180236944152.pdf,4344cd91fab152eba97ec780c1ed168619a90af8d1643d1975d42ef89d2b3a6f,"nhân xuất khẩu, nhập khẩu CNG 10. 2.000142 Cấp Giấy chứng nhận đủ điều kiện thương nhân kinh doanh mua bán LPG 11. 2.000136 Cấp lại Cấp Giấy chứng nhận đủ điều kiện thương nhân kinh doanh mua bán LPG 12. 2.000078 Cấp điều chỉnh Cấp Giấy chứng nhận đủ điều kiện thương nhân kinh doanh mua bán LPG 13. 2.000073 Cấp Giấy chứng nhận đủ điều kiện trạm nạp LPG vào chai 14. 2.000207 Cấp lại Giấy chứng nhận đủ điều kiện trạm nạp LPG vào chai 15. 2.000201 Cấp điều chỉnh Giấy chứng nhận đủ điều kiện trạm nạ"
2026-06-06,2127/QĐ-UBND,2.000142,Cấp Giấy chứng nhận đủ điều kiện thương nhân kinh doanh mua bán LPG,CÔNG THƯƠNG,repealed,Bãi bỏ,province,2026-07-01,repealed,https://giavien.haiphong.gov.vn/so-cong-thuong-92280/quyet-dinh-so-2127-qd-ubnd-ngay-06-6-2026-ve-viec-cong-bo-danh-muc-thu-tuc-hanh-chinh-moi-ban-ha-921129,https://cdn.haiphong.gov.vn/gov-hpg/6798/tintuc/2026/6/qd-2127.2026-so-cong-thuong639179180236944152.pdf,4344cd91fab152eba97ec780c1ed168619a90af8d1643d1975d42ef89d2b3a6f,"xuất khẩu, nhập khẩu CNG 9. 2.000146 Cấp điều chỉnh Giấy chứng nhận đủ điều kiện thương nhân xuất khẩu, nhập khẩu CNG 10. 2.000142 Cấp Giấy chứng nhận đủ điều kiện thương nhân kinh doanh mua bán LPG 11. 2.000136 Cấp lại Cấp Giấy chứng nhận đủ điều kiện thương nhân kinh doanh mua bán LPG 12. 2.000078 Cấp điều chỉnh Cấp Giấy chứng nhận đủ điều kiện thương nhân kinh doanh mua bán LPG 13. 2.000073 Cấp Giấy chứng nhận đủ điều kiện trạm nạp LPG vào chai 14. 2.000207 Cấp lại Giấy chứng nhận đủ điều kiệ"
2026-06-06,2127/QĐ-UBND,2.000146,"Cấp điều chỉnh Giấy chứng nhận đủ điều kiện thương nhân xuất khẩu, nhập khẩu CNG",CÔNG THƯƠNG,repealed,Bãi bỏ,province,2026-07-01,repealed,https://giavien.haiphong.gov.vn/so-cong-thuong-92280/quyet-dinh-so-2127-qd-ubnd-ngay-06-6-2026-ve-viec-cong-bo-danh-muc-thu-tuc-hanh-chinh-moi-ban-ha-921129,https://cdn.haiphong.gov.vn/gov-hpg/6798/tintuc/2026/6/qd-2127.2026-so-cong-thuong639179180236944152.pdf,4344cd91fab152eba97ec780c1ed168619a90af8d1643d1975d42ef89d2b3a6f,"8. 1.000387 Cấp lại Giấy chứng nhận đủ điều kiện thương nhân xuất khẩu, nhập khẩu CNG 9. 2.000146 Cấp điều chỉnh Giấy chứng nhận đủ điều kiện thương nhân xuất khẩu, nhập khẩu CNG 10. 2.000142 Cấp Giấy chứng nhận đủ điều kiện thương nhân kinh doanh mua bán LPG 11. 2.000136 Cấp lại Cấp Giấy chứng nhận đủ điều kiện thương nhân kinh doanh mua bán LPG 12. 2.000078 Cấp điều chỉnh Cấp Giấy chứng nhận đủ điều kiện thương nhân kinh doanh mua bán LPG 13. 2.000073 Cấp Giấy chứng nhận đủ điều kiện trạm nạp "
2026-06-06,2127/QĐ-UBND,2.000156,Cấp lại Giấy chứng nhận đủ điều kiện thương nhân kinh doanh mua bán LNG,CÔNG THƯƠNG,repealed,Bãi bỏ,province,2026-07-01,repealed,https://giavien.haiphong.gov.vn/so-cong-thuong-92280/quyet-dinh-so-2127-qd-ubnd-ngay-06-6-2026-ve-viec-cong-bo-danh-muc-thu-tuc-hanh-chinh-moi-ban-ha-921129,https://cdn.haiphong.gov.vn/gov-hpg/6798/tintuc/2026/6/qd-2127.2026-so-cong-thuong639179180236944152.pdf,4344cd91fab152eba97ec780c1ed168619a90af8d1643d1975d42ef89d2b3a6f,nạp LPG vào phương tiện vận tải 22. 2.000166 Cấp Giấy chứng nhận đủ điều kiện thương nhân kinh doanh mua bán LNG 23. 2.000156 Cấp lại Giấy chứng nhận đủ điều kiện thương nhân kinh doanh mua bán LNG 24. 2.000390 Cấp điều chỉnh Giấy chứng nhận đủ điều kiện thương nhân kinh doanh mua bán LNG 25. 2.000387 Cấp Giấy chứng nhận đủ điều kiện trạm nạp LNG vào phương tiện vận tải 26. 2.000376 Cấp lại Giấy chứng nhận đủ điều kiện trạm nạp LNG vào phương tiện vận tải 27. 2.000371 Cấp điều chỉnh Giấy chứng n
2026-06-06,2127/QĐ-UBND,2.000163,"Cấp Giấy chứng nhận đủ điều kiện trạm nạp CNG vào phương tiện vận tải Nghị quyết số 66.18/2026/NQ -CP ngày 18 tháng 5 năm 2026 của Chính phủ về việc phân quyền, cắt giảm, đơn giản hóa thủ tục hành chính, điều kiện kinh doanh",CÔNG THƯƠNG,repealed,Bãi bỏ,province,2026-07-01,repealed,https://giavien.haiphong.gov.vn/so-cong-thuong-92280/quyet-dinh-so-2127-qd-ubnd-ngay-06-6-2026-ve-viec-cong-bo-danh-muc-thu-tuc-hanh-chinh-moi-ban-ha-921129,https://cdn.haiphong.gov.vn/gov-hpg/6798/tintuc/2026/6/qd-2127.2026-so-cong-thuong639179180236944152.pdf,4344cd91fab152eba97ec780c1ed168619a90af8d1643d1975d42ef89d2b3a6f,"kinh doanh mua bán CNG 30. 1.000481 Cấp điều chỉnh Giấy chứng nhận đủ điều kiện thương nhân kinh doanh mua bán CNG 31. 2.000163 Cấp Giấy chứng nhận đủ điều kiện trạm nạp CNG vào phương tiện vận tải Nghị quyết số 66.18/2026/NQ -CP ngày 18 tháng 5 năm 2026 của Chính phủ về việc phân quyền, cắt giảm, đơn giản hóa thủ tục hành chính, điều kiện kinh doanh 32. 1.000444 Cấp lại Giấy chứng nhận đủ điều kiện trạm nạp CNG vào phương tiện vận tải 33. 2.000211 Cấp điều chỉnh Giấy chứng nhận đủ điều kiện trạ"
2026-06-06,2127/QĐ-UBND,2.000166,Cấp Giấy chứng nhận đủ điều kiện thương nhân kinh doanh mua bán LNG,CÔNG THƯƠNG,repealed,Bãi bỏ,province,2026-07-01,repealed,https://giavien.haiphong.gov.vn/so-cong-thuong-92280/quyet-dinh-so-2127-qd-ubnd-ngay-06-6-2026-ve-viec-cong-bo-danh-muc-thu-tuc-hanh-chinh-moi-ban-ha-921129,https://cdn.haiphong.gov.vn/gov-hpg/6798/tintuc/2026/6/qd-2127.2026-so-cong-thuong639179180236944152.pdf,4344cd91fab152eba97ec780c1ed168619a90af8d1643d1975d42ef89d2b3a6f,21. 2.000180 Cấp điều chỉnh Giấy chứng nhận đủ điều kiện trạm nạp LPG vào phương tiện vận tải 22. 2.000166 Cấp Giấy chứng nhận đủ điều kiện thương nhân kinh doanh mua bán LNG 23. 2.000156 Cấp lại Giấy chứng nhận đủ điều kiện thương nhân kinh doanh mua bán LNG 24. 2.000390 Cấp điều chỉnh Giấy chứng nhận đủ điều kiện thương nhân kinh doanh mua bán LNG 25. 2.000387 Cấp Giấy chứng nhận đủ điều kiện trạm nạp LNG vào phương tiện vận tải 26. 2.000376 Cấp lại Giấy chứng nhận đủ điều kiện trạm nạp LNG và
2026-06-06,2127/QĐ-UBND,2.000175,Cấp điều chỉnh Giấy chứng nhận đủ điều kiện trạm nạp LPG vào xe bồn,CÔNG THƯƠNG,repealed,Bãi bỏ,province,2026-07-01,repealed,https://giavien.haiphong.gov.vn/so-cong-thuong-92280/quyet-dinh-so-2127-qd-ubnd-ngay-06-6-2026-ve-viec-cong-bo-danh-muc-thu-tuc-hanh-chinh-moi-ban-ha-921129,https://cdn.haiphong.gov.vn/gov-hpg/6798/tintuc/2026/6/qd-2127.2026-so-cong-thuong639179180236944152.pdf,4344cd91fab152eba97ec780c1ed168619a90af8d1643d1975d42ef89d2b3a6f,xe bồn 17. 2.000187 Cấp lại Giấy chứng nhận đủ điều kiện trạm nạp LPG vào xe bồn 18. 2.000175 Cấp điều chỉnh Giấy chứng nhận đủ điều kiện trạm nạp LPG vào xe bồn 19. 2.000196 Cấp Giấy chứng nhận đủ điều kiện trạm nạp LPG vào phương tiện vận tải 20. 1.000425 Cấp lại Giấy chứng nhận đủ điều kiện trạm nạp LPG vào phương tiện vận tải
2026-06-06,2127/QĐ-UBND,2.000180,Cấp điều chỉnh Giấy chứng nhận đủ điều kiện trạm nạp LPG vào phương tiện vận tải,CÔNG THƯƠNG,repealed,Bãi bỏ,province,2026-07-01,repealed,https://giavien.haiphong.gov.vn/so-cong-thuong-92280/quyet-dinh-so-2127-qd-ubnd-ngay-06-6-2026-ve-viec-cong-bo-danh-muc-thu-tuc-hanh-chinh-moi-ban-ha-921129,https://cdn.haiphong.gov.vn/gov-hpg/6798/tintuc/2026/6/qd-2127.2026-so-cong-thuong639179180236944152.pdf,4344cd91fab152eba97ec780c1ed168619a90af8d1643d1975d42ef89d2b3a6f,8 21. 2.000180 Cấp điều chỉnh Giấy chứng nhận đủ điều kiện trạm nạp LPG vào phương tiện vận tải 22. 2.000166 Cấp Giấy chứng nhận đủ điều kiện thương nhân kinh doanh mua bán LNG 23. 2.000156 Cấp lại Giấy chứng nhận đủ điều kiện thương nhân kinh doanh mua bán LNG 24. 2.000390 Cấp điều chỉnh Giấy chứng nhận đủ điều kiện thương nhân kinh doanh mua bán LNG 25. 2.000387 Cấp Giấy chứng nhận đủ điều kiện trạm nạp LNG vào phương tiện vận tải 26. 2.000376 Cấp lại Giấy chứng nhận đủ điều kiện trạm nạp LNG 
2026-06-06,2127/QĐ-UBND,2.000187,Cấp lại Giấy chứng nhận đủ điều kiện trạm nạp LPG vào xe bồn,CÔNG THƯƠNG,repealed,Bãi bỏ,province,2026-07-01,repealed,https://giavien.haiphong.gov.vn/so-cong-thuong-92280/quyet-dinh-so-2127-qd-ubnd-ngay-06-6-2026-ve-viec-cong-bo-danh-muc-thu-tuc-hanh-chinh-moi-ban-ha-921129,https://cdn.haiphong.gov.vn/gov-hpg/6798/tintuc/2026/6/qd-2127.2026-so-cong-thuong639179180236944152.pdf,4344cd91fab152eba97ec780c1ed168619a90af8d1643d1975d42ef89d2b3a6f,nạp LPG vào chai 16. 2.000194 Cấp Giấy chứng nhận đủ điều kiện trạm nạp LPG vào xe bồn 17. 2.000187 Cấp lại Giấy chứng nhận đủ điều kiện trạm nạp LPG vào xe bồn 18. 2.000175 Cấp điều chỉnh Giấy chứng nhận đủ điều kiện trạm nạp LPG vào xe bồn 19. 2.000196 Cấp Giấy chứng nhận đủ điều kiện trạm nạp LPG vào phương tiện vận tải 20. 1.000425 Cấp lại Giấy chứng nhận đủ điều kiện trạm nạp LPG vào phương tiện vận tải
2026-06-06,2127/QĐ-UBND,2.000194,Cấp Giấy chứng nhận đủ điều kiện trạm nạp LPG vào xe bồn,CÔNG THƯƠNG,repealed,Bãi bỏ,province,2026-07-01,repealed,https://giavien.haiphong.gov.vn/so-cong-thuong-92280/quyet-dinh-so-2127-qd-ubnd-ngay-06-6-2026-ve-viec-cong-bo-danh-muc-thu-tuc-hanh-chinh-moi-ban-ha-921129,https://cdn.haiphong.gov.vn/gov-hpg/6798/tintuc/2026/6/qd-2127.2026-so-cong-thuong639179180236944152.pdf,4344cd91fab152eba97ec780c1ed168619a90af8d1643d1975d42ef89d2b3a6f,vào chai 15. 2.000201 Cấp điều chỉnh Giấy chứng nhận đủ điều kiện trạm nạp LPG vào chai 16. 2.000194 Cấp Giấy chứng nhận đủ điều kiện trạm nạp LPG vào xe bồn 17. 2.000187 Cấp lại Giấy chứng nhận đủ điều kiện trạm nạp LPG vào xe bồn 18. 2.000175 Cấp điều chỉnh Giấy chứng nhận đủ điều kiện trạm nạp LPG vào xe bồn 19. 2.000196 Cấp Giấy chứng nhận đủ điều kiện trạm nạp LPG vào phương tiện vận tải 20. 1.000425 Cấp lại Giấy chứng nhận đủ điều kiện trạm nạp LPG vào phương tiện vận tải
2026-06-06,2127/QĐ-UBND,2.000196,Cấp Giấy chứng nhận đủ điều kiện trạm nạp LPG vào phương tiện vận tải,CÔNG THƯƠNG,repealed,Bãi bỏ,province,2026-07-01,repealed,https://giavien.haiphong.gov.vn/so-cong-thuong-92280/quyet-dinh-so-2127-qd-ubnd-ngay-06-6-2026-ve-viec-cong-bo-danh-muc-thu-tuc-hanh-chinh-moi-ban-ha-921129,https://cdn.haiphong.gov.vn/gov-hpg/6798/tintuc/2026/6/qd-2127.2026-so-cong-thuong639179180236944152.pdf,4344cd91fab152eba97ec780c1ed168619a90af8d1643d1975d42ef89d2b3a6f,vào xe bồn 18. 2.000175 Cấp điều chỉnh Giấy chứng nhận đủ điều kiện trạm nạp LPG vào xe bồn 19. 2.000196 Cấp Giấy chứng nhận đủ điều kiện trạm nạp LPG vào phương tiện vận tải 20. 1.000425 Cấp lại Giấy chứng nhận đủ điều kiện trạm nạp LPG vào phương tiện vận tải
2026-06-06,2127/QĐ-UBND,2.000201,Cấp điều chỉnh Giấy chứng nhận đủ điều kiện trạm nạp LPG vào chai,CÔNG THƯƠNG,repealed,Bãi bỏ,province,2026-07-01,repealed,https://giavien.haiphong.gov.vn/so-cong-thuong-92280/quyet-dinh-so-2127-qd-ubnd-ngay-06-6-2026-ve-viec-cong-bo-danh-muc-thu-tuc-hanh-chinh-moi-ban-ha-921129,https://cdn.haiphong.gov.vn/gov-hpg/6798/tintuc/2026/6/qd-2127.2026-so-cong-thuong639179180236944152.pdf,4344cd91fab152eba97ec780c1ed168619a90af8d1643d1975d42ef89d2b3a6f,chai 14. 2.000207 Cấp lại Giấy chứng nhận đủ điều kiện trạm nạp LPG vào chai 15. 2.000201 Cấp điều chỉnh Giấy chứng nhận đủ điều kiện trạm nạp LPG vào chai 16. 2.000194 Cấp Giấy chứng nhận đủ điều kiện trạm nạp LPG vào xe bồn 17. 2.000187 Cấp lại Giấy chứng nhận đủ điều kiện trạm nạp LPG vào xe bồn 18. 2.000175 Cấp điều chỉnh Giấy chứng nhận đủ điều kiện trạm nạp LPG vào xe bồn 19. 2.000196 Cấp Giấy chứng nhận đủ điều kiện trạm nạp LPG vào phương tiện vận tải 20. 1.000425 Cấp lại Giấy chứng nhận
2026-06-06,2127/QĐ-UBND,2.000207,Cấp lại Giấy chứng nhận đủ điều kiện trạm nạp LPG vào chai,CÔNG THƯƠNG,repealed,Bãi bỏ,province,2026-07-01,repealed,https://giavien.haiphong.gov.vn/so-cong-thuong-92280/quyet-dinh-so-2127-qd-ubnd-ngay-06-6-2026-ve-viec-cong-bo-danh-muc-thu-tuc-hanh-chinh-moi-ban-ha-921129,https://cdn.haiphong.gov.vn/gov-hpg/6798/tintuc/2026/6/qd-2127.2026-so-cong-thuong639179180236944152.pdf,4344cd91fab152eba97ec780c1ed168619a90af8d1643d1975d42ef89d2b3a6f,thương nhân kinh doanh mua bán LPG 13. 2.000073 Cấp Giấy chứng nhận đủ điều kiện trạm nạp LPG vào chai 14. 2.000207 Cấp lại Giấy chứng nhận đủ điều kiện trạm nạp LPG vào chai 15. 2.000201 Cấp điều chỉnh Giấy chứng nhận đủ điều kiện trạm nạp LPG vào chai 16. 2.000194 Cấp Giấy chứng nhận đủ điều kiện trạm nạp LPG vào xe bồn 17. 2.000187 Cấp lại Giấy chứng nhận đủ điều kiện trạm nạp LPG vào xe bồn 18. 2.000175 Cấp điều chỉnh Giấy chứng nhận đủ điều kiện trạm nạp LPG vào xe bồn 19. 2.000196 Cấp Giấy
2026-06-06,2127/QĐ-UBND,2.000211,Cấp điều chỉnh Giấy chứng nhận đủ điều kiện trạm nạp CNG vào phương tiện vận tải,CÔNG THƯƠNG,repealed,Bãi bỏ,province,2026-07-01,repealed,https://giavien.haiphong.gov.vn/so-cong-thuong-92280/quyet-dinh-so-2127-qd-ubnd-ngay-06-6-2026-ve-viec-cong-bo-danh-muc-thu-tuc-hanh-chinh-moi-ban-ha-921129,https://cdn.haiphong.gov.vn/gov-hpg/6798/tintuc/2026/6/qd-2127.2026-so-cong-thuong639179180236944152.pdf,4344cd91fab152eba97ec780c1ed168619a90af8d1643d1975d42ef89d2b3a6f,32. 1.000444 Cấp lại Giấy chứng nhận đủ điều kiện trạm nạp CNG vào phương tiện vận tải 33. 2.000211 Cấp điều chỉnh Giấy chứng nhận đủ điều kiện trạm nạp CNG vào phương tiện vận tải
2026-06-06,2127/QĐ-UBND,2.000279,Cấp lại Giấy chứng nhận đủ điều kiện thương nhân kinh doanh mua bán CNG,CÔNG THƯƠNG,repealed,Bãi bỏ,province,2026-07-01,repealed,https://giavien.haiphong.gov.vn/so-cong-thuong-92280/quyet-dinh-so-2127-qd-ubnd-ngay-06-6-2026-ve-viec-cong-bo-danh-muc-thu-tuc-hanh-chinh-moi-ban-ha-921129,https://cdn.haiphong.gov.vn/gov-hpg/6798/tintuc/2026/6/qd-2127.2026-so-cong-thuong639179180236944152.pdf,4344cd91fab152eba97ec780c1ed168619a90af8d1643d1975d42ef89d2b3a6f,"nạp LNG vào phương tiện vận tải 28. 2.000354 Cấp Giấy chứng nhận đủ điều kiện thương nhân kinh doanh mua bán CNG 29. 2.000279 Cấp lại Giấy chứng nhận đủ điều kiện thương nhân kinh doanh mua bán CNG 30. 1.000481 Cấp điều chỉnh Giấy chứng nhận đủ điều kiện thương nhân kinh doanh mua bán CNG 31. 2.000163 Cấp Giấy chứng nhận đủ điều kiện trạm nạp CNG vào phương tiện vận tải Nghị quyết số 66.18/2026/NQ -CP ngày 18 tháng 5 năm 2026 của Chính phủ về việc phân quyền, cắt giảm, đơn giản hóa thủ tục hành "
2026-06-06,2127/QĐ-UBND,2.000304,Cấp Giấy chứng nhận đủ điều kiện sản xuất chai LPG mini,CÔNG THƯƠNG,repealed,Bãi bỏ,province,2026-07-01,repealed,https://giavien.haiphong.gov.vn/so-cong-thuong-92280/quyet-dinh-so-2127-qd-ubnd-ngay-06-6-2026-ve-viec-cong-bo-danh-muc-thu-tuc-hanh-chinh-moi-ban-ha-921129,https://cdn.haiphong.gov.vn/gov-hpg/6798/tintuc/2026/6/qd-2127.2026-so-cong-thuong639179180236944152.pdf,4344cd91fab152eba97ec780c1ed168619a90af8d1643d1975d42ef89d2b3a6f,"chữa chai chứa LPG 3. 1.000742 Cấp điều chỉnh Giấy chứng nhận đủ điều kiện sản xuất, sửa chữa chai chứa LPG. 4. 2.000304 Cấp Giấy chứng nhận đủ điều kiện sản xuất chai LPG mini. 5. 1.000709 Cấp lại Giấy chứng nhận đủ điều kiện sản xuất chai LPG mini. 6. 1.000704 Cấp điều chỉnh Giấy chứng nhận đủ điều kiện sản xuất chai LPG mini"
2026-06-06,2127/QĐ-UBND,2.000354,Cấp Giấy chứng nhận đủ điều kiện thương nhân kinh doanh mua bán CNG,CÔNG THƯƠNG,repealed,Bãi bỏ,province,2026-07-01,repealed,https://giavien.haiphong.gov.vn/so-cong-thuong-92280/quyet-dinh-so-2127-qd-ubnd-ngay-06-6-2026-ve-viec-cong-bo-danh-muc-thu-tuc-hanh-chinh-moi-ban-ha-921129,https://cdn.haiphong.gov.vn/gov-hpg/6798/tintuc/2026/6/qd-2127.2026-so-cong-thuong639179180236944152.pdf,4344cd91fab152eba97ec780c1ed168619a90af8d1643d1975d42ef89d2b3a6f,vào phương tiện vận tải 27. 2.000371 Cấp điều chỉnh Giấy chứng nhận đủ điều kiện trạm nạp LNG vào phương tiện vận tải 28. 2.000354 Cấp Giấy chứng nhận đủ điều kiện thương nhân kinh doanh mua bán CNG 29. 2.000279 Cấp lại Giấy chứng nhận đủ điều kiện thương nhân kinh doanh mua bán CNG 30. 1.000481 Cấp điều chỉnh Giấy chứng nhận đủ điều kiện thương nhân kinh doanh mua bán CNG 31. 2.000163 Cấp Giấy chứng nhận đủ điều kiện trạm nạp CNG vào phương tiện vận tải Nghị quyết số 66.18/2026/NQ -CP ngày 18 t
2026-06-06,2127/QĐ-UBND,2.000371,Cấp điều chỉnh Giấy chứng nhận đủ điều kiện trạm nạp LNG vào phương tiện vận tải,CÔNG THƯƠNG,repealed,Bãi bỏ,province,2026-07-01,repealed,https://giavien.haiphong.gov.vn/so-cong-thuong-92280/quyet-dinh-so-2127-qd-ubnd-ngay-06-6-2026-ve-viec-cong-bo-danh-muc-thu-tuc-hanh-chinh-moi-ban-ha-921129,https://cdn.haiphong.gov.vn/gov-hpg/6798/tintuc/2026/6/qd-2127.2026-so-cong-thuong639179180236944152.pdf,4344cd91fab152eba97ec780c1ed168619a90af8d1643d1975d42ef89d2b3a6f,vào phương tiện vận tải 26. 2.000376 Cấp lại Giấy chứng nhận đủ điều kiện trạm nạp LNG vào phương tiện vận tải 27. 2.000371 Cấp điều chỉnh Giấy chứng nhận đủ điều kiện trạm nạp LNG vào phương tiện vận tải 28. 2.000354 Cấp Giấy chứng nhận đủ điều kiện thương nhân kinh doanh mua bán CNG 29. 2.000279 Cấp lại Giấy chứng nhận đủ điều kiện thương nhân kinh doanh mua bán CNG 30. 1.000481 Cấp điều chỉnh Giấy chứng nhận đủ điều kiện thương nhân kinh doanh mua bán CNG 31. 2.000163 Cấp Giấy chứng nhận đủ đ
2026-06-06,2127/QĐ-UBND,2.000376,Cấp lại Giấy chứng nhận đủ điều kiện trạm nạp LNG vào phương tiện vận tải,CÔNG THƯƠNG,repealed,Bãi bỏ,province,2026-07-01,repealed,https://giavien.haiphong.gov.vn/so-cong-thuong-92280/quyet-dinh-so-2127-qd-ubnd-ngay-06-6-2026-ve-viec-cong-bo-danh-muc-thu-tuc-hanh-chinh-moi-ban-ha-921129,https://cdn.haiphong.gov.vn/gov-hpg/6798/tintuc/2026/6/qd-2127.2026-so-cong-thuong639179180236944152.pdf,4344cd91fab152eba97ec780c1ed168619a90af8d1643d1975d42ef89d2b3a6f,nhân kinh doanh mua bán LNG 25. 2.000387 Cấp Giấy chứng nhận đủ điều kiện trạm nạp LNG vào phương tiện vận tải 26. 2.000376 Cấp lại Giấy chứng nhận đủ điều kiện trạm nạp LNG vào phương tiện vận tải 27. 2.000371 Cấp điều chỉnh Giấy chứng nhận đủ điều kiện trạm nạp LNG vào phương tiện vận tải 28. 2.000354 Cấp Giấy chứng nhận đủ điều kiện thương nhân kinh doanh mua bán CNG 29. 2.000279 Cấp lại Giấy chứng nhận đủ điều kiện thương nhân kinh doanh mua bán CNG 30. 1.000481 Cấp điều chỉnh Giấy chứng nhậ
2026-06-06,2127/QĐ-UBND,2.000387,Cấp Giấy chứng nhận đủ điều kiện trạm nạp LNG vào phương tiện vận tải,CÔNG THƯƠNG,repealed,Bãi bỏ,province,2026-07-01,repealed,https://giavien.haiphong.gov.vn/so-cong-thuong-92280/quyet-dinh-so-2127-qd-ubnd-ngay-06-6-2026-ve-viec-cong-bo-danh-muc-thu-tuc-hanh-chinh-moi-ban-ha-921129,https://cdn.haiphong.gov.vn/gov-hpg/6798/tintuc/2026/6/qd-2127.2026-so-cong-thuong639179180236944152.pdf,4344cd91fab152eba97ec780c1ed168619a90af8d1643d1975d42ef89d2b3a6f,kinh doanh mua bán LNG 24. 2.000390 Cấp điều chỉnh Giấy chứng nhận đủ điều kiện thương nhân kinh doanh mua bán LNG 25. 2.000387 Cấp Giấy chứng nhận đủ điều kiện trạm nạp LNG vào phương tiện vận tải 26. 2.000376 Cấp lại Giấy chứng nhận đủ điều kiện trạm nạp LNG vào phương tiện vận tải 27. 2.000371 Cấp điều chỉnh Giấy chứng nhận đủ điều kiện trạm nạp LNG vào phương tiện vận tải 28. 2.000354 Cấp Giấy chứng nhận đủ điều kiện thương nhân kinh doanh mua bán CNG 29. 2.000279 Cấp lại Giấy chứng nhận đủ 
2026-06-06,2127/QĐ-UBND,2.000390,Cấp điều chỉnh Giấy chứng nhận đủ điều kiện thương nhân kinh doanh mua bán LNG,CÔNG THƯƠNG,repealed,Bãi bỏ,province,2026-07-01,repealed,https://giavien.haiphong.gov.vn/so-cong-thuong-92280/quyet-dinh-so-2127-qd-ubnd-ngay-06-6-2026-ve-viec-cong-bo-danh-muc-thu-tuc-hanh-chinh-moi-ban-ha-921129,https://cdn.haiphong.gov.vn/gov-hpg/6798/tintuc/2026/6/qd-2127.2026-so-cong-thuong639179180236944152.pdf,4344cd91fab152eba97ec780c1ed168619a90af8d1643d1975d42ef89d2b3a6f,doanh mua bán LNG 23. 2.000156 Cấp lại Giấy chứng nhận đủ điều kiện thương nhân kinh doanh mua bán LNG 24. 2.000390 Cấp điều chỉnh Giấy chứng nhận đủ điều kiện thương nhân kinh doanh mua bán LNG 25. 2.000387 Cấp Giấy chứng nhận đủ điều kiện trạm nạp LNG vào phương tiện vận tải 26. 2.000376 Cấp lại Giấy chứng nhận đủ điều kiện trạm nạp LNG vào phương tiện vận tải 27. 2.000371 Cấp điều chỉnh Giấy chứng nhận đủ điều kiện trạm nạp LNG vào phương tiện vận tải 28. 2.000354 Cấp Giấy chứng nhận đủ điều 
2026-06-06,2127/QĐ-UBND,2.000578,"Cấp giấy phép xuất khẩu, nhập khẩu vật liệu nổ công nghiệp",CÔNG THƯƠNG,new,Ban hành mới,province,2026-07-01,current,https://giavien.haiphong.gov.vn/so-cong-thuong-92280/quyet-dinh-so-2127-qd-ubnd-ngay-06-6-2026-ve-viec-cong-bo-danh-muc-thu-tuc-hanh-chinh-moi-ban-ha-921129,https://cdn.haiphong.gov.vn/gov-hpg/6798/tintuc/2026/6/qd-2127.2026-so-cong-thuong639179180236944152.pdf,4344cd91fab152eba97ec780c1ed168619a90af8d1643d1975d42ef89d2b3a6f,"Theo quy định Sau cắt giảm A. THỦ TỤC HÀNH CHÍNH CẤP TỈNH (03 TTHC) A1. LĨNH VỰC VẬT LIỆU NỔ CÔNG NGHIỆP, TIỀN CHẤT THUỐC NỔ (01 TTHC) 1. 2.000578 Cấp giấy phép xuất khẩu, nhập khẩu vật liệu nổ công nghiệp 05 ngày làm việc kể từ ngày nhận đủ hồ sơ 05 ngày làm việc kể từ ngày nhận đủ hồ sơ - Trung tâm Phục vụ hành chính công thành phố; - Trung tâm Phục vụ"
2026-06-06,2127/QĐ-UBND,2.000604,"Cấp Giấy chứng nhận đăng ký hoạt động kiểm định Nghị quyết số 66.18/2026/NQ -CP ngày 18 tháng 5 năm 2026 của Chính phủ về việc phân quyền, cắt giảm, đơn giản hóa thủ tục hành chính, điều kiện kinh doanh",CÔNG THƯƠNG,repealed,Bãi bỏ,province,2026-07-01,repealed,https://giavien.haiphong.gov.vn/so-cong-thuong-92280/quyet-dinh-so-2127-qd-ubnd-ngay-06-6-2026-ve-viec-cong-bo-danh-muc-thu-tuc-hanh-chinh-moi-ban-ha-921129,https://cdn.haiphong.gov.vn/gov-hpg/6798/tintuc/2026/6/qd-2127.2026-so-cong-thuong639179180236944152.pdf,4344cd91fab152eba97ec780c1ed168619a90af8d1643d1975d42ef89d2b3a6f,"STT Mã TTHC Tên TTHC Tên VBQPPL quy định TTHC bãi bỏ A. THỦ TỤC HÀNH CHÍNH CẤP TỈNH (53 TTHC) A1. LĨNH VỰC TIÊU CHUẨN ĐO LƯỜNG CHẤT LƯỢNG (03 TTHC) 1. 2.000604 Cấp Giấy chứng nhận đăng ký hoạt động kiểm định Nghị quyết số 66.18/2026/NQ -CP ngày 18 tháng 5 năm 2026 của Chính phủ về việc phân quyền, cắt giảm, đơn giản hóa thủ tục hành chính, điều kiện kinh doanh 2. 2.001675 Cấp bổ sung, sửa đổi Giấy chứng nhận đăng ký hoạt động kiểm định 3. 2.001665 Cấp lại Giấy chứng nhận đăng ký hoạt động kiểm đ"
2026-06-06,2127/QĐ-UBND,2.000615,"Cấp sửa đổi, bổ sung Giấy phép bán lẻ rượu B2. LĨNH VỰC CÔNG NGHIỆP TIÊU DÙNG (03 TTHC)",CÔNG THƯƠNG,repealed,Bãi bỏ,commune,2026-07-01,repealed,https://giavien.haiphong.gov.vn/so-cong-thuong-92280/quyet-dinh-so-2127-qd-ubnd-ngay-06-6-2026-ve-viec-cong-bo-danh-muc-thu-tuc-hanh-chinh-moi-ban-ha-921129,https://cdn.haiphong.gov.vn/gov-hpg/6798/tintuc/2026/6/qd-2127.2026-so-cong-thuong639179180236944152.pdf,4344cd91fab152eba97ec780c1ed168619a90af8d1643d1975d42ef89d2b3a6f,"hàng bán lẻ LPG chai 4. 2.000620 Cấp Giấy phép bán lẻ rượu 5. 2.001240 Cấp lại Giấy phép bán lẻ rượu 6. 2.000615 Cấp sửa đổi, bổ sung Giấy phép bán lẻ rượu B2. LĨNH VỰC CÔNG NGHIỆP TIÊU DÙNG (03 TTHC) 1. 2.000633 Cấp Giấy phép sản xuất rượu thủ công nhằm mục đích kinh doanh Nghị quyết số 19/2026/NQ-CP ngày 29/4/2026 của Chính phủ về cắt giảm, phân cấp, đơn giản hóa thủ tục hành chính, điều kiện kinh doanh thuộc phạm vi quản lý của Bộ Công Thương 2. 1.001279 Cấp lại Giấy phép sản xuất rượu thủ cô"
2026-06-06,2127/QĐ-UBND,2.000620,Cấp Giấy phép bán lẻ rượu,CÔNG THƯƠNG,repealed,Bãi bỏ,commune,2026-07-01,repealed,https://giavien.haiphong.gov.vn/so-cong-thuong-92280/quyet-dinh-so-2127-qd-ubnd-ngay-06-6-2026-ve-viec-cong-bo-danh-muc-thu-tuc-hanh-chinh-moi-ban-ha-921129,https://cdn.haiphong.gov.vn/gov-hpg/6798/tintuc/2026/6/qd-2127.2026-so-cong-thuong639179180236944152.pdf,4344cd91fab152eba97ec780c1ed168619a90af8d1643d1975d42ef89d2b3a6f,"lẻ LPG chai 3. 2.001261 Cấp điều chỉnh Giấy chứng nhận đủ điều kiện cửa hàng bán lẻ LPG chai 4. 2.000620 Cấp Giấy phép bán lẻ rượu 5. 2.001240 Cấp lại Giấy phép bán lẻ rượu 6. 2.000615 Cấp sửa đổi, bổ sung Giấy phép bán lẻ rượu B2. LĨNH VỰC CÔNG NGHIỆP TIÊU DÙNG (03 TTHC) 1. 2.000633 Cấp Giấy phép sản xuất rượu thủ công nhằm mục đích kinh doanh Nghị quyết số 19/2026/NQ-CP ngày 29/4/2026 của Chính phủ về cắt giảm, phân cấp, đơn giản hóa thủ tục hành chính, điều kiện kinh doanh thuộc phạm vi quản "
2026-06-06,2127/QĐ-UBND,2.000629,"Cấp sửa đổi, bổ sung Giấy phép sản xuất rượu thủ công nhằm mục đích kinh doanh",CÔNG THƯƠNG,repealed,Bãi bỏ,commune,2026-07-01,repealed,https://giavien.haiphong.gov.vn/so-cong-thuong-92280/quyet-dinh-so-2127-qd-ubnd-ngay-06-6-2026-ve-viec-cong-bo-danh-muc-thu-tuc-hanh-chinh-moi-ban-ha-921129,https://cdn.haiphong.gov.vn/gov-hpg/6798/tintuc/2026/6/qd-2127.2026-so-cong-thuong639179180236944152.pdf,4344cd91fab152eba97ec780c1ed168619a90af8d1643d1975d42ef89d2b3a6f,"hóa thủ tục hành chính, điều kiện kinh doanh thuộc phạm vi quản lý của Bộ Công Thương 2. 1.001279 Cấp lại Giấy phép sản xuất rượu thủ công nhằm mục đích kinh doanh 3. 2.000629 Cấp sửa đổi, bổ sung Giấy phép sản xuất rượu thủ công nhằm mục đích kinh doanh"
2026-06-06,2127/QĐ-UBND,2.000633,"Cấp Giấy phép sản xuất rượu thủ công nhằm mục đích kinh doanh Nghị quyết số 19/2026/NQ-CP ngày 29/4/2026 của Chính phủ về cắt giảm, phân cấp, đơn giản hóa thủ tục hành chính, điều kiện kinh doanh",CÔNG THƯƠNG,repealed,Bãi bỏ,commune,2026-07-01,repealed,https://giavien.haiphong.gov.vn/so-cong-thuong-92280/quyet-dinh-so-2127-qd-ubnd-ngay-06-6-2026-ve-viec-cong-bo-danh-muc-thu-tuc-hanh-chinh-moi-ban-ha-921129,https://cdn.haiphong.gov.vn/gov-hpg/6798/tintuc/2026/6/qd-2127.2026-so-cong-thuong639179180236944152.pdf,4344cd91fab152eba97ec780c1ed168619a90af8d1643d1975d42ef89d2b3a6f,"5. 2.001240 Cấp lại Giấy phép bán lẻ rượu 6. 2.000615 Cấp sửa đổi, bổ sung Giấy phép bán lẻ rượu B2. LĨNH VỰC CÔNG NGHIỆP TIÊU DÙNG (03 TTHC) 1. 2.000633 Cấp Giấy phép sản xuất rượu thủ công nhằm mục đích kinh doanh Nghị quyết số 19/2026/NQ-CP ngày 29/4/2026 của Chính phủ về cắt giảm, phân cấp, đơn giản hóa thủ tục hành chính, điều kiện kinh doanh thuộc phạm vi quản lý của Bộ Công Thương 2. 1.001279 Cấp lại Giấy phép sản xuất rượu thủ công nhằm mục đích kinh doanh 3. 2.000629 Cấp sửa đổi, bổ sun"
2026-06-06,2127/QĐ-UBND,2.000636,Cấp lại Giấy phép bán buôn rượu B. THỦ TỤC HÀNH CHÍNH CẤP XÃ (09 TTHC) B1. LĨNH VỰC LƯU THÔNG HÀNG HÓA TRONG NƯỚC (06 TTHC),CÔNG THƯƠNG,repealed,Bãi bỏ,province,2026-07-01,repealed,https://giavien.haiphong.gov.vn/so-cong-thuong-92280/quyet-dinh-so-2127-qd-ubnd-ngay-06-6-2026-ve-viec-cong-bo-danh-muc-thu-tuc-hanh-chinh-moi-ban-ha-921129,https://cdn.haiphong.gov.vn/gov-hpg/6798/tintuc/2026/6/qd-2127.2026-so-cong-thuong639179180236944152.pdf,4344cd91fab152eba97ec780c1ed168619a90af8d1643d1975d42ef89d2b3a6f,"36. 1.003101 Cấp lại Giấy phép phân phối rượu 37. 2.001624 Cấp Giấy phép bán buôn rượu 38. 2.001619 Cấp sửa đổi, bổ sung Giấy phép bán buôn rượu 39. 2.000636 Cấp lại Giấy phép bán buôn rượu B. THỦ TỤC HÀNH CHÍNH CẤP XÃ (09 TTHC) B1. LĨNH VỰC LƯU THÔNG HÀNG HÓA TRONG NƯỚC (06 TTHC) 1. 2.001283 Cấp Giấy chứng nhận đủ điều kiện cửa hàng bán lẻ LPG chai Nghị quyết số 66.18/2026/NQ -CP ngày 18 tháng 5 năm 2026 của Chính phủ về việc phân quyền, cắt giảm, đơn giản hóa thủ tục hành chính, điều kiện kinh"
2026-06-06,2127/QĐ-UBND,2.001240,Cấp lại Giấy phép bán lẻ rượu,CÔNG THƯƠNG,repealed,Bãi bỏ,commune,2026-07-01,repealed,https://giavien.haiphong.gov.vn/so-cong-thuong-92280/quyet-dinh-so-2127-qd-ubnd-ngay-06-6-2026-ve-viec-cong-bo-danh-muc-thu-tuc-hanh-chinh-moi-ban-ha-921129,https://cdn.haiphong.gov.vn/gov-hpg/6798/tintuc/2026/6/qd-2127.2026-so-cong-thuong639179180236944152.pdf,4344cd91fab152eba97ec780c1ed168619a90af8d1643d1975d42ef89d2b3a6f,"3. 2.001261 Cấp điều chỉnh Giấy chứng nhận đủ điều kiện cửa hàng bán lẻ LPG chai 4. 2.000620 Cấp Giấy phép bán lẻ rượu 5. 2.001240 Cấp lại Giấy phép bán lẻ rượu 6. 2.000615 Cấp sửa đổi, bổ sung Giấy phép bán lẻ rượu B2. LĨNH VỰC CÔNG NGHIỆP TIÊU DÙNG (03 TTHC) 1. 2.000633 Cấp Giấy phép sản xuất rượu thủ công nhằm mục đích kinh doanh Nghị quyết số 19/2026/NQ-CP ngày 29/4/2026 của Chính phủ về cắt giảm, phân cấp, đơn giản hóa thủ tục hành chính, điều kiện kinh doanh thuộc phạm vi quản lý của Bộ Cô"
2026-06-06,2127/QĐ-UBND,2.001261,Cấp điều chỉnh Giấy chứng nhận đủ điều kiện cửa hàng bán lẻ LPG chai,CÔNG THƯƠNG,repealed,Bãi bỏ,commune,2026-07-01,repealed,https://giavien.haiphong.gov.vn/so-cong-thuong-92280/quyet-dinh-so-2127-qd-ubnd-ngay-06-6-2026-ve-viec-cong-bo-danh-muc-thu-tuc-hanh-chinh-moi-ban-ha-921129,https://cdn.haiphong.gov.vn/gov-hpg/6798/tintuc/2026/6/qd-2127.2026-so-cong-thuong639179180236944152.pdf,4344cd91fab152eba97ec780c1ed168619a90af8d1643d1975d42ef89d2b3a6f,"quyền, cắt giảm, đơn giản hóa thủ tục hành chính, điều kiện kinh doanh 2. 2.001270 Cấp lại Giấy chứng nhận đủ điều kiện cửa hàng bán lẻ LPG chai 3. 2.001261 Cấp điều chỉnh Giấy chứng nhận đủ điều kiện cửa hàng bán lẻ LPG chai 4. 2.000620 Cấp Giấy phép bán lẻ rượu 5. 2.001240 Cấp lại Giấy phép bán lẻ rượu 6. 2.000615 Cấp sửa đổi, bổ sung Giấy phép bán lẻ rượu B2. LĨNH VỰC CÔNG NGHIỆP TIÊU DÙNG (03 TTHC) 1. 2.000633 Cấp Giấy phép sản xuất rượu thủ công nhằm mục đích kinh doanh Nghị quyết số 19/202"
2026-06-06,2127/QĐ-UBND,2.001270,Cấp lại Giấy chứng nhận đủ điều kiện cửa hàng bán lẻ LPG chai,CÔNG THƯƠNG,repealed,Bãi bỏ,commune,2026-07-01,repealed,https://giavien.haiphong.gov.vn/so-cong-thuong-92280/quyet-dinh-so-2127-qd-ubnd-ngay-06-6-2026-ve-viec-cong-bo-danh-muc-thu-tuc-hanh-chinh-moi-ban-ha-921129,https://cdn.haiphong.gov.vn/gov-hpg/6798/tintuc/2026/6/qd-2127.2026-so-cong-thuong639179180236944152.pdf,4344cd91fab152eba97ec780c1ed168619a90af8d1643d1975d42ef89d2b3a6f,"Nghị quyết số 66.18/2026/NQ -CP ngày 18 tháng 5 năm 2026 của Chính phủ về việc phân quyền, cắt giảm, đơn giản hóa thủ tục hành chính, điều kiện kinh doanh 2. 2.001270 Cấp lại Giấy chứng nhận đủ điều kiện cửa hàng bán lẻ LPG chai 3. 2.001261 Cấp điều chỉnh Giấy chứng nhận đủ điều kiện cửa hàng bán lẻ LPG chai 4. 2.000620 Cấp Giấy phép bán lẻ rượu 5. 2.001240 Cấp lại Giấy phép bán lẻ rượu 6. 2.000615 Cấp sửa đổi, bổ sung Giấy phép bán lẻ rượu B2. LĨNH VỰC CÔNG NGHIỆP TIÊU DÙNG (03 TTHC) 1. 2.00063"
2026-06-06,2127/QĐ-UBND,2.001282,"Thủ tục cấp Giấy phép xuất khẩu, nhập khẩu hàng hóa đã có quyết định tạm ngừng xuất khẩu, tạm ngừng nhập khẩu nhằm phục vụ mục đích đặc dụng, bảo hành, phân tích, kiểm nghiệm, nghiên cứu khoa học, y tế, sản xuất dược phẩm, bảo vệ",CÔNG THƯƠNG,new,Ban hành mới,province,2026-07-01,current,https://giavien.haiphong.gov.vn/so-cong-thuong-92280/quyet-dinh-so-2127-qd-ubnd-ngay-06-6-2026-ve-viec-cong-bo-danh-muc-thu-tuc-hanh-chinh-moi-ban-ha-921129,https://cdn.haiphong.gov.vn/gov-hpg/6798/tintuc/2026/6/qd-2127.2026-so-cong-thuong639179180236944152.pdf,4344cd91fab152eba97ec780c1ed168619a90af8d1643d1975d42ef89d2b3a6f,"2 A2. LĨNH VỰC XUẤT NHẬP KHẨU (02 TTHC) 1. 2.001282 Thủ tục cấp Giấy phép xuất khẩu, nhập khẩu hàng hóa đã có quyết định tạm ngừng xuất khẩu, tạm ngừng nhập khẩu nhằm phục vụ mục đích đặc dụng, bảo hành, phân tích, kiểm nghiệm, nghiên cứu khoa học, y tế, sản xuất dược phẩm, bảo vệ quốc phòng, an ninh 05 ngày làm việc kể từ khi"
2026-06-06,2127/QĐ-UBND,2.001283,"Cấp Giấy chứng nhận đủ điều kiện cửa hàng bán lẻ LPG chai Nghị quyết số 66.18/2026/NQ -CP ngày 18 tháng 5 năm 2026 của Chính phủ về việc phân quyền, cắt giảm, đơn giản hóa thủ tục hành",CÔNG THƯƠNG,repealed,Bãi bỏ,commune,2026-07-01,repealed,https://giavien.haiphong.gov.vn/so-cong-thuong-92280/quyet-dinh-so-2127-qd-ubnd-ngay-06-6-2026-ve-viec-cong-bo-danh-muc-thu-tuc-hanh-chinh-moi-ban-ha-921129,https://cdn.haiphong.gov.vn/gov-hpg/6798/tintuc/2026/6/qd-2127.2026-so-cong-thuong639179180236944152.pdf,4344cd91fab152eba97ec780c1ed168619a90af8d1643d1975d42ef89d2b3a6f,"39. 2.000636 Cấp lại Giấy phép bán buôn rượu B. THỦ TỤC HÀNH CHÍNH CẤP XÃ (09 TTHC) B1. LĨNH VỰC LƯU THÔNG HÀNG HÓA TRONG NƯỚC (06 TTHC) 1. 2.001283 Cấp Giấy chứng nhận đủ điều kiện cửa hàng bán lẻ LPG chai Nghị quyết số 66.18/2026/NQ -CP ngày 18 tháng 5 năm 2026 của Chính phủ về việc phân quyền, cắt giảm, đơn giản hóa thủ tục hành chính, điều kiện kinh doanh 2. 2.001270 Cấp lại Giấy chứng nhận đủ điều kiện cửa hàng bán lẻ LPG chai 3. 2.001261 Cấp điều chỉnh Giấy chứng nhận đủ điều kiện cửa hàng"
2026-06-06,2127/QĐ-UBND,2.001424,"Cấp Giấy chứng nhận đủ điều kiện thương nhân xuất khẩu, nhập khẩu LPG Nghị quyết số 66.18/2026/NQ -CP ngày 18 tháng 5 năm 2026 của Chính phủ về việc phân quyền, cắt giảm, đơn giản hóa thủ tục hành chính, điều kiện kinh doanh",CÔNG THƯƠNG,repealed,Bãi bỏ,province,2026-07-01,repealed,https://giavien.haiphong.gov.vn/so-cong-thuong-92280/quyet-dinh-so-2127-qd-ubnd-ngay-06-6-2026-ve-viec-cong-bo-danh-muc-thu-tuc-hanh-chinh-moi-ban-ha-921129,https://cdn.haiphong.gov.vn/gov-hpg/6798/tintuc/2026/6/qd-2127.2026-so-cong-thuong639179180236944152.pdf,4344cd91fab152eba97ec780c1ed168619a90af8d1643d1975d42ef89d2b3a6f,"5. 1.004007 Cấp sửa đổi, bổ sung Giấy phép sản xuất rượu công nghiệp (quy mô từ 3 triệu lít/năm trở lên) A4. LĨNH VỰC LƯU THÔNG HÀNG HÓA TRONG NƯỚC (39 TTHC) 1. 2.001424 Cấp Giấy chứng nhận đủ điều kiện thương nhân xuất khẩu, nhập khẩu LPG Nghị quyết số 66.18/2026/NQ -CP ngày 18 tháng 5 năm 2026 của Chính phủ về việc phân quyền, cắt giảm, đơn giản hóa thủ tục hành chính, điều kiện kinh doanh 2. 1.000510 Cấp lại Giấy chứng nhận đủ điều kiện thương nhân xuất khẩu, nhập khẩu LPG 3. 1.000491 Cấp điề"
2026-06-06,2127/QĐ-UBND,2.001619,"Cấp sửa đổi, bổ sung Giấy phép bán buôn rượu",CÔNG THƯƠNG,repealed,Bãi bỏ,province,2026-07-01,repealed,https://giavien.haiphong.gov.vn/so-cong-thuong-92280/quyet-dinh-so-2127-qd-ubnd-ngay-06-6-2026-ve-viec-cong-bo-danh-muc-thu-tuc-hanh-chinh-moi-ban-ha-921129,https://cdn.haiphong.gov.vn/gov-hpg/6798/tintuc/2026/6/qd-2127.2026-so-cong-thuong639179180236944152.pdf,4344cd91fab152eba97ec780c1ed168619a90af8d1643d1975d42ef89d2b3a6f,"35. 1.005376 Cấp sửa đổi, bổ sung Giấy phép phân phối rượu 36. 1.003101 Cấp lại Giấy phép phân phối rượu 37. 2.001624 Cấp Giấy phép bán buôn rượu 38. 2.001619 Cấp sửa đổi, bổ sung Giấy phép bán buôn rượu 39. 2.000636 Cấp lại Giấy phép bán buôn rượu B. THỦ TỤC HÀNH CHÍNH CẤP XÃ (09 TTHC) B1. LĨNH VỰC LƯU THÔNG HÀNG HÓA TRONG NƯỚC (06 TTHC) 1. 2.001283 Cấp Giấy chứng nhận đủ điều kiện cửa hàng bán lẻ LPG chai Nghị quyết số 66.18/2026/NQ -CP ngày 18 tháng 5 năm 2026 của Chính phủ về việc phân quyền"
2026-06-06,2127/QĐ-UBND,2.001624,Cấp Giấy phép bán buôn rượu,CÔNG THƯƠNG,repealed,Bãi bỏ,province,2026-07-01,repealed,https://giavien.haiphong.gov.vn/so-cong-thuong-92280/quyet-dinh-so-2127-qd-ubnd-ngay-06-6-2026-ve-viec-cong-bo-danh-muc-thu-tuc-hanh-chinh-moi-ban-ha-921129,https://cdn.haiphong.gov.vn/gov-hpg/6798/tintuc/2026/6/qd-2127.2026-so-cong-thuong639179180236944152.pdf,4344cd91fab152eba97ec780c1ed168619a90af8d1643d1975d42ef89d2b3a6f,"34. 1.003977 Cấp Giấy phép phân phối rượu 35. 1.005376 Cấp sửa đổi, bổ sung Giấy phép phân phối rượu 36. 1.003101 Cấp lại Giấy phép phân phối rượu 37. 2.001624 Cấp Giấy phép bán buôn rượu 38. 2.001619 Cấp sửa đổi, bổ sung Giấy phép bán buôn rượu 39. 2.000636 Cấp lại Giấy phép bán buôn rượu B. THỦ TỤC HÀNH CHÍNH CẤP XÃ (09 TTHC) B1. LĨNH VỰC LƯU THÔNG HÀNG HÓA TRONG NƯỚC (06 TTHC) 1. 2.001283 Cấp Giấy chứng nhận đủ điều kiện cửa hàng bán lẻ LPG chai Nghị quyết số 66.18/2026/NQ -CP ngày 18 tháng 5"
2026-06-06,2127/QĐ-UBND,2.001630,Cấp lại Giấy phép sản xuất rượu công nghiệp (quy mô dưới 3 triệu lít/năm),CÔNG THƯƠNG,repealed,Bãi bỏ,province,2026-07-01,repealed,https://giavien.haiphong.gov.vn/so-cong-thuong-92280/quyet-dinh-so-2127-qd-ubnd-ngay-06-6-2026-ve-viec-cong-bo-danh-muc-thu-tuc-hanh-chinh-moi-ban-ha-921129,https://cdn.haiphong.gov.vn/gov-hpg/6798/tintuc/2026/6/qd-2127.2026-so-cong-thuong639179180236944152.pdf,4344cd91fab152eba97ec780c1ed168619a90af8d1643d1975d42ef89d2b3a6f,"3. 2.001646 Cấp Giấy phép sản xuất rượu công nghiệp (quy mô dưới 3 triệu lít/năm) 4. 2.001630 Cấp lại Giấy phép sản xuất rượu công nghiệp (quy mô dưới 3 triệu lít/năm) 5. 1.004007 Cấp sửa đổi, bổ sung Giấy phép sản xuất rượu công nghiệp (quy mô từ 3 triệu lít/năm trở lên) A4. LĨNH VỰC LƯU THÔNG HÀNG HÓA TRONG NƯỚC (39 TTHC) 1. 2.001424 Cấp Giấy chứng nhận đủ điều kiện thương nhân xuất khẩu, nhập khẩu LPG Nghị quyết số 66.18/2026/NQ -CP ngày 18 tháng 5 năm 2026 của Chính phủ về việc phân quyền, c"
2026-06-06,2127/QĐ-UBND,2.001646,Cấp Giấy phép sản xuất rượu công nghiệp (quy mô dưới 3 triệu lít/năm),CÔNG THƯƠNG,repealed,Bãi bỏ,province,2026-07-01,repealed,https://giavien.haiphong.gov.vn/so-cong-thuong-92280/quyet-dinh-so-2127-qd-ubnd-ngay-06-6-2026-ve-viec-cong-bo-danh-muc-thu-tuc-hanh-chinh-moi-ban-ha-921129,https://cdn.haiphong.gov.vn/gov-hpg/6798/tintuc/2026/6/qd-2127.2026-so-cong-thuong639179180236944152.pdf,4344cd91fab152eba97ec780c1ed168619a90af8d1643d1975d42ef89d2b3a6f,"quyền, cắt giảm, đơn giản hóa thủ tục hành chính, điều kiện kinh doanh 3. 2.001646 Cấp Giấy phép sản xuất rượu công nghiệp (quy mô dưới 3 triệu lít/năm) 4. 2.001630 Cấp lại Giấy phép sản xuất rượu công nghiệp (quy mô dưới 3 triệu lít/năm) 5. 1.004007 Cấp sửa đổi, bổ sung Giấy phép sản xuất rượu công nghiệp (quy mô từ 3 triệu lít/năm trở lên) A4. LĨNH VỰC LƯU THÔNG HÀNG HÓA TRONG NƯỚC (39 TTHC) 1. 2.001424 Cấp Giấy chứng nhận đủ điều kiện thương nhân xuất khẩu, nhập khẩu LPG Nghị quyết số 66.18/2"
2026-06-06,2127/QĐ-UBND,2.001665,Cấp lại Giấy chứng nhận đăng ký hoạt động kiểm định A2. LĨNH VỰC KINH DOANH KHÍ (06 TTHC),CÔNG THƯƠNG,repealed,Bãi bỏ,province,2026-07-01,repealed,https://giavien.haiphong.gov.vn/so-cong-thuong-92280/quyet-dinh-so-2127-qd-ubnd-ngay-06-6-2026-ve-viec-cong-bo-danh-muc-thu-tuc-hanh-chinh-moi-ban-ha-921129,https://cdn.haiphong.gov.vn/gov-hpg/6798/tintuc/2026/6/qd-2127.2026-so-cong-thuong639179180236944152.pdf,4344cd91fab152eba97ec780c1ed168619a90af8d1643d1975d42ef89d2b3a6f,"Cấp bổ sung, sửa đổi Giấy chứng nhận đăng ký hoạt động kiểm định 3. 2.001665 Cấp lại Giấy chứng nhận đăng ký hoạt động kiểm định A2. LĨNH VỰC KINH DOANH KHÍ (06 TTHC) 1. 1.000475 Cấp Giấy chứng nhận đủ điều kiện sản xuất, sửa chữa chai chứa LPG Nghị quyết số 66.18/2026/NQ -CP ngày 18 tháng 5 năm 2026 của Chính phủ về việc phân quyền, cắt giảm, đơn giản hóa thủ tục hành chính, điều kiện kinh doanh 2. 1.000455 Cấp lại Giấy chứng nhận đủ điều kiện sản xuất, sửa chữa chai chứa LPG 3. 1.000742 Cấp đi"
2026-06-06,2127/QĐ-UBND,2.001675,"Cấp bổ sung, sửa đổi Giấy chứng nhận đăng ký hoạt động kiểm định",CÔNG THƯƠNG,repealed,Bãi bỏ,province,2026-07-01,repealed,https://giavien.haiphong.gov.vn/so-cong-thuong-92280/quyet-dinh-so-2127-qd-ubnd-ngay-06-6-2026-ve-viec-cong-bo-danh-muc-thu-tuc-hanh-chinh-moi-ban-ha-921129,https://cdn.haiphong.gov.vn/gov-hpg/6798/tintuc/2026/6/qd-2127.2026-so-cong-thuong639179180236944152.pdf,4344cd91fab152eba97ec780c1ed168619a90af8d1643d1975d42ef89d2b3a6f,"quyền, cắt giảm, đơn giản hóa thủ tục hành chính, điều kiện kinh doanh 2. 2.001675 Cấp bổ sung, sửa đổi Giấy chứng nhận đăng ký hoạt động kiểm định 3. 2.001665 Cấp lại Giấy chứng nhận đăng ký hoạt động kiểm định A2. LĨNH VỰC KINH DOANH KHÍ (06 TTHC) 1. 1.000475 Cấp Giấy chứng nhận đủ điều kiện sản xuất, sửa chữa chai chứa LPG Nghị quyết số 66.18/2026/NQ -CP ngày 18 tháng 5 năm 2026 của Chính phủ về việc phân quyền, cắt giảm, đơn giản hóa thủ tục hành chính, điều kiện kinh doanh 2. 1.000455 Cấp l"
2026-06-18,2281/QĐ-UBND,1.000028,"Cấp Gi ấy phép lưu hành xe quá t ải tr ọng, xe quá khổ giới hạn, xe bánh xích, xe v ận chuyển hàng siêu trư ờng, siêu tr ọng trên đường bộ Trong th ời hạn 02 (hai) ngày làm việc kể từ khi nhận đ ủ hồ sơ theo quy",XÂY DỰNG,modified,Sửa đổi/bổ sung,,2026-06-18,not_in_current_master,https://cathai.haiphong.gov.vn/linh-vuc-xay-dung/quyet-dinh-so-2281-qd-ubnd-ngay-18-6-2026-cua-ubnd-thanh-pho-hai-phong-v-v-cong-bo-danh-muc-thu--920826,https://cdn.haiphong.gov.vn/gov-hpg/5889/tintuc/2026/6/quyet-dinh-2026-cong-bo-dmtthc-sua-doi-bo.....signed639178946021802879.pdf,0be5667be1c211ecbc4ec667abe151fba55b820f373a37308d6543dfecb70621,"chứng chỉ bồi dưỡng kiến thức pháp luật về giao thông đư ờng bộ. 8. 1.000028 Cấp Gi ấy phép lưu hành xe quá t ải tr ọng, xe quá khổ giới hạn, xe bánh xích, xe v ận chuyển hàng siêu trư ờng, siêu tr ọng trên đường bộ Trong th ời hạn 02 (hai) ngày làm việc kể từ khi nhận đ ủ hồ sơ theo quy định Trong th ời"
2026-06-18,2281/QĐ-UBND,1.001131,Cấp giấy chứng nhận an toàn k ỹ thuật và bảo vệ môi trường cho phương tiện nhập khẩu,XÂY DỰNG,modified,Sửa đổi/bổ sung,shared_including_commune,2026-06-18,current,https://cathai.haiphong.gov.vn/linh-vuc-xay-dung/quyet-dinh-so-2281-qd-ubnd-ngay-18-6-2026-cua-ubnd-thanh-pho-hai-phong-v-v-cong-bo-danh-muc-thu--920826,https://cdn.haiphong.gov.vn/gov-hpg/5889/tintuc/2026/6/quyet-dinh-2026-cong-bo-dmtthc-sua-doi-bo.....signed639178946021802879.pdf,0be5667be1c211ecbc4ec667abe151fba55b820f373a37308d6543dfecb70621,"trong lĩnh vực đăng kiểm, đường bộ, đường sắt, quy hoạch đô th ị và nông thôn thu ộc phạm vi quản lý của Bộ Xây dựng 6. 1.001131 Cấp giấy chứng nhận an toàn k ỹ thuật và bảo vệ môi trường cho phương tiện nhập khẩu 7. 1.005091 Cấp giấy chứng nhận sản phẩm công nghiệp sử dụng cho phương tiện thủy nội địa 8. 1.004337 Cấp Gi ấy chứng nh ận ch ất lư ợng an toàn k ỹ thuật, an toàn lao động thiết bị xếp dỡ trong khai thác sử dụng"
2026-06-18,2281/QĐ-UBND,1.001284,"Cấp Giấy chứng nhận an toàn kỹ thuật và bảo vệ môi trường cho phương tiện thủy nội địa Thông tư số 24/2026/TT-BXD ngày 20 tháng 5 năm 2026 của Bộ trưởng Bộ Xây dựng sửa đổi, bổ sung một số điều của các Thông tư để phân cấp, cắt giảm, đơn giản hóa thủ tục hành chính",XÂY DỰNG,modified,Sửa đổi/bổ sung,shared_including_commune,2026-06-18,current,https://cathai.haiphong.gov.vn/linh-vuc-xay-dung/quyet-dinh-so-2281-qd-ubnd-ngay-18-6-2026-cua-ubnd-thanh-pho-hai-phong-v-v-cong-bo-danh-muc-thu--920826,https://cdn.haiphong.gov.vn/gov-hpg/5889/tintuc/2026/6/quyet-dinh-2026-cong-bo-dmtthc-sua-doi-bo.....signed639178946021802879.pdf,0be5667be1c211ecbc4ec667abe151fba55b820f373a37308d6543dfecb70621,"bộ 4. 1.001717 Cấp lại chứng chỉ thẩm tra viên an toàn giao thông đường bộ II LĨNH VỰC ĐĂNG KIỂM 5. 1.001284 Cấp Giấy chứng nhận an toàn kỹ thuật và bảo vệ môi trường cho phương tiện thủy nội địa Thông tư số 24/2026/TT-BXD ngày 20 tháng 5 năm 2026 của Bộ trưởng Bộ Xây dựng sửa đổi, bổ sung một số điều của các Thông tư để phân cấp, cắt giảm, đơn giản hóa thủ tục hành chính trong lĩnh vực đăng kiểm, đường bộ, đường sắt, quy hoạch đô th ị và nông thôn thu ộc phạm vi quản lý của Bộ Xây dựng 6. 1.001"
2026-06-18,2281/QĐ-UBND,1.001296,Cấp l ại Gi ấy chứng nh ận đ ủ điều ki ện ho ạt động kiểm định xe cơ giới - Trường hợp nộp hồ sơ trực ti ếp: 02 ngày làm việc. - Trường hợp nộp hồ sơ qua bưu chính ho ặc qua h ệ thống,XÂY DỰNG,modified,Sửa đổi/bổ sung,,2026-06-18,not_in_current_master,https://cathai.haiphong.gov.vn/linh-vuc-xay-dung/quyet-dinh-so-2281-qd-ubnd-ngay-18-6-2026-cua-ubnd-thanh-pho-hai-phong-v-v-cong-bo-danh-muc-thu--920826,https://cdn.haiphong.gov.vn/gov-hpg/5889/tintuc/2026/6/quyet-dinh-2026-cong-bo-dmtthc-sua-doi-bo.....signed639178946021802879.pdf,0be5667be1c211ecbc4ec667abe151fba55b820f373a37308d6543dfecb70621,hoạch đô th ị và nông thôn thuộc ph ạm vi qu ản lý c ủa B ộ Xây dựng. 10. 1.001296 Cấp l ại Gi ấy chứng nh ận đ ủ điều ki ện ho ạt động kiểm định xe cơ giới - Trường hợp nộp hồ sơ trực ti ếp: 02 ngày làm việc. - Trường hợp nộp hồ sơ qua bưu chính ho ặc qua h ệ thống Không th ực hiện cắt giảm
2026-06-18,2281/QĐ-UBND,1.001322,"Cấp m ới Gi ấy chứng nh ận đ ủ điều ki ện ho ạt động kiểm định xe cơ giới - Tiếp nh ận hồ sơ: 03 ngày làm việc. - Kiểm tra, đánh giá thực - Tiếp nh ận hồ sơ: 1,5 ngày làm việc. - Kiểm tra,",XÂY DỰNG,modified,Sửa đổi/bổ sung,,2026-06-18,not_in_current_master,https://cathai.haiphong.gov.vn/linh-vuc-xay-dung/quyet-dinh-so-2281-qd-ubnd-ngay-18-6-2026-cua-ubnd-thanh-pho-hai-phong-v-v-cong-bo-danh-muc-thu--920826,https://cdn.haiphong.gov.vn/gov-hpg/5889/tintuc/2026/6/quyet-dinh-2026-cong-bo-dmtthc-sua-doi-bo.....signed639178946021802879.pdf,0be5667be1c211ecbc4ec667abe151fba55b820f373a37308d6543dfecb70621,"chuyển hàng siêu trư ờng, siêu trọng trên đường bộ. II LĨNH VỰC ĐĂNG KIỂM 9. 1.001322 Cấp m ới Gi ấy chứng nh ận đ ủ điều ki ện ho ạt động kiểm định xe cơ giới - Tiếp nh ận hồ sơ: 03 ngày làm việc. - Kiểm tra, đánh giá thực - Tiếp nh ận hồ sơ: 1,5 ngày làm việc. - Kiểm tra, đánh giá th ực - Trung tâm"
2026-06-18,2281/QĐ-UBND,1.001623,"Cấp l ại Gi ấy phép đào tạo lái xe ô tô khi đi ều chỉnh h ạng xe đào t ạo, lưu lượng đào tạo và thay đ ổi đ ịa điểm đào tạo - Thời hạn tổ chức kiểm tra thực t ế: 04 ngày làm việc k ể từ ngày nhận đủ hồ sơ theo quy định",XÂY DỰNG,modified,Sửa đổi/bổ sung,,2026-06-18,not_in_current_master,https://cathai.haiphong.gov.vn/linh-vuc-xay-dung/quyet-dinh-so-2281-qd-ubnd-ngay-18-6-2026-cua-ubnd-thanh-pho-hai-phong-v-v-cong-bo-danh-muc-thu--920826,https://cdn.haiphong.gov.vn/gov-hpg/5889/tintuc/2026/6/quyet-dinh-2026-cong-bo-dmtthc-sua-doi-bo.....signed639178946021802879.pdf,0be5667be1c211ecbc4ec667abe151fba55b820f373a37308d6543dfecb70621,"chứng chỉ bồi dưỡng kiến thức pháp luật về giao thông đư ờng bộ. 6. 1.001623 Cấp l ại Gi ấy phép đào tạo lái xe ô tô khi đi ều chỉnh h ạng xe đào t ạo, lưu lượng đào tạo và thay đ ổi đ ịa điểm đào tạo - Thời hạn tổ chức kiểm tra thực t ế: 04 ngày làm việc k ể từ ngày nhận đủ hồ sơ theo quy định; - Thời h ạn cấp l ại Gi ấy"
2026-06-18,2281/QĐ-UBND,1.001666,"Chấp thuận cơ s ở kinh doanh đào t ạo thẩm tra viên an toàn giao thông đường bộ Nghị quyết số 66.18/2026/NQ CP ngày 18 tháng 5 năm 2026 v ề phân quy ền, c ắt gi ảm, đơn giản hóa thủ tục hành chính, điều kiện kinh doanh",XÂY DỰNG,modified,Sửa đổi/bổ sung,shared_including_commune,2026-06-18,current,https://cathai.haiphong.gov.vn/linh-vuc-xay-dung/quyet-dinh-so-2281-qd-ubnd-ngay-18-6-2026-cua-ubnd-thanh-pho-hai-phong-v-v-cong-bo-danh-muc-thu--920826,https://cdn.haiphong.gov.vn/gov-hpg/5889/tintuc/2026/6/quyet-dinh-2026-cong-bo-dmtthc-sua-doi-bo.....signed639178946021802879.pdf,0be5667be1c211ecbc4ec667abe151fba55b820f373a37308d6543dfecb70621,"hành chính Tên thủ tục hành chính Tên VB QPPL quy định nội dung TTHC đã được bãi bỏ I LĨNH VỰC ĐƯỜNG BỘ 1. 1.001666 Chấp thuận cơ s ở kinh doanh đào t ạo thẩm tra viên an toàn giao thông đường bộ Nghị quyết số 66.18/2026/NQ CP ngày 18 tháng 5 năm 2026 v ề phân quy ền, c ắt gi ảm, đơn giản hóa thủ tục hành chính, điều kiện kinh doanh 2. 1.001692 Cấp chứng chỉ thẩm tra viên an toàn giao thông đường bộ 3. 1.001725 Cấp đổi chứng chỉ thẩm tra viên an toàn giao thông đư ờng bộ 4. 1.001717 Cấp lại chứn"
2026-06-18,2281/QĐ-UBND,1.001692,Cấp chứng chỉ thẩm tra viên an toàn giao thông đường bộ,XÂY DỰNG,modified,Sửa đổi/bổ sung,shared_including_commune,2026-06-18,current,https://cathai.haiphong.gov.vn/linh-vuc-xay-dung/quyet-dinh-so-2281-qd-ubnd-ngay-18-6-2026-cua-ubnd-thanh-pho-hai-phong-v-v-cong-bo-danh-muc-thu--920826,https://cdn.haiphong.gov.vn/gov-hpg/5889/tintuc/2026/6/quyet-dinh-2026-cong-bo-dmtthc-sua-doi-bo.....signed639178946021802879.pdf,0be5667be1c211ecbc4ec667abe151fba55b820f373a37308d6543dfecb70621,"tháng 5 năm 2026 v ề phân quy ền, c ắt gi ảm, đơn giản hóa thủ tục hành chính, điều kiện kinh doanh 2. 1.001692 Cấp chứng chỉ thẩm tra viên an toàn giao thông đường bộ 3. 1.001725 Cấp đổi chứng chỉ thẩm tra viên an toàn giao thông đư ờng bộ 4. 1.001717 Cấp lại chứng chỉ thẩm tra viên an toàn giao thông đường bộ II LĨNH VỰC ĐĂNG KIỂM 5. 1.001284 Cấp Giấy chứng nhận an toàn kỹ thuật và bảo vệ môi trường cho phương tiện thủy nội địa Thông tư số 24/2026/TT-BXD ngày 20 tháng 5 năm 2026 của Bộ trưởng "
2026-06-18,2281/QĐ-UBND,1.001717,Cấp lại chứng chỉ thẩm tra viên an toàn giao thông đường bộ II LĨNH VỰC ĐĂNG KIỂM,XÂY DỰNG,modified,Sửa đổi/bổ sung,shared_including_commune,2026-06-18,current,https://cathai.haiphong.gov.vn/linh-vuc-xay-dung/quyet-dinh-so-2281-qd-ubnd-ngay-18-6-2026-cua-ubnd-thanh-pho-hai-phong-v-v-cong-bo-danh-muc-thu--920826,https://cdn.haiphong.gov.vn/gov-hpg/5889/tintuc/2026/6/quyet-dinh-2026-cong-bo-dmtthc-sua-doi-bo.....signed639178946021802879.pdf,0be5667be1c211ecbc4ec667abe151fba55b820f373a37308d6543dfecb70621,"2. 1.001692 Cấp chứng chỉ thẩm tra viên an toàn giao thông đường bộ 3. 1.001725 Cấp đổi chứng chỉ thẩm tra viên an toàn giao thông đư ờng bộ 4. 1.001717 Cấp lại chứng chỉ thẩm tra viên an toàn giao thông đường bộ II LĨNH VỰC ĐĂNG KIỂM 5. 1.001284 Cấp Giấy chứng nhận an toàn kỹ thuật và bảo vệ môi trường cho phương tiện thủy nội địa Thông tư số 24/2026/TT-BXD ngày 20 tháng 5 năm 2026 của Bộ trưởng Bộ Xây dựng sửa đổi, bổ sung một số điều của các Thông tư để phân cấp, cắt giảm, đơn giản hóa thủ tụ"
2026-06-18,2281/QĐ-UBND,1.001725,Cấp đổi chứng chỉ thẩm tra viên an toàn giao thông đư ờng bộ,XÂY DỰNG,modified,Sửa đổi/bổ sung,shared_including_commune,2026-06-18,current,https://cathai.haiphong.gov.vn/linh-vuc-xay-dung/quyet-dinh-so-2281-qd-ubnd-ngay-18-6-2026-cua-ubnd-thanh-pho-hai-phong-v-v-cong-bo-danh-muc-thu--920826,https://cdn.haiphong.gov.vn/gov-hpg/5889/tintuc/2026/6/quyet-dinh-2026-cong-bo-dmtthc-sua-doi-bo.....signed639178946021802879.pdf,0be5667be1c211ecbc4ec667abe151fba55b820f373a37308d6543dfecb70621,"đơn giản hóa thủ tục hành chính, điều kiện kinh doanh 2. 1.001692 Cấp chứng chỉ thẩm tra viên an toàn giao thông đường bộ 3. 1.001725 Cấp đổi chứng chỉ thẩm tra viên an toàn giao thông đư ờng bộ 4. 1.001717 Cấp lại chứng chỉ thẩm tra viên an toàn giao thông đường bộ II LĨNH VỰC ĐĂNG KIỂM 5. 1.001284 Cấp Giấy chứng nhận an toàn kỹ thuật và bảo vệ môi trường cho phương tiện thủy nội địa Thông tư số 24/2026/TT-BXD ngày 20 tháng 5 năm 2026 của Bộ trưởng Bộ Xây dựng sửa đổi, bổ sung một số điều của c"
2026-06-18,2281/QĐ-UBND,1.001751,"Cấp bổ sung xe tập lái, c ấp l ại Giấy phép xe tập lái Trường h ợp nhận đ ủ hồ sơ h ợp l ệ theo quy định, trong thời h ạn",XÂY DỰNG,modified,Sửa đổi/bổ sung,,2026-06-18,not_in_current_master,https://cathai.haiphong.gov.vn/linh-vuc-xay-dung/quyet-dinh-so-2281-qd-ubnd-ngay-18-6-2026-cua-ubnd-thanh-pho-hai-phong-v-v-cong-bo-danh-muc-thu--920826,https://cdn.haiphong.gov.vn/gov-hpg/5889/tintuc/2026/6/quyet-dinh-2026-cong-bo-dmtthc-sua-doi-bo.....signed639178946021802879.pdf,0be5667be1c211ecbc4ec667abe151fba55b820f373a37308d6543dfecb70621,"định Sau khi cắt giảm 2. 1.001751 Cấp bổ sung xe tập lái, c ấp l ại Giấy phép xe tập lái Trường h ợp nhận đ ủ hồ sơ h ợp l ệ theo quy định, trong thời h ạn không quá 02 ngày làm việc Trường h ợp nhận đ ủ hồ sơ h ợp l ệ theo quy"
2026-06-18,2281/QĐ-UBND,1.001765,"Cấp Gi ấy chứng nh ận giáo viên d ạy thực hành lái xe - Thời hạn Sở Xây d ựng t ổ chức ki ểm tra, đánh giá",XÂY DỰNG,modified,Sửa đổi/bổ sung,,2026-06-18,not_in_current_master,https://cathai.haiphong.gov.vn/linh-vuc-xay-dung/quyet-dinh-so-2281-qd-ubnd-ngay-18-6-2026-cua-ubnd-thanh-pho-hai-phong-v-v-cong-bo-danh-muc-thu--920826,https://cdn.haiphong.gov.vn/gov-hpg/5889/tintuc/2026/6/quyet-dinh-2026-cong-bo-dmtthc-sua-doi-bo.....signed639178946021802879.pdf,0be5667be1c211ecbc4ec667abe151fba55b820f373a37308d6543dfecb70621,"Sau khi cắt giảm I LĨNH VỰC ĐƯỜNG BỘ 1. 1.001765 Cấp Gi ấy chứng nh ận giáo viên d ạy thực hành lái xe - Thời hạn Sở Xây d ựng t ổ chức ki ểm tra, đánh giá: 03 ngày làm việc, k ể từ khi nh ận h ồ sơ đ ầy đ ủ theo quy định. - Thời hạn cấp gi ấy chứng nh ận"
2026-06-18,2281/QĐ-UBND,1.001777,"Cấp Gi ấy phép đào t ạo lái xe, cấp Gi ấy phép xe tập lái - Cấp Gi ấy phép đào tạo",XÂY DỰNG,modified,Sửa đổi/bổ sung,,2026-06-18,not_in_current_master,https://cathai.haiphong.gov.vn/linh-vuc-xay-dung/quyet-dinh-so-2281-qd-ubnd-ngay-18-6-2026-cua-ubnd-thanh-pho-hai-phong-v-v-cong-bo-danh-muc-thu--920826,https://cdn.haiphong.gov.vn/gov-hpg/5889/tintuc/2026/6/quyet-dinh-2026-cong-bo-dmtthc-sua-doi-bo.....signed639178946021802879.pdf,0be5667be1c211ecbc4ec667abe151fba55b820f373a37308d6543dfecb70621,"chứng chỉ bồi dưỡng kiến thức pháp luật về giao thông đư ờng bộ 5. 1.001777 Cấp Gi ấy phép đào t ạo lái xe, cấp Gi ấy phép xe tập lái - Cấp Gi ấy phép đào tạo: 05 ngày kể từ ngày nhận đủ hồ sơ h ợp l ệ theo quy định. Không th ực hiện cắt giảm - Trung tâm phục vụ hành chính công thành phố. - Trung tâm"
2026-06-18,2281/QĐ-UBND,1.004337,"Cấp Gi ấy chứng nh ận ch ất lư ợng an toàn k ỹ thuật, an toàn lao động thiết bị xếp dỡ trong khai thác sử dụng",XÂY DỰNG,modified,Sửa đổi/bổ sung,shared_including_commune,2026-06-18,current,https://cathai.haiphong.gov.vn/linh-vuc-xay-dung/quyet-dinh-so-2281-qd-ubnd-ngay-18-6-2026-cua-ubnd-thanh-pho-hai-phong-v-v-cong-bo-danh-muc-thu--920826,https://cdn.haiphong.gov.vn/gov-hpg/5889/tintuc/2026/6/quyet-dinh-2026-cong-bo-dmtthc-sua-doi-bo.....signed639178946021802879.pdf,0be5667be1c211ecbc4ec667abe151fba55b820f373a37308d6543dfecb70621,"phương tiện nhập khẩu 7. 1.005091 Cấp giấy chứng nhận sản phẩm công nghiệp sử dụng cho phương tiện thủy nội địa 8. 1.004337 Cấp Gi ấy chứng nh ận ch ất lư ợng an toàn k ỹ thuật, an toàn lao động thiết bị xếp dỡ trong khai thác sử dụng"
2026-06-18,2281/QĐ-UBND,1.004993,Cấp l ại Gi ấy chứng nh ận giáo viên d ạy thực hành lái,XÂY DỰNG,modified,Sửa đổi/bổ sung,,2026-06-18,not_in_current_master,https://cathai.haiphong.gov.vn/linh-vuc-xay-dung/quyet-dinh-so-2281-qd-ubnd-ngay-18-6-2026-cua-ubnd-thanh-pho-hai-phong-v-v-cong-bo-danh-muc-thu--920826,https://cdn.haiphong.gov.vn/gov-hpg/5889/tintuc/2026/6/quyet-dinh-2026-cong-bo-dmtthc-sua-doi-bo.....signed639178946021802879.pdf,0be5667be1c211ecbc4ec667abe151fba55b820f373a37308d6543dfecb70621,ngày 31 tháng 3 năm 2026 của Chính ph ủ quy đ ịnh v ề hoạt động đào tạo và sát hạch lái xe 4. 1.004993 Cấp l ại Gi ấy chứng nh ận giáo viên d ạy thực hành lái 01 ngày làm việc k ể từ ngày nhận đủ Không th ực hiện cắt giảm - Trung tâm phục vụ hành chính công Không quy định - Nghị định số 94/2026/NĐ-CP ngày 31 tháng 3 năm 2026 c ủa Chính ph ủ quy đ ịnh về hoạt động đào tạo và sát hạch lái xe;
2026-06-18,2281/QĐ-UBND,1.005091,Cấp giấy chứng nhận sản phẩm công nghiệp sử dụng cho phương tiện thủy nội địa,XÂY DỰNG,modified,Sửa đổi/bổ sung,shared_including_commune,2026-06-18,current,https://cathai.haiphong.gov.vn/linh-vuc-xay-dung/quyet-dinh-so-2281-qd-ubnd-ngay-18-6-2026-cua-ubnd-thanh-pho-hai-phong-v-v-cong-bo-danh-muc-thu--920826,https://cdn.haiphong.gov.vn/gov-hpg/5889/tintuc/2026/6/quyet-dinh-2026-cong-bo-dmtthc-sua-doi-bo.....signed639178946021802879.pdf,0be5667be1c211ecbc4ec667abe151fba55b820f373a37308d6543dfecb70621,"quản lý của Bộ Xây dựng 6. 1.001131 Cấp giấy chứng nhận an toàn k ỹ thuật và bảo vệ môi trường cho phương tiện nhập khẩu 7. 1.005091 Cấp giấy chứng nhận sản phẩm công nghiệp sử dụng cho phương tiện thủy nội địa 8. 1.004337 Cấp Gi ấy chứng nh ận ch ất lư ợng an toàn k ỹ thuật, an toàn lao động thiết bị xếp dỡ trong khai thác sử dụng"
2026-06-18,2281/QĐ-UBND,1.005103,"Cấp Gi ấy chứng nh ận kiểm định, Tem kiểm đ ịnh an toàn k ỹ thuật và b ảo v ệ môi trường cho xe cơ gi ới (tr ừ xe mô tô, xe g ắn máy)",XÂY DỰNG,modified,Sửa đổi/bổ sung,,2026-06-18,not_in_current_master,https://cathai.haiphong.gov.vn/linh-vuc-xay-dung/quyet-dinh-so-2281-qd-ubnd-ngay-18-6-2026-cua-ubnd-thanh-pho-hai-phong-v-v-cong-bo-danh-muc-thu--920826,https://cdn.haiphong.gov.vn/gov-hpg/5889/tintuc/2026/6/quyet-dinh-2026-cong-bo-dmtthc-sua-doi-bo.....signed639178946021802879.pdf,0be5667be1c211ecbc4ec667abe151fba55b820f373a37308d6543dfecb70621,"hoạch đô th ị và nông thôn thuộc ph ạm vi qu ản lý c ủa B ộ Xây dựng. 13. 1.005103 Cấp Gi ấy chứng nh ận kiểm định, Tem kiểm đ ịnh an toàn k ỹ thuật và b ảo v ệ môi trường cho xe cơ gi ới (tr ừ xe mô tô, xe g ắn máy) 01 ngày làm việc đ ối v ới trường h ợp kiểm định t ại cơ s ở đăng kiểm; 02 ngày làm việc đ ối v ới"
2026-06-18,2281/QĐ-UBND,1.005210,"Cấp l ại Gi ấy phép đào tạo lái xe ô tô khi b ị mất, b ị hỏng, có s ự thay đ ổi về tên c ủa cơ sở đào tạo",XÂY DỰNG,modified,Sửa đổi/bổ sung,,2026-06-18,current,https://cathai.haiphong.gov.vn/linh-vuc-xay-dung/quyet-dinh-so-2281-qd-ubnd-ngay-18-6-2026-cua-ubnd-thanh-pho-hai-phong-v-v-cong-bo-danh-muc-thu--920826,https://cdn.haiphong.gov.vn/gov-hpg/5889/tintuc/2026/6/quyet-dinh-2026-cong-bo-dmtthc-sua-doi-bo.....signed639178946021802879.pdf,0be5667be1c211ecbc4ec667abe151fba55b820f373a37308d6543dfecb70621,"Chính ph ủ quy đ ịnh v ề hoạt động đào tạo và sát hạch lái xe 3. 1.005210 Cấp l ại Gi ấy phép đào tạo lái xe ô tô khi b ị mất, b ị hỏng, có s ự thay đ ổi về tên c ủa cơ sở đào tạo 03 ngày làm việc k ể từ ngày nhận đủ hồ sơ theo quy định; 1,5 ngày làm việc k ể từ ngày nhận đủ hồ sơ theo quy định; - Trung tâm"
2026-06-18,2281/QĐ-UBND,1.012884,"Thủ tục thông báo đơn v ị đủ điều ki ện qu ản lý v ận hành nhà chung cư. Nghị quyết số 66.18/2026/NQ CP ngày 18/5/2026 của Chính phủ về phân quyền, cắt giảm, đơn giản hoá thủ tục hành chính, điều kiện kinh doanh",XÂY DỰNG,modified,Sửa đổi/bổ sung,shared_including_commune,2026-06-18,current,https://cathai.haiphong.gov.vn/linh-vuc-xay-dung/quyet-dinh-so-2281-qd-ubnd-ngay-18-6-2026-cua-ubnd-thanh-pho-hai-phong-v-v-cong-bo-danh-muc-thu--920826,https://cdn.haiphong.gov.vn/gov-hpg/5889/tintuc/2026/6/quyet-dinh-2026-cong-bo-dmtthc-sua-doi-bo.....signed639178946021802879.pdf,0be5667be1c211ecbc4ec667abe151fba55b820f373a37308d6543dfecb70621,"hành chính Tên thủ tục hành chính Tên VB QPPL quy định nội dung TTHC đã được bãi bỏ III LĨNH VỰC NHÀ Ở 9. 1.012884 Thủ tục thông báo đơn v ị đủ điều ki ện qu ản lý v ận hành nhà chung cư. Nghị quyết số 66.18/2026/NQ CP ngày 18/5/2026 của Chính phủ về phân quyền, cắt giảm, đơn giản hoá thủ tục hành chính, điều kiện kinh doanh"
2026-06-18,2281/QĐ-UBND,1.013097,Cấp l ại gi ấy chứng nh ận c ải tạo - 01 ngày làm vi ệc k ể từ thời đi ểm nhận được hồ sơ đ ối v ới - 04 gi ờ làm việc k ể từ thời đi ểm nhận được hồ sơ đ ối v ới Các đơn v ị đăng ki ểm trên đ ịa bàn,XÂY DỰNG,modified,Sửa đổi/bổ sung,,2026-06-18,not_in_current_master,https://cathai.haiphong.gov.vn/linh-vuc-xay-dung/quyet-dinh-so-2281-qd-ubnd-ngay-18-6-2026-cua-ubnd-thanh-pho-hai-phong-v-v-cong-bo-danh-muc-thu--920826,https://cdn.haiphong.gov.vn/gov-hpg/5889/tintuc/2026/6/quyet-dinh-2026-cong-bo-dmtthc-sua-doi-bo.....signed639178946021802879.pdf,0be5667be1c211ecbc4ec667abe151fba55b820f373a37308d6543dfecb70621,hoạch đô th ị và nông thôn thuộc ph ạm vi qu ản l ý c ủa B ộ Xây dựng. 14. 1.013097 Cấp l ại gi ấy chứng nh ận c ải tạo - 01 ngày làm vi ệc k ể từ thời đi ểm nhận được hồ sơ đ ối v ới - 04 gi ờ làm việc k ể từ thời đi ểm nhận được hồ sơ đ ối v ới Các đơn v ị đăng ki ểm trên đ ịa bàn thành phố - Lệ phí c ấp
2026-06-18,2281/QĐ-UBND,1.013105,"Cấp m ới Gi ấy chứng nh ận đ ủ điều ki ện ho ạt động kiểm định khí th ải xe mô tô, xe gắn máy - Tiếp nh ận hồ sơ: 03 ngày làm việc. - Kiểm tra, đánh giá thực tế: 08 ngày. - Cấp Gi ấy chứng nh ận",XÂY DỰNG,modified,Sửa đổi/bổ sung,,2026-06-18,not_in_current_master,https://cathai.haiphong.gov.vn/linh-vuc-xay-dung/quyet-dinh-so-2281-qd-ubnd-ngay-18-6-2026-cua-ubnd-thanh-pho-hai-phong-v-v-cong-bo-danh-muc-thu--920826,https://cdn.haiphong.gov.vn/gov-hpg/5889/tintuc/2026/6/quyet-dinh-2026-cong-bo-dmtthc-sua-doi-bo.....signed639178946021802879.pdf,0be5667be1c211ecbc4ec667abe151fba55b820f373a37308d6543dfecb70621,"hoạch đô th ị và nông thôn thuộc ph ạm vi qu ản lý c ủa B ộ Xây dựng. 11. 1.013105 Cấp m ới Gi ấy chứng nh ận đ ủ điều ki ện ho ạt động kiểm định khí th ải xe mô tô, xe gắn máy - Tiếp nh ận hồ sơ: 03 ngày làm việc. - Kiểm tra, đánh giá thực tế: 08 ngày. - Cấp Gi ấy chứng nh ận: 02 ngày làm việc. - Tiếp nh ận"
2026-06-18,2281/QĐ-UBND,1.013110,"Cấp l ại Gi ấy chứng nh ận đ ủ điều ki ện ho ạt động kiểm định khí th ải xe mô tô, xe gắn máy - Trường hợp nộp hồ sơ trực ti ếp: trong 02 ngày làm việc. - Trường hợp nộp qua bưu chính ho ặc qua h ệ thống",XÂY DỰNG,modified,Sửa đổi/bổ sung,,2026-06-18,not_in_current_master,https://cathai.haiphong.gov.vn/linh-vuc-xay-dung/quyet-dinh-so-2281-qd-ubnd-ngay-18-6-2026-cua-ubnd-thanh-pho-hai-phong-v-v-cong-bo-danh-muc-thu--920826,https://cdn.haiphong.gov.vn/gov-hpg/5889/tintuc/2026/6/quyet-dinh-2026-cong-bo-dmtthc-sua-doi-bo.....signed639178946021802879.pdf,0be5667be1c211ecbc4ec667abe151fba55b820f373a37308d6543dfecb70621,"hoạch đô th ị và nông thôn thuộc ph ạm vi qu ản lý c ủa B ộ Xây dựng. 12. 1.013110 Cấp l ại Gi ấy chứng nh ận đ ủ điều ki ện ho ạt động kiểm định khí th ải xe mô tô, xe gắn máy - Trường hợp nộp hồ sơ trực ti ếp: trong 02 ngày làm việc. - Trường hợp nộp qua bưu chính ho ặc qua h ệ thống trực tuy ến: 02 ngày làm"
2026-06-18,2281/QĐ-UBND,1.014155,"Thẩm đ ịnh nhiệm v ụ quy hoạch, nhi ệm vụ điều ch ỉnh quy ho ạch đô 15 ngà y k ể từ ngày nh ận đ ủ hồ sơ hợp lệ",XÂY DỰNG,modified,Sửa đổi/bổ sung,shared_including_commune,2026-06-18,current,https://cathai.haiphong.gov.vn/linh-vuc-xay-dung/quyet-dinh-so-2281-qd-ubnd-ngay-18-6-2026-cua-ubnd-thanh-pho-hai-phong-v-v-cong-bo-danh-muc-thu--920826,https://cdn.haiphong.gov.vn/gov-hpg/5889/tintuc/2026/6/quyet-dinh-2026-cong-bo-dmtthc-sua-doi-bo.....signed639178946021802879.pdf,0be5667be1c211ecbc4ec667abe151fba55b820f373a37308d6543dfecb70621,"(nếu có) Căn cứ pháp lý Theo quy định Sau khi cắt giảm I LĨNH VỰC QUY HOẠCH ĐÔ THỊ VÀ NÔNG THÔN 1. 1.014155 Thẩm đ ịnh nhiệm v ụ quy hoạch, nhi ệm vụ điều ch ỉnh quy ho ạch đô 15 ngà y k ể từ ngày nh ận đ ủ hồ sơ hợp lệ 7,5 ngày k ể từ ngày nh ận đ ủ hồ sơ hợp lệ - Trung tâm phục vụ hành chính công thành phố. - Trung tâm Chưa quy định"
2026-06-18,2281/QĐ-UBND,1.014159,Cung cấp thông tin quy ho ạch đô th ị và nông thôn,XÂY DỰNG,modified,Sửa đổi/bổ sung,shared_including_commune,2026-06-18,current,https://cathai.haiphong.gov.vn/linh-vuc-xay-dung/quyet-dinh-so-2281-qd-ubnd-ngay-18-6-2026-cua-ubnd-thanh-pho-hai-phong-v-v-cong-bo-danh-muc-thu--920826,https://cdn.haiphong.gov.vn/gov-hpg/5889/tintuc/2026/6/quyet-dinh-2026-cong-bo-dmtthc-sua-doi-bo.....signed639178946021802879.pdf,0be5667be1c211ecbc4ec667abe151fba55b820f373a37308d6543dfecb70621,"đường sắt, quy hoạch đô thị và nông thôn thuộc phạm vi qu ản lý c ủa B ộ Xây dựng 2. 1.014159 Cung cấp thông tin quy ho ạch đô th ị và nông thôn Không quá 03 ngày làm vi ệc k ể từ ngày nh ận được yêu cầu Không th ực hi ện cắt giảm - Trung tâm phục vụ hành chính công thành phố. - Trung tâm Phục v ụ hành chính công cấp xã."
2026-06-18,2281/QĐ-UBND,2.000769,Cấp l ại Ch ứng chỉ bồi dư ỡng kiến th ức pháp luật v ề giao thông đường bộ cho ngư ời đi ều khiển xe máy chuyên dùng trường h ợp Cơ sở đào t ạo đã cấp Ch ứng ch ỉ,XÂY DỰNG,modified,Sửa đổi/bổ sung,,2026-06-18,not_in_current_master,https://cathai.haiphong.gov.vn/linh-vuc-xay-dung/quyet-dinh-so-2281-qd-ubnd-ngay-18-6-2026-cua-ubnd-thanh-pho-hai-phong-v-v-cong-bo-danh-muc-thu--920826,https://cdn.haiphong.gov.vn/gov-hpg/5889/tintuc/2026/6/quyet-dinh-2026-cong-bo-dmtthc-sua-doi-bo.....signed639178946021802879.pdf,0be5667be1c211ecbc4ec667abe151fba55b820f373a37308d6543dfecb70621,"chứng chỉ bồi dưỡng kiến thức pháp luật về giao thông đư ờng bộ. 7. 2.000769 Cấp l ại Ch ứng chỉ bồi dư ỡng kiến th ức pháp luật v ề giao thông đường bộ cho ngư ời đi ều khiển xe máy chuyên dùng trường h ợp Cơ sở đào t ạo đã cấp Ch ứng ch ỉ không còn ho ạt động 02 ngày làm việc, k ể từ ngày nhận đủ hồ sơ hợp lệ 1,5 ngày làm"
2026-06-19,2295/QĐ-UBND,1.004988,"Cho phép trường trung h ọc phổ thông chuyên ho ạt động trở lại Nghị quyết số 66.18/2026/NQ-CP ngày 18/5/2026 của Chính phủ về phân quy ền, c ắt gi ảm, đơn gi ản hóa th ủ tục hành",GIÁO DỤC VÀ ĐÀO TẠO,repealed,Bãi bỏ,province,2026-06-19,repealed,https://cathai.haiphong.gov.vn/giao-duc-va-dao-tao/quyet-dinh-so-2295-qd-ubnd-ngay-19-6-2026-cua-ubnd-thanh-pho-hai-phong-ve-viec-cong-bo-danh-muc--921113,https://cdn.haiphong.gov.vn/gov-hpg/5889/tintuc/2026/6/23.qd-cong-bo-dm-tthc-duoc-thay-the-va-bi-bai-bo-theo-qd-1425-cua-bo-gd-dt..signed639179168711137700.pdf,445d99b36be7739291e337b814e617b749f49332b77239d454f799f8742a3014,"STT Mã TTHC Tên TTHC Tên văn bản QPPL quy định A. THỦ TỤC HÀNH CHÍNH CẤP TỈNH (03 TTHC) A1. LĨNH VỰC CƠ SỞ GIÁO DỤC KHÁC 1. 1.004988 Cho phép trường trung h ọc phổ thông chuyên ho ạt động trở lại Nghị quyết số 66.18/2026/NQ-CP ngày 18/5/2026 của Chính phủ về phân quy ền, c ắt gi ảm, đơn gi ản hóa th ủ tục hành chính, điều kiện kinh doanh 2. 3.000298 Cho phép trư ờng năng khi ếu ngh ệ thuật, th ể dục, thể thao ho ạt động giáo d ục trở lại 3. 3.000303 Cho phép trư ờng dành cho ngư ời khuy ết t ật "
2026-06-19,2295/QĐ-UBND,1.004991,"Giải th ể trường trung h ọc ph ổ thông chuyên (theo đề nghị của tổ chức, cá nhân thành l ập trường) Giải th ể trường trung học phổ thông, trư ờng ph ổ thông có nhiều cấp học có cấp h ọc cao nh ất là trung học ph ổ thông (theo đ ề",GIÁO DỤC VÀ ĐÀO TẠO,repealed,Bãi bỏ,province,2026-06-19,repealed,https://cathai.haiphong.gov.vn/giao-duc-va-dao-tao/quyet-dinh-so-2295-qd-ubnd-ngay-19-6-2026-cua-ubnd-thanh-pho-hai-phong-ve-viec-cong-bo-danh-muc--921113,https://cdn.haiphong.gov.vn/gov-hpg/5889/tintuc/2026/6/23.qd-cong-bo-dm-tthc-duoc-thay-the-va-bi-bai-bo-theo-qd-1425-cua-bo-gd-dt..signed639179168711137700.pdf,445d99b36be7739291e337b814e617b749f49332b77239d454f799f8742a3014,"Sáp nhập, chia, tách trường dành cho người khuyết tật 11 1.004991 Giải th ể trường trung h ọc ph ổ thông chuyên (theo đề nghị của tổ chức, cá nhân thành l ập trường) Giải th ể trường trung học phổ thông, trư ờng ph ổ thông có nhiều cấp học có cấp h ọc cao nh ất là trung học ph ổ thông (theo đ ề nghị của tổ chức, cá nhân thành lập trường) (Mã số TTHC: 1.012956) 10 ngày làm việc 05 ngày làm việc"
2026-06-19,2295/QĐ-UBND,1.004999,"Sáp nhập, chia, tách trường trung h ọc phổ thông chuyên Sáp nhập, chia, tách trường trung h ọc ph ổ thông, trường phổ thông có nhiều cấp h ọc có c ấp h ọc cao nhất là trung học phổ thông",GIÁO DỤC VÀ ĐÀO TẠO,repealed,Bãi bỏ,province,2026-06-19,repealed,https://cathai.haiphong.gov.vn/giao-duc-va-dao-tao/quyet-dinh-so-2295-qd-ubnd-ngay-19-6-2026-cua-ubnd-thanh-pho-hai-phong-ve-viec-cong-bo-danh-muc--921113,https://cdn.haiphong.gov.vn/gov-hpg/5889/tintuc/2026/6/23.qd-cong-bo-dm-tthc-duoc-thay-the-va-bi-bai-bo-theo-qd-1425-cua-bo-gd-dt..signed639179168711137700.pdf,445d99b36be7739291e337b814e617b749f49332b77239d454f799f8742a3014,"8 1.004999 Sáp nhập, chia, tách trường trung h ọc phổ thông chuyên Sáp nhập, chia, tách trường trung h ọc ph ổ thông, trường phổ thông có nhiều cấp h ọc có c ấp h ọc cao nhất là trung học phổ thông (Mã số TTHC: 1.012955) 15 ngày làm việc 7,5 ngày làm việc - Trung tâm Ph ục vụ hành chính công thành phố; - Trung tâm Ph ục vụ hành chính"
2026-06-19,2295/QĐ-UBND,1.005008,"Cho phép trư ờng trường trung h ọc phổ thông chuyên hoạt động giáo dục Cho phép trường trung học phổ thông, trư ờng ph ổ thông có nhiều cấp học có cấp h ọc cao nh ất là trung học ph ổ thông ho ạt đ ộng giáo dục",GIÁO DỤC VÀ ĐÀO TẠO,repealed,Bãi bỏ,province,2026-06-19,repealed,https://cathai.haiphong.gov.vn/giao-duc-va-dao-tao/quyet-dinh-so-2295-qd-ubnd-ngay-19-6-2026-cua-ubnd-thanh-pho-hai-phong-ve-viec-cong-bo-danh-muc--921113,https://cdn.haiphong.gov.vn/gov-hpg/5889/tintuc/2026/6/23.qd-cong-bo-dm-tthc-duoc-thay-the-va-bi-bai-bo-theo-qd-1425-cua-bo-gd-dt..signed639179168711137700.pdf,445d99b36be7739291e337b814e617b749f49332b77239d454f799f8742a3014,"4 1.005008 Cho phép trư ờng trường trung h ọc phổ thông chuyên hoạt động giáo dục Cho phép trường trung học phổ thông, trư ờng ph ổ thông có nhiều cấp học có cấp h ọc cao nh ất là trung học ph ổ thông ho ạt đ ộng giáo dục (Mã số TTHC: 1.012954) 15 ngày làm việc 7,5 ngày làm việc - Trung tâm Ph ục vụ hành chính công thành phố;"
2026-06-19,2295/QĐ-UBND,1.012944,"Thành lập hoặc cho phép thành lập trường trung học phổ thông, trường phổ thông có nhiều cấp học có cấp học cao nhất là trung học phổ thông",GIÁO DỤC VÀ ĐÀO TẠO,replaced,Thay thế/được thay thế,province,2026-06-19,current,https://cathai.haiphong.gov.vn/giao-duc-va-dao-tao/quyet-dinh-so-2295-qd-ubnd-ngay-19-6-2026-cua-ubnd-thanh-pho-hai-phong-ve-viec-cong-bo-danh-muc--921113,https://cdn.haiphong.gov.vn/gov-hpg/5889/tintuc/2026/6/23.qd-cong-bo-dm-tthc-duoc-thay-the-va-bi-bai-bo-theo-qd-1425-cua-bo-gd-dt..signed639179168711137700.pdf,445d99b36be7739291e337b814e617b749f49332b77239d454f799f8742a3014,"thông có nhiều cấp học có cấp h ọc cao nh ất là trung học phổ thông (Mã số TTHC: 1.012944) 15 ngày làm việc 7,5 ngày làm việc - Trung tâm Ph ục vụ hành chính công thành phố; - Trung tâm Ph ục vụ hành chính công xã, phư ờng, đặc khu. Không quy định Nghị định s ố 125/2024/NĐ-CP; Ngh ị định số 142/2025/NĐ-CP; Nghị định s ố"
2026-06-19,2295/QĐ-UBND,1.012954,"Cho phép trường trung học phổ thông, trường phổ thông có nhiều cấp học có cấp học cao nhất là trung học phổ thông hoạt động giáo dục",GIÁO DỤC VÀ ĐÀO TẠO,replaced,Thay thế/được thay thế,province,2026-06-19,current,https://cathai.haiphong.gov.vn/giao-duc-va-dao-tao/quyet-dinh-so-2295-qd-ubnd-ngay-19-6-2026-cua-ubnd-thanh-pho-hai-phong-ve-viec-cong-bo-danh-muc--921113,https://cdn.haiphong.gov.vn/gov-hpg/5889/tintuc/2026/6/23.qd-cong-bo-dm-tthc-duoc-thay-the-va-bi-bai-bo-theo-qd-1425-cua-bo-gd-dt..signed639179168711137700.pdf,445d99b36be7739291e337b814e617b749f49332b77239d454f799f8742a3014,"cấp h ọc cao nh ất là trung học ph ổ thông ho ạt đ ộng giáo dục (Mã số TTHC: 1.012954) 15 ngày làm việc 7,5 ngày làm việc - Trung tâm Ph ục vụ hành chính công thành phố; - Trung tâm Ph ục vụ hành ch ính công xã, phư ờng, đặc khu. Không quy định Nghị định s ố 125/2024/NĐ-CP; Ngh ị định số 142/2025/NĐ-CP; Nghị định s ố"
2026-06-19,2295/QĐ-UBND,1.012955,"Sáp nhập, chia, tách trường trung học phổ thông, trường phổ thông có nhiều cấp học có cấp học cao nhất là trung học phổ thông",GIÁO DỤC VÀ ĐÀO TẠO,replaced,Thay thế/được thay thế,province,2026-06-19,current,https://cathai.haiphong.gov.vn/giao-duc-va-dao-tao/quyet-dinh-so-2295-qd-ubnd-ngay-19-6-2026-cua-ubnd-thanh-pho-hai-phong-ve-viec-cong-bo-danh-muc--921113,https://cdn.haiphong.gov.vn/gov-hpg/5889/tintuc/2026/6/23.qd-cong-bo-dm-tthc-duoc-thay-the-va-bi-bai-bo-theo-qd-1425-cua-bo-gd-dt..signed639179168711137700.pdf,445d99b36be7739291e337b814e617b749f49332b77239d454f799f8742a3014,"trường phổ thông có nhiều cấp h ọc có c ấp h ọc cao nhất là trung học phổ thông (Mã số TTHC: 1.012955) 15 ngày làm việc 7,5 ngày làm việc - Trung tâm Ph ục vụ hành chính công thành phố; - Trung tâm Ph ục vụ hành chính công xã, phư ờng, đặc khu. Không quy định Nghị định s ố 125/2024/NĐ-CP; Ngh ị định số 142/2025/NĐ-CP; Nghị định s ố"
2026-06-19,2295/QĐ-UBND,1.012956,"Giải thể trường trung học phổ thông, trường phổ thông có nhiều cấp học có cấp học cao nhất là trung học phổ thông (theo đề nghị của tổ chức, cá nhân thành lập trường)",GIÁO DỤC VÀ ĐÀO TẠO,replaced,Thay thế/được thay thế,province,2026-06-19,current,https://cathai.haiphong.gov.vn/giao-duc-va-dao-tao/quyet-dinh-so-2295-qd-ubnd-ngay-19-6-2026-cua-ubnd-thanh-pho-hai-phong-ve-viec-cong-bo-danh-muc--921113,https://cdn.haiphong.gov.vn/gov-hpg/5889/tintuc/2026/6/23.qd-cong-bo-dm-tthc-duoc-thay-the-va-bi-bai-bo-theo-qd-1425-cua-bo-gd-dt..signed639179168711137700.pdf,445d99b36be7739291e337b814e617b749f49332b77239d454f799f8742a3014,"học ph ổ thông (theo đ ề nghị của tổ chức, cá nhân thành lập trường) (Mã số TTHC: 1.012956) 10 ngày làm việc 05 ngày làm việc - Trung tâm Ph ục vụ hành chính công thành phố; - Trung tâm Ph ục vụ hành chính công xã, phư ờng, đặc khu. Không quy định Nghị định s ố 125/2024/NĐ-CP; Ngh ị định số 142/2025/NĐ-CP; Nghị định s ố"
2026-06-19,2295/QĐ-UBND,1.012958,"Thành lập hoặc cho phép thành l ập trường trung h ọc phổ thông chuyên Thành l ập ho ặc cho phép thành lập trường trung học phổ thông, trư ờng ph ổ thông có nhiều cấp học có cấp h ọc cao nh ất là trung học phổ thông",GIÁO DỤC VÀ ĐÀO TẠO,repealed,Bãi bỏ,province,2026-06-19,repealed,https://cathai.haiphong.gov.vn/giao-duc-va-dao-tao/quyet-dinh-so-2295-qd-ubnd-ngay-19-6-2026-cua-ubnd-thanh-pho-hai-phong-ve-viec-cong-bo-danh-muc--921113,https://cdn.haiphong.gov.vn/gov-hpg/5889/tintuc/2026/6/23.qd-cong-bo-dm-tthc-duoc-thay-the-va-bi-bai-bo-theo-qd-1425-cua-bo-gd-dt..signed639179168711137700.pdf,445d99b36be7739291e337b814e617b749f49332b77239d454f799f8742a3014,"cắt giảm A. THỦ TỤC HÀNH CHÍNH CẤP TỈNH (13 TTHC) A1. LĨNH VỰC GIÁO DỤC TRUNG HỌC 1 1.012958 Thành lập hoặc cho phép thành l ập trường trung h ọc phổ thông chuyên Thành l ập ho ặc cho phép thành lập trường trung học phổ thông, trư ờng ph ổ thông có nhiều cấp học có cấp h ọc cao nh ất là trung học phổ thông (Mã số TTHC: 1.012944) 15 ngày làm việc 7,5 ngày làm việc - Trung tâm Ph ục vụ hành chính công thành phố;"
2026-06-19,2295/QĐ-UBND,1.012959,"Thành lập hoặc cho phép thành l ập trường năng khi ếu nghệ thuật, thể dục, thể thao",GIÁO DỤC VÀ ĐÀO TẠO,repealed,Bãi bỏ,province,2026-06-19,repealed,https://cathai.haiphong.gov.vn/giao-duc-va-dao-tao/quyet-dinh-so-2295-qd-ubnd-ngay-19-6-2026-cua-ubnd-thanh-pho-hai-phong-ve-viec-cong-bo-danh-muc--921113,https://cdn.haiphong.gov.vn/gov-hpg/5889/tintuc/2026/6/23.qd-cong-bo-dm-tthc-duoc-thay-the-va-bi-bai-bo-theo-qd-1425-cua-bo-gd-dt..signed639179168711137700.pdf,445d99b36be7739291e337b814e617b749f49332b77239d454f799f8742a3014,"quyết số 23/2026/NQ-CP; Nghị quyết s ố 66.18/2026/NQ-CP 2 1.012959 Thành lập hoặc cho phép thành l ập trường năng khi ếu nghệ thuật, thể dục, thể thao 3 3.000301 Thành lập hoặc cho phép thành l ập trường dành cho người khuyết tật"
2026-06-19,2295/QĐ-UBND,1.012965,),GIÁO DỤC VÀ ĐÀO TẠO,replaced,Thay thế/được thay thế,commune,2026-06-19,current,https://cathai.haiphong.gov.vn/giao-duc-va-dao-tao/quyet-dinh-so-2295-qd-ubnd-ngay-19-6-2026-cua-ubnd-thanh-pho-hai-phong-ve-viec-cong-bo-danh-muc--921113,https://cdn.haiphong.gov.vn/gov-hpg/5889/tintuc/2026/6/23.qd-cong-bo-dm-tthc-duoc-thay-the-va-bi-bai-bo-theo-qd-1425-cua-bo-gd-dt..signed639179168711137700.pdf,445d99b36be7739291e337b814e617b749f49332b77239d454f799f8742a3014,"nhiều c ấp học có c ấp học cao nhất là trung học cơ sở hoạt động giáo dục (Mã số TTHC: 1.012965) 10 ngày làm việc 05 ngày làm việc - Trung tâm Ph ục vụ hành chính công xã, phư ờng, đặc khu; - Trung tâm Ph ục vụ hành chính công thành phố. Không quy định"
2026-06-19,2295/QĐ-UBND,2.001842,),GIÁO DỤC VÀ ĐÀO TẠO,replaced,Thay thế/được thay thế,commune,2026-06-19,current,https://cathai.haiphong.gov.vn/giao-duc-va-dao-tao/quyet-dinh-so-2295-qd-ubnd-ngay-19-6-2026-cua-ubnd-thanh-pho-hai-phong-ve-viec-cong-bo-danh-muc--921113,https://cdn.haiphong.gov.vn/gov-hpg/5889/tintuc/2026/6/23.qd-cong-bo-dm-tthc-duoc-thay-the-va-bi-bai-bo-theo-qd-1425-cua-bo-gd-dt..signed639179168711137700.pdf,445d99b36be7739291e337b814e617b749f49332b77239d454f799f8742a3014,"cấp trung học cơ sở Cho phép trư ờng tiểu học hoạt động giáo dục (Mã số TTHC: 2.001842) 10 ngày làm việc 5 ngày làm việc - Trung tâm Phục vụ hành chính công xã, phư ờng, đặc khu; - Trung tâm Ph ục vụ hành chính công thành phố. Không quy định Nghị định s ố 125/2024/NĐ-CP; Ngh ị định số 142/2025/NĐ-CP;"
2026-06-19,2295/QĐ-UBND,3.000297,"Cho phép trư ờng năng khi ếu ngh ệ thuật, th ể dục, th ể thao hoạt động giáo dục",GIÁO DỤC VÀ ĐÀO TẠO,repealed,Bãi bỏ,province,2026-06-19,repealed,https://cathai.haiphong.gov.vn/giao-duc-va-dao-tao/quyet-dinh-so-2295-qd-ubnd-ngay-19-6-2026-cua-ubnd-thanh-pho-hai-phong-ve-viec-cong-bo-danh-muc--921113,https://cdn.haiphong.gov.vn/gov-hpg/5889/tintuc/2026/6/23.qd-cong-bo-dm-tthc-duoc-thay-the-va-bi-bai-bo-theo-qd-1425-cua-bo-gd-dt..signed639179168711137700.pdf,445d99b36be7739291e337b814e617b749f49332b77239d454f799f8742a3014,"quyết số 23/2026/NQ-CP; Nghị quyết s ố 66.18/2026/NQ-CP 5 3.000297 Cho phép trư ờng năng khi ếu ngh ệ thuật, th ể dục, th ể thao hoạt động giáo dục 6 3.000302 Cho phép trư ờng dành cho ngư ời khuyết t ật ho ạt động giáo dục 7 3.000306 Thành lập, cho phép thành l ập l ớp dành cho ngư ời khuy ết tật trong trư ờng trung học phổ thông và trung tâm giáo dục thư ờng xuyên, trung tâm giáo d ục nghề nghiệp - giáo"
2026-06-19,2295/QĐ-UBND,3.000298,"Cho phép trư ờng năng khi ếu ngh ệ thuật, th ể dục, thể thao ho ạt động giáo d ục trở lại",GIÁO DỤC VÀ ĐÀO TẠO,repealed,Bãi bỏ,province,2026-06-19,repealed,https://cathai.haiphong.gov.vn/giao-duc-va-dao-tao/quyet-dinh-so-2295-qd-ubnd-ngay-19-6-2026-cua-ubnd-thanh-pho-hai-phong-ve-viec-cong-bo-danh-muc--921113,https://cdn.haiphong.gov.vn/gov-hpg/5889/tintuc/2026/6/23.qd-cong-bo-dm-tthc-duoc-thay-the-va-bi-bai-bo-theo-qd-1425-cua-bo-gd-dt..signed639179168711137700.pdf,445d99b36be7739291e337b814e617b749f49332b77239d454f799f8742a3014,"động trở lại Nghị quyết số 66.18/2026/NQ-CP ngày 18/5/2026 của Chính phủ về phân quy ền, c ắt gi ảm, đơn gi ản hóa th ủ tục hành chính, điều kiện kinh doanh 2. 3.000298 Cho phép trư ờng năng khi ếu ngh ệ thuật, th ể dục, thể thao ho ạt động giáo d ục trở lại 3. 3.000303 Cho phép trư ờng dành cho ngư ời khuy ết t ật ho ạt động giáo dục trở lại"
2026-06-19,2295/QĐ-UBND,3.000299,"Sáp nhập, chia, tách trường năng khi ếu nghệ thuật, thể dục, thể thao",GIÁO DỤC VÀ ĐÀO TẠO,repealed,Bãi bỏ,province,2026-06-19,repealed,https://cathai.haiphong.gov.vn/giao-duc-va-dao-tao/quyet-dinh-so-2295-qd-ubnd-ngay-19-6-2026-cua-ubnd-thanh-pho-hai-phong-ve-viec-cong-bo-danh-muc--921113,https://cdn.haiphong.gov.vn/gov-hpg/5889/tintuc/2026/6/23.qd-cong-bo-dm-tthc-duoc-thay-the-va-bi-bai-bo-theo-qd-1425-cua-bo-gd-dt..signed639179168711137700.pdf,445d99b36be7739291e337b814e617b749f49332b77239d454f799f8742a3014,"quyết số 23/2026/NQ-CP; Nghị quyết s ố 66.18/2026/NQ-CP 9 3.000299 Sáp nhập, chia, tách trường năng khi ếu nghệ thuật, thể dục, thể thao 10 3.000304 Sáp nhập, chia, tách trường dành cho người khuyết tật 11 1.004991 Giải th ể trường trung h ọc ph ổ thông chuyên (theo đề nghị của tổ chức, cá nhân thành l ập trường) Giải th ể trường trung học phổ thông, trư ờng ph ổ thông có nhiều cấp học có"
2026-06-19,2295/QĐ-UBND,3.000300,"Giải th ể trường năng khi ếu ngh ệ thuật, th ể dục, th ể thao (theo đ ề nghị của tổ chức, cá nhân thành lập trường)",GIÁO DỤC VÀ ĐÀO TẠO,repealed,Bãi bỏ,province,2026-06-19,repealed,https://cathai.haiphong.gov.vn/giao-duc-va-dao-tao/quyet-dinh-so-2295-qd-ubnd-ngay-19-6-2026-cua-ubnd-thanh-pho-hai-phong-ve-viec-cong-bo-danh-muc--921113,https://cdn.haiphong.gov.vn/gov-hpg/5889/tintuc/2026/6/23.qd-cong-bo-dm-tthc-duoc-thay-the-va-bi-bai-bo-theo-qd-1425-cua-bo-gd-dt..signed639179168711137700.pdf,445d99b36be7739291e337b814e617b749f49332b77239d454f799f8742a3014,"quyết số 23/2026/NQ-CP; Nghị quyết s ố 66.18/2026/NQ-CP 12 3.000300 Giải th ể trường năng khi ếu ngh ệ thuật, th ể dục, th ể thao (theo đ ề nghị của tổ chức, cá nhân thành lập trường) 13 3.000305 Giải th ể trường dành cho ngư ời khuyết tật (Theo đề nghị của tổ chức, cá nhân thành l ập trường)"
2026-06-19,2295/QĐ-UBND,3.000301,Thành lập hoặc cho phép thành l ập trường dành cho người khuyết tật,GIÁO DỤC VÀ ĐÀO TẠO,repealed,Bãi bỏ,province,2026-06-19,repealed,https://cathai.haiphong.gov.vn/giao-duc-va-dao-tao/quyet-dinh-so-2295-qd-ubnd-ngay-19-6-2026-cua-ubnd-thanh-pho-hai-phong-ve-viec-cong-bo-danh-muc--921113,https://cdn.haiphong.gov.vn/gov-hpg/5889/tintuc/2026/6/23.qd-cong-bo-dm-tthc-duoc-thay-the-va-bi-bai-bo-theo-qd-1425-cua-bo-gd-dt..signed639179168711137700.pdf,445d99b36be7739291e337b814e617b749f49332b77239d454f799f8742a3014,"trường năng khi ếu nghệ thuật, thể dục, thể thao 3 3.000301 Thành lập hoặc cho phép thành l ập trường dành cho người khuyết tật"
2026-06-19,2295/QĐ-UBND,3.000302,Cho phép trư ờng dành cho ngư ời khuyết t ật ho ạt động giáo dục,GIÁO DỤC VÀ ĐÀO TẠO,repealed,Bãi bỏ,province,2026-06-19,repealed,https://cathai.haiphong.gov.vn/giao-duc-va-dao-tao/quyet-dinh-so-2295-qd-ubnd-ngay-19-6-2026-cua-ubnd-thanh-pho-hai-phong-ve-viec-cong-bo-danh-muc--921113,https://cdn.haiphong.gov.vn/gov-hpg/5889/tintuc/2026/6/23.qd-cong-bo-dm-tthc-duoc-thay-the-va-bi-bai-bo-theo-qd-1425-cua-bo-gd-dt..signed639179168711137700.pdf,445d99b36be7739291e337b814e617b749f49332b77239d454f799f8742a3014,"thuật, th ể dục, th ể thao hoạt động giáo dục 6 3.000302 Cho phép trư ờng dành cho ngư ời khuyết t ật ho ạt động giáo dục 7 3.000306 Thành lập, cho phép thành l ập l ớp dành cho ngư ời khuy ết tật trong trư ờng trung học phổ thông và trung tâm giáo dục thư ờng xuyên, trung tâm giáo d ục nghề nghiệp - giáo dục thư ờng xuyên thực hi ện chương trình giáo d ục thường xuyên c ấp trung học phổ thông"
2026-06-19,2295/QĐ-UBND,3.000303,Cho phép trư ờng dành cho ngư ời khuy ết t ật ho ạt động giáo dục trở lại,GIÁO DỤC VÀ ĐÀO TẠO,repealed,Bãi bỏ,province,2026-06-19,repealed,https://cathai.haiphong.gov.vn/giao-duc-va-dao-tao/quyet-dinh-so-2295-qd-ubnd-ngay-19-6-2026-cua-ubnd-thanh-pho-hai-phong-ve-viec-cong-bo-danh-muc--921113,https://cdn.haiphong.gov.vn/gov-hpg/5889/tintuc/2026/6/23.qd-cong-bo-dm-tthc-duoc-thay-the-va-bi-bai-bo-theo-qd-1425-cua-bo-gd-dt..signed639179168711137700.pdf,445d99b36be7739291e337b814e617b749f49332b77239d454f799f8742a3014,"phủ về phân quy ền, c ắt gi ảm, đơn gi ản hóa th ủ tục hành chính, điều kiện kinh doanh 2. 3.000298 Cho phép trư ờng năng khi ếu ngh ệ thuật, th ể dục, thể thao ho ạt động giáo d ục trở lại 3. 3.000303 Cho phép trư ờng dành cho ngư ời khuy ết t ật ho ạt động giáo dục trở lại"
2026-06-19,2295/QĐ-UBND,3.000304,"Sáp nhập, chia, tách trường dành cho người khuyết tật",GIÁO DỤC VÀ ĐÀO TẠO,repealed,Bãi bỏ,province,2026-06-19,repealed,https://cathai.haiphong.gov.vn/giao-duc-va-dao-tao/quyet-dinh-so-2295-qd-ubnd-ngay-19-6-2026-cua-ubnd-thanh-pho-hai-phong-ve-viec-cong-bo-danh-muc--921113,https://cdn.haiphong.gov.vn/gov-hpg/5889/tintuc/2026/6/23.qd-cong-bo-dm-tthc-duoc-thay-the-va-bi-bai-bo-theo-qd-1425-cua-bo-gd-dt..signed639179168711137700.pdf,445d99b36be7739291e337b814e617b749f49332b77239d454f799f8742a3014,"trường năng khi ếu nghệ thuật, thể dục, thể thao 10 3.000304 Sáp nhập, chia, tách trường dành cho người khuyết tật 11 1.004991 Giải th ể trường trung h ọc ph ổ thông chuyên (theo đề nghị của tổ chức, cá nhân thành l ập trường) Giải th ể trường trung học phổ thông, trư ờng ph ổ thông có nhiều cấp học có cấp h ọc cao nh ất là trung học ph ổ thông (theo đ ề nghị của tổ chức, cá nhân thành lập trường)"
2026-06-19,2295/QĐ-UBND,3.000305,"Giải th ể trường dành cho ngư ời khuyết tật (Theo đề nghị của tổ chức, cá nhân thành l ập trường)",GIÁO DỤC VÀ ĐÀO TẠO,repealed,Bãi bỏ,province,2026-06-19,repealed,https://cathai.haiphong.gov.vn/giao-duc-va-dao-tao/quyet-dinh-so-2295-qd-ubnd-ngay-19-6-2026-cua-ubnd-thanh-pho-hai-phong-ve-viec-cong-bo-danh-muc--921113,https://cdn.haiphong.gov.vn/gov-hpg/5889/tintuc/2026/6/23.qd-cong-bo-dm-tthc-duoc-thay-the-va-bi-bai-bo-theo-qd-1425-cua-bo-gd-dt..signed639179168711137700.pdf,445d99b36be7739291e337b814e617b749f49332b77239d454f799f8742a3014,"thao (theo đ ề nghị của tổ chức, cá nhân thành lập trường) 13 3.000305 Giải th ể trường dành cho ngư ời khuyết tật (Theo đề nghị của tổ chức, cá nhân thành l ập trường)"
2026-06-19,2295/QĐ-UBND,3.000306,"Thành lập, cho phép thành l ập l ớp dành cho ngư ời khuy ết tật trong trư ờng trung học phổ thông và trung tâm giáo dục thư ờng xuyên,",GIÁO DỤC VÀ ĐÀO TẠO,repealed,Bãi bỏ,province,2026-06-19,repealed,https://cathai.haiphong.gov.vn/giao-duc-va-dao-tao/quyet-dinh-so-2295-qd-ubnd-ngay-19-6-2026-cua-ubnd-thanh-pho-hai-phong-ve-viec-cong-bo-danh-muc--921113,https://cdn.haiphong.gov.vn/gov-hpg/5889/tintuc/2026/6/23.qd-cong-bo-dm-tthc-duoc-thay-the-va-bi-bai-bo-theo-qd-1425-cua-bo-gd-dt..signed639179168711137700.pdf,445d99b36be7739291e337b814e617b749f49332b77239d454f799f8742a3014,"dành cho ngư ời khuyết t ật ho ạt động giáo dục 7 3.000306 Thành lập, cho phép thành l ập l ớp dành cho ngư ời khuy ết tật trong trư ờng trung học phổ thông và trung tâm giáo dục thư ờng xuyên, trung tâm giáo d ục nghề nghiệp - giáo dục thư ờng xuyên thực hi ện chương trình giáo d ục thường xuyên c ấp trung học phổ thông"
2026-06-19,2295/QĐ-UBND,3.000309,"Thành lập lớp dành cho người khuyết tật trong trư ờng m ầm non, trư ờng ti ểu học, trư ờng trung học cơ s ở và trung tâm giáo dục thường xuyên, trung tâm giáo d ục ngh ề nghiệp - giáo d ục thường xuyên th ực hiện các chương",GIÁO DỤC VÀ ĐÀO TẠO,repealed,Bãi bỏ,commune,2026-06-19,repealed,https://cathai.haiphong.gov.vn/giao-duc-va-dao-tao/quyet-dinh-so-2295-qd-ubnd-ngay-19-6-2026-cua-ubnd-thanh-pho-hai-phong-ve-viec-cong-bo-danh-muc--921113,https://cdn.haiphong.gov.vn/gov-hpg/5889/tintuc/2026/6/23.qd-cong-bo-dm-tthc-duoc-thay-the-va-bi-bai-bo-theo-qd-1425-cua-bo-gd-dt..signed639179168711137700.pdf,445d99b36be7739291e337b814e617b749f49332b77239d454f799f8742a3014,"B. THỦ TỤC HÀNH CHÍNH CẤP XÃ (01 TTHC) B1. LĨNH VỰC GIÁO DỤC TIỂU HỌC 1. 3.000309 Thành lập lớp dành cho người khuyết tật trong trư ờng m ầm non, trư ờng ti ểu học, trư ờng trung học cơ s ở và trung tâm giáo dục thường xuyên, trung tâm giáo d ục ngh ề nghiệp - giáo d ục thường xuyên th ực hiện các chương trình xóa mù chữ và chương trình giáo dục thư ờng xuyên cấp trung học cơ sở Cho phép trư ờng tiểu học hoạt động giáo dục"
2026-06-26,2380/QĐ-UBND,1.000414,Rút tiền ký quỹ của doanh nghiệp cho thuê lại lao động,NỘI VỤ,modified,Sửa đổi/bổ sung,province,2026-07-01,current,https://giavien.haiphong.gov.vn/so-noi-vu-92287/quyet-dinh-so-2380-qd-ubnd-ngay-26-6-2026-ve-viec-cong-bo-danh-muc-thu-tuc-hanh-chinh-duoc-sua-d-933048,https://cdn.haiphong.gov.vn/gov-hpg/6798/tintuc/2026/7/2380-quyet-dinh-cong-bo-dm-tthc-sua-doi-bo-sung-va-bi-bai-bo-theo-qd-641-cua-bnv..signed639197960523919968.pdf,6d2a7e5267efddb85bff1638f08cd424fbfbfbf7d2da437a730d0e8fc2e4f1a4,"Người lao động Việt Nam đi làm vi ệc ở nước ngoài theo hợp đồng. A.2. LĨNH VỰC LAO ĐỘNG - TIỀN LƯƠNG 1. 1.000414 Rút tiền ký quỹ của doanh nghiệp ch o thuê lại lao động 10 ngày làm việc 05 ngày làm việc - Trung tâm Phục v ụ hành chính công thành phố - Trung tâm Không quy định Nghị quyết s ố 66.18/2026/NQ-CP v ề phân quy ền, c ắt gi ảm, đơn gi ản hóa thủ tục hành chính, đi ều ki ện kinh doanh"
2026-06-26,2380/QĐ-UBND,1.000436,Thu hồi Giấy phép hoạt động cho thuê lại lao động,NỘI VỤ,repealed,Bãi bỏ,province,2026-07-01,repealed,https://giavien.haiphong.gov.vn/so-noi-vu-92287/quyet-dinh-so-2380-qd-ubnd-ngay-26-6-2026-ve-viec-cong-bo-danh-muc-thu-tuc-hanh-chinh-duoc-sua-d-933048,https://cdn.haiphong.gov.vn/gov-hpg/6798/tintuc/2026/7/2380-quyet-dinh-cong-bo-dm-tthc-sua-doi-bo-sung-va-bi-bai-bo-theo-qd-641-cua-bnv..signed639197960523919968.pdf,6d2a7e5267efddb85bff1638f08cd424fbfbfbf7d2da437a730d0e8fc2e4f1a4,"1. 1.000479 Cấp Giấy phép hoạt động cho thuê lại lao động Nghị quyết số 66.18/2026/NQ-CP về phân quyền, cắt giảm, đơn giản hóa thủ tục hành chính, điều kiện kinh doanh 2. 1.000448 Cấp lại Giấy phép hoạt động cho thuê lại lao động 3. 1.000464 Gia hạn Giấy phép hoạt động cho thuê lại lao động 4. 1.000436 Thu hồi Giấy phép hoạt động cho thuê lại lao động"
2026-06-26,2380/QĐ-UBND,1.000448,Cấp lại Giấy phép hoạt động cho thuê lại lao động,NỘI VỤ,repealed,Bãi bỏ,province,2026-07-01,repealed,https://giavien.haiphong.gov.vn/so-noi-vu-92287/quyet-dinh-so-2380-qd-ubnd-ngay-26-6-2026-ve-viec-cong-bo-danh-muc-thu-tuc-hanh-chinh-duoc-sua-d-933048,https://cdn.haiphong.gov.vn/gov-hpg/6798/tintuc/2026/7/2380-quyet-dinh-cong-bo-dm-tthc-sua-doi-bo-sung-va-bi-bai-bo-theo-qd-641-cua-bnv..signed639197960523919968.pdf,6d2a7e5267efddb85bff1638f08cd424fbfbfbf7d2da437a730d0e8fc2e4f1a4,"lập). A5. LĨNH VỰC LAO ĐỘNG - TIỀN LƯƠNG 1. 1.000479 Cấp Giấy phép hoạt động cho thuê lại lao động Nghị quyết số 66.18/2026/NQ-CP về phân quyền, cắt giảm, đơn giản hóa thủ tục hành chính, điều kiện kinh doanh 2. 1.000448 Cấp lại Giấy phép hoạt động cho thuê lại lao động 3. 1.000464 Gia hạn Giấy phép hoạt động cho thuê lại lao động 4. 1.000436 Thu hồi Giấy phép hoạt động cho thuê lại lao động"
2026-06-26,2380/QĐ-UBND,1.000464,Gia hạn Giấy phép hoạt động cho thuê lại lao động,NỘI VỤ,repealed,Bãi bỏ,province,2026-07-01,repealed,https://giavien.haiphong.gov.vn/so-noi-vu-92287/quyet-dinh-so-2380-qd-ubnd-ngay-26-6-2026-ve-viec-cong-bo-danh-muc-thu-tuc-hanh-chinh-duoc-sua-d-933048,https://cdn.haiphong.gov.vn/gov-hpg/6798/tintuc/2026/7/2380-quyet-dinh-cong-bo-dm-tthc-sua-doi-bo-sung-va-bi-bai-bo-theo-qd-641-cua-bnv..signed639197960523919968.pdf,6d2a7e5267efddb85bff1638f08cd424fbfbfbf7d2da437a730d0e8fc2e4f1a4,"A5. LĨNH VỰC LAO ĐỘNG - TIỀN LƯƠNG 1. 1.000479 Cấp Giấy phép hoạt động cho thuê lại lao động Nghị quyết số 66.18/2026/NQ-CP về phân quyền, cắt giảm, đơn giản hóa thủ tục hành chính, điều kiện kinh doanh 2. 1.000448 Cấp lại Giấy phép hoạt động cho thuê lại lao động 3. 1.000464 Gia hạn Giấy phép hoạt động cho thuê lại lao động 4. 1.000436 Thu hồi Giấy phép hoạt động cho thuê lại lao động"
2026-06-26,2380/QĐ-UBND,1.000479,"Cấp Giấy phép hoạt động cho thuê lại lao động Nghị quyết số 66.18/2026/NQ-CP về phân quyền, cắt giảm,",NỘI VỤ,repealed,Bãi bỏ,province,2026-07-01,repealed,https://giavien.haiphong.gov.vn/so-noi-vu-92287/quyet-dinh-so-2380-qd-ubnd-ngay-26-6-2026-ve-viec-cong-bo-danh-muc-thu-tuc-hanh-chinh-duoc-sua-d-933048,https://cdn.haiphong.gov.vn/gov-hpg/6798/tintuc/2026/7/2380-quyet-dinh-cong-bo-dm-tthc-sua-doi-bo-sung-va-bi-bai-bo-theo-qd-641-cua-bnv..signed639197960523919968.pdf,6d2a7e5267efddb85bff1638f08cd424fbfbfbf7d2da437a730d0e8fc2e4f1a4,"thuộc Bộ, ngành, cơ qu an trung ương quyết định thành lập). A5. LĨNH VỰC LAO ĐỘNG - TIỀN LƯƠNG 1. 1.000479 Cấp Giấy phép hoạt động cho thuê lại lao động Nghị quyết số 66.18/2026/NQ-CP về phân quyền, cắt giảm, đơn giản hóa thủ tục hành chính, điều kiện kinh doanh 2. 1.000448 Cấp lại Giấy phép hoạt động cho thuê lại lao động 3. 1.000464 Gia hạn Giấy phép hoạt động cho thuê lại lao động 4. 1.000436 Thu hồi Giấy phép hoạt động cho thuê lại lao động"
2026-06-26,2380/QĐ-UBND,1.005449,"Cấp mới Giấy chứng nhận đủ điều kiện hoạ t động huấn luyện an toàn, vệ sinh lao động hạng B (trừ tổ chức huấn luyện do các Bộ, ngành, cơ quan trung ương, các tập đoàn, tổng công ty nhà nước thuộc Bộ, ngành, cơ quan trung ương quyết định thành lập); Cấp Giấy chứng nhận doanh",NỘI VỤ,repealed,Bãi bỏ,province,2026-07-01,repealed,https://giavien.haiphong.gov.vn/so-noi-vu-92287/quyet-dinh-so-2380-qd-ubnd-ngay-26-6-2026-ve-viec-cong-bo-danh-muc-thu-tuc-hanh-chinh-duoc-sua-d-933048,https://cdn.haiphong.gov.vn/gov-hpg/6798/tintuc/2026/7/2380-quyet-dinh-cong-bo-dm-tthc-sua-doi-bo-sung-va-bi-bai-bo-theo-qd-641-cua-bnv..signed639197960523919968.pdf,6d2a7e5267efddb85bff1638f08cd424fbfbfbf7d2da437a730d0e8fc2e4f1a4,"đơn giản hóa thủ tục hành chính, điều kiện kinh doanh 2. Xem xét, đánh giá điều kiện hoạt động của doanh nghiệp tự huấn luyện an toàn, vệ sinh lao động 3. 1.005449 Cấp mới Giấy chứng nhận đủ điều kiện hoạ t động huấn luyện an toàn, vệ sinh lao động hạng B (trừ tổ chức huấn luyện do các Bộ, ngành, cơ quan trung ương, các tập đoàn, tổng công ty nhà nước thuộc Bộ, ngành, cơ quan trung ương quyết định thành lập); Cấp Giấy chứng nhận doanh nghiệp đủ điều kiện tự huấn luyện an toàn, vệ sinh lao động h"
2026-06-26,2380/QĐ-UBND,1.005450,"Gia hạn, sửa đổi, bổ sun g, cấp lại, đổi tên Giấy chứng nhận đủ điều kiện hoạt động huấn luyện an toàn, vệ sinh lao động hạng B (trừ tổ chức huấn luyện do các Bộ, ngành, cơ quan trung ương, các tập đoàn, tổng công ty nhà nước thuộc Bộ, ngành, cơ quan trung ương quyết định",NỘI VỤ,repealed,Bãi bỏ,province,2026-07-01,repealed,https://giavien.haiphong.gov.vn/so-noi-vu-92287/quyet-dinh-so-2380-qd-ubnd-ngay-26-6-2026-ve-viec-cong-bo-danh-muc-thu-tuc-hanh-chinh-duoc-sua-d-933048,https://cdn.haiphong.gov.vn/gov-hpg/6798/tintuc/2026/7/2380-quyet-dinh-cong-bo-dm-tthc-sua-doi-bo-sung-va-bi-bai-bo-theo-qd-641-cua-bnv..signed639197960523919968.pdf,6d2a7e5267efddb85bff1638f08cd424fbfbfbf7d2da437a730d0e8fc2e4f1a4,"4 4. 1.005450 Gia hạn, sửa đổi, bổ sun g, cấp lại, đổi tên Giấy chứng nhận đủ điều kiện hoạt động huấn luyện an toàn, vệ sinh lao động hạng B (trừ tổ chức huấn luyện do các Bộ, ngành, cơ quan trung ương, các tập đoàn, tổng công ty nhà nước thuộc Bộ, ngành, cơ quan trung ương quyết định thành lập); Giấy chứng nhận doanh nghiệp đủ điều kiện tự huấn luyện an toàn, vệ sinh lao động hạng B (trừ doanh nghiệp có nhu cầu tự huấn luyện do các Bộ, ngành, cơ quan trung ương, các tập đoàn, tổng công ty nhà "
2026-06-26,2380/QĐ-UBND,1.013733,"Chuẩn bị nguồn lao động của doanh nghiệp hoạt động dịch vụ đưa người lao động Việt Nam đi làm việc ở nước ngoài theo hợp đồng Nghị quyết số 66.18/2026/NQ-CP về phân quyền, cắt giảm, đơn giản hóa thủ tục hành chính, điều kiện kinh doanh",NỘI VỤ,repealed,Bãi bỏ,province,2026-07-01,repealed,https://giavien.haiphong.gov.vn/so-noi-vu-92287/quyet-dinh-so-2380-qd-ubnd-ngay-26-6-2026-ve-viec-cong-bo-danh-muc-thu-tuc-hanh-chinh-duoc-sua-d-933048,https://cdn.haiphong.gov.vn/gov-hpg/6798/tintuc/2026/7/2380-quyet-dinh-cong-bo-dm-tthc-sua-doi-bo-sung-va-bi-bai-bo-theo-qd-641-cua-bnv..signed639197960523919968.pdf,6d2a7e5267efddb85bff1638f08cd424fbfbfbf7d2da437a730d0e8fc2e4f1a4,"Nghị quyết số 66.18/2026/NQ-CP về phân quyền, cắt giảm, đơn giản hóa thủ tục hành chính, điều kiện kinh doanh A2. LĨNH VỰC QUẢN LÝ LAO ĐỘNG NGOÀI NƯỚC 1. 1.013733 Chuẩn bị nguồn lao động của doanh nghiệp hoạt động dịch vụ đưa người lao động Việt Nam đi làm việc ở nước ngoài theo hợp đồng Nghị quyết số 66.18/2026/NQ-CP về phân quyền, cắt giảm, đơn giản hóa thủ tục hành chính, điều kiện kinh doanh"
2026-06-26,2380/QĐ-UBND,1.013734,Đăng ký hợp đồng lao động trực tiếp giao kết,NỘI VỤ,modified,Sửa đổi/bổ sung,commune,2026-07-01,current,https://giavien.haiphong.gov.vn/so-noi-vu-92287/quyet-dinh-so-2380-qd-ubnd-ngay-26-6-2026-ve-viec-cong-bo-danh-muc-thu-tuc-hanh-chinh-duoc-sua-d-933048,https://cdn.haiphong.gov.vn/gov-hpg/6798/tintuc/2026/7/2380-quyet-dinh-cong-bo-dm-tthc-sua-doi-bo-sung-va-bi-bai-bo-theo-qd-641-cua-bnv..signed639197960523919968.pdf,6d2a7e5267efddb85bff1638f08cd424fbfbfbf7d2da437a730d0e8fc2e4f1a4,"xã B. THỦ TỤC HÀNH CHÍNH CẤP XÃ (01 TTHC) B.1. LĨNH VỰC QUẢN LÝ LAO ĐỘNG NGOÀI NƯỚC 1. 1.013734 Đăng ký hợp đồng lao động trực tiếp giao kết 05 ngày làm việc 2,5 ngày làm việc - Trung tâm Phục v ụ hành chính công thành phố - Trung tâm Phục v ụ hành chính công cấp xã Không quy định Thông tư s ố 09/2026/TT-BNV ngày 15/5/2026 c ủa B ộ trưởng B ộ Nội v ụ sửa đ ổi, b ổ sung m ột s ố điều c ủa Thông tư s ố 21/2021/TT-BLĐTBXH"
2026-06-26,2380/QĐ-UBND,1.013934,"Cấp, cấp lại Giấy chứng nhận đủ điều kiện kinh doanh dịch vụ lưu trữ Nghị quyết số 66.18/2026/NQ-CP về phân quyền, cắt giảm, đơn giản hóa thủ tục hành chính, điều kiện kinh doanh A2. LĨNH VỰC QUẢN LÝ LAO ĐỘNG NGOÀI NƯỚC",NỘI VỤ,repealed,Bãi bỏ,province,2026-07-01,repealed,https://giavien.haiphong.gov.vn/so-noi-vu-92287/quyet-dinh-so-2380-qd-ubnd-ngay-26-6-2026-ve-viec-cong-bo-danh-muc-thu-tuc-hanh-chinh-duoc-sua-d-933048,https://cdn.haiphong.gov.vn/gov-hpg/6798/tintuc/2026/7/2380-quyet-dinh-cong-bo-dm-tthc-sua-doi-bo-sung-va-bi-bai-bo-theo-qd-641-cua-bnv..signed639197960523919968.pdf,6d2a7e5267efddb85bff1638f08cd424fbfbfbf7d2da437a730d0e8fc2e4f1a4,"TTHC Tên TTHC Tên VB QPPL quy định việc bãi bỏ TTHC A. THỦ TỤC HÀNH CHÍNH CẤP TỈNH (15 TTHC) A1. LĨNH VỰC LƯU TRỮ 1. 1.013934 Cấp, cấp lại Giấy chứng nhận đủ điều kiện kinh doanh dịch vụ lưu trữ Nghị quyết số 66.18/2026/NQ-CP về phân quyền, cắt giảm, đơn giản hóa thủ tục hành chính, điều kiện kinh doanh A2. LĨNH VỰC QUẢN LÝ LAO ĐỘNG NGOÀI NƯỚC 1. 1.013733 Chuẩn bị nguồn lao động của doanh nghiệp hoạt động dịch vụ đưa người lao động Việt Nam đi làm việc ở nước ngoài theo hợp đồng Nghị quyết số 66"
2026-06-26,2380/QĐ-UBND,1.015021,Đăng ký hợp đồng nhận lao động thực tập,NỘI VỤ,modified,Sửa đổi/bổ sung,province,2026-07-01,current,https://giavien.haiphong.gov.vn/so-noi-vu-92287/quyet-dinh-so-2380-qd-ubnd-ngay-26-6-2026-ve-viec-cong-bo-danh-muc-thu-tuc-hanh-chinh-duoc-sua-d-933048,https://cdn.haiphong.gov.vn/gov-hpg/6798/tintuc/2026/7/2380-quyet-dinh-cong-bo-dm-tthc-sua-doi-bo-sung-va-bi-bai-bo-theo-qd-641-cua-bnv..signed639197960523919968.pdf,6d2a7e5267efddb85bff1638f08cd424fbfbfbf7d2da437a730d0e8fc2e4f1a4,"1. 1.015021 Đăng ký hợp đồng nhận lao động thực tập 03 ngày làm việc (kể từ ngày nhận được hồ sơ đầy đủ, hợp lệ). 03 ngày làm việc (kể từ ngày nhận được hồ sơ đầy đủ, hợp lệ) - Trung tâm Phục v ụ hành chính công thành phố - Trung tâm Phục v ụ hành chính công cấp"
2026-06-26,2380/QĐ-UBND,2.000134,"Khai báo với Sở Lao động - Thương binh và Xã hội khi đưa vào sử dụng các loại máy, thiết bị, vật tư có yêu cầu nghiêm ngặt về an toàn lao động Nghị quyết số 66.18/2026/NQ-CP về phân quyền, cắt giảm, đơn giản hóa thủ tục hành chính, điều kiện kinh doanh",NỘI VỤ,repealed,Bãi bỏ,province,2026-07-01,repealed,https://giavien.haiphong.gov.vn/so-noi-vu-92287/quyet-dinh-so-2380-qd-ubnd-ngay-26-6-2026-ve-viec-cong-bo-danh-muc-thu-tuc-hanh-chinh-duoc-sua-d-933048,https://cdn.haiphong.gov.vn/gov-hpg/6798/tintuc/2026/7/2380-quyet-dinh-cong-bo-dm-tthc-sua-doi-bo-sung-va-bi-bai-bo-theo-qd-641-cua-bnv..signed639197960523919968.pdf,6d2a7e5267efddb85bff1638f08cd424fbfbfbf7d2da437a730d0e8fc2e4f1a4,"5. 2.002828 Rút tiền ký quỹ của doanh nghiệp hoạt động dịch vụ việc làm A4. LĨNH VỰC AN TOÀN, VỆ SINH LAO ĐỘNG 1. 2.000134 Khai báo với Sở Lao động - Thương binh và Xã hội khi đưa vào sử dụng các loại máy, thiết bị, vật tư có yêu cầu nghiêm ngặt về an toàn lao động Nghị quyết số 66.18/2026/NQ-CP về phân quyền, cắt giảm, đơn giản hóa thủ tục hành chính, điều kiện kinh doanh 2. Xem xét, đánh giá điều kiện hoạt động của doanh nghiệp tự huấn luyện an toàn, vệ sinh lao động 3. 1.005449 Cấp mới Giấy c"
2026-06-26,2380/QĐ-UBND,2.002824,"Cấp giấy phép hoạt động dịch vụ việc làm của doanh nghiệp hoạt động dịch vụ việc làm Nghị quyết số 66.18/2026/NQ-CP về phân quyền, cắt giảm, đơn giản hóa thủ tục hành chính, điều kiện kinh doanh",NỘI VỤ,repealed,Bãi bỏ,province,2026-07-01,repealed,https://giavien.haiphong.gov.vn/so-noi-vu-92287/quyet-dinh-so-2380-qd-ubnd-ngay-26-6-2026-ve-viec-cong-bo-danh-muc-thu-tuc-hanh-chinh-duoc-sua-d-933048,https://cdn.haiphong.gov.vn/gov-hpg/6798/tintuc/2026/7/2380-quyet-dinh-cong-bo-dm-tthc-sua-doi-bo-sung-va-bi-bai-bo-theo-qd-641-cua-bnv..signed639197960523919968.pdf,6d2a7e5267efddb85bff1638f08cd424fbfbfbf7d2da437a730d0e8fc2e4f1a4,"3 A3. LĨNH VỰC VIỆC LÀM 1. 2.002824 Cấp giấy phép hoạt động dịch vụ việc làm của doanh nghiệp hoạt động dịch vụ việc làm Nghị quyết số 66.18/2026/NQ-CP về phân quyền, cắt giảm, đơn giản hóa thủ tục hành chính, điều kiện kinh doanh 2. 2.002825 Cấp lại Giấy phép hoạt động dịch vụ việc làm của d oanh nghiệp hoạt động dịch vụ việc làm 3. 2.002826 Gia hạn Giấy phép hoạt động dịch vụ việc làm của doanh nghiệp hoạt động dịch vụ việc làm 4. 2.002827 Thu hồi Giấy phép hoạt động dịch vụ việc làm của doanh"
2026-06-26,2380/QĐ-UBND,2.002825,Cấp lại Giấy phép hoạt động dịch vụ việc làm của d oanh nghiệp hoạt động dịch vụ việc làm,NỘI VỤ,repealed,Bãi bỏ,province,2026-07-01,repealed,https://giavien.haiphong.gov.vn/so-noi-vu-92287/quyet-dinh-so-2380-qd-ubnd-ngay-26-6-2026-ve-viec-cong-bo-danh-muc-thu-tuc-hanh-chinh-duoc-sua-d-933048,https://cdn.haiphong.gov.vn/gov-hpg/6798/tintuc/2026/7/2380-quyet-dinh-cong-bo-dm-tthc-sua-doi-bo-sung-va-bi-bai-bo-theo-qd-641-cua-bnv..signed639197960523919968.pdf,6d2a7e5267efddb85bff1638f08cd424fbfbfbf7d2da437a730d0e8fc2e4f1a4,"nghiệp hoạt động dịch vụ việc làm Nghị quyết số 66.18/2026/NQ-CP về phân quyền, cắt giảm, đơn giản hóa thủ tục hành chính, điều kiện kinh doanh 2. 2.002825 Cấp lại Giấy phép hoạt động dịch vụ việc làm của d oanh nghiệp hoạt động dịch vụ việc làm 3. 2.002826 Gia hạn Giấy phép hoạt động dịch vụ việc làm của doanh nghiệp hoạt động dịch vụ việc làm 4. 2.002827 Thu hồi Giấy phép hoạt động dịch vụ việc làm của doanh nghiệp hoạt động dịch vụ việc làm 5. 2.002828 Rút tiền ký quỹ của doanh nghiệp hoạt độ"
2026-06-26,2380/QĐ-UBND,2.002826,Gia hạn Giấy phép hoạt động dịch vụ việc làm của doanh nghiệp hoạt động dịch vụ việc làm,NỘI VỤ,repealed,Bãi bỏ,province,2026-07-01,repealed,https://giavien.haiphong.gov.vn/so-noi-vu-92287/quyet-dinh-so-2380-qd-ubnd-ngay-26-6-2026-ve-viec-cong-bo-danh-muc-thu-tuc-hanh-chinh-duoc-sua-d-933048,https://cdn.haiphong.gov.vn/gov-hpg/6798/tintuc/2026/7/2380-quyet-dinh-cong-bo-dm-tthc-sua-doi-bo-sung-va-bi-bai-bo-theo-qd-641-cua-bnv..signed639197960523919968.pdf,6d2a7e5267efddb85bff1638f08cd424fbfbfbf7d2da437a730d0e8fc2e4f1a4,"đơn giản hóa thủ tục hành chính, điều kiện kinh doanh 2. 2.002825 Cấp lại Giấy phép hoạt động dịch vụ việc làm của d oanh nghiệp hoạt động dịch vụ việc làm 3. 2.002826 Gia hạn Giấy phép hoạt động dịch vụ việc làm của doanh nghiệp hoạt động dịch vụ việc làm 4. 2.002827 Thu hồi Giấy phép hoạt động dịch vụ việc làm của doanh nghiệp hoạt động dịch vụ việc làm 5. 2.002828 Rút tiền ký quỹ của doanh nghiệp hoạt động dịch vụ việc làm A4. LĨNH VỰC AN TOÀN, VỆ SINH LAO ĐỘNG 1. 2.000134 Khai báo với Sở Lao"
2026-06-26,2380/QĐ-UBND,2.002827,Thu hồi Giấy phép hoạt động dịch vụ việc làm của doanh nghiệp hoạt động dịch vụ việc làm,NỘI VỤ,repealed,Bãi bỏ,province,2026-07-01,repealed,https://giavien.haiphong.gov.vn/so-noi-vu-92287/quyet-dinh-so-2380-qd-ubnd-ngay-26-6-2026-ve-viec-cong-bo-danh-muc-thu-tuc-hanh-chinh-duoc-sua-d-933048,https://cdn.haiphong.gov.vn/gov-hpg/6798/tintuc/2026/7/2380-quyet-dinh-cong-bo-dm-tthc-sua-doi-bo-sung-va-bi-bai-bo-theo-qd-641-cua-bnv..signed639197960523919968.pdf,6d2a7e5267efddb85bff1638f08cd424fbfbfbf7d2da437a730d0e8fc2e4f1a4,"nghiệp hoạt động dịch vụ việc làm 3. 2.002826 Gia hạn Giấy phép hoạt động dịch vụ việc làm của doanh nghiệp hoạt động dịch vụ việc làm 4. 2.002827 Thu hồi Giấy phép hoạt động dịch vụ việc làm của doanh nghiệp hoạt động dịch vụ việc làm 5. 2.002828 Rút tiền ký quỹ của doanh nghiệp hoạt động dịch vụ việc làm A4. LĨNH VỰC AN TOÀN, VỆ SINH LAO ĐỘNG 1. 2.000134 Khai báo với Sở Lao động - Thương binh và Xã hội khi đưa vào sử dụng các loại máy, thiết bị, vật tư có yêu cầu nghiêm ngặt về an toàn lao độn"
2026-06-26,2380/QĐ-UBND,2.002828,"Rút tiền ký quỹ của doanh nghiệp hoạt động dịch vụ việc làm A4. LĨNH VỰC AN TOÀN, VỆ SINH LAO ĐỘNG",NỘI VỤ,repealed,Bãi bỏ,province,2026-07-01,repealed,https://giavien.haiphong.gov.vn/so-noi-vu-92287/quyet-dinh-so-2380-qd-ubnd-ngay-26-6-2026-ve-viec-cong-bo-danh-muc-thu-tuc-hanh-chinh-duoc-sua-d-933048,https://cdn.haiphong.gov.vn/gov-hpg/6798/tintuc/2026/7/2380-quyet-dinh-cong-bo-dm-tthc-sua-doi-bo-sung-va-bi-bai-bo-theo-qd-641-cua-bnv..signed639197960523919968.pdf,6d2a7e5267efddb85bff1638f08cd424fbfbfbf7d2da437a730d0e8fc2e4f1a4,"nghiệp hoạt động dịch vụ việc làm 4. 2.002827 Thu hồi Giấy phép hoạt động dịch vụ việc làm của doanh nghiệp hoạt động dịch vụ việc làm 5. 2.002828 Rút tiền ký quỹ của doanh nghiệp hoạt động dịch vụ việc làm A4. LĨNH VỰC AN TOÀN, VỆ SINH LAO ĐỘNG 1. 2.000134 Khai báo với Sở Lao động - Thương binh và Xã hội khi đưa vào sử dụng các loại máy, thiết bị, vật tư có yêu cầu nghiêm ngặt về an toàn lao động Nghị quyết số 66.18/2026/NQ-CP về phân quyền, cắt giảm, đơn giản hóa thủ tục hành chính, điều kiện "
2026-06-29,2448/QĐ-UBND,1.013225,"Thủ tục c ấp giấy phép xây dựng mới công trình c ấp III, cấp IV (Công trình không theo tuyến/Theo tuyến trong đô thị/Tín ngưỡng, tôn giáo/Tượng đài, tranh hoành",XÂY DỰNG,modified,Sửa đổi/bổ sung,commune,2026-07-01,current,https://cathai.haiphong.gov.vn/linh-vuc-xay-dung-93424/quyet-dinh-so-2448-qd-ubnd-ngay-29-6-2026-cua-uy-ban-nhan-dan-thanh-pho-hai-phong-ve-viec-cong-b-926859,https://cdn.haiphong.gov.vn/gov-hpg/5889/tintuc/2026/7/2448.quyet-dinh-2026-cong-bo-dmtthc-sua-doi-bo-sung-so-xay-dung-ttr220-qd-949bxd-..signed639189435850855232.pdf,bff82a1d4ec82e5022bd29fdf53cab86766af7d11570ebab71cdc90e46dc2946,"Phí/lệ phí Căn cứ pháp lý LĨNH VỰC HOẠT ĐỘNG XÂY DỰNG (Có hiệu lực từ 01/7/2026) 1 1.013225 Thủ tục c ấp giấy phép xây dựng mới công trình c ấp III, cấp IV (Công trình không theo tuyến/Theo tuyến trong đô thị/Tín ngưỡng, tôn giáo/Tượng đài, tranh hoành 10 ngày làm vi ệc đối v ới công trình (hoặc 07"
2026-06-29,2448/QĐ-UBND,1.013226,"Thủ tục c ấp điều chỉnh giấy phép xây d ựng đối v ới công trình c ấp III, cấp IV (công trình Không theo tuyến/Theo tuyến trong đô thị/Tín ngưỡng, tôn giáo/Tượng đài, tranh hoành",XÂY DỰNG,modified,Sửa đổi/bổ sung,commune,2026-07-01,current,https://cathai.haiphong.gov.vn/linh-vuc-xay-dung-93424/quyet-dinh-so-2448-qd-ubnd-ngay-29-6-2026-cua-uy-ban-nhan-dan-thanh-pho-hai-phong-ve-viec-cong-b-926859,https://cdn.haiphong.gov.vn/gov-hpg/5889/tintuc/2026/7/2448.quyet-dinh-2026-cong-bo-dmtthc-sua-doi-bo-sung-so-xay-dung-ttr220-qd-949bxd-..signed639189435850855232.pdf,bff82a1d4ec82e5022bd29fdf53cab86766af7d11570ebab71cdc90e46dc2946,"động sản xuất, kinh doanh thu ộc phạm vi quản lý c ủa B ộ Xây dựng. 4 1.013226 Thủ tục c ấp điều chỉnh giấy phép xây d ựng đối v ới công trình c ấp III, cấp IV (công trình Không theo tuyến/Theo tuyến trong đô thị/Tín ngưỡng, tôn giáo/Tượng đài, tranh hoành tráng/Theo giai đoạn cho công"
2026-06-29,2448/QĐ-UBND,1.013229,"Thủ tục c ấp giấy phép xây dựng sửa chữa, cải t ạo đ ối v ới công trình c ấp III, c ấp IV (công trình",XÂY DỰNG,modified,Sửa đổi/bổ sung,commune,2026-07-01,current,https://cathai.haiphong.gov.vn/linh-vuc-xay-dung-93424/quyet-dinh-so-2448-qd-ubnd-ngay-29-6-2026-cua-uy-ban-nhan-dan-thanh-pho-hai-phong-ve-viec-cong-b-926859,https://cdn.haiphong.gov.vn/gov-hpg/5889/tintuc/2026/7/2448.quyet-dinh-2026-cong-bo-dmtthc-sua-doi-bo-sung-so-xay-dung-ttr220-qd-949bxd-..signed639189435850855232.pdf,bff82a1d4ec82e5022bd29fdf53cab86766af7d11570ebab71cdc90e46dc2946,"dựng. 2 1.013229 Thủ tục c ấp giấy phép xây dựng sửa chữa, cải t ạo đ ối v ới công trình c ấp III, c ấp IV (công trình Không theo tuyến/Theo tuyến trong đô thị/Tín ngưỡng, tôn giáo/Tượng đài, tranh hoành tráng/Theo gi ai đoạn cho công"
2026-06-29,2448/QĐ-UBND,1.013230,"Thủ tục c ấp giấy phép di dời đ ối v ới công trình c ấp đặc bi ệt, c ấp I và cấp II (Công trình không",XÂY DỰNG,modified,Sửa đổi/bổ sung,shared,2026-07-01,not_in_current_master,https://cathai.haiphong.gov.vn/linh-vuc-xay-dung-93424/quyet-dinh-so-2448-qd-ubnd-ngay-29-6-2026-cua-uy-ban-nhan-dan-thanh-pho-hai-phong-ve-viec-cong-b-926859,https://cdn.haiphong.gov.vn/gov-hpg/5889/tintuc/2026/7/2448.quyet-dinh-2026-cong-bo-dmtthc-sua-doi-bo-sung-so-xay-dung-ttr220-qd-949bxd-..signed639189435850855232.pdf,bff82a1d4ec82e5022bd29fdf53cab86766af7d11570ebab71cdc90e46dc2946,"chính liên quan đến hoạt động sản xuất, kinh doanh thu ộc phạm vi quản lý của Bộ Xây dựng. 3 1.013230 Thủ tục c ấp giấy phép di dời đ ối v ới công trình c ấp đặc bi ệt, c ấp I và cấp II (Công trình không 10 ngày làm vi ệc kể từ ngày nhận đ ủ hồ sơ hợp lệ - Trung tâm Phục vụ hành"
2026-06-29,2448/QĐ-UBND,1.013231,"Thủ tục c ấp điều ch ỉnh gi ấy phép xây d ựng đối v ới công trình c ấp đ ặc biệt, c ấp I, c ấp II (công trình",XÂY DỰNG,modified,Sửa đổi/bổ sung,shared,2026-07-01,not_in_current_master,https://cathai.haiphong.gov.vn/linh-vuc-xay-dung-93424/quyet-dinh-so-2448-qd-ubnd-ngay-29-6-2026-cua-uy-ban-nhan-dan-thanh-pho-hai-phong-ve-viec-cong-b-926859,https://cdn.haiphong.gov.vn/gov-hpg/5889/tintuc/2026/7/2448.quyet-dinh-2026-cong-bo-dmtthc-sua-doi-bo-sung-so-xay-dung-ttr220-qd-949bxd-..signed639189435850855232.pdf,bff82a1d4ec82e5022bd29fdf53cab86766af7d11570ebab71cdc90e46dc2946,"chính liên quan đến hoạt động sản xuất, kinh doanh thu ộc phạm vi quản lý của Bộ Xây dựng. 4 1.013231 Thủ tục c ấp điều ch ỉnh gi ấy phép xây d ựng đối v ới công trình c ấp đ ặc biệt, c ấp I, c ấp II (công trình Không theo tuyến/Theo tuyến t rong đô thị/Tín ngư ỡng, tôn giáo/Tư ợng đài, tranh hoành tráng/Theo giai đoạn cho công 09 ngày"
2026-06-29,2448/QĐ-UBND,1.013232,Thủ tục c ấp giấy phép di dời đ ối v ới công trình c ấp III và c ấp IV (Công trình,XÂY DỰNG,modified,Sửa đổi/bổ sung,commune,2026-07-01,current,https://cathai.haiphong.gov.vn/linh-vuc-xay-dung-93424/quyet-dinh-so-2448-qd-ubnd-ngay-29-6-2026-cua-uy-ban-nhan-dan-thanh-pho-hai-phong-ve-viec-cong-b-926859,https://cdn.haiphong.gov.vn/gov-hpg/5889/tintuc/2026/7/2448.quyet-dinh-2026-cong-bo-dmtthc-sua-doi-bo-sung-so-xay-dung-ttr220-qd-949bxd-..signed639189435850855232.pdf,bff82a1d4ec82e5022bd29fdf53cab86766af7d11570ebab71cdc90e46dc2946,"động sản xuất, kinh doanh thu ộc phạm vi quản lý c ủa B ộ Xây dựng. 3 1.013232 Thủ tục c ấp giấy phép di dời đ ối v ới công trình c ấp III và c ấp IV (Công trình 10 ngày làm vi ệc đối v ới công trình (hoặc 07 ngày làm - Trung tâm Phục v ụ hành chính công cấp xã;"
2026-06-29,2448/QĐ-UBND,1.013236,"Thủ tục c ấp giấy phép xây dựng m ới công trình c ấp đ ặc biệt, c ấp I, c ấp II (Công trình",XÂY DỰNG,modified,Sửa đổi/bổ sung,shared,2026-07-01,not_in_current_master,https://cathai.haiphong.gov.vn/linh-vuc-xay-dung-93424/quyet-dinh-so-2448-qd-ubnd-ngay-29-6-2026-cua-uy-ban-nhan-dan-thanh-pho-hai-phong-ve-viec-cong-b-926859,https://cdn.haiphong.gov.vn/gov-hpg/5889/tintuc/2026/7/2448.quyet-dinh-2026-cong-bo-dmtthc-sua-doi-bo-sung-so-xay-dung-ttr220-qd-949bxd-..signed639189435850855232.pdf,bff82a1d4ec82e5022bd29fdf53cab86766af7d11570ebab71cdc90e46dc2946,"Phí/lệ phí (nếu có) Căn cứ pháp lý LĨNH VỰC HOẠT ĐỘNG XÂY DỰNG (Có hiệu lực từ 01/7/2026) 1 1.013236 Thủ tục c ấp giấy phép xây dựng m ới công trình c ấp đ ặc biệt, c ấp I, c ấp II (Công trình không theo tuyến/Theo tuyến trong đô thị/Tín ngư ỡng, tôn giáo/Tư ợng đài, tranh hoành tráng/Theo giai đoạn cho công trình không theo tuyến/Theo giai đoạn cho công"
2026-06-29,2448/QĐ-UBND,1.013238,"Thủ tục c ấp giấy phép xây dựng s ửa ch ữa, cải t ạo đ ối v ới công trình c ấp đặc bi ệt, c ấp I, cấp II (công trình Không theo tuyến/Theo tuyến trong đô thị/Tín ngư ỡng, tôn giáo/Tư ợng đài, tranh hoành",XÂY DỰNG,modified,Sửa đổi/bổ sung,shared,2026-07-01,not_in_current_master,https://cathai.haiphong.gov.vn/linh-vuc-xay-dung-93424/quyet-dinh-so-2448-qd-ubnd-ngay-29-6-2026-cua-uy-ban-nhan-dan-thanh-pho-hai-phong-ve-viec-cong-b-926859,https://cdn.haiphong.gov.vn/gov-hpg/5889/tintuc/2026/7/2448.quyet-dinh-2026-cong-bo-dmtthc-sua-doi-bo-sung-so-xay-dung-ttr220-qd-949bxd-..signed639189435850855232.pdf,bff82a1d4ec82e5022bd29fdf53cab86766af7d11570ebab71cdc90e46dc2946,"thực hiện Phí/lệ phí (nếu có) Căn cứ pháp lý 2 1.013238 Thủ tục c ấp giấy phép xây dựng s ửa ch ữa, cải t ạo đ ối v ới công trình c ấp đặc bi ệt, c ấp I, cấp II (công trình Không theo tuyến/Theo tuyến trong đô thị/Tín ngư ỡng, tôn giáo/Tư ợng đài, tranh hoành tráng/Theo giai đoạn cho công"
2026-07-06,2577/QĐ-UBND,1.000314,Chấp thu ận v ị trí nút giao đ ấu n ối tạm vào đư ờng bộ đang khai thác,XÂY DỰNG,modified,Sửa đổi/bổ sung,shared_including_commune,2026-07-06,current,https://cathai.haiphong.gov.vn/linh-vuc-xay-dung-93424/quyet-dinh-so-2577-qd-ubnd-ngay-06-7-2026-cua-uy-ban-nhan-dan-thanh-pho-hai-phong-ve-viec-cong-b-929122,https://cdn.haiphong.gov.vn/gov-hpg/5889/tintuc/2026/7/quyet-dinh-2026-cong-bo-dmtthc-moi-ban-hanh-.....signed639191891199638380.pdf,8cfeeaa08f78bbdd8e17b936ab9a962d41d4e7bbd425d0e8f4a122b55906896d,"điều của Luật Đường b ộ và Điều 77 Luật Tr ật t ự, an toàn giao thông đường bộ. 3 1.000314 Chấp thu ận v ị trí nút giao đ ấu n ối tạm vào đư ờng bộ đang khai thác 05 ngày làm vi ệc kể từ khi nhận đ ủ hồ sơ theo quy định 2,5 ngày làm việc k ể từ khi nh ận đ ủ hồ sơ theo quy định - Trung tâm phục vụ hành chính công"
2026-07-06,2577/QĐ-UBND,1.002798,Phê duy ệt phương án t ổ chức giao thông trư ớc khi đưa đư ờng cao t ốc vào khai thác; Phê duyệt đi ều chỉnh b ổ sung phương án t ổ chức giao thông đư ờng cao t ốc trong thời gian kha i thác,XÂY DỰNG,modified,Sửa đổi/bổ sung,province,2026-07-06,not_in_current_master,https://cathai.haiphong.gov.vn/linh-vuc-xay-dung-93424/quyet-dinh-so-2577-qd-ubnd-ngay-06-7-2026-cua-uy-ban-nhan-dan-thanh-pho-hai-phong-ve-viec-cong-b-929122,https://cdn.haiphong.gov.vn/gov-hpg/5889/tintuc/2026/7/quyet-dinh-2026-cong-bo-dmtthc-moi-ban-hanh-.....signed639191891199638380.pdf,8cfeeaa08f78bbdd8e17b936ab9a962d41d4e7bbd425d0e8f4a122b55906896d,sau khi nh ận được ý kiến của các cơ quan 3 1.002798 Phê duy ệt phương án t ổ chức giao thông trư ớc khi đưa đư ờng cao t ốc vào khai thác; Phê duyệt đi ều chỉnh b ổ sung phương án t ổ chức giao thông đư ờng cao t ốc trong thời gian kha i thác 12 ngày làm việc k ể từ khi nhận đ ủ hồ sơ
2026-07-06,2577/QĐ-UBND,1.009788,Cho ý ki ến v ề kết qu ả đánh giá an toàn công trình đối với công trình xây d ựng n ằm trên đ ịa bàn tỉnh Nghị định s ố 207/2026/NĐ-CP ngày 15 tháng 6 năm 2026 c ủa Chính phủ quy định chi tiết một số điều của Luật Xây dựng về quản lý,XÂY DỰNG,repealed,Bãi bỏ,shared,2026-07-06,repealed,https://cathai.haiphong.gov.vn/linh-vuc-xay-dung-93424/quyet-dinh-so-2577-qd-ubnd-ngay-06-7-2026-cua-uy-ban-nhan-dan-thanh-pho-hai-phong-ve-viec-cong-b-929122,https://cdn.haiphong.gov.vn/gov-hpg/5889/tintuc/2026/7/quyet-dinh-2026-cong-bo-dmtthc-moi-ban-hanh-.....signed639191891199638380.pdf,8cfeeaa08f78bbdd8e17b936ab9a962d41d4e7bbd425d0e8f4a122b55906896d,"dung thủ tục hành chính đã được bãi bỏ LĨNH VỰC QUẢN LÝ CHẤT LƯỢNG CÔNG TRÌNH 11 1.009788 Cho ý ki ến v ề kết qu ả đánh giá an toàn công trình đối với công trình xây d ựng n ằm trên đ ịa bàn tỉnh Nghị định s ố 207/2026/NĐ-CP ngày 15 tháng 6 năm 2026 c ủa Chính phủ quy định chi tiết một số điều của Luật Xây dựng về quản lý chất lư ợng, thi công xây d ựng và bảo trì công trình xây dựng"
2026-07-06,2577/QĐ-UBND,1.009791,Cho ý ki ến v ề việc kéo dài thời h ạn s ử dụng c ủa công trình h ết th ời hạn s ử dụng theo thi ết k ế nhưng có nhu cầu s ử dụng tiếp (trừ trường hợp nhà ở riêng lẻ) Cho ý kiến về việc kéo dài thời h ạn s ử dụng c ủa,XÂY DỰNG,replaced,Thay thế/được thay thế,province,2026-07-06,not_in_current_master,https://cathai.haiphong.gov.vn/linh-vuc-xay-dung-93424/quyet-dinh-so-2577-qd-ubnd-ngay-06-7-2026-cua-uy-ban-nhan-dan-thanh-pho-hai-phong-ve-viec-cong-b-929122,https://cdn.haiphong.gov.vn/gov-hpg/5889/tintuc/2026/7/quyet-dinh-2026-cong-bo-dmtthc-moi-ban-hanh-.....signed639191891199638380.pdf,8cfeeaa08f78bbdd8e17b936ab9a962d41d4e7bbd425d0e8f4a122b55906896d,so với quy định QUẢN LÝ CHẤT LƯỢNG CÔNG TRÌNH XÂY DỰNG 1 1.009791 Cho ý ki ến v ề việc kéo dài thời h ạn s ử dụng c ủa công trình h ết th ời hạn s ử dụng theo thi ết k ế nhưng có nhu cầu s ử dụng tiếp (trừ trường hợp nhà ở riêng lẻ) Cho ý kiến về việc kéo dài thời h ạn s ử dụng c ủa công trình h ết thời h ạn s ử
2026-07-06,2577/QĐ-UBND,1.009794,Kiểm tra công tác nghiệm thu hoàn thành công trì nh của cơ quan chuyên môn v ề xây d ựng,XÂY DỰNG,modified,Sửa đổi/bổ sung,shared,2026-07-06,not_in_current_master,https://cathai.haiphong.gov.vn/linh-vuc-xay-dung-93424/quyet-dinh-so-2577-qd-ubnd-ngay-06-7-2026-cua-uy-ban-nhan-dan-thanh-pho-hai-phong-ve-viec-cong-b-929122,https://cdn.haiphong.gov.vn/gov-hpg/5889/tintuc/2026/7/quyet-dinh-2026-cong-bo-dmtthc-moi-ban-hanh-.....signed639191891199638380.pdf,8cfeeaa08f78bbdd8e17b936ab9a962d41d4e7bbd425d0e8f4a122b55906896d,(nếu có) Căn cứ pháp lý Theo quy định Sau khi cắt giảm QUẢN LÝ CHẤT LƯỢNG CÔNG TRÌNH XÂY DỰNG 1 1.009794 Kiểm tra công tác nghiệm thu hoàn thành công trì nh của cơ quan chuyên môn v ề xây d ựng tại đ ịa phương Kiểm tra công tác nghiệm thu hoàn thành công trình
2026-07-06,2577/QĐ-UBND,1.013274,"Cấp phép s ử dụng tạm th ời lòng đường, vỉa hè vào mục đích khác",XÂY DỰNG,modified,Sửa đổi/bổ sung,shared_including_commune,2026-07-06,current,https://cathai.haiphong.gov.vn/linh-vuc-xay-dung-93424/quyet-dinh-so-2577-qd-ubnd-ngay-06-7-2026-cua-uy-ban-nhan-dan-thanh-pho-hai-phong-ve-viec-cong-b-929122,https://cdn.haiphong.gov.vn/gov-hpg/5889/tintuc/2026/7/quyet-dinh-2026-cong-bo-dmtthc-moi-ban-hanh-.....signed639191891199638380.pdf,8cfeeaa08f78bbdd8e17b936ab9a962d41d4e7bbd425d0e8f4a122b55906896d,"Sau khi cắt giảm bộ 2 1.013274 Cấp phép s ử dụng tạm th ời lòng đường, vỉa hè vào mục đích khác 01 ngày đối v ới đám tang, không quá 03 ngày làm vi ệc đối v ới các trường hợp khác kể từ khi tiếp nh ận hồ sơ 0,5 ngày đ ối với đám"
2026-07-06,2577/QĐ-UBND,1.013276,Chấp thuận bổ sung nút giao đấu n ối vào đường cao tốc - Trường h ợp,XÂY DỰNG,modified,Sửa đổi/bổ sung,province,2026-07-06,not_in_current_master,https://cathai.haiphong.gov.vn/linh-vuc-xay-dung-93424/quyet-dinh-so-2577-qd-ubnd-ngay-06-7-2026-cua-uy-ban-nhan-dan-thanh-pho-hai-phong-ve-viec-cong-b-929122,https://cdn.haiphong.gov.vn/gov-hpg/5889/tintuc/2026/7/quyet-dinh-2026-cong-bo-dmtthc-moi-ban-hanh-.....signed639191891199638380.pdf,8cfeeaa08f78bbdd8e17b936ab9a962d41d4e7bbd425d0e8f4a122b55906896d,Căn cứ pháp lý Theo quy định Sau khi cắt giảm I LĨNH VỰC ĐƯỜNG BỘ 1 1.013276 Chấp thuận bổ sung nút giao đấu n ối vào đường cao tốc - Trường h ợp không phải lấy ý kiến: 05 ngày làm việc kể từ khi nhận được hồ sơ đúng quy định. - Trường h ợp phải lấy ý kiến: + Th ời h ạn ti ến hành lấy ý ki ến: 02 ngày làm việc kể từ ngày nhận đủ thành phần hồ sơ;
2026-07-06,2577/QĐ-UBND,1.013277,Chấp thu ận đấu nối đối với trường hợp kết nối v ới đư ờng bộ không c ó trong các quy hoạch - Trường h ợp,XÂY DỰNG,modified,Sửa đổi/bổ sung,province,2026-07-06,not_in_current_master,https://cathai.haiphong.gov.vn/linh-vuc-xay-dung-93424/quyet-dinh-so-2577-qd-ubnd-ngay-06-7-2026-cua-uy-ban-nhan-dan-thanh-pho-hai-phong-ve-viec-cong-b-929122,https://cdn.haiphong.gov.vn/gov-hpg/5889/tintuc/2026/7/quyet-dinh-2026-cong-bo-dmtthc-moi-ban-hanh-.....signed639191891199638380.pdf,8cfeeaa08f78bbdd8e17b936ab9a962d41d4e7bbd425d0e8f4a122b55906896d,sau khi nh ận được ý kiến của các cơ quan 2 1.013277 Chấp thu ận đấu nối đối với trường hợp kết nối v ới đư ờng bộ không c ó trong các quy hoạch - Trường h ợp không phải lấy ý kiến: 05 ngày làm việc kể từ khi nhận được hồ sơ đúng quy định. - Trường h ợp phải lấy ý kiến: + Th ời h ạn ti ến hành lấy ý ki ến: 02 ngày làm việc
2026-07-06,2577/QĐ-UBND,2.001921,"Chấp thu ận v ị trí, quy mô, kích thước, phương án tổ chức thi công biển qu ảng cáo, biển thông tin c ổ động, tuyên truyền chính tr ị; ch ấp thuận xây d ựng, lắp đ ặt công trình hạ tầng, công trình hạ tầng k ỹ thuật sử dụng chung",XÂY DỰNG,modified,Sửa đổi/bổ sung,shared_including_commune,2026-07-06,current,https://cathai.haiphong.gov.vn/linh-vuc-xay-dung-93424/quyet-dinh-so-2577-qd-ubnd-ngay-06-7-2026-cua-uy-ban-nhan-dan-thanh-pho-hai-phong-ve-viec-cong-b-929122,https://cdn.haiphong.gov.vn/gov-hpg/5889/tintuc/2026/7/quyet-dinh-2026-cong-bo-dmtthc-moi-ban-hanh-.....signed639191891199638380.pdf,8cfeeaa08f78bbdd8e17b936ab9a962d41d4e7bbd425d0e8f4a122b55906896d,"Sau khi cắt giảm LĨNH VỰC ĐƯỜNG BỘ 1 2.001921 Chấp thu ận v ị trí, quy mô, kích thước, phương án tổ chức thi công biển qu ảng cáo, biển thông tin c ổ động, tuyên truyền chính tr ị; ch ấp thuận xây d ựng, lắp đ ặt công trình hạ tầng, công trình hạ tầng k ỹ thuật sử dụng chung trong phạm vi b ảo vệ kết cấu hạ tầng đường b ộ; ch ấp thuận gia cư ờng công trình đư ờng"
2026-07-10,2657/QĐ-UBND,1.013217,Cấp l ại chứng ch ỉ hành ngh ề hoạt đ ộng xây dựng Cấp l ại chứng ch ỉ hành nghề hoạt đ ộng xây dựng,XÂY DỰNG,replaced,Thay thế/được thay thế,shared,2026-07-10,current,https://cathai.haiphong.gov.vn/linh-vuc-xay-dung-93424/quyet-dinh-so-2657-qd-ubnd-ngay-10-7-2026-cua-uy-ban-nhan-dan-thanh-pho-hai-phong-ve-viec-cong-b-932509,https://cdn.haiphong.gov.vn/gov-hpg/5889/tintuc/2026/7/quyet-dinh-2026-cong-bo-dmtthc-thay-the-bai-bo-so-xay-dung-ttr239-qd1077bxd-..signed639197266882410234.pdf,07db1a1c469975b82add858bc184d8d6bbba87bc5eede3c7db283b4683dbb86a,"Sau khi cắt giảm VNeID 3 1.013217 Cấp l ại chứng ch ỉ hành ngh ề hoạt đ ộng xây dựng Cấp l ại chứng ch ỉ hành nghề hoạt đ ộng xây dựng 05 ngày làm việc k ể từ ngày nh ận đủ hồ sơ hợp lệ 2,5 ngày làm việc kể từ ngày nhận đ ủ hồ sơ"
2026-07-10,2657/QĐ-UBND,1.013219,Cấp chuyển đổi ch ứng chỉ hành nghề hoạt động xây dựng Cấp chuyển đổi ch ứng chỉ hành nghề hoạt động xây dựng - 26 ngày làm vi ệc k ể,XÂY DỰNG,replaced,Thay thế/được thay thế,shared,2026-07-10,not_in_current_master,https://cathai.haiphong.gov.vn/linh-vuc-xay-dung-93424/quyet-dinh-so-2657-qd-ubnd-ngay-10-7-2026-cua-uy-ban-nhan-dan-thanh-pho-hai-phong-ve-viec-cong-b-932509,https://cdn.haiphong.gov.vn/gov-hpg/5889/tintuc/2026/7/quyet-dinh-2026-cong-bo-dmtthc-thay-the-bai-bo-so-xay-dung-ttr239-qd1077bxd-..signed639197266882410234.pdf,07db1a1c469975b82add858bc184d8d6bbba87bc5eede3c7db283b4683dbb86a,giảm vụ công trên ứng d ụng VNeID 2 1.013219 Cấp chuyển đổi ch ứng chỉ hành nghề hoạt động xây dựng Cấp chuyển đổi ch ứng chỉ hành nghề hoạt động xây dựng - 26 ngày làm vi ệc k ể từ ngày nhận đủ hồ sơ hợp
2026-07-10,2657/QĐ-UBND,1.013222,Cấp gi ấy phép ho ạt động xây dựng cho nhà th ầu nước ngoài Cấp gi ấy phép ho ạt động xây dựng cho nhà th ầu nước ngoài,XÂY DỰNG,replaced,Thay thế/được thay thế,shared,2026-07-10,not_in_current_master,https://cathai.haiphong.gov.vn/linh-vuc-xay-dung-93424/quyet-dinh-so-2657-qd-ubnd-ngay-10-7-2026-cua-uy-ban-nhan-dan-thanh-pho-hai-phong-ve-viec-cong-b-932509,https://cdn.haiphong.gov.vn/gov-hpg/5889/tintuc/2026/7/quyet-dinh-2026-cong-bo-dmtthc-thay-the-bai-bo-so-xay-dung-ttr239-qd1077bxd-..signed639197266882410234.pdf,07db1a1c469975b82add858bc184d8d6bbba87bc5eede3c7db283b4683dbb86a,định Sau khi cắt giảm 4 1.013222 Cấp gi ấy phép ho ạt động xây dựng cho nhà th ầu nước ngoài Cấp gi ấy phép ho ạt động xây dựng cho nhà th ầu nước ngoài 06 ngày làm việc k ể từ ngày nh ận đủ hồ sơ hợp
2026-07-10,2657/QĐ-UBND,1.013223,"Công nh ận t ổ chức xã h ội ngh ề nghiệp đủ điều kiện cấp chứng chỉ hành ngh ề hoạt đ ộng xây dựng/chứng chỉ năng lực hoạt động xây dựng hạng II, h ạng III cho h ội viên của mình",XÂY DỰNG,repealed,Bãi bỏ,commune,2026-07-10,repealed,https://cathai.haiphong.gov.vn/linh-vuc-xay-dung-93424/quyet-dinh-so-2657-qd-ubnd-ngay-10-7-2026-cua-uy-ban-nhan-dan-thanh-pho-hai-phong-ve-viec-cong-b-932509,https://cdn.haiphong.gov.vn/gov-hpg/5889/tintuc/2026/7/quyet-dinh-2026-cong-bo-dmtthc-thay-the-bai-bo-so-xay-dung-ttr239-qd1077bxd-..signed639197266882410234.pdf,07db1a1c469975b82add858bc184d8d6bbba87bc5eede3c7db283b4683dbb86a,"định chi ti ết một số điều của Luật Xây d ựng v ề quản lý ho ạt đ ộng xây dựng 2 2 1.013223 Công nh ận t ổ chức xã h ội ngh ề nghiệp đủ điều kiện cấp chứng chỉ hành ngh ề hoạt đ ộng xây dựng/chứng chỉ năng lực hoạt động xây dựng hạng II, h ạng III cho h ội viên của mình"
2026-07-10,2657/QĐ-UBND,1.013224,Cấp đi ều chỉnh gi ấy phép ho ạt động xây dựng cho nhà th ầu nước ngoài Cấp chỉnh phép động đi ều giấy ho ạt xây d ựng cho nhà thầu nư ớc ngoài,XÂY DỰNG,replaced,Thay thế/được thay thế,shared,2026-07-10,not_in_current_master,https://cathai.haiphong.gov.vn/linh-vuc-xay-dung-93424/quyet-dinh-so-2657-qd-ubnd-ngay-10-7-2026-cua-uy-ban-nhan-dan-thanh-pho-hai-phong-ve-viec-cong-b-932509,https://cdn.haiphong.gov.vn/gov-hpg/5889/tintuc/2026/7/quyet-dinh-2026-cong-bo-dmtthc-thay-the-bai-bo-so-xay-dung-ttr239-qd1077bxd-..signed639197266882410234.pdf,07db1a1c469975b82add858bc184d8d6bbba87bc5eede3c7db283b4683dbb86a,"phí c ấp gi ấy phép ho ạt đ ộng xây d ựng, l ệ phí c ấp ch ứng chỉ hành nghề kiến trúc sư 5 1.013224 Cấp đi ều chỉnh gi ấy phép ho ạt động xây dựng cho nhà th ầu nước ngoài Cấp chỉnh phép động đi ều giấy ho ạt xây d ựng cho nhà thầu nư ớc ngoài 06 ngày làm việc k ể từ"
2026-07-10,2657/QĐ-UBND,1.013225,"Cấp giấy phép xây dựng mới đối với công trình cấp III, cấp IV và nhà ở riêng lẻ",XÂY DỰNG,replaced,Thay thế/được thay thế,commune,2026-07-10,current,https://cathai.haiphong.gov.vn/linh-vuc-xay-dung-93424/quyet-dinh-so-2657-qd-ubnd-ngay-10-7-2026-cua-uy-ban-nhan-dan-thanh-pho-hai-phong-ve-viec-cong-b-932509,https://cdn.haiphong.gov.vn/gov-hpg/5889/tintuc/2026/7/quyet-dinh-2026-cong-bo-dmtthc-thay-the-bai-bo-so-xay-dung-ttr239-qd1077bxd-..signed639197266882410234.pdf,07db1a1c469975b82add858bc184d8d6bbba87bc5eede3c7db283b4683dbb86a,"Phí/lệ phí (nếu có) Căn cứ pháp lý LĨNH VỰC HOẠT ĐỘNG XÂY DỰNG 1 1.013225 Thủ tục c ấp giấy phép xây dựng mới đ ối với công trình cấp III, c ấp IV và công trình nhà ở riêng l ẻ của h ộ gia đình, cá nhân (Công trình Thủ tục c ấp giấy phép xây d ựng mới, có th ời hạn đ ối v ới công trình cấp III, c ấp IV và công"
2026-07-10,2657/QĐ-UBND,1.013226,Thủ tục c ấp điều chỉnh giấy phép xây d ựng Thủ tục c ấp điều ch ỉnh giấy phép,XÂY DỰNG,replaced,Thay thế/được thay thế,commune,2026-07-10,current,https://cathai.haiphong.gov.vn/linh-vuc-xay-dung-93424/quyet-dinh-so-2657-qd-ubnd-ngay-10-7-2026-cua-uy-ban-nhan-dan-thanh-pho-hai-phong-ve-viec-cong-b-932509,https://cdn.haiphong.gov.vn/gov-hpg/5889/tintuc/2026/7/quyet-dinh-2026-cong-bo-dmtthc-thay-the-bai-bo-so-xay-dung-ttr239-qd1077bxd-..signed639197266882410234.pdf,07db1a1c469975b82add858bc184d8d6bbba87bc5eede3c7db283b4683dbb86a,"hoạt động sản xuất, kinh doanh thuộc phạm vị quản lý c ủa Bộ Xây dựng. 4 1.013226 Thủ tục c ấp điều chỉnh giấy phép xây d ựng Thủ tục c ấp điều ch ỉnh giấy phép 09 ngày làm việc đ ối v ới công trình (hoặc - Trung tâm Ph ục vụ hành * Đối v ới trường hợp nộp trực tuy ến: - Luật Xây d ựng s ố"
2026-07-10,2657/QĐ-UBND,1.013227,"Gia hạn giấy phép xây dựng đối với công trình cấp III, cấp IV và nhà ở riêng lẻ",XÂY DỰNG,replaced,Thay thế/được thay thế,commune,2026-07-10,current,https://cathai.haiphong.gov.vn/linh-vuc-xay-dung-93424/quyet-dinh-so-2657-qd-ubnd-ngay-10-7-2026-cua-uy-ban-nhan-dan-thanh-pho-hai-phong-ve-viec-cong-b-932509,https://cdn.haiphong.gov.vn/gov-hpg/5889/tintuc/2026/7/quyet-dinh-2026-cong-bo-dmtthc-thay-the-bai-bo-so-xay-dung-ttr239-qd1077bxd-..signed639197266882410234.pdf,07db1a1c469975b82add858bc184d8d6bbba87bc5eede3c7db283b4683dbb86a,"hoạt động sản xuất, kinh doanh thuộc phạm vị quản lý c ủa Bộ Xây dựng. 5 1.013227 Thủ tục cấp gia hạn g iấy phép xây d ựng đ ối với công trình cấp III, c ấp IV (công trình Không theo tuyến/Theo tuyến trong đô thị/Tín ngưỡng, Thủ tục c ấp gia h ạn gi ấy phép xây dựng đối với công trình cấp III, c ấp IV và nhà ở riêng l ẻ của"
2026-07-10,2657/QĐ-UBND,1.013228,"Cấp lại giấy phép xây dựng đối với công trình cấp III, cấp IV và nhà ở riêng lẻ",XÂY DỰNG,replaced,Thay thế/được thay thế,commune,2026-07-10,current,https://cathai.haiphong.gov.vn/linh-vuc-xay-dung-93424/quyet-dinh-so-2657-qd-ubnd-ngay-10-7-2026-cua-uy-ban-nhan-dan-thanh-pho-hai-phong-ve-viec-cong-b-932509,https://cdn.haiphong.gov.vn/gov-hpg/5889/tintuc/2026/7/quyet-dinh-2026-cong-bo-dmtthc-thay-the-bai-bo-so-xay-dung-ttr239-qd1077bxd-..signed639197266882410234.pdf,07db1a1c469975b82add858bc184d8d6bbba87bc5eede3c7db283b4683dbb86a,"hoạt động sản xuất, kinh doanh thuộc phạm vị quản lý c ủa Bộ Xây dựng. 6 1.013228 Thủ tục cấp lại giấy phép xây dựng đ ối v ới công trình c ấp III, c ấp IV (công trình Không theo tuyến/Theo tuyến trong đô thị/Tín ngưỡng, tôn giáo/Tượng đài, tranh hoành tráng/Theo giai đoạn cho công trình không Thủ tục c ấp"
2026-07-10,2657/QĐ-UBND,1.013229,"Cấp giấy phép xây dựng sửa chữa, cải tạo đối với công trình cấp III, cấp IV và nhà ở riêng lẻ",XÂY DỰNG,replaced,Thay thế/được thay thế,commune,2026-07-10,current,https://cathai.haiphong.gov.vn/linh-vuc-xay-dung-93424/quyet-dinh-so-2657-qd-ubnd-ngay-10-7-2026-cua-uy-ban-nhan-dan-thanh-pho-hai-phong-ve-viec-cong-b-932509,https://cdn.haiphong.gov.vn/gov-hpg/5889/tintuc/2026/7/quyet-dinh-2026-cong-bo-dmtthc-thay-the-bai-bo-so-xay-dung-ttr239-qd1077bxd-..signed639197266882410234.pdf,07db1a1c469975b82add858bc184d8d6bbba87bc5eede3c7db283b4683dbb86a,"hoạt động sản xuất, kinh doanh thuộc phạm vị quản lý c ủa Bộ Xây dựng. 2 1.013229 Thủ tục c ấp giấy phép xây dựng sửa chữa, cải t ạo đ ối v ới công trình c ấp III, c ấp IV (công trình Không theo tuyến/Theo tuyến trong đô thị/Tín ngưỡng, tôn giáo/Tượng đài, tranh hoành tráng/Theo giai"
2026-07-10,2657/QĐ-UBND,1.013230,Thủ tục c ấp giấy phép di dời đối v ới công trình c ấp đ ặc Thủ tục c ấp giấy phép di dời đ ối v ới công trình c ấp,XÂY DỰNG,replaced,Thay thế/được thay thế,shared,2026-07-10,not_in_current_master,https://cathai.haiphong.gov.vn/linh-vuc-xay-dung-93424/quyet-dinh-so-2657-qd-ubnd-ngay-10-7-2026-cua-uy-ban-nhan-dan-thanh-pho-hai-phong-ve-viec-cong-b-932509,https://cdn.haiphong.gov.vn/gov-hpg/5889/tintuc/2026/7/quyet-dinh-2026-cong-bo-dmtthc-thay-the-bai-bo-so-xay-dung-ttr239-qd1077bxd-..signed639197266882410234.pdf,07db1a1c469975b82add858bc184d8d6bbba87bc5eede3c7db283b4683dbb86a,"động sản xuất, kinh doanh thuộc phạm v ị quản lý c ủa B ộ Xây dựng. 3 1.013230 Thủ tục c ấp giấy phép di dời đối v ới công trình c ấp đ ặc Thủ tục c ấp giấy phép di dời đ ối v ới công trình c ấp 10 ngày làm vi ệc kể từ ngày - Trung tâm Ph ục vụ hành chính công"
2026-07-10,2657/QĐ-UBND,1.013231,"Thủ tục c ấp điều ch ỉnh gi ấy phép xây d ựng đối v ới công trình c ấp đ ặc biệt, c ấp I, c ấp II (công trình",XÂY DỰNG,replaced,Thay thế/được thay thế,shared,2026-07-10,not_in_current_master,https://cathai.haiphong.gov.vn/linh-vuc-xay-dung-93424/quyet-dinh-so-2657-qd-ubnd-ngay-10-7-2026-cua-uy-ban-nhan-dan-thanh-pho-hai-phong-ve-viec-cong-b-932509,https://cdn.haiphong.gov.vn/gov-hpg/5889/tintuc/2026/7/quyet-dinh-2026-cong-bo-dmtthc-thay-the-bai-bo-so-xay-dung-ttr239-qd1077bxd-..signed639197266882410234.pdf,07db1a1c469975b82add858bc184d8d6bbba87bc5eede3c7db283b4683dbb86a,"động sản xuất, kinh doanh thuộc phạm v ị quản lý c ủa B ộ Xây dựng. 4 1.013231 Thủ tục c ấp điều ch ỉnh gi ấy phép xây d ựng đối v ới công trình c ấp đ ặc biệt, c ấp I, c ấp II (công trình Không theo tuyến/Theo tuyến trong đô thị/Tín ngư ỡng, tôn giáo/Tư ợng đài, tranh hoành tráng/Theo giai đoạn cho công trình không"
2026-07-10,2657/QĐ-UBND,1.013232,"Cấp giấy phép di dời đối với công trình cấp III, cấp IV và nhà ở riêng lẻ",XÂY DỰNG,replaced,Thay thế/được thay thế,commune,2026-07-10,current,https://cathai.haiphong.gov.vn/linh-vuc-xay-dung-93424/quyet-dinh-so-2657-qd-ubnd-ngay-10-7-2026-cua-uy-ban-nhan-dan-thanh-pho-hai-phong-ve-viec-cong-b-932509,https://cdn.haiphong.gov.vn/gov-hpg/5889/tintuc/2026/7/quyet-dinh-2026-cong-bo-dmtthc-thay-the-bai-bo-so-xay-dung-ttr239-qd1077bxd-..signed639197266882410234.pdf,07db1a1c469975b82add858bc184d8d6bbba87bc5eede3c7db283b4683dbb86a,"hoạt động sản xuất, kinh doanh thuộc phạm vị quản lý c ủa Bộ Xây dựng. 3 1.013232 Thủ tục c ấp giấy phép di dời đ ối v ới công trình c ấp III và c ấp IV (Công trình không theo tuyến/Theo tuyến trong đô thị/Tín ngưỡng, tôn giáo/Tượng đài, tranh hoành tráng/Theo giai đoạn cho công"
2026-07-10,2657/QĐ-UBND,1.013233,"Thủ tục c ấp gia hạn gi ấy phép xây d ựng đ ối với công trình cấp đ ặc bi ệt, cấp I, c ấp II (công trình",XÂY DỰNG,replaced,Thay thế/được thay thế,shared,2026-07-10,not_in_current_master,https://cathai.haiphong.gov.vn/linh-vuc-xay-dung-93424/quyet-dinh-so-2657-qd-ubnd-ngay-10-7-2026-cua-uy-ban-nhan-dan-thanh-pho-hai-phong-ve-viec-cong-b-932509,https://cdn.haiphong.gov.vn/gov-hpg/5889/tintuc/2026/7/quyet-dinh-2026-cong-bo-dmtthc-thay-the-bai-bo-so-xay-dung-ttr239-qd1077bxd-..signed639197266882410234.pdf,07db1a1c469975b82add858bc184d8d6bbba87bc5eede3c7db283b4683dbb86a,"động sản xuất, kinh doanh thuộc phạm v ị quản lý c ủa B ộ Xây dựng. 5 1.013233 Thủ tục c ấp gia hạn gi ấy phép xây d ựng đ ối với công trình cấp đ ặc bi ệt, cấp I, c ấp II (công trình Không theo tuyến/Theo tuyến trong đô thị/Tín ngư ỡng, tôn giáo/Tư ợng Thủ tục cấp gia hạn gi ấy phép xây d ựng đ ối với công trình cấp đ ặc bi ệt, cấp I, c ấp II"
2026-07-10,2657/QĐ-UBND,1.013234,Thẩm đ ịnh thiết k ế xây dựng tri ển khai sau thi ết kế cơ sở/ Thẩm định thiết kế xây dựng triển khai sau thiết kế cơ sở điều chỉnh Nghị định s ố 217/2026/NĐ-CP ngày 19/6/2026 của Chính phủ quy định chi ti ết một số điều của Luật,XÂY DỰNG,repealed,Bãi bỏ,commune,2026-07-10,repealed,https://cathai.haiphong.gov.vn/linh-vuc-xay-dung-93424/quyet-dinh-so-2657-qd-ubnd-ngay-10-7-2026-cua-uy-ban-nhan-dan-thanh-pho-hai-phong-ve-viec-cong-b-932509,https://cdn.haiphong.gov.vn/gov-hpg/5889/tintuc/2026/7/quyet-dinh-2026-cong-bo-dmtthc-thay-the-bai-bo-so-xay-dung-ttr239-qd1077bxd-..signed639197266882410234.pdf,07db1a1c469975b82add858bc184d8d6bbba87bc5eede3c7db283b4683dbb86a,"được bãi bỏ LĨNH VỰC HOẠT ĐỘNG XÂY DỰNG 1 1 1.013234 Thẩm đ ịnh thiết k ế xây dựng tri ển khai sau thi ết kế cơ sở/ Thẩm định thiết kế xây dựng triển khai sau thiết kế cơ sở điều chỉnh Nghị định s ố 217/2026/NĐ-CP ngày 19/6/2026 của Chính phủ quy định chi ti ết một số điều của Luật Xây d ựng v ề quản lý ho ạt đ ộng xây dựng 2 2 1.013223 Công nh ận t ổ chức xã h ội ngh ề nghiệp đủ điều kiện cấp chứng chỉ hành ngh ề hoạt đ ộng xây dựng/chứng chỉ năng lực hoạt động xây dựng hạng II, h ạng III cho h"
2026-07-10,2657/QĐ-UBND,1.013235,"Thủ tục c ấp l ại giấy phép xây dựng đ ối v ới công trình c ấp đặc bi ệt, c ấp I, Thủ tục cấp lại giấy phép xây dựng đ ối v ới công trình c ấp đặc bi ệt, c ấp I,",XÂY DỰNG,replaced,Thay thế/được thay thế,shared,2026-07-10,not_in_current_master,https://cathai.haiphong.gov.vn/linh-vuc-xay-dung-93424/quyet-dinh-so-2657-qd-ubnd-ngay-10-7-2026-cua-uy-ban-nhan-dan-thanh-pho-hai-phong-ve-viec-cong-b-932509,https://cdn.haiphong.gov.vn/gov-hpg/5889/tintuc/2026/7/quyet-dinh-2026-cong-bo-dmtthc-thay-the-bai-bo-so-xay-dung-ttr239-qd1077bxd-..signed639197266882410234.pdf,07db1a1c469975b82add858bc184d8d6bbba87bc5eede3c7db283b4683dbb86a,"động sản xuất, kinh doanh thuộc phạm v ị quản l ý c ủa B ộ Xây dựng. 6 1.013235 Thủ tục c ấp l ại giấy phép xây dựng đ ối v ới công trình c ấp đặc bi ệt, c ấp I, Thủ tục cấp lại giấy phép xây dựng đ ối v ới công trình c ấp đặc bi ệt, c ấp I, 05 ngày làm vi ệc kể tử ngày nhận đ ủ - Trung tâm Ph ục vụ hành"
2026-07-10,2657/QĐ-UBND,1.013236,"Thủ tục c ấp giấy phép xây dựng m ới công trình c ấp đ ặc biệt, c ấp I, c ấp II (Công trình",XÂY DỰNG,replaced,Thay thế/được thay thế,shared,2026-07-10,not_in_current_master,https://cathai.haiphong.gov.vn/linh-vuc-xay-dung-93424/quyet-dinh-so-2657-qd-ubnd-ngay-10-7-2026-cua-uy-ban-nhan-dan-thanh-pho-hai-phong-ve-viec-cong-b-932509,https://cdn.haiphong.gov.vn/gov-hpg/5889/tintuc/2026/7/quyet-dinh-2026-cong-bo-dmtthc-thay-the-bai-bo-so-xay-dung-ttr239-qd1077bxd-..signed639197266882410234.pdf,07db1a1c469975b82add858bc184d8d6bbba87bc5eede3c7db283b4683dbb86a,"Phí/lệ phí Căn cứ pháp lý LĨNH VỰC HOẠT ĐỘNG XÂY DỰNG 1 1.013236 Thủ tục c ấp giấy phép xây dựng m ới công trình c ấp đ ặc biệt, c ấp I, c ấp II (Công trình không theo tuyến/Theo tuyến trong đô thị/Tín ngư ỡng, tôn giáo/Tư ợng đài, tranh hoành tráng/Theo giai đoạn cho công trình không theo tuyến/Theo giai đo ạn cho công trình theo"
2026-07-10,2657/QĐ-UBND,1.013237,Cấp chứng hành m ới chỉ nghề hoạt đ ộng xây dựng Cấp chứng hành m ới chỉ nghề hoạt đ ộng xây dựng - 21 ngày làm vi ệc k ể từ ngày nhận đủ hồ sơ hợp lệ (15 ngà y,XÂY DỰNG,replaced,Thay thế/được thay thế,shared,2026-07-10,not_in_current_master,https://cathai.haiphong.gov.vn/linh-vuc-xay-dung-93424/quyet-dinh-so-2657-qd-ubnd-ngay-10-7-2026-cua-uy-ban-nhan-dan-thanh-pho-hai-phong-ve-viec-cong-b-932509,https://cdn.haiphong.gov.vn/gov-hpg/5889/tintuc/2026/7/quyet-dinh-2026-cong-bo-dmtthc-thay-the-bai-bo-so-xay-dung-ttr239-qd1077bxd-..signed639197266882410234.pdf,07db1a1c469975b82add858bc184d8d6bbba87bc5eede3c7db283b4683dbb86a,Sau khi cắt giảm LĨNH VỰC HOẠT ĐỘNG XÂY DỰNG 1 1.013237 Cấp chứng hành m ới chỉ nghề hoạt đ ộng xây dựng Cấp chứng hành m ới chỉ nghề hoạt đ ộng xây dựng - 21 ngày làm vi ệc k ể từ ngày nhận đủ hồ sơ hợp lệ (15 ngà y Hội đồng xét cấp CCHN
2026-07-10,2657/QĐ-UBND,1.013238,"Thủ tục c ấp giấy phép xây dựng s ửa ch ữa, cải t ạo đ ối v ới công trình c ấp đặc bi ệt, c ấp I, cấp II (công trình Không theo tuyến/Theo tuyến trong đô thị/Tín ngư ỡng, Thủ tục c ấp giấy phép xây dựng sửa chữa,",XÂY DỰNG,replaced,Thay thế/được thay thế,shared,2026-07-10,not_in_current_master,https://cathai.haiphong.gov.vn/linh-vuc-xay-dung-93424/quyet-dinh-so-2657-qd-ubnd-ngay-10-7-2026-cua-uy-ban-nhan-dan-thanh-pho-hai-phong-ve-viec-cong-b-932509,https://cdn.haiphong.gov.vn/gov-hpg/5889/tintuc/2026/7/quyet-dinh-2026-cong-bo-dmtthc-thay-the-bai-bo-so-xay-dung-ttr239-qd1077bxd-..signed639197266882410234.pdf,07db1a1c469975b82add858bc184d8d6bbba87bc5eede3c7db283b4683dbb86a,"động sản xuất, kinh doanh thuộc phạm v ị quản lý c ủa B ộ Xây dựng. 2 1.013238 Thủ tục c ấp giấy phép xây dựng s ửa ch ữa, cải t ạo đ ối v ới công trình c ấp đặc bi ệt, c ấp I, cấp II (công trình Không theo tuyến/Theo tuyến trong đô thị/Tín ngư ỡng, Thủ tục c ấp giấy phép xây dựng sửa chữa, cải t ạo đ ối v ới công trình c ấp"
2026-07-10,2657/QĐ-UBND,1.013239,Thẩm định Báo cáo nghiên cứu khả thi đầu tư xây dựng/Báo cáo nghiên cứu kh ả thi đ ầu tư xây d ựng điều chỉnh Thẩm định Báo cáo nghiên cứu khả thi đầu tư xây,XÂY DỰNG,replaced,Thay thế/được thay thế,shared,2026-07-10,not_in_current_master,https://cathai.haiphong.gov.vn/linh-vuc-xay-dung-93424/quyet-dinh-so-2657-qd-ubnd-ngay-10-7-2026-cua-uy-ban-nhan-dan-thanh-pho-hai-phong-ve-viec-cong-b-932509,https://cdn.haiphong.gov.vn/gov-hpg/5889/tintuc/2026/7/quyet-dinh-2026-cong-bo-dmtthc-thay-the-bai-bo-so-xay-dung-ttr239-qd1077bxd-..signed639197266882410234.pdf,07db1a1c469975b82add858bc184d8d6bbba87bc5eede3c7db283b4683dbb86a,có) Căn cứ pháp lý LĨNH VỰC HOẠT ĐỘNG XÂY DỰNG 1 1.013239 Thẩm định Báo cáo nghiên cứu khả thi đầu tư xây dựng/Báo cáo nghiên cứu kh ả thi đ ầu tư xây d ựng điều chỉnh Thẩm định Báo cáo nghiên cứu khả thi đầu tư xây dựng/Báo cáo nghiên
2026-07-14,2692/QĐ-UBND,1.013004,"Cấp Gi ấy chứng nh ận đăng ký phát triển ngu ồn điện m ặt tr ời mái nhà t ự sản xuất, tự tiêu thụ có đ ấu n ối v ới hệ thống đi ện quốc gia",CÔNG THƯƠNG,reduced,Có bằng chứng trong phụ lục về nội dung sau cắt giảm,province,2026-07-14,current,https://cathai.haiphong.gov.vn/linh-vuc-cong-thuong/quyet-dinh-so-2692-qd-ubnd-ngay-14-7-2026-cua-uy-ban-nhan-dan-thanh-pho-hai-phong-ve-viec-cong-b-933633,https://cdn.haiphong.gov.vn/gov-hpg/5889/tintuc/2026/7/qd-cong-bo-tthc-moi-sua-doi-bo-sung-theo-cac-qd-so-1507-1537-1546-cua-bct..signed639198737743009046.pdf,fc258cd118700961c863012f9c11fde97f9295b77c8ab684b6d916b80368ef79,"Theo quy định Sau cắt giảm A. THỦ TỤC HÀNH CHÍNH CẤP TỈNH (16 TTHC) A1. LĨNH VỰC ĐIỆN LỰC (03 TTHC) 1. 1.013004 Cấp Gi ấy chứng nh ận đăng ký phát triển ngu ồn điện m ặt tr ời mái nhà t ự sản xuất, tự tiêu thụ có đ ấu n ối v ới hệ thống đi ện quốc gia 10 ngày làm việc 05 ngày làm việc - Trung tâm Phục vụ HCC thành phố; - Trung tâm Phục vụ HCC cấp xã Không quy định - Luật Đi ện l ực s ố 61/2024/QH15"
2026-07-14,2692/QĐ-UBND,1.013005,"Điều ch ỉnh, b ổ sung Gi ấy chứng nh ận",CÔNG THƯƠNG,modified,Sửa đổi/bổ sung,province,2026-07-14,not_in_current_master,https://cathai.haiphong.gov.vn/linh-vuc-cong-thuong/quyet-dinh-so-2692-qd-ubnd-ngay-14-7-2026-cua-uy-ban-nhan-dan-thanh-pho-hai-phong-ve-viec-cong-b-933633,https://cdn.haiphong.gov.vn/gov-hpg/5889/tintuc/2026/7/qd-cong-bo-tthc-moi-sua-doi-bo-sung-theo-cac-qd-so-1507-1537-1546-cua-bct..signed639198737743009046.pdf,fc258cd118700961c863012f9c11fde97f9295b77c8ab684b6d916b80368ef79,"định s ố 57/2025/NĐ-CP ngày 0 3 tháng 3 năm 2025 của Chính phủ quy định cơ ch ế mua bán đi ện tr ực ti ếp 2. 1.013005 Điều ch ỉnh, b ổ sung Gi ấy chứng nh ận 10 ngày làm việc 05 ngày làm việc - Trung tâm Phục vụ HCC thành phố; Không quy định"
2026-07-14,2692/QĐ-UBND,1.115377,"Thông báo phát triển ngu ồn điện m ặt tr ời mái nhà t ự sản xuất, tự tiêu thụ đấu n ối v ới hệ thống đi ện quốc gia tại cấp điện áp hạ áp",CÔNG THƯƠNG,new,Ban hành mới,commune,2026-07-14,current,https://cathai.haiphong.gov.vn/linh-vuc-cong-thuong/quyet-dinh-so-2692-qd-ubnd-ngay-14-7-2026-cua-uy-ban-nhan-dan-thanh-pho-hai-phong-ve-viec-cong-b-933633,https://cdn.haiphong.gov.vn/gov-hpg/5889/tintuc/2026/7/qd-cong-bo-tthc-moi-sua-doi-bo-sung-theo-cac-qd-so-1507-1537-1546-cua-bct..signed639198737743009046.pdf,fc258cd118700961c863012f9c11fde97f9295b77c8ab684b6d916b80368ef79,"quy định B. THỦ TỤC HÀNH CHÍNH CẤP XÃ (01 TTHC) B1. LĨNH VỰC ĐIỆN LỰC (01 TTHC) 1. 1.115377 Thông báo phát triển ngu ồn điện m ặt tr ời mái nhà t ự sản xuất, tự tiêu thụ đấu n ối v ới hệ thống đi ện quốc gia tại cấp điện áp hạ áp Không quy định Không quy định - Trung tâm Phục vụ HCC thành phố; - Trung tâm Phục vụ HCC cấp xã Không quy định - Luật Điện lực số 61/2024/QH15 ngày 30/11/2024;"
2026-07-14,2692/QĐ-UBND,1.115397,Phê duy ệt đ ề xuất hỗ trợ đối với Thành viên của H ệ sinh thái t ận d ụng các FTA,CÔNG THƯƠNG,new,Ban hành mới,province,2026-07-14,current,https://cathai.haiphong.gov.vn/linh-vuc-cong-thuong/quyet-dinh-so-2692-qd-ubnd-ngay-14-7-2026-cua-uy-ban-nhan-dan-thanh-pho-hai-phong-ve-viec-cong-b-933633,https://cdn.haiphong.gov.vn/gov-hpg/5889/tintuc/2026/7/qd-cong-bo-tthc-moi-sua-doi-bo-sung-theo-cac-qd-so-1507-1537-1546-cua-bct..signed639198737743009046.pdf,fc258cd118700961c863012f9c11fde97f9295b77c8ab684b6d916b80368ef79,Theo quy định Sau cắt giảm A. THỦ TỤC HÀNH CHÍNH CẤP TỈNH (04 TTHC) A1. LĨNH VỰC HỘI NHẬP KINH TẾ QUỐC TẾ (02 TTHC) 1. 1.115397 Phê duy ệt đ ề xuất hỗ trợ đối với Thành viên của H ệ sinh thái t ận d ụng các FTA 30 ngày kể từ ngày Hội đồng nhân dân cấp tỉnh quyết định dự toán ngân sách địa phương. 30 ngày kể từ ngày Hội đồng nhân dân cấp tỉnh quyết định dự toán ngân sách địa phương
2026-07-14,2692/QĐ-UBND,1.115398,Phê duy ệt đ ề xuất s ửa đ ổi hoặc ng ừng thực hi ện đ ề xuất hỗ trợ của Thành viên của Hệ sinh thái tận dụng các FTA,CÔNG THƯƠNG,new,Ban hành mới,province,2026-07-14,not_in_current_master,https://cathai.haiphong.gov.vn/linh-vuc-cong-thuong/quyet-dinh-so-2692-qd-ubnd-ngay-14-7-2026-cua-uy-ban-nhan-dan-thanh-pho-hai-phong-ve-viec-cong-b-933633,https://cdn.haiphong.gov.vn/gov-hpg/5889/tintuc/2026/7/qd-cong-bo-tthc-moi-sua-doi-bo-sung-theo-cac-qd-so-1507-1537-1546-cua-bct..signed639198737743009046.pdf,fc258cd118700961c863012f9c11fde97f9295b77c8ab684b6d916b80368ef79,"co ch ế, chính sách đ ặc thù nh ằm nâng cao hiệu quả hội nhập quốc tế. 2. 1.115398 Phê duy ệt đ ề xuất s ửa đ ổi hoặc ng ừng thực hi ện đ ề xuất hỗ trợ của Thành viên của Hệ sinh thái tận dụng các FTA 30 ngày k ể từ ngày nh ận đư ợc văn b ản đ ề xuất của Thành viên Hệ sinh thái t ận dụng các FTA. 30 ngày kể từ ngày nhận được văn b ản đ ề xuất c ủa Thành"
2026-07-14,2692/QĐ-UBND,1.115399,Thành lập Qu ỹ Xúc ti ến xu ất khẩu ngành hàng,CÔNG THƯƠNG,new,Ban hành mới,province,2026-07-14,current,https://cathai.haiphong.gov.vn/linh-vuc-cong-thuong/quyet-dinh-so-2692-qd-ubnd-ngay-14-7-2026-cua-uy-ban-nhan-dan-thanh-pho-hai-phong-ve-viec-cong-b-933633,https://cdn.haiphong.gov.vn/gov-hpg/5889/tintuc/2026/7/qd-cong-bo-tthc-moi-sua-doi-bo-sung-theo-cac-qd-so-1507-1537-1546-cua-bct..signed639198737743009046.pdf,fc258cd118700961c863012f9c11fde97f9295b77c8ab684b6d916b80368ef79,A2. LĨNH VỰC XÚC TIẾN THƯƠNG MẠI (02 TTHC) 1. 1.115399 Thành lập Qu ỹ Xúc ti ến xu ất khẩu ngành hàng 07 ngày làm vi ệc kể từ khi nh ận được hồ sơ hợp lệ 07 ngày làm việc kể từ khi nhận được hồ sơ hợp lệ - Trung tâm Phục vụ HCC thành phố; - Trung tâm Phục vụ HCC cấp xã Không quy định
2026-07-14,2692/QĐ-UBND,1.115400,"Chấm d ứt ho ạt động c ủa Qu ỹ Xúc ti ến xu ất khẩu ngành hàng Sau 30 ngày kể từ ngày tiếp nhận hồ sơ đ ề nghị chấm dứt hoạt động của Quỹ mà không nhận được bất kỳ thông báo, khi ếu nại, khi ếu ki ện của các cơ quan, tổ chức, cá nhân",CÔNG THƯƠNG,new,Ban hành mới,province,2026-07-14,not_in_current_master,https://cathai.haiphong.gov.vn/linh-vuc-cong-thuong/quyet-dinh-so-2692-qd-ubnd-ngay-14-7-2026-cua-uy-ban-nhan-dan-thanh-pho-hai-phong-ve-viec-cong-b-933633,https://cdn.haiphong.gov.vn/gov-hpg/5889/tintuc/2026/7/qd-cong-bo-tthc-moi-sua-doi-bo-sung-theo-cac-qd-so-1507-1537-1546-cua-bct..signed639198737743009046.pdf,fc258cd118700961c863012f9c11fde97f9295b77c8ab684b6d916b80368ef79,"một s ố co ch ế, chính sách đ ặc thù nhằm nâng cao hi ệu qu ả hội nh ập quốc tế. 2. 1.115400 Chấm d ứt ho ạt động c ủa Qu ỹ Xúc ti ến xu ất khẩu ngành hàng Sau 30 ngày kể từ ngày tiếp nhận hồ sơ đ ề nghị chấm dứt hoạt động của Quỹ mà không nhận được bất kỳ thông báo, khi ếu nại, khi ếu ki ện của các cơ quan, tổ chức, cá nhân có liên quan. Sau 30 ngày kể từ ngày tiếp nhận hồ"
2026-07-14,2692/QĐ-UBND,2.000001,"Đăng ký s ửa đổi, b ổ sung nội dung t ổ chức h ội ch ợ, triển lãm thương m ại t ại Việt Nam Trong thời hạn 05 ngày làm vi ệc kể từ ngày nhận được đầy đủ hồ sơ Trong th ời h ạn",CÔNG THƯƠNG,modified,Sửa đổi/bổ sung,province,2026-07-14,current,https://cathai.haiphong.gov.vn/linh-vuc-cong-thuong/quyet-dinh-so-2692-qd-ubnd-ngay-14-7-2026-cua-uy-ban-nhan-dan-thanh-pho-hai-phong-ve-viec-cong-b-933633,https://cdn.haiphong.gov.vn/gov-hpg/5889/tintuc/2026/7/qd-cong-bo-tthc-moi-sua-doi-bo-sung-theo-cac-qd-so-1507-1537-1546-cua-bct..signed639198737743009046.pdf,fc258cd118700961c863012f9c11fde97f9295b77c8ab684b6d916b80368ef79,"vụ HCC cấp xã Không quy định 13. 2.000001 Đăng ký s ửa đổi, b ổ sung nội dung t ổ chức h ội ch ợ, triển lãm thương m ại t ại Việt Nam Trong thời hạn 05 ngày làm vi ệc kể từ ngày nhận được đầy đủ hồ sơ Trong th ời h ạn 2,5 ngày làm việc kể từ ngày nh ận được đầy đủ hồ sơ - Trung tâm Phục vụ HCC thành phố;"
2026-07-14,2692/QĐ-UBND,2.000002,"Đăng ký s ửa đổi, b ổ sung nội dung chương trình khuyến mại đối với chương trình khuy ến mại mang tính may r ủi th ực hiện trên đ ịa bàn 01 t ỉnh, thành ph ố trực thuộc T rung ương Trong thời hạn 04 ngày làm vi ệc kể",CÔNG THƯƠNG,modified,Sửa đổi/bổ sung,province,2026-07-14,not_in_current_master,https://cathai.haiphong.gov.vn/linh-vuc-cong-thuong/quyet-dinh-so-2692-qd-ubnd-ngay-14-7-2026-cua-uy-ban-nhan-dan-thanh-pho-hai-phong-ve-viec-cong-b-933633,https://cdn.haiphong.gov.vn/gov-hpg/5889/tintuc/2026/7/qd-cong-bo-tthc-moi-sua-doi-bo-sung-theo-cac-qd-so-1507-1537-1546-cua-bct..signed639198737743009046.pdf,fc258cd118700961c863012f9c11fde97f9295b77c8ab684b6d916b80368ef79,"vụ HCC cấp xã Không quy định 9. 2.000002 Đăng ký s ửa đổi, b ổ sung nội dung chương trình khuyến mại đối với chương trình khuy ến mại mang tính may r ủi th ực hiện trên đ ịa bàn 01 t ỉnh, thành ph ố trực thuộc T rung ương Trong thời hạn 04 ngày làm vi ệc kể từ ngày nh ận được hồ sơ"
2026-07-14,2692/QĐ-UBND,2.000004,"Đăng ký ho ạt động khuy ến mại đ ối v ới chương trình khuyến m ại mang tính may rủi th ực hi ện trên địa bàn 01 tỉnh, thành ph ố trực thu ộc Trung ương Trong thời hạn 05 ngày làm vi ệc kể từ ngày nh ận được hồ sơ Trong thời hạn",CÔNG THƯƠNG,modified,Sửa đổi/bổ sung,province,2026-07-14,current,https://cathai.haiphong.gov.vn/linh-vuc-cong-thuong/quyet-dinh-so-2692-qd-ubnd-ngay-14-7-2026-cua-uy-ban-nhan-dan-thanh-pho-hai-phong-ve-viec-cong-b-933633,https://cdn.haiphong.gov.vn/gov-hpg/5889/tintuc/2026/7/qd-cong-bo-tthc-moi-sua-doi-bo-sung-theo-cac-qd-so-1507-1537-1546-cua-bct..signed639198737743009046.pdf,fc258cd118700961c863012f9c11fde97f9295b77c8ab684b6d916b80368ef79,"phân cấp, đơn gi ản hóa th ủ tục hành chính, đi ều ki ện kinh doanh thu ộc phạm vi quản lý của Bộ Công Thương 8. 2.000004 Đăng ký ho ạt động khuy ến mại đ ối v ới chương trình khuyến m ại mang tính may rủi th ực hi ện trên địa bàn 01 tỉnh, thành ph ố trực thu ộc Trung ương Trong thời hạn 05 ngày làm vi ệc kể từ ngày nh ận được hồ sơ Trong thời hạn 2,5 ngày làm việc kể từ ngày nhận"
2026-07-14,2692/QĐ-UBND,2.000026,Đăng ký t ổ Trong thời hạn 05 Trong thời hạn - Trung tâm Phục Không - Luật Thương mại số 36/2005/QH11,CÔNG THƯƠNG,modified,Sửa đổi/bổ sung,province,2026-07-14,not_in_current_master,https://cathai.haiphong.gov.vn/linh-vuc-cong-thuong/quyet-dinh-so-2692-qd-ubnd-ngay-14-7-2026-cua-uy-ban-nhan-dan-thanh-pho-hai-phong-ve-viec-cong-b-933633,https://cdn.haiphong.gov.vn/gov-hpg/5889/tintuc/2026/7/qd-cong-bo-tthc-moi-sua-doi-bo-sung-theo-cac-qd-so-1507-1537-1546-cua-bct..signed639198737743009046.pdf,fc258cd118700961c863012f9c11fde97f9295b77c8ab684b6d916b80368ef79,vụ HCC cấp xã Không quy định 10. 2.000026 Đăng ký t ổ Trong thời hạn 05 Trong thời hạn - Trung tâm Phục Không - Luật Thương mại số 36/2005/QH11
2026-07-14,2692/QĐ-UBND,2.000033,Thông báo hoạt động khuy ến mại,CÔNG THƯƠNG,modified,Sửa đổi/bổ sung,province,2026-07-14,current,https://cathai.haiphong.gov.vn/linh-vuc-cong-thuong/quyet-dinh-so-2692-qd-ubnd-ngay-14-7-2026-cua-uy-ban-nhan-dan-thanh-pho-hai-phong-ve-viec-cong-b-933633,https://cdn.haiphong.gov.vn/gov-hpg/5889/tintuc/2026/7/qd-cong-bo-tthc-moi-sua-doi-bo-sung-theo-cac-qd-so-1507-1537-1546-cua-bct..signed639198737743009046.pdf,fc258cd118700961c863012f9c11fde97f9295b77c8ab684b6d916b80368ef79,vụ HCC cấp xã Không quy định 6. 2.000033 Thông báo hoạt động khuy ến mại Không quy định Không quy định - Trung tâm Phục vụ HCC thành phố; - Trung tâm Phục vụ HCC cấp xã Không quy định - Luật Thương mại số 36/2005/QH11 ngày 14/6/2025; - Nghị định số 81/2018/NĐ-CP ngày 22/5/2018 của Chính phủ quy định chi tiết Lu ật Thương m ại v ề hoạt đ ộng
2026-07-14,2692/QĐ-UBND,2.000131,"Đăng ký t ổ chức h ội ch ợ, triển lãm thương m ại t ại Việt Nam Trong thời hạn 05 ngày làm vi ệc kể từ ngày nh ận được đầy đủ hồ sơ Trong thời hạn",CÔNG THƯƠNG,modified,Sửa đổi/bổ sung,province,2026-07-14,current,https://cathai.haiphong.gov.vn/linh-vuc-cong-thuong/quyet-dinh-so-2692-qd-ubnd-ngay-14-7-2026-cua-uy-ban-nhan-dan-thanh-pho-hai-phong-ve-viec-cong-b-933633,https://cdn.haiphong.gov.vn/gov-hpg/5889/tintuc/2026/7/qd-cong-bo-tthc-moi-sua-doi-bo-sung-theo-cac-qd-so-1507-1537-1546-cua-bct..signed639198737743009046.pdf,fc258cd118700961c863012f9c11fde97f9295b77c8ab684b6d916b80368ef79,"vụ HCC cấp xã Không quy định 12. 2.000131 Đăng ký t ổ chức h ội ch ợ, triển lãm thương m ại t ại Việt Nam Trong thời hạn 05 ngày làm vi ệc kể từ ngày nh ận được đầy đủ hồ sơ Trong thời hạn 3,5 ngày làm việc kể từ ngày nhận được đầy đủ hồ sơ - Trung tâm Phục vụ HCC thành phố; - Trung tâm Phục vụ HCC cấp xã"
2026-07-14,2692/QĐ-UBND,2.000133,"Đăng ký s ửa đổi, b ổ sung nội dung t ổ chức h ội ch ợ, triển lãm thương m ại t ại nước ngoài Trong thời hạn 05 ngày làm vi ệc kể từ ngày nh ận được đầy đủ hồ sơ Trong thời hạn",CÔNG THƯƠNG,modified,Sửa đổi/bổ sung,province,2026-07-14,current,https://cathai.haiphong.gov.vn/linh-vuc-cong-thuong/quyet-dinh-so-2692-qd-ubnd-ngay-14-7-2026-cua-uy-ban-nhan-dan-thanh-pho-hai-phong-ve-viec-cong-b-933633,https://cdn.haiphong.gov.vn/gov-hpg/5889/tintuc/2026/7/qd-cong-bo-tthc-moi-sua-doi-bo-sung-theo-cac-qd-so-1507-1537-1546-cua-bct..signed639198737743009046.pdf,fc258cd118700961c863012f9c11fde97f9295b77c8ab684b6d916b80368ef79,"phân cấp, đơn gi ản hóa th ủ tục hành chính, đi ều ki ện kinh doanh thu ộc phạm vi quản lý của Bộ Công Thương 11. 2.000133 Đăng ký s ửa đổi, b ổ sung nội dung t ổ chức h ội ch ợ, triển lãm thương m ại t ại nước ngoài Trong thời hạn 05 ngày làm vi ệc kể từ ngày nh ận được đầy đủ hồ sơ Trong thời hạn 2,5 ngày làm việc kể từ ngày nhận được đầy đủ hồ sơ - Trung tâm Phục vụ HCC thành phố;"
2026-07-14,2692/QĐ-UBND,2.001474,"Thông báo s ửa đổi, b ổ sung nội dung chương trình khuyến mại",CÔNG THƯƠNG,modified,Sửa đổi/bổ sung,province,2026-07-14,current,https://cathai.haiphong.gov.vn/linh-vuc-cong-thuong/quyet-dinh-so-2692-qd-ubnd-ngay-14-7-2026-cua-uy-ban-nhan-dan-thanh-pho-hai-phong-ve-viec-cong-b-933633,https://cdn.haiphong.gov.vn/gov-hpg/5889/tintuc/2026/7/qd-cong-bo-tthc-moi-sua-doi-bo-sung-theo-cac-qd-so-1507-1537-1546-cua-bct..signed639198737743009046.pdf,fc258cd118700961c863012f9c11fde97f9295b77c8ab684b6d916b80368ef79,"7. 2.001474 Thông báo s ửa đổi, b ổ sung nội dung chương trình khuyến mại Không quy định Không quy định - Trung tâm Phục vụ HCC thành phố; - Trung tâm Phục vụ HCC cấp xã Không quy định xúc tiến thương mại; - Nghị định số 128/2024/NĐ-CP ngày 10/10/2024 của Chính phủ sửa đổi, bổ sung m ột s ố điều c ủa Ngh ị định s ố 81/2018/NĐ-CP ngày 22/5/2018 c ủa Chính ph ủ quy đ ịnh chi ti ết Lu ật"
2026-07-14,2692/QĐ-UBND,2.002604,Cấp Giấy phép thành l ập Văn phòng đại diện của t ổ chức XTTM nư ớc ngoài - 15 ngày làm việc kể từ ngày nhận đủ hồ sơ,CÔNG THƯƠNG,modified,Sửa đổi/bổ sung,province,2026-07-14,not_in_current_master,https://cathai.haiphong.gov.vn/linh-vuc-cong-thuong/quyet-dinh-so-2692-qd-ubnd-ngay-14-7-2026-cua-uy-ban-nhan-dan-thanh-pho-hai-phong-ve-viec-cong-b-933633,https://cdn.haiphong.gov.vn/gov-hpg/5889/tintuc/2026/7/qd-cong-bo-tthc-moi-sua-doi-bo-sung-theo-cac-qd-so-1507-1537-1546-cua-bct..signed639198737743009046.pdf,fc258cd118700961c863012f9c11fde97f9295b77c8ab684b6d916b80368ef79,"Không quy định A2. XÚC TIẾN THƯƠNG MẠI (13 TTHC) 1. 2.002604 Cấp Giấy phép thành l ập Văn phòng đại diện của t ổ chức XTTM nư ớc ngoài - 15 ngày làm việc kể từ ngày nhận đủ hồ sơ 40 ngày làm vi ệc kể từ ngày nh ận đủ hồ sơ (trư ờng hợp ph ải xin ý kiến c ủa các B ộ: Công an, Qu ốc phòng) - 15 ngày làm việc kể từ ngày"
2026-07-14,2692/QĐ-UBND,2.002605,Sửa đ ổi Gi ấy phép thành l ập - 8 ngày làm vi ệc kể từ ngày nh ận - 8 ngày làm việc kể từ ngày nhận,CÔNG THƯƠNG,modified,Sửa đổi/bổ sung,province,2026-07-14,not_in_current_master,https://cathai.haiphong.gov.vn/linh-vuc-cong-thuong/quyet-dinh-so-2692-qd-ubnd-ngay-14-7-2026-cua-uy-ban-nhan-dan-thanh-pho-hai-phong-ve-viec-cong-b-933633,https://cdn.haiphong.gov.vn/gov-hpg/5889/tintuc/2026/7/qd-cong-bo-tthc-moi-sua-doi-bo-sung-theo-cac-qd-so-1507-1537-1546-cua-bct..signed639198737743009046.pdf,fc258cd118700961c863012f9c11fde97f9295b77c8ab684b6d916b80368ef79,14/2024/NĐ-CP ngày 07/02/2024 của Chính phủ; - Nghị định số 28/2018/NĐ-CP ngày 01/3/2018 của Chính phủ quy định chi 2. 2.002605 Sửa đ ổi Gi ấy phép thành l ập - 8 ngày làm vi ệc kể từ ngày nh ận - 8 ngày làm việc kể từ ngày nhận - Trung tâm Phục vụ HCC thành Không quy định
2026-07-14,2692/QĐ-UBND,2.002606,Cấp l ại Gi ấy phép thành l ập Văn phòng đ ại diện c ủa t ổ chức XTTM nước ngoài - Trong thời hạn,CÔNG THƯƠNG,modified,Sửa đổi/bổ sung,province,2026-07-14,not_in_current_master,https://cathai.haiphong.gov.vn/linh-vuc-cong-thuong/quyet-dinh-so-2692-qd-ubnd-ngay-14-7-2026-cua-uy-ban-nhan-dan-thanh-pho-hai-phong-ve-viec-cong-b-933633,https://cdn.haiphong.gov.vn/gov-hpg/5889/tintuc/2026/7/qd-cong-bo-tthc-moi-sua-doi-bo-sung-theo-cac-qd-so-1507-1537-1546-cua-bct..signed639198737743009046.pdf,fc258cd118700961c863012f9c11fde97f9295b77c8ab684b6d916b80368ef79,"Luật Quản lý ngoại thương về một số biện pháp phát triển ngoại thương. 3. 2.002606 Cấp l ại Gi ấy phép thành l ập Văn phòng đ ại diện c ủa t ổ chức XTTM nước ngoài - Trong thời hạn 10 ngày làm việc kể từ ngày nhận đủ hồ sơ theo quy định tại điểm a khoản 1a Điều28 Nghị định số 28/2018/NĐ-CP, được bổ sung tại điểm a khoản 3 của Điều 1 Nghị định số"
2026-07-14,2692/QĐ-UBND,2.002607,Gia h ạn Gi ấy phép thành l ập - 08 ngày làm việc k ể từ ngày - 08 ngày làm việc kể từ ngày nhận,CÔNG THƯƠNG,modified,Sửa đổi/bổ sung,province,2026-07-14,not_in_current_master,https://cathai.haiphong.gov.vn/linh-vuc-cong-thuong/quyet-dinh-so-2692-qd-ubnd-ngay-14-7-2026-cua-uy-ban-nhan-dan-thanh-pho-hai-phong-ve-viec-cong-b-933633,https://cdn.haiphong.gov.vn/gov-hpg/5889/tintuc/2026/7/qd-cong-bo-tthc-moi-sua-doi-bo-sung-theo-cac-qd-so-1507-1537-1546-cua-bct..signed639198737743009046.pdf,fc258cd118700961c863012f9c11fde97f9295b77c8ab684b6d916b80368ef79,"vụ HCC cấp xã Không quy định 4. 2.002607 Gia h ạn Gi ấy phép thành l ập - 08 ngày làm việc k ể từ ngày - 08 ngày làm việc kể từ ngày nhận - Trung tâm Phục vụ HCC thành Không quy định - Nghị định số 230/2026/NĐ-CP ngày 25/6/2026 của Chính phủ sửa đổi, bổ"
2026-07-14,2692/QĐ-UBND,2.002608,Chấm dứt ho ạt động và thu hồi Giấy phép thành lập Văn phòng đại diện của t ổ chức XTTM nư ớc ngoài - Sau 15 ngày làm việc k ể từ ngày tiếp nhận đủ hồ sơ đề nghị chấm dứt hoạt đ ộng c ủa Văn phòng đ ại diện mà không nhận được bất kỳ,CÔNG THƯƠNG,modified,Sửa đổi/bổ sung,province,2026-07-14,not_in_current_master,https://cathai.haiphong.gov.vn/linh-vuc-cong-thuong/quyet-dinh-so-2692-qd-ubnd-ngay-14-7-2026-cua-uy-ban-nhan-dan-thanh-pho-hai-phong-ve-viec-cong-b-933633,https://cdn.haiphong.gov.vn/gov-hpg/5889/tintuc/2026/7/qd-cong-bo-tthc-moi-sua-doi-bo-sung-theo-cac-qd-so-1507-1537-1546-cua-bct..signed639198737743009046.pdf,fc258cd118700961c863012f9c11fde97f9295b77c8ab684b6d916b80368ef79,"2018 của Chính phủ Quy định chi tiết Luật Quản lý ngoại thương về một số biện pháp phát triển ngoại thương. 5. 2.002608 Chấm dứt ho ạt động và thu hồi Giấy phép thành lập Văn phòng đại diện của t ổ chức XTTM nư ớc ngoài - Sau 15 ngày làm việc k ể từ ngày tiếp nhận đủ hồ sơ đề nghị chấm dứt hoạt đ ộng c ủa Văn phòng đ ại diện mà không nhận được bất kỳ thông báo, khi ếu nại, khi ếu ki ện"
2026-07-14,2692/QĐ-UBND,2.002676,"Thông báo phát triển ngu ồn điện m ặt tr ời mái nhà t ự sản xuất, tự tiêu thụ đấu n ối v ới h ệ thống đi ện quốc gia tại cấp điện áp từ trung áp trở lên",CÔNG THƯƠNG,modified,Sửa đổi/bổ sung,province,2026-07-14,current,https://cathai.haiphong.gov.vn/linh-vuc-cong-thuong/quyet-dinh-so-2692-qd-ubnd-ngay-14-7-2026-cua-uy-ban-nhan-dan-thanh-pho-hai-phong-ve-viec-cong-b-933633,https://cdn.haiphong.gov.vn/gov-hpg/5889/tintuc/2026/7/qd-cong-bo-tthc-moi-sua-doi-bo-sung-theo-cac-qd-so-1507-1537-1546-cua-bct..signed639198737743009046.pdf,fc258cd118700961c863012f9c11fde97f9295b77c8ab684b6d916b80368ef79,"quy định chi tiết một số điều của Luật Điện lực về phát triển điện năng lượng tái tạo, điện năng lượng mới. 3. 2.002676 Thông báo phát triển ngu ồn điện m ặt tr ời mái nhà t ự sản xuất, tự tiêu thụ đấu n ối v ới h ệ thống đi ện quốc gia tại cấp điện áp từ trung áp trở lên Không quy định Không quy định - Trung tâm Phục vụ HCC thành phố; - Trung tâm Phục vụ HCC cấp xã Không quy định A2. XÚC TIẾN THƯƠNG MẠI (13 TTHC)"
2026-08-05,3091/QĐ-UBND,1.001266,Chấm dứt hoạt động hộ kinh doanh,TÀI CHÍNH,modified,Sửa đổi/bổ sung,commune,2026-08-05,current,https://cathai.haiphong.gov.vn/linh-vuc-so-tai-chinh/quyet-dinh-so-3091-qd-ubnd-ngay-05-8-2026-cua-uy-ban-nhan-dan-thanh-pho-hai-phong-ve-viec-cong-b-945019,https://cdn.haiphong.gov.vn/gov-hpg/5889/tintuc/2026/8/quyet-dinh-2026-cong-bo-dmtthc-moi-ban-hanh-.....signed639216293287582914.pdf,fb966fc8ad91565a42d557f3f6a1fa4af8922556c204fb278a308fe2448d3a65,"- Nghị quyết 12/2026/NQ - HĐND ngày 28/7/2026 của HĐND thành phố Hải Phòng. 5 1.001266 Chấm dứt hoạt động hộ kinh doanh 05 ngày làm việc kể từ ngày nhận đủ hồ sơ hợp lệ 2,5 ngày làm việc kể từ ngày nhận đủ hồ sơ hợp lệ - Trung tâm Phục vụ hành chính công thành phố; - Trung tâm"
2026-08-05,3091/QĐ-UBND,1.001570,"Đăng ký t ạm ngừng kinh doanh, ti ếp t ục kinh doanh trước thời hạn đã đăng ký c ủa h ộ kinh doanh",TÀI CHÍNH,reduced,Có bằng chứng trong phụ lục về nội dung sau cắt giảm,commune,2026-08-05,current,https://cathai.haiphong.gov.vn/linh-vuc-so-tai-chinh/quyet-dinh-so-3091-qd-ubnd-ngay-05-8-2026-cua-uy-ban-nhan-dan-thanh-pho-hai-phong-ve-viec-cong-b-945019,https://cdn.haiphong.gov.vn/gov-hpg/5889/tintuc/2026/8/quyet-dinh-2026-cong-bo-dmtthc-moi-ban-hanh-.....signed639216293287582914.pdf,fb966fc8ad91565a42d557f3f6a1fa4af8922556c204fb278a308fe2448d3a65,"hành chính Thời hạn giải quyết Địa điểm thực hiện Phí, lệ phí Căn cứ pháp lý Theo quy định Sau cắt giảm 3 1.001570 Đăng ký t ạm ngừng kinh doanh, ti ếp t ục kinh doanh trước thời hạn đã đăng ký c ủa h ộ kinh doanh 01 ngày làm việc kể từ ngày nhận hồ sơ 01 ngày làm việc kể từ ngày nhận hồ sơ - Trung tâm Phục vụ hành"
2026-08-05,3091/QĐ-UBND,1.001612,Đăng ký thành lập hộ kinh doanh,TÀI CHÍNH,modified,Sửa đổi/bổ sung,commune,2026-08-05,current,https://cathai.haiphong.gov.vn/linh-vuc-so-tai-chinh/quyet-dinh-so-3091-qd-ubnd-ngay-05-8-2026-cua-uy-ban-nhan-dan-thanh-pho-hai-phong-ve-viec-cong-b-945019,https://cdn.haiphong.gov.vn/gov-hpg/5889/tintuc/2026/8/quyet-dinh-2026-cong-bo-dmtthc-moi-ban-hanh-.....signed639216293287582914.pdf,fb966fc8ad91565a42d557f3f6a1fa4af8922556c204fb278a308fe2448d3a65,"Không quy định II LĨNH VỰC THÀNH LẬP VÀ HOẠT ĐỘNG CỦA HỘ KINH DOANH 1 1.001612 Đăng ký thành lập hộ kinh doanh 03 ngày làm việc kể từ ngày nhận hồ sơ 1,5 ngày làm việc kể từ ngày nhận hồ sơ - Trung tâm Phục vụ hành chính công thành phố; - Trung tâm Phục vụ hành"
2026-08-05,3091/QĐ-UBND,1.014034,"Đăng ký cập nhật, bổ sung thông tin trong hồ sơ đăng ký hộ kinh doanh, hiệu đính thông tin đăng ký hộ kinh doanh",TÀI CHÍNH,modified,Sửa đổi/bổ sung,commune,2026-08-05,current,https://cathai.haiphong.gov.vn/linh-vuc-so-tai-chinh/quyet-dinh-so-3091-qd-ubnd-ngay-05-8-2026-cua-uy-ban-nhan-dan-thanh-pho-hai-phong-ve-viec-cong-b-945019,https://cdn.haiphong.gov.vn/gov-hpg/5889/tintuc/2026/8/quyet-dinh-2026-cong-bo-dmtthc-moi-ban-hanh-.....signed639216293287582914.pdf,fb966fc8ad91565a42d557f3f6a1fa4af8922556c204fb278a308fe2448d3a65,"- Thông tư số 68/2025/TT - BTC ngày 01/7/2025 của Bộ trưởng Bộ Tài chính. 6 1.014034 Đăng ký cập nhật, bổ sung thông tin trong hồ sơ đăng ký hộ kinh doanh, hiệu đính thông tin đăng ký hộ kinh doanh - Đăng ký cập nhật, bổ sung thông tin trong hồ sơ đăng ký hộ kinh doanh : 01 ngày làm việc kể từ ngày nhận được hồ sơ; - Bổ sung, hiệu đính thông tin"
2026-08-05,3091/QĐ-UBND,1.014035,Dừng thực hiện thủ tục đăng ký hộ kinh doanh,TÀI CHÍNH,modified,Sửa đổi/bổ sung,commune,2026-08-05,current,https://cathai.haiphong.gov.vn/linh-vuc-so-tai-chinh/quyet-dinh-so-3091-qd-ubnd-ngay-05-8-2026-cua-uy-ban-nhan-dan-thanh-pho-hai-phong-ve-viec-cong-b-945019,https://cdn.haiphong.gov.vn/gov-hpg/5889/tintuc/2026/8/quyet-dinh-2026-cong-bo-dmtthc-moi-ban-hanh-.....signed639216293287582914.pdf,fb966fc8ad91565a42d557f3f6a1fa4af8922556c204fb278a308fe2448d3a65,"- Nghị quyết 12/2026/NQ - HĐND ngày 28/7/2026 của HĐND thành phố Hải Phòng. 7 1.014035 Dừng thực hiện thủ tục đăng ký hộ kinh doanh 02 ngày làm việc kể từ ngày nhận đủ hồ sơ hợp lệ 1,5 ngày làm việc kể từ ngày nhận đủ hồ sơ hợp lệ - Trung tâm Phục vụ hành chính công thành phố; - Trung tâm Phục vụ hành chính công cấp xã"
2026-08-05,3091/QĐ-UBND,2.000575,"Cấp lại Giấy chứng nhận đăng ký hộ kinh doanh, Cấp đổi sang Giấy chứng nhận đăng ký hộ kinh doanh - Trường hợp hộ kinh doanh đã được c ấp b ản giấy Giấy chứng nhận đăng ký hộ kinh doanh có nhu c ầu đư ợc cấp lại Giấy này do bị mất, cháy,",TÀI CHÍNH,modified,Sửa đổi/bổ sung,commune,2026-08-05,current,https://cathai.haiphong.gov.vn/linh-vuc-so-tai-chinh/quyet-dinh-so-3091-qd-ubnd-ngay-05-8-2026-cua-uy-ban-nhan-dan-thanh-pho-hai-phong-ve-viec-cong-b-945019,https://cdn.haiphong.gov.vn/gov-hpg/5889/tintuc/2026/8/quyet-dinh-2026-cong-bo-dmtthc-moi-ban-hanh-.....signed639216293287582914.pdf,fb966fc8ad91565a42d557f3f6a1fa4af8922556c204fb278a308fe2448d3a65,"ngày 01/7/2025 của Bộ trưởng Bộ Tài chính. 4 2.000575 Cấp lại Giấy chứng nhận đăng ký hộ kinh doanh, Cấp đổi sang Giấy chứng nhận đăng ký hộ kinh doanh - Trường hợp hộ kinh doanh đã được c ấp b ản giấy Giấy chứng nhận đăng ký hộ kinh doanh có nhu c ầu đư ợc cấp lại Giấy này do bị mất, cháy, rách, nát hoặc bị tiêu h ủy dư ới"
2026-08-05,3091/QĐ-UBND,2.000720,Đăng ký thay đổi nội dung đăng ký hộ kinh doanh,TÀI CHÍNH,modified,Sửa đổi/bổ sung,commune,2026-08-05,current,https://cathai.haiphong.gov.vn/linh-vuc-so-tai-chinh/quyet-dinh-so-3091-qd-ubnd-ngay-05-8-2026-cua-uy-ban-nhan-dan-thanh-pho-hai-phong-ve-viec-cong-b-945019,https://cdn.haiphong.gov.vn/gov-hpg/5889/tintuc/2026/8/quyet-dinh-2026-cong-bo-dmtthc-moi-ban-hanh-.....signed639216293287582914.pdf,fb966fc8ad91565a42d557f3f6a1fa4af8922556c204fb278a308fe2448d3a65,"phố Hải Phòng). 2 2.000720 Đăng ký thay đổi nội dung đăng ký hộ kinh doanh 03 ngày làm việc kể từ ngày nhận hồ sơ 1,5 ngày làm việc kể từ ngày nhận hồ sơ - Trung tâm Phục vụ hành chính công thành phố; - Phía Đông TP:"
2026-08-05,3091/QĐ-UBND,2.002226,Thông báo thành lập/thay đổi tổ hợp tác,TÀI CHÍNH,reduced,Có bằng chứng trong phụ lục về nội dung sau cắt giảm,commune,2026-08-05,current,https://cathai.haiphong.gov.vn/linh-vuc-so-tai-chinh/quyet-dinh-so-3091-qd-ubnd-ngay-05-8-2026-cua-uy-ban-nhan-dan-thanh-pho-hai-phong-ve-viec-cong-b-945019,https://cdn.haiphong.gov.vn/gov-hpg/5889/tintuc/2026/8/quyet-dinh-2026-cong-bo-dmtthc-moi-ban-hanh-.....signed639216293287582914.pdf,fb966fc8ad91565a42d557f3f6a1fa4af8922556c204fb278a308fe2448d3a65,"hành chính Thời hạn giải quyết Địa điểm thực hiện Phí, lệ phí Căn cứ pháp lý Theo quy định Sau cắt giảm 1 2.002226 Thông báo thành lập/thay đổi tổ hợp tác không đăng ký Tại thời điểm nhận hồ sơ/tại thời điểm xử lý hồ sơ Tại thời điểm nhận hồ sơ/tại thời điểm xử lý hồ sơ - Trung tâm Phục vụ hành chính công thành phố;"
2026-08-05,3091/QĐ-UBND,2.002228,Thông báo chấm dứt hoạt động của tổ hợp tác,TÀI CHÍNH,modified,Sửa đổi/bổ sung,commune,2026-08-05,current,https://cathai.haiphong.gov.vn/linh-vuc-so-tai-chinh/quyet-dinh-so-3091-qd-ubnd-ngay-05-8-2026-cua-uy-ban-nhan-dan-thanh-pho-hai-phong-ve-viec-cong-b-945019,https://cdn.haiphong.gov.vn/gov-hpg/5889/tintuc/2026/8/quyet-dinh-2026-cong-bo-dmtthc-moi-ban-hanh-.....signed639216293287582914.pdf,fb966fc8ad91565a42d557f3f6a1fa4af8922556c204fb278a308fe2448d3a65,- Nghị định số 294/2026/NĐ - CP ngày 23 tháng 7 năm 2026 của Chính phủ về tổ hợp tác. 2 2.002228 Thông báo chấm dứt hoạt động của tổ hợp tác không đăng ký Tại thời điểm nhận hồ sơ/tại thời điểm xử lý hồ sơ Tại thời điểm nhận hồ sơ/tại thời điểm xử lý hồ sơ - Trung tâm Phục vụ hành chính công thành phố;
2026-08-05,3091/QĐ-UBND,2.002603,Công bố dự án đầu tư kinh doanh (gồm dự án đầu tư - Thời hạn phê duyệt hoặc không phê duyệt: + Trung tâm Phục vụ hành chính công cấp - Thời hạn phê duyệt hoặc không phê duyệt: + Trung tâm Phục vụ hành chính công cấp,TÀI CHÍNH,reduced,Có bằng chứng trong phụ lục về nội dung sau cắt giảm,province,2026-08-05,not_in_current_master,https://cathai.haiphong.gov.vn/linh-vuc-so-tai-chinh/quyet-dinh-so-3091-qd-ubnd-ngay-05-8-2026-cua-uy-ban-nhan-dan-thanh-pho-hai-phong-ve-viec-cong-b-945019,https://cdn.haiphong.gov.vn/gov-hpg/5889/tintuc/2026/8/quyet-dinh-2026-cong-bo-dmtthc-moi-ban-hanh-.....signed639216293287582914.pdf,fb966fc8ad91565a42d557f3f6a1fa4af8922556c204fb278a308fe2448d3a65,"Phí, lệ phí Căn cứ pháp lý Theo quy định Sau cắt giảm I LĨNH VỰC ĐẤU THẦU LỰA CHỌN NHÀ ĐẦU TƯ 1 2.002603 Công bố dự án đầu tư kinh doanh (gồm dự án đầu tư - Thời hạn phê duyệt hoặc không phê duyệt: + Trung tâm Phục vụ hành chính công cấp - Thời hạn phê duyệt hoặc không phê duyệt: + Trung tâm Phục vụ hành chính công cấp - Trung tâm Phục v ụ hành chính công thành phố; Không - Luật Đấu thầu số 22/2023/QH15 ngày"
2026-08-05,3091/QĐ-UBND,2.002842,"Đề nghị hoàn trả số tiền thuê lại đất mà chủ đầu tư đã giảm cho doanh nghiệp công nghệ cao thuộc khu vực kinh tế tư nhân, doanh nghiệp nhỏ và vừa, doanh nghiệp khởi nghiệp sáng tạo thuê đất, thuê lại đất tại khu công nghiệp, cụm",TÀI CHÍNH,reduced,Có bằng chứng trong phụ lục về nội dung sau cắt giảm,province,2026-08-05,not_in_current_master,https://cathai.haiphong.gov.vn/linh-vuc-so-tai-chinh/quyet-dinh-so-3091-qd-ubnd-ngay-05-8-2026-cua-uy-ban-nhan-dan-thanh-pho-hai-phong-ve-viec-cong-b-945019,https://cdn.haiphong.gov.vn/gov-hpg/5889/tintuc/2026/8/quyet-dinh-2026-cong-bo-dmtthc-moi-ban-hanh-.....signed639216293287582914.pdf,fb966fc8ad91565a42d557f3f6a1fa4af8922556c204fb278a308fe2448d3a65,"Phí, lệ phí Căn cứ pháp lý Theo quy định Sau cắt giảm I LĨNH VỰC HỖ TRỢ DOANH NGHIỆP 1 2.002842 Đề nghị hoàn trả số tiền thuê lại đất mà chủ đầu tư đã giảm cho doanh nghiệp công nghệ cao thuộc khu vực kinh tế tư nhân, doanh nghiệp nhỏ và vừa, doanh nghiệp khởi nghiệp sáng tạo thuê đất, thuê lại đất tại khu công nghiệp, cụm công nghiệp, vườn ươm công nghệ - Trường hợp chủ đầu tư được thanh toán bù trừ vào tiền thuê đất phải nộ p trong năm: 12 ngày làm việc kể từ"
2026-08-10,3180/QĐ-UBND,1.014776,"Cấp, c ấp l ại mã s ố vùng trồng, mã s ố cơ sở đóng gói - Đối với trường hợp không đăng ký xuất khẩu đến thị trường có yêu c ầu v ề mã số: 03 ngày làm việc k ể từ ngày nhận hồ sơ. - Đối với trường hợp đăng ký xuất kh ẩu đ ến",TRỒNG TRỌT VÀ BẢO VỆ THỰC VẬT,reduced,Có bằng chứng trong phụ lục về nội dung sau cắt giảm,commune,2026-08-10,current,https://sonnmt.haiphong.gov.vn/thu-tuc-hanh-chinh/quyet-dinh-so-3180-qd-ubnd-ngay-10-8-2026-cua-uy-ban-nhan-dan-thanh-pho-hai-phong-ve-viec-cong-b-946712,https://cdn.haiphong.gov.vn/gov-hpg/5892/tintuc/2026/8/qd-3180-ngay-10.8.2026-ubnd-hp-cong-bo-dm-tthc-sua-doi-bo-sung-lvuc-ttbvtv639220331647232358.pdf,8b49df7fce4a77aad70aa9d291495e73c008860fe41a8812cc776b048c2fd2b6,"phí Căn cứ pháp lý Theo quy định Sau cắt giảm LĨNH VỰC TRỒNG TRỌT VÀ BẢO VỆ THỰC VẬT 1 1.014776 Cấp, c ấp l ại mã s ố vùng trồng, mã s ố cơ sở đóng gói - Đối với trường hợp không đăng ký xuất khẩu đến thị trường có yêu c ầu v ề mã số: 03 ngày làm việc k ể từ ngày nhận hồ sơ. - Đối với trường hợp đăng ký xuất kh ẩu đ ến thị trường có yêu cầu về mã số hoặc trường hợp"
2026-08-11,3204/QĐ-UBND,1.004901,"Cấp đổi Giấy chứng nhận đăng ký hợp tác xã, liên hiệp hợp tác xã",TÀI CHÍNH,modified,Sửa đổi/bổ sung,commune,2026-08-11,current,https://cathai.haiphong.gov.vn/linh-vuc-so-tai-chinh/quyet-dinh-so-3204-qd-ubnd-ngay-11-8-2026-cua-ubnd-dac-khu-ve-viec-cong-bo-thu-tuc-hanh-chinh-du-948822,https://cdn.haiphong.gov.vn/gov-hpg/5889/tintuc/2026/8/quyet-dinh-2026-cong-bo-dmtthc-linh-vuc-dkdn-.....signed639222987278176853.pdf,8978695a3439adb36d33449aa4e7e2434e75e48cbd6a4ef9e091073b468a9374,"- Nghị quyết 12/2026/NQ - HĐND ngày 28/7/2026 của HĐND thành phố Hải Phòng. 9 1.004901 Cấp đổi Giấy chứng nhận đăng ký hợp tác xã, liên hiệp hợp tác xã 03 ngày làm việc 1,5 ngày làm việc - Trung tâm Phục v ụ hành chính Mức thu lệ phí đăng ký kinh - Luật Hợp tác xã 2023;"
2026-08-11,3204/QĐ-UBND,1.004979,"Thông báo thay đổi nội dung đăng ký hợp tác xã, liên hiệp hợp tác xã; Thông báo thay đổi nội dung đăng ký đối với hợp tác xã, liên hiệp hợp tác xã bị tách, nhận sáp nhập; Thông báo thay đổi nội dung đăng ký hợp tác xã, liên hiệp hợp tác xã",TÀI CHÍNH,modified,Sửa đổi/bổ sung,commune,2026-08-11,current,https://cathai.haiphong.gov.vn/linh-vuc-so-tai-chinh/quyet-dinh-so-3204-qd-ubnd-ngay-11-8-2026-cua-ubnd-dac-khu-ve-viec-cong-bo-thu-tuc-hanh-chinh-du-948822,https://cdn.haiphong.gov.vn/gov-hpg/5889/tintuc/2026/8/quyet-dinh-2026-cong-bo-dmtthc-linh-vuc-dkdn-.....signed639222987278176853.pdf,8978695a3439adb36d33449aa4e7e2434e75e48cbd6a4ef9e091073b468a9374,"- Nghị quyết 12/2026/NQ - HĐND ngày 28/7/2026 của HĐND thành phố Hải Phòng. 10 1.004979 Thông báo thay đổi nội dung đăng ký hợp tác xã, liên hiệp hợp tác xã; Thông báo thay đổi nội dung đăng ký đối với hợp tác xã, liên hiệp hợp tác xã bị tách, nhận sáp nhập; Thông báo thay đổi nội dung đăng ký hợp tác xã, liên hiệp hợp tác xã theo quyết định của Tòa án đã có hiệu lực pháp luật hoặc phán 03 ngày làm việc 1,5 ngày làm việc - Trung tâm Phục v ụ hành chính công thành"
2026-08-11,3204/QĐ-UBND,1.004982,"Đăng ký giải thể hợp tác xã, liên hiệp hợp tác xã - 01 ngày làm việc kể từ ngày nhận được nghị quyết giải thể hợp tác xã, liên hiệp hợp tác xã. - 05 ngày làm việc kể từ ngày nhận hồ sơ đăng ký giải thể. - 01 ngày làm",TÀI CHÍNH,modified,Sửa đổi/bổ sung,commune,2026-08-11,current,https://cathai.haiphong.gov.vn/linh-vuc-so-tai-chinh/quyet-dinh-so-3204-qd-ubnd-ngay-11-8-2026-cua-ubnd-dac-khu-ve-viec-cong-bo-thu-tuc-hanh-chinh-du-948822,https://cdn.haiphong.gov.vn/gov-hpg/5889/tintuc/2026/8/quyet-dinh-2026-cong-bo-dmtthc-linh-vuc-dkdn-.....signed639222987278176853.pdf,8978695a3439adb36d33449aa4e7e2434e75e48cbd6a4ef9e091073b468a9374,"- Nghị q uyết 12/2026/NQ - HĐND ngày 28/7/2026 của HĐND thành phố Hải Phòng. 13 1.004982 Đăng ký giải thể hợp tác xã, liên hiệp hợp tác xã - 01 ngày làm việc kể từ ngày nhận được nghị quyết giải thể hợp tác xã, liên hiệp hợp tác xã. - 05 ngày làm việc kể từ ngày nhận hồ sơ đăng ký giải thể. - 01 ngày làm việc kể từ ngày nhận được nghị"
2026-08-11,3204/QĐ-UBND,1.005010,"Chấm dứt hoạt động chi nhánh, văn phòng đại diện, địa điểm kinh doanh của hợp tác xã, liên hiệp hợp tác xã - Trường hợp chấm dứt hoạt động chi nhánh, văn phòng đại diện, địa điểm kinh doanh trong nước: + 03 ngày làm việc kể từ ngày",TÀI CHÍNH,modified,Sửa đổi/bổ sung,commune,2026-08-11,current,https://cathai.haiphong.gov.vn/linh-vuc-so-tai-chinh/quyet-dinh-so-3204-qd-ubnd-ngay-11-8-2026-cua-ubnd-dac-khu-ve-viec-cong-bo-thu-tuc-hanh-chinh-du-948822,https://cdn.haiphong.gov.vn/gov-hpg/5889/tintuc/2026/8/quyet-dinh-2026-cong-bo-dmtthc-linh-vuc-dkdn-.....signed639222987278176853.pdf,8978695a3439adb36d33449aa4e7e2434e75e48cbd6a4ef9e091073b468a9374,"- Nghị quyết 12/2026/NQ - HĐND ngày 28/7/2026 của HĐND thành phố Hải Phòng. 14 1.005010 Chấm dứt hoạt động chi nhánh, văn phòng đại diện, địa điểm kinh doanh của hợp tác xã, liên hiệp hợp tác xã - Trường hợp chấm dứt hoạt động chi nhánh, văn phòng đại diện, địa điểm kinh doanh trong nước: + 03 ngày làm việc kể từ ngày - Trường hợp chấm dứt hoạt động chi nhánh, văn phòng đại"
2026-08-11,3204/QĐ-UBND,1.005169,"Đề nghị doanh nghiệp, chi nhánh , văn phòng đại diện , địa điểm kinh doanh có tên xâm phạm quyền sở hữu công nghiệp thay đổi tên doanh nghiệp",TÀI CHÍNH,reduced,Có bằng chứng trong phụ lục về nội dung sau cắt giảm,province,2026-08-11,current,https://cathai.haiphong.gov.vn/linh-vuc-so-tai-chinh/quyet-dinh-so-3204-qd-ubnd-ngay-11-8-2026-cua-ubnd-dac-khu-ve-viec-cong-bo-thu-tuc-hanh-chinh-du-948822,https://cdn.haiphong.gov.vn/gov-hpg/5889/tintuc/2026/8/quyet-dinh-2026-cong-bo-dmtthc-linh-vuc-dkdn-.....signed639222987278176853.pdf,8978695a3439adb36d33449aa4e7e2434e75e48cbd6a4ef9e091073b468a9374,"định Sau cắt giảm 31 1.005169 Đề nghị doanh nghiệp, chi nhánh , văn phòng đại diện , địa điểm kinh doanh có tên xâm phạm quyền sở hữu công nghiệp thay đổi tên doanh nghiệp 03 ngày làm việc 1,5 ngày làm việc - Trung tâm Phục v ụ hành chính công thành phố; - Trung tâm"
2026-08-11,3204/QĐ-UBND,1.005277,"Đăng ký thay đổi nội dung đăng ký hợp tác xã, liên hiệp hợp tác xã; Đăng ký thay đổi nội dung đối với trường hợp hợp tác xã, liên hiệp hợp tác xã bị tách, nhận sáp nhập; Đăng ký thay đổi nội dung Giấy chứng nhận đăng ký hợp tác xã,",TÀI CHÍNH,modified,Sửa đổi/bổ sung,commune,2026-08-11,current,https://cathai.haiphong.gov.vn/linh-vuc-so-tai-chinh/quyet-dinh-so-3204-qd-ubnd-ngay-11-8-2026-cua-ubnd-dac-khu-ve-viec-cong-bo-thu-tuc-hanh-chinh-du-948822,https://cdn.haiphong.gov.vn/gov-hpg/5889/tintuc/2026/8/quyet-dinh-2026-cong-bo-dmtthc-linh-vuc-dkdn-.....signed639222987278176853.pdf,8978695a3439adb36d33449aa4e7e2434e75e48cbd6a4ef9e091073b468a9374,"- Nghị quyết 12/2026/NQ - HĐND ngày 28/7/2026 của HĐND thành phố Hải Phòng. 8 1.005277 Đăng ký thay đổi nội dung đăng ký hợp tác xã, liên hiệp hợp tác xã; Đăng ký thay đổi nội dung đối với trường hợp hợp tác xã, liên hiệp hợp tác xã bị tách, nhận sáp nhập; Đăng ký thay đổi nội dung Giấy chứng nhận đăng ký hợp tác xã, liên hiệp hợp tác xã theo quyết định của Tòa án đã có hiệu lực pháp luật hoặc phán quyết của Trọng tài có hiệu lực 03 ngày làm việc 1,5 ngày làm việc - Trung tâm"
2026-08-11,3204/QĐ-UBND,1.005280,"Đăng ký thành lập hợp tác xã, liên hiệp hợp tác xã; đăng ký chuyển đổi tổ hợp tác thành hợp tác xã; đăng ký khi hợp tác xã, liên hiệp hợp tác xã chia, tách, hợp nhất",TÀI CHÍNH,modified,Sửa đổi/bổ sung,commune,2026-08-11,current,https://cathai.haiphong.gov.vn/linh-vuc-so-tai-chinh/quyet-dinh-so-3204-qd-ubnd-ngay-11-8-2026-cua-ubnd-dac-khu-ve-viec-cong-bo-thu-tuc-hanh-chinh-du-948822,https://cdn.haiphong.gov.vn/gov-hpg/5889/tintuc/2026/8/quyet-dinh-2026-cong-bo-dmtthc-linh-vuc-dkdn-.....signed639222987278176853.pdf,8978695a3439adb36d33449aa4e7e2434e75e48cbd6a4ef9e091073b468a9374,"- Nghị quyết 12/2026/NQ - HĐND ngày 28/7/2026 của HĐND thành phố Hải Phòng. 7 1.005280 Đăng ký thành lập hợp tác xã, liên hiệp hợp tác xã; đăng ký chuyển đổi tổ hợp tác thành hợp tác xã; đăng ký khi hợp tác xã, liên hiệp hợp tác xã chia, tách, hợp nhất 03 ngày làm việc 1,5 ngày làm việc - Trung tâm Phục v ụ hành chính công thành phố; - Trung tâm Phục v ụ Mức thu lệ phí đăng ký kinh doanh đ ối"
2026-08-11,3204/QĐ-UBND,1.005378,"Đăng ký thay đổi nội dung đăng ký hoạt động của chi nhánh, văn phòng đại diện, địa điểm kinh doanh của hợp tác xã, liên hiệp hợp tác xã",TÀI CHÍNH,modified,Sửa đổi/bổ sung,commune,2026-08-11,current,https://cathai.haiphong.gov.vn/linh-vuc-so-tai-chinh/quyet-dinh-so-3204-qd-ubnd-ngay-11-8-2026-cua-ubnd-dac-khu-ve-viec-cong-bo-thu-tuc-hanh-chinh-du-948822,https://cdn.haiphong.gov.vn/gov-hpg/5889/tintuc/2026/8/quyet-dinh-2026-cong-bo-dmtthc-linh-vuc-dkdn-.....signed639222987278176853.pdf,8978695a3439adb36d33449aa4e7e2434e75e48cbd6a4ef9e091073b468a9374,"- Nghị quyết 12/2026/NQ - HĐND ngày 28/7/2026 của HĐND thành phố Hải Phòng. 12 1.005378 Đăng ký thay đổi nội dung đăng ký hoạt động của chi nhánh, văn phòng đại diện, địa điểm kinh doanh của hợp tác xã, liên hiệp hợp tác xã 02 ngày làm việc 1,5 ngày làm việc - Trung tâm Phục v ụ hành chính công thành phố; - Trung tâm Phục v ụ hành chính công cấp xã. Mức thu lệ phí đăng"
2026-08-11,3204/QĐ-UBND,1.010010,"Đề nghị dừng thực hiện thủ tục đăng ký doanh nghiệp; thông báo hủy bỏ nghị quyết, quyết định giải thể doanh nghiệp",TÀI CHÍNH,modified,Sửa đổi/bổ sung,province,2026-08-11,current,https://cathai.haiphong.gov.vn/linh-vuc-so-tai-chinh/quyet-dinh-so-3204-qd-ubnd-ngay-11-8-2026-cua-ubnd-dac-khu-ve-viec-cong-bo-thu-tuc-hanh-chinh-du-948822,https://cdn.haiphong.gov.vn/gov-hpg/5889/tintuc/2026/8/quyet-dinh-2026-cong-bo-dmtthc-linh-vuc-dkdn-.....signed639222987278176853.pdf,8978695a3439adb36d33449aa4e7e2434e75e48cbd6a4ef9e091073b468a9374,"- Thông tư số 47/2019/TT-BTC; - Thông tư số 68/2025/TT-BTC; 30 1.010010 Đề nghị dừng thực hiện thủ tục đăng ký doanh nghiệp; thông báo hủy bỏ nghị quyết, quyết định giải thể doanh nghiệp 02 ngày làm việc 1,5 ngày làm việc - Trung tâm Phục v ụ hành chính công thành phố;"
2026-08-11,3204/QĐ-UBND,1.010026,"Thông báo: thay đổi thông tin cổ đông là nhà đầu tư nước ngoài, cho thuê doanh nghiệp tư nhân, thay đổi người đại diện theo ủy quyền của chủ sở hữu, thành viên công ty TNHH là tổ chức, cổ đông là tổ chức nước ngoài",TÀI CHÍNH,modified,Sửa đổi/bổ sung,province,2026-08-11,current,https://cathai.haiphong.gov.vn/linh-vuc-so-tai-chinh/quyet-dinh-so-3204-qd-ubnd-ngay-11-8-2026-cua-ubnd-dac-khu-ve-viec-cong-bo-thu-tuc-hanh-chinh-du-948822,https://cdn.haiphong.gov.vn/gov-hpg/5889/tintuc/2026/8/quyet-dinh-2026-cong-bo-dmtthc-linh-vuc-dkdn-.....signed639222987278176853.pdf,8978695a3439adb36d33449aa4e7e2434e75e48cbd6a4ef9e091073b468a9374,"- Thông tư số 47/2019/TT-BTC; - Thông tư số 68/2025/TT-BTC; - Thông tư số 64/2025/TT-BTC. 13 1.010026 Thông báo: thay đổi thông tin cổ đông là nhà đầu tư nước ngoài, cho thuê doanh nghiệp tư nhân, thay đổi người đại diện theo ủy quyền của chủ sở hữu, thành viên công ty TNHH là tổ chức, cổ đông là tổ chức nước ngoài 03 ngày làm việc 1,5 ngày làm việc - Trung tâm Phục v ụ hành chính"
2026-08-11,3204/QĐ-UBND,1.010029,"Thông báo về việc sáp nhập công ty trong trường hợp sau sáp nhập công ty, công ty nhận sáp nhập không thay đổi nội dung đăng ký doanh nghiệp",TÀI CHÍNH,modified,Sửa đổi/bổ sung,province,2026-08-11,current,https://cathai.haiphong.gov.vn/linh-vuc-so-tai-chinh/quyet-dinh-so-3204-qd-ubnd-ngay-11-8-2026-cua-ubnd-dac-khu-ve-viec-cong-bo-thu-tuc-hanh-chinh-du-948822,https://cdn.haiphong.gov.vn/gov-hpg/5889/tintuc/2026/8/quyet-dinh-2026-cong-bo-dmtthc-linh-vuc-dkdn-.....signed639222987278176853.pdf,8978695a3439adb36d33449aa4e7e2434e75e48cbd6a4ef9e091073b468a9374,"- Nghị định số 296/2026/NĐ-CP; - Thông tư số 47/2019/TT-BTC; - Thông tư số 68/2025/TT-BTC. 29 1.010029 Thông báo về việc sáp nhập công ty trong trường hợp sau sáp nhập công ty, công ty nhận sáp nhập không thay đổi nội dung đăng ký doanh nghiệp 03 ngày làm việc 1,5 ngày làm việc - Trung tâm Phục v ụ hành chính công thành"
2026-08-11,3204/QĐ-UBND,2.000368,"Thông báo thay đổi nội dung Cam kết thực hiện mục tiêu xã hội, môi trường; chấm dứt Cam kết thực hiện mục tiêu xã hội, môi trường của doanh nghiệp xã hội",TÀI CHÍNH,modified,Sửa đổi/bổ sung,province,2026-08-11,current,https://cathai.haiphong.gov.vn/linh-vuc-so-tai-chinh/quyet-dinh-so-3204-qd-ubnd-ngay-11-8-2026-cua-ubnd-dac-khu-ve-viec-cong-bo-thu-tuc-hanh-chinh-du-948822,https://cdn.haiphong.gov.vn/gov-hpg/5889/tintuc/2026/8/quyet-dinh-2026-cong-bo-dmtthc-linh-vuc-dkdn-.....signed639222987278176853.pdf,8978695a3439adb36d33449aa4e7e2434e75e48cbd6a4ef9e091073b468a9374,"- Nghị định số 296/2026/NĐ-CP; - Thông tư số 47/2019/TT-BTC; - Thông tư số 68/2025/TT-BTC. 27 2.000368 Thông báo thay đổi nội dung Cam kết thực hiện mục tiêu xã hội, môi trường; chấm dứt Cam kết thực hiện mục tiêu xã hội, môi trường của doanh nghiệp xã hội 03 ngày làm việc 1,5 ngày làm việc - Trung tâm Phục v ụ hành chính công thành phố; - Trung tâm"
2026-08-11,3204/QĐ-UBND,2.000416,Chuyển đổi doanh nghiệp thành doanh nghiệp xã hội,TÀI CHÍNH,modified,Sửa đổi/bổ sung,province,2026-08-11,not_in_current_master,https://cathai.haiphong.gov.vn/linh-vuc-so-tai-chinh/quyet-dinh-so-3204-qd-ubnd-ngay-11-8-2026-cua-ubnd-dac-khu-ve-viec-cong-bo-thu-tuc-hanh-chinh-du-948822,https://cdn.haiphong.gov.vn/gov-hpg/5889/tintuc/2026/8/quyet-dinh-2026-cong-bo-dmtthc-linh-vuc-dkdn-.....signed639222987278176853.pdf,8978695a3439adb36d33449aa4e7e2434e75e48cbd6a4ef9e091073b468a9374,"- Nghị định số 296/2026/NĐ-CP; - Thông tư số 47/2019/TT-BTC; - Thông tư số 68/2025/TT-BTC. 28 2.000416 Chuyển đổi doanh nghiệp thành doanh nghiệp xã hội 03 ngày làm việc 1,5 ngày làm việc - Trung tâm Phục v ụ hành chính Không quy định - Luật Doanh nghiệp 2020; - Luật Doanh nghiệp sửa đổi năm 2025;"
2026-08-11,3204/QĐ-UBND,2.001199,Đăng ký thành lập công ty TNHH hai thành viên trở lên,TÀI CHÍNH,modified,Sửa đổi/bổ sung,province,2026-08-11,current,https://cathai.haiphong.gov.vn/linh-vuc-so-tai-chinh/quyet-dinh-so-3204-qd-ubnd-ngay-11-8-2026-cua-ubnd-dac-khu-ve-viec-cong-bo-thu-tuc-hanh-chinh-du-948822,https://cdn.haiphong.gov.vn/gov-hpg/5889/tintuc/2026/8/quyet-dinh-2026-cong-bo-dmtthc-linh-vuc-dkdn-.....signed639222987278176853.pdf,8978695a3439adb36d33449aa4e7e2434e75e48cbd6a4ef9e091073b468a9374,"- Thông tư số 47/2019/TT-BTC; - Thông tư số 68/2025/TT-BTC; - Thông tư số 64/2025/TT-BTC. 3 2.001199 Đăng ký thành lập công ty TNHH hai thành viên trở lên 03 ngày làm việc 1,5 ngày làm việc - Trung tâm Phục v ụ hành chính công thành phố; - Trung tâm Phục v ụ - Lệ phí đăng ký doanh nghi ệp: 50.000 đ ồng/lần (01/7/2025 đến hết"
2026-08-11,3204/QĐ-UBND,2.001583,Đăng ký thành lập công ty TNHH một thành viên,TÀI CHÍNH,reduced,Có bằng chứng trong phụ lục về nội dung sau cắt giảm,province,2026-08-11,current,https://cathai.haiphong.gov.vn/linh-vuc-so-tai-chinh/quyet-dinh-so-3204-qd-ubnd-ngay-11-8-2026-cua-ubnd-dac-khu-ve-viec-cong-bo-thu-tuc-hanh-chinh-du-948822,https://cdn.haiphong.gov.vn/gov-hpg/5889/tintuc/2026/8/quyet-dinh-2026-cong-bo-dmtthc-linh-vuc-dkdn-.....signed639222987278176853.pdf,8978695a3439adb36d33449aa4e7e2434e75e48cbd6a4ef9e091073b468a9374,"định Sau cắt giảm 2 2.001583 Đăng ký thành lập công ty TNHH một thành viên 03 ngày làm việc 1,5 ngày làm việc - Trung tâm Phục v ụ hành chính công thành phố; - Trung tâm Phục v ụ hành chính công cấp xã. - Lệ phí đăng ký doanh nghi ệp:"
2026-08-11,3204/QĐ-UBND,2.001610,Đăng ký thành lập doanh nghiệp tư nhân,TÀI CHÍNH,reduced,Có bằng chứng trong phụ lục về nội dung sau cắt giảm,province,2026-08-11,current,https://cathai.haiphong.gov.vn/linh-vuc-so-tai-chinh/quyet-dinh-so-3204-qd-ubnd-ngay-11-8-2026-cua-ubnd-dac-khu-ve-viec-cong-bo-thu-tuc-hanh-chinh-du-948822,https://cdn.haiphong.gov.vn/gov-hpg/5889/tintuc/2026/8/quyet-dinh-2026-cong-bo-dmtthc-linh-vuc-dkdn-.....signed639222987278176853.pdf,8978695a3439adb36d33449aa4e7e2434e75e48cbd6a4ef9e091073b468a9374,"Sau cắt giảm LĨNH VỰC THÀNH LẬP VÀ HOẠT ĐỘNG CỦA DOANH NGHIỆP 1 2.001610 Đăng ký thành lập doanh nghiệp tư nhân 03 ngày làm việc 1,5 ngày làm việc - Trung tâm Phục v ụ hành chính công thành phố; - Trung tâm Phục v ụ hành chính công cấp xã. - Lệ phí đăng ký doanh nghi ệp:"
2026-08-11,3204/QĐ-UBND,2.001958,"Thông báo về việc thành lập doanh nghiệp của hợp tác xã, liên hiệp hợp tác xã",TÀI CHÍNH,reduced,Có bằng chứng trong phụ lục về nội dung sau cắt giảm,commune,2026-08-11,current,https://cathai.haiphong.gov.vn/linh-vuc-so-tai-chinh/quyet-dinh-so-3204-qd-ubnd-ngay-11-8-2026-cua-ubnd-dac-khu-ve-viec-cong-bo-thu-tuc-hanh-chinh-du-948822,https://cdn.haiphong.gov.vn/gov-hpg/5889/tintuc/2026/8/quyet-dinh-2026-cong-bo-dmtthc-linh-vuc-dkdn-.....signed639222987278176853.pdf,8978695a3439adb36d33449aa4e7e2434e75e48cbd6a4ef9e091073b468a9374,"Theo quy định Sau cắt giảm quyết của Trọng tài có hiệu lực 11 2.001958 Thông báo về việc thành lập doanh nghiệp của hợp tác xã, liên hiệp hợp tác xã 01 ngày làm việc 01 ngày làm việc - Trung tâm Phục v ụ hành chính công thành phố; - Trung tâm Phục v ụ hành chính công cấp xã. Mức thu lệ phí đăng ký kinh doanh đ ối với h ộ"
2026-08-11,3204/QĐ-UBND,2.002008,Đề nghị thu hồi Giấy chứng nhận đăng ký doanh nghiệp trường hợp nội dung kê khai trong h ồ sơ là gi ả mạo,TÀI CHÍNH,modified,Sửa đổi/bổ sung,province,2026-08-11,current,https://cathai.haiphong.gov.vn/linh-vuc-so-tai-chinh/quyet-dinh-so-3204-qd-ubnd-ngay-11-8-2026-cua-ubnd-dac-khu-ve-viec-cong-bo-thu-tuc-hanh-chinh-du-948822,https://cdn.haiphong.gov.vn/gov-hpg/5889/tintuc/2026/8/quyet-dinh-2026-cong-bo-dmtthc-linh-vuc-dkdn-.....signed639222987278176853.pdf,8978695a3439adb36d33449aa4e7e2434e75e48cbd6a4ef9e091073b468a9374,"- Nghị định số 296/2026/NĐ-CP; - Thông tư số 47/2019/TT-BTC; - Thông tư số 68/2025/TT-BTC. 32 2.002008 Đề nghị thu hồi Giấy chứng nhận đăng ký doanh nghiệp trường hợp nội dung kê khai trong h ồ sơ là gi ả mạo 03 ngày làm việc 1,5 ngày làm việc - Trung tâm Phục v ụ hành chính công thành phố; - Trung tâm Phục v ụ hành chính"
2026-08-11,3204/QĐ-UBND,2.002009,"Đăng ký thay đổi vốn điều lệ, phần vốn góp, tỷ lệ phần vốn góp đối với công ty TNHH, công ty cổ phần, công ty hợp danh; đăng ký thay - Trường hợp đăng ký thay đổi vốn điều lệ, phần vốn góp, tỷ lệ",TÀI CHÍNH,modified,Sửa đổi/bổ sung,province,2026-08-11,not_in_current_master,https://cathai.haiphong.gov.vn/linh-vuc-so-tai-chinh/quyet-dinh-so-3204-qd-ubnd-ngay-11-8-2026-cua-ubnd-dac-khu-ve-viec-cong-bo-thu-tuc-hanh-chinh-du-948822,https://cdn.haiphong.gov.vn/gov-hpg/5889/tintuc/2026/8/quyet-dinh-2026-cong-bo-dmtthc-linh-vuc-dkdn-.....signed639222987278176853.pdf,8978695a3439adb36d33449aa4e7e2434e75e48cbd6a4ef9e091073b468a9374,"- Thông tư số 68/2025/TT-BTC; - Thông tư số 64/2025/TT-BTC. 8 2.002009 Đăng ký thay đổi vốn điều lệ, phần vốn góp, tỷ lệ phần vốn góp đối với công ty TNHH, công ty cổ phần, công ty hợp danh; đăng ký thay - Trường hợp đăng ký thay đổi vốn điều lệ, phần vốn góp, tỷ lệ phần vốn - Trường"
2026-08-11,3204/QĐ-UBND,2.002011,"Đăng ký thay đổi thành viên hợp danh; thành viên công ty trách nhiệm hữu hạn hai thành viên trở lên; người đại diện theo pháp luật của công ty trách nhiệm hữu hạn, công ty cổ phần; chủ sở hữu công ty trách nhiệm hữu hạn một thành",TÀI CHÍNH,reduced,Có bằng chứng trong phụ lục về nội dung sau cắt giảm,province,2026-08-11,not_in_current_master,https://cathai.haiphong.gov.vn/linh-vuc-so-tai-chinh/quyet-dinh-so-3204-qd-ubnd-ngay-11-8-2026-cua-ubnd-dac-khu-ve-viec-cong-bo-thu-tuc-hanh-chinh-du-948822,https://cdn.haiphong.gov.vn/gov-hpg/5889/tintuc/2026/8/quyet-dinh-2026-cong-bo-dmtthc-linh-vuc-dkdn-.....signed639222987278176853.pdf,8978695a3439adb36d33449aa4e7e2434e75e48cbd6a4ef9e091073b468a9374,"định Sau cắt giảm 7 2.002011 Đăng ký thay đổi: thành viên hợp danh; thành viên công ty trách nhiệm hữu hạn hai thành viên trở lên; người đại diện theo pháp luật của công ty trách nhiệm hữu hạn, công ty cổ phần; chủ sở hữu công ty trách nhiệm hữu hạn một thành viên; chủ doanh nghiệp tư nhân trong trường hợp bán, tặng cho doanh nghiệp, chủ doanh nghiệp chết"
2026-08-11,3204/QĐ-UBND,2.002015,"Cập nhật, bổ sung thông tin trong hồ sơ đăng ký doanh nghiệp",TÀI CHÍNH,modified,Sửa đổi/bổ sung,province,2026-08-11,not_in_current_master,https://cathai.haiphong.gov.vn/linh-vuc-so-tai-chinh/quyet-dinh-so-3204-qd-ubnd-ngay-11-8-2026-cua-ubnd-dac-khu-ve-viec-cong-bo-thu-tuc-hanh-chinh-du-948822,https://cdn.haiphong.gov.vn/gov-hpg/5889/tintuc/2026/8/quyet-dinh-2026-cong-bo-dmtthc-linh-vuc-dkdn-.....signed639222987278176853.pdf,8978695a3439adb36d33449aa4e7e2434e75e48cbd6a4ef9e091073b468a9374,"- Thông tư số 47/2019/TT-BTC; - Thông tư số 68/2025/TT-BTC; - Thông tư số 64/2025/TT-BTC. 22 2.002015 Cập nhật, bổ sung thông tin trong hồ sơ đăng ký doanh nghiệp 01 ngày làm việc 01 ngày làm việc - Trung tâm Phục v ụ hành chính công thành phố; - Trung tâm Phục v ụ - Lệ phí đăng ký doanh nghi ệp: 50.000 đ ồng/lần"
2026-08-11,3204/QĐ-UBND,2.002016,"Hiệu đính thông tin đăng ký doanh nghiệp, hoạt động chi nhánh, văn phòng đại diện, địa điểm kinh doanh",TÀI CHÍNH,modified,Sửa đổi/bổ sung,province,2026-08-11,current,https://cathai.haiphong.gov.vn/linh-vuc-so-tai-chinh/quyet-dinh-so-3204-qd-ubnd-ngay-11-8-2026-cua-ubnd-dac-khu-ve-viec-cong-bo-thu-tuc-hanh-chinh-du-948822,https://cdn.haiphong.gov.vn/gov-hpg/5889/tintuc/2026/8/quyet-dinh-2026-cong-bo-dmtthc-linh-vuc-dkdn-.....signed639222987278176853.pdf,8978695a3439adb36d33449aa4e7e2434e75e48cbd6a4ef9e091073b468a9374,"nước ngoài: 1,5 ngày làm việc. 26 2.002016 Hiệu đính thông tin đăng ký doanh nghiệp, hoạt động chi nhánh, văn phòng đại diện, địa điểm kinh doanh 02 ngày làm việc 1,5 ngày làm việc - Trung tâm Phục v ụ hành chính công thành phố; - Trung tâm Phục v ụ hành chính"
2026-08-11,3204/QĐ-UBND,2.002017,Cấp đổi Giấy chứng nhận đăng ký kinh doanh hoặc Giấy chứng nhận đăng ký kinh doanh và đăng ký thuế sang Giấy chứng nhận đăng ký doanh nghiệp,TÀI CHÍNH,modified,Sửa đổi/bổ sung,province,2026-08-11,current,https://cathai.haiphong.gov.vn/linh-vuc-so-tai-chinh/quyet-dinh-so-3204-qd-ubnd-ngay-11-8-2026-cua-ubnd-dac-khu-ve-viec-cong-bo-thu-tuc-hanh-chinh-du-948822,https://cdn.haiphong.gov.vn/gov-hpg/5889/tintuc/2026/8/quyet-dinh-2026-cong-bo-dmtthc-linh-vuc-dkdn-.....signed639222987278176853.pdf,8978695a3439adb36d33449aa4e7e2434e75e48cbd6a4ef9e091073b468a9374,"- Thông tư số 47/2019/TT-BTC; - Thông tư số 68/2025/TT-BTC; - Thông tư số 64/2025/TT-BTC. 21 2.002017 Cấp đổi Giấy chứng nhận đăng ký kinh doanh hoặc Giấy chứng nhận đăng ký kinh doanh và đăng ký thuế sang Giấy chứng nhận đăng ký doanh nghiệp 03 ngày làm việc 1,5 ngày làm việc - Trung tâm Phục v ụ hành chính công thành phố; - Trung tâm"
2026-08-11,3204/QĐ-UBND,2.002018,"Cấp lại Giấy chứng nhận, Giấy xác nhận về việc thay đổi nội dung đăng ký doanh nghiệp, hoạt động chi nhánh, văn",TÀI CHÍNH,modified,Sửa đổi/bổ sung,province,2026-08-11,not_in_current_master,https://cathai.haiphong.gov.vn/linh-vuc-so-tai-chinh/quyet-dinh-so-3204-qd-ubnd-ngay-11-8-2026-cua-ubnd-dac-khu-ve-viec-cong-bo-thu-tuc-hanh-chinh-du-948822,https://cdn.haiphong.gov.vn/gov-hpg/5889/tintuc/2026/8/quyet-dinh-2026-cong-bo-dmtthc-linh-vuc-dkdn-.....signed639222987278176853.pdf,8978695a3439adb36d33449aa4e7e2434e75e48cbd6a4ef9e091073b468a9374,"- Thông tư số 47/2019/TT-BTC; - Thông tư số 68/2025/TT-BTC; - Thông tư số 64/2025/TT-BTC; 20 2.002018 Cấp lại Giấy chứng nhận, Giấy xác nhận về việc thay đổi nội dung đăng ký doanh nghiệp, hoạt động chi nhánh, văn 01 ngày làm việc 01 ngày làm việc - Trung tâm Phục v ụ hành chính công thành phố; - Lệ phí đăng ký doanh nghi ệp: 50.000 đồng/lần"
2026-08-11,3204/QĐ-UBND,2.002020,"Chấm dứt hoạt động chi nhánh, văn phòng đại diện, địa điểm kinh doanh - Trường hợp chấm dứt hoạt động chi nhánh, văn phòng đại diện của doanh nghiệp trong nước",TÀI CHÍNH,modified,Sửa đổi/bổ sung,province,2026-08-11,current,https://cathai.haiphong.gov.vn/linh-vuc-so-tai-chinh/quyet-dinh-so-3204-qd-ubnd-ngay-11-8-2026-cua-ubnd-dac-khu-ve-viec-cong-bo-thu-tuc-hanh-chinh-du-948822,https://cdn.haiphong.gov.vn/gov-hpg/5889/tintuc/2026/8/quyet-dinh-2026-cong-bo-dmtthc-linh-vuc-dkdn-.....signed639222987278176853.pdf,8978695a3439adb36d33449aa4e7e2434e75e48cbd6a4ef9e091073b468a9374,"- Nghị định số 296/2026/NĐ-CP; - Thông tư số 47/2019/TT-BTC; - Thông tư số 68/2025/TT-BTC. 25 2.002020 Chấm dứt hoạt động chi nhánh, văn phòng đại diện, địa điểm kinh doanh - Trường hợp chấm dứt hoạt động chi nhánh, văn phòng đại diện của doanh nghiệp trong nước: 05 ngày làm việc. - Trường hợp chấm"
2026-08-11,3204/QĐ-UBND,2.002023,"Giải thể doanh nghiệp, giải thể trong trường hợp bị thu hồi Giấy chứng nhận đăng ký doanh nghiệp hoặc theo Thông báo giải thể: 03 ngày làm việc. Đăng ký giải thể: 05 Thông báo giải thể: 1,5 ngày làm việc",TÀI CHÍNH,modified,Sửa đổi/bổ sung,province,2026-08-11,not_in_current_master,https://cathai.haiphong.gov.vn/linh-vuc-so-tai-chinh/quyet-dinh-so-3204-qd-ubnd-ngay-11-8-2026-cua-ubnd-dac-khu-ve-viec-cong-bo-thu-tuc-hanh-chinh-du-948822,https://cdn.haiphong.gov.vn/gov-hpg/5889/tintuc/2026/8/quyet-dinh-2026-cong-bo-dmtthc-linh-vuc-dkdn-.....signed639222987278176853.pdf,8978695a3439adb36d33449aa4e7e2434e75e48cbd6a4ef9e091073b468a9374,"- Nghị định số 296/2026/NĐ-CP; - Thông tư số 47/2019/TT-BTC; - Thông tư số 68/2025/TT-BTC. 24 2.002023 Giải thể doanh nghiệp, giải thể trong trường hợp bị thu hồi Giấy chứng nhận đăng ký doanh nghiệp hoặc theo Thông báo giải thể: 03 ngày làm việc. Đăng ký giải thể: 05 Thông báo giải thể: 1,5 ngày làm việc. Đăng ký giải thể: 2,5"
2026-08-11,3204/QĐ-UBND,2.002029,"Thông báo tạm ngừng kinh doanh, tiếp tục kinh doanh trước thời hạn đã thông báo đối với doanh nghiệp, chi nhánh, địa điểm kinh doanh, thông báo tạm ngừng hoạt động, tiếp tục hoạt động trước thời hạn đã thông báo đối với văn phòng đại diện",TÀI CHÍNH,modified,Sửa đổi/bổ sung,province,2026-08-11,not_in_current_master,https://cathai.haiphong.gov.vn/linh-vuc-so-tai-chinh/quyet-dinh-so-3204-qd-ubnd-ngay-11-8-2026-cua-ubnd-dac-khu-ve-viec-cong-bo-thu-tuc-hanh-chinh-du-948822,https://cdn.haiphong.gov.vn/gov-hpg/5889/tintuc/2026/8/quyet-dinh-2026-cong-bo-dmtthc-linh-vuc-dkdn-.....signed639222987278176853.pdf,8978695a3439adb36d33449aa4e7e2434e75e48cbd6a4ef9e091073b468a9374,"- Thông tư số 47/2019/TT-BTC; - Thông tư số 68/2025/TT-BTC; - Thông tư số 64/2025/TT-BTC. 23 2.002029 Thông báo tạm ngừng kinh doanh, tiếp tục kinh doanh trước thời hạn đã thông báo đối với doanh nghiệp, chi nhánh, địa điểm kinh doanh, thông báo tạm ngừng hoạt động, tiếp tục hoạt động trước thời hạn đã thông báo đối với văn phòng đại diện 01 ngày làm việc 01 ngày làm việc - Trung tâm"
2026-08-11,3204/QĐ-UBND,2.002031,"Cấp đổi Giấy phép đầu tư, Giấy chứng nhận đầu tư (đồng thời là Giấy chứng nhận đăng ký kinh doanh) hoặc các giấy tờ có giá trị pháp lý tương đương chuyển sang hoạt động theo Giấy chứng nhận đăng ký doanh nghiệp, chi nhánh,",TÀI CHÍNH,modified,Sửa đổi/bổ sung,province,2026-08-11,not_in_current_master,https://cathai.haiphong.gov.vn/linh-vuc-so-tai-chinh/quyet-dinh-so-3204-qd-ubnd-ngay-11-8-2026-cua-ubnd-dac-khu-ve-viec-cong-bo-thu-tuc-hanh-chinh-du-948822,https://cdn.haiphong.gov.vn/gov-hpg/5889/tintuc/2026/8/quyet-dinh-2026-cong-bo-dmtthc-linh-vuc-dkdn-.....signed639222987278176853.pdf,8978695a3439adb36d33449aa4e7e2434e75e48cbd6a4ef9e091073b468a9374,"với trư ờng h ợp đăng ký qua m ạng điện tử. 11 2.002031 Cấp đổi Giấy phép đầu tư, Giấy chứng nhận đầu tư (đồng thời là Giấy chứng nhận đăng ký kinh doanh) hoặc các giấy tờ có giá trị pháp lý tương đương chuyển sang hoạt động theo Giấy chứng nhận đăng ký doanh nghiệp, chi nhánh, địa điểm kinh doanh 03 ngày làm việc 1,5 ngày làm việc - Trung tâm"
2026-08-11,3204/QĐ-UBND,2.002032,"Chuyển đổi doanh nghiệp tư nhân thành công ty hợp danh, công ty trách nhiệm hữu hạn, công ty cổ phần",TÀI CHÍNH,modified,Sửa đổi/bổ sung,province,2026-08-11,current,https://cathai.haiphong.gov.vn/linh-vuc-so-tai-chinh/quyet-dinh-so-3204-qd-ubnd-ngay-11-8-2026-cua-ubnd-dac-khu-ve-viec-cong-bo-thu-tuc-hanh-chinh-du-948822,https://cdn.haiphong.gov.vn/gov-hpg/5889/tintuc/2026/8/quyet-dinh-2026-cong-bo-dmtthc-linh-vuc-dkdn-.....signed639222987278176853.pdf,8978695a3439adb36d33449aa4e7e2434e75e48cbd6a4ef9e091073b468a9374,"- Thông tư số 68/2025/TT-BTC; - Thông tư số 64/2025/TT-BTC. 18 2.002032 Chuyển đổi doanh nghiệp tư nhân thành công ty hợp danh, công ty trách nhiệm hữu hạn, công ty cổ phần 03 ngày làm việc 1,5 ngày làm việc - Trung tâm Phục v ụ hành chính công thành phố; - Trung tâm Phục v ụ hành chính"
2026-08-11,3204/QĐ-UBND,2.002033,Chuyển đổi công ty trách nhiệm hữu hạn một thành viên thành công ty trách nhiệm hữu hạn hai thành viên trở lên và ngược lại,TÀI CHÍNH,reduced,Có bằng chứng trong phụ lục về nội dung sau cắt giảm,province,2026-08-11,current,https://cathai.haiphong.gov.vn/linh-vuc-so-tai-chinh/quyet-dinh-so-3204-qd-ubnd-ngay-11-8-2026-cua-ubnd-dac-khu-ve-viec-cong-bo-thu-tuc-hanh-chinh-du-948822,https://cdn.haiphong.gov.vn/gov-hpg/5889/tintuc/2026/8/quyet-dinh-2026-cong-bo-dmtthc-linh-vuc-dkdn-.....signed639222987278176853.pdf,8978695a3439adb36d33449aa4e7e2434e75e48cbd6a4ef9e091073b468a9374,"Sau cắt giảm 19 2.002033 Chuyển đổi công ty trách nhiệm hữu hạn một thành viên thành công ty trách nhiệm hữu hạn hai thành viên trở lên và ngược lại 03 ngày làm việc 1,5 ngày làm việc - Trung tâm Phục v ụ hành chính công thành phố; - Trung tâm Phục v ụ"
2026-08-11,3204/QĐ-UBND,2.002034,Chuyển đổi công ty trách nhiệm hữu hạn thành công ty cổ phần và ngược lại,TÀI CHÍNH,modified,Sửa đổi/bổ sung,province,2026-08-11,not_in_current_master,https://cathai.haiphong.gov.vn/linh-vuc-so-tai-chinh/quyet-dinh-so-3204-qd-ubnd-ngay-11-8-2026-cua-ubnd-dac-khu-ve-viec-cong-bo-thu-tuc-hanh-chinh-du-948822,https://cdn.haiphong.gov.vn/gov-hpg/5889/tintuc/2026/8/quyet-dinh-2026-cong-bo-dmtthc-linh-vuc-dkdn-.....signed639222987278176853.pdf,8978695a3439adb36d33449aa4e7e2434e75e48cbd6a4ef9e091073b468a9374,"- Thông tư số 47/2019/TT-BTC; - Thông tư số 68/2025/TT-BTC; - Thông tư số 64/2025/TT-BTC. 17 2.002034 Chuyển đổi công ty trách nhiệm hữu hạn thành công ty cổ phần và ngược lại 03 ngày làm việc 1,5 ngày làm việc - Trung tâm Phục v ụ hành chính công thành phố; - Trung tâm Phục v ụ - Lệ phí đăng ký doanh nghiệp: 50.000 đ ồng/lần"
2026-08-11,3204/QĐ-UBND,2.002041,"Đăng ký thay đổi địa chỉ trụ sở chính, đăng ký đổi tên của doanh nghiệp; Thông báo thay đổi ngành, nghề kinh",TÀI CHÍNH,modified,Sửa đổi/bổ sung,province,2026-08-11,not_in_current_master,https://cathai.haiphong.gov.vn/linh-vuc-so-tai-chinh/quyet-dinh-so-3204-qd-ubnd-ngay-11-8-2026-cua-ubnd-dac-khu-ve-viec-cong-bo-thu-tuc-hanh-chinh-du-948822,https://cdn.haiphong.gov.vn/gov-hpg/5889/tintuc/2026/8/quyet-dinh-2026-cong-bo-dmtthc-linh-vuc-dkdn-.....signed639222987278176853.pdf,8978695a3439adb36d33449aa4e7e2434e75e48cbd6a4ef9e091073b468a9374,"- Thông tư số 47/2019/TT-BTC; - Thông tư số 68/2025/TT-BTC; - Thông tư số 64/2025/TT-BTC. 6 2.002041 Đăng ký thay đổi địa chỉ trụ sở chính, đăng ký đổi tên của doanh nghiệp; Thông báo thay đổi ngành, nghề kinh 03 ngày làm việc 1,5 ngày làm việc - Trung tâm Phục v ụ hành chính công thành phố; - Lệ phí đăng ký doanh nghi ệp: + Đ ối v ới trư ờng"
2026-08-11,3204/QĐ-UBND,2.002042,Đăng ký thành lập công ty hợp danh,TÀI CHÍNH,reduced,Có bằng chứng trong phụ lục về nội dung sau cắt giảm,province,2026-08-11,current,https://cathai.haiphong.gov.vn/linh-vuc-so-tai-chinh/quyet-dinh-so-3204-qd-ubnd-ngay-11-8-2026-cua-ubnd-dac-khu-ve-viec-cong-bo-thu-tuc-hanh-chinh-du-948822,https://cdn.haiphong.gov.vn/gov-hpg/5889/tintuc/2026/8/quyet-dinh-2026-cong-bo-dmtthc-linh-vuc-dkdn-.....signed639222987278176853.pdf,8978695a3439adb36d33449aa4e7e2434e75e48cbd6a4ef9e091073b468a9374,"Sau cắt giảm 5 2.002042 Đăng ký thành lập công ty hợp danh 03 ngày làm việc 1,5 ngày làm việc - Trung tâm Phục v ụ hành chính công thành phố; - Trung tâm Phục v ụ hành chính công cấp xã. - Lệ phí đăng ký doanh nghi ệp: 50.000 đ ồng/lần"
2026-08-11,3204/QĐ-UBND,2.002043,Đăng ký thành lập công ty cổ phần,TÀI CHÍNH,modified,Sửa đổi/bổ sung,province,2026-08-11,current,https://cathai.haiphong.gov.vn/linh-vuc-so-tai-chinh/quyet-dinh-so-3204-qd-ubnd-ngay-11-8-2026-cua-ubnd-dac-khu-ve-viec-cong-bo-thu-tuc-hanh-chinh-du-948822,https://cdn.haiphong.gov.vn/gov-hpg/5889/tintuc/2026/8/quyet-dinh-2026-cong-bo-dmtthc-linh-vuc-dkdn-.....signed639222987278176853.pdf,8978695a3439adb36d33449aa4e7e2434e75e48cbd6a4ef9e091073b468a9374,"- Thông tư số 68/2025/TT-BTC; - Thông tư số 64/2025/TT-BTC. 4 2.002043 Đăng ký thành lập công ty cổ phần 03 ngày làm việc 1,5 ngày làm việc - Trung tâm Phục v ụ hành chính công thành phố; - Trung tâm Phục v ụ hành chính công cấp xã. - Lệ phí đăng ký doanh nghi ệp: 50.000 đ ồng/lần"
2026-08-11,3204/QĐ-UBND,2.002044,"Thông báo thay đổi thông tin: cổ đông sáng lập, cổ đông là nhà đầu tư nước ngoài, chủ sở hữu hưởng lợi của doanh nghiệp (của công ty cổ phần không phải là công ty niêm yết và công ty đăng ký giao dịch chứng khoán) (Mã hồ sơ",TÀI CHÍNH,modified,Sửa đổi/bổ sung,province,2026-08-11,not_in_current_master,https://cathai.haiphong.gov.vn/linh-vuc-so-tai-chinh/quyet-dinh-so-3204-qd-ubnd-ngay-11-8-2026-cua-ubnd-dac-khu-ve-viec-cong-bo-thu-tuc-hanh-chinh-du-948822,https://cdn.haiphong.gov.vn/gov-hpg/5889/tintuc/2026/8/quyet-dinh-2026-cong-bo-dmtthc-linh-vuc-dkdn-.....signed639222987278176853.pdf,8978695a3439adb36d33449aa4e7e2434e75e48cbd6a4ef9e091073b468a9374,"hợp lệ. được hồ sơ hợp lệ. 9 2.002044 Thông báo thay đổi thông tin: cổ đông sáng lập, cổ đông là nhà đầu tư nước ngoài, chủ sở hữu hưởng lợi của doanh nghiệp (của công ty cổ phần không phải là công ty niêm yết và công ty đăng ký giao dịch chứng khoán) (Mã hồ sơ TTHC: 2.002044) - 03 ngày làm việc đối v ới trường h ợp thay đ ổi | và công ty đăng ký giao dịch chứng khoán) (Mã hồ sơ TTHC: 2.002044) - 03 ngày làm việc đối v ới trường h ợp thay đ ổi thông tin cổ đông sáng lập, c ổ đông là nhà đầu tư n"
2026-08-11,3204/QĐ-UBND,2.002045,"Đăng ký thay đổi nội dung đăng ký ho ạt động chi nhánh, văn phòng đ ại di ện, đ ịa điểm kinh doanh",TÀI CHÍNH,modified,Sửa đổi/bổ sung,province,2026-08-11,not_in_current_master,https://cathai.haiphong.gov.vn/linh-vuc-so-tai-chinh/quyet-dinh-so-3204-qd-ubnd-ngay-11-8-2026-cua-ubnd-dac-khu-ve-viec-cong-bo-thu-tuc-hanh-chinh-du-948822,https://cdn.haiphong.gov.vn/gov-hpg/5889/tintuc/2026/8/quyet-dinh-2026-cong-bo-dmtthc-linh-vuc-dkdn-.....signed639222987278176853.pdf,8978695a3439adb36d33449aa4e7e2434e75e48cbd6a4ef9e091073b468a9374,"- Thông tư số 68/2025/TT-BTC; - Thông tư số 64/2025/TT-BTC. 12 2.002045 Đăng ký thay đổi nội dung đăng ký ho ạt động chi nhánh, văn phòng đ ại di ện, đ ịa điểm kinh doanh 02 ngày làm việc 1,5 ngày làm việc - Trung tâm Phục v ụ hành chính công thành phố; - Lệ phí đăng ký doanh nghi ệp: 50.000 đ ồng/lần (01/7/2025 đến hết"
2026-08-11,3204/QĐ-UBND,2.002057,"Đăng ký thay đổi nội dung đăng ký doanh nghiệp đối với công ty bị tách (đối với công ty trách nhiệm hữu hạn, công ty cổ phần)",TÀI CHÍNH,reduced,Có bằng chứng trong phụ lục về nội dung sau cắt giảm,province,2026-08-11,current,https://cathai.haiphong.gov.vn/linh-vuc-so-tai-chinh/quyet-dinh-so-3204-qd-ubnd-ngay-11-8-2026-cua-ubnd-dac-khu-ve-viec-cong-bo-thu-tuc-hanh-chinh-du-948822,https://cdn.haiphong.gov.vn/gov-hpg/5889/tintuc/2026/8/quyet-dinh-2026-cong-bo-dmtthc-linh-vuc-dkdn-.....signed639222987278176853.pdf,8978695a3439adb36d33449aa4e7e2434e75e48cbd6a4ef9e091073b468a9374,"định Sau cắt giảm 16 2.002057 Đăng ký thay đổi nội dung đăng ký doanh nghiệp đối với công ty bị tách (đối với công ty trách nhiệm hữu hạn, công ty cổ phần) 03 ngày làm việc 1,5 ngày làm việc - Trung tâm Phục v ụ hành chính công thành phố; - Trung tâm Phục v ụ"
2026-08-11,3204/QĐ-UBND,2.002060,"Đăng ký thay đổi nội dung đăng ký doanh nghiệp đối với công ty nhận sáp nhập (đối với công ty trách nhiệm hữu hạn, công ty cổ phần và công ty hợp danh)",TÀI CHÍNH,modified,Sửa đổi/bổ sung,province,2026-08-11,current,https://cathai.haiphong.gov.vn/linh-vuc-so-tai-chinh/quyet-dinh-so-3204-qd-ubnd-ngay-11-8-2026-cua-ubnd-dac-khu-ve-viec-cong-bo-thu-tuc-hanh-chinh-du-948822,https://cdn.haiphong.gov.vn/gov-hpg/5889/tintuc/2026/8/quyet-dinh-2026-cong-bo-dmtthc-linh-vuc-dkdn-.....signed639222987278176853.pdf,8978695a3439adb36d33449aa4e7e2434e75e48cbd6a4ef9e091073b468a9374,"điện tử. - Thông tư số 68/2025/TT-BTC; - Thông tư số 64/2025/TT-BTC. 15 2.002060 Đăng ký thay đổi nội dung đăng ký doanh nghiệp đối với công ty nhận sáp nhập (đối với công ty trách nhiệm hữu hạn, công ty cổ phần và công ty hợp danh) 03 ngày làm việc 1,5 ngày làm việc - Trung tâm Phục v ụ hành chính công thành phố; - Trung tâm"
2026-08-11,3204/QĐ-UBND,2.002069,"Đăng ký hoạt động chi nhánh, văn phòng đại diện, thông báo lập địa điểm kinh doanh; thông báo lập chi nhánh, văn phòng đại diện ở nước ngoài",TÀI CHÍNH,modified,Sửa đổi/bổ sung,province,2026-08-11,current,https://cathai.haiphong.gov.vn/linh-vuc-so-tai-chinh/quyet-dinh-so-3204-qd-ubnd-ngay-11-8-2026-cua-ubnd-dac-khu-ve-viec-cong-bo-thu-tuc-hanh-chinh-du-948822,https://cdn.haiphong.gov.vn/gov-hpg/5889/tintuc/2026/8/quyet-dinh-2026-cong-bo-dmtthc-linh-vuc-dkdn-.....signed639222987278176853.pdf,8978695a3439adb36d33449aa4e7e2434e75e48cbd6a4ef9e091073b468a9374,"hưởng lợi của doanh nghiệp. 10 2.002069 Đăng ký hoạt động chi nhánh, văn phòng đại diện, thông báo lập địa điểm kinh doanh; thông báo lập chi nhánh, văn phòng đại diện ở nước ngoài 03 ngày làm việc 1,5 ngày làm việc - Trung tâm Phục v ụ hành chính công thành phố;"
2026-08-11,3204/QĐ-UBND,2.002085,"Đăng ký doanh nghiệp đối với các công ty được thành lập trên cơ sở chia công ty, tách công ty, hợp nhất công ty",TÀI CHÍNH,modified,Sửa đổi/bổ sung,province,2026-08-11,current,https://cathai.haiphong.gov.vn/linh-vuc-so-tai-chinh/quyet-dinh-so-3204-qd-ubnd-ngay-11-8-2026-cua-ubnd-dac-khu-ve-viec-cong-bo-thu-tuc-hanh-chinh-du-948822,https://cdn.haiphong.gov.vn/gov-hpg/5889/tintuc/2026/8/quyet-dinh-2026-cong-bo-dmtthc-linh-vuc-dkdn-.....signed639222987278176853.pdf,8978695a3439adb36d33449aa4e7e2434e75e48cbd6a4ef9e091073b468a9374,"- Nghị định số 296/2026/NĐ-CP; - Thông tư số 47/2019/TT-BTC; - Thông tư số 68/2025/TT-BTC; 14 2.002085 Đăng ký doanh nghiệp đối với các công ty được thành lập trên cơ sở chia công ty, tách công ty, hợp nhất công ty 03 ngày làm việc 1,5 ngày làm việc - Trung tâm Phục v ụ hành chính công thành phố; - Trung tâm Phục v ụ - Lệ phí đăng ký"
2026-08-11,3204/QĐ-UBND,2.002123,"Đăng ký hoạt động chi nhánh, văn phòng đại diện, thông báo địa điểm kinh doanh; Thông báo lập chi nhánh, văn phòng đại diện ở nước ngoài của hợp tác xã, liên hiệp hợp tác xã",TÀI CHÍNH,reduced,Có bằng chứng trong phụ lục về nội dung sau cắt giảm,commune,2026-08-11,current,https://cathai.haiphong.gov.vn/linh-vuc-so-tai-chinh/quyet-dinh-so-3204-qd-ubnd-ngay-11-8-2026-cua-ubnd-dac-khu-ve-viec-cong-bo-thu-tuc-hanh-chinh-du-948822,https://cdn.haiphong.gov.vn/gov-hpg/5889/tintuc/2026/8/quyet-dinh-2026-cong-bo-dmtthc-linh-vuc-dkdn-.....signed639222987278176853.pdf,8978695a3439adb36d33449aa4e7e2434e75e48cbd6a4ef9e091073b468a9374,"Địa điểm thực hiện Phí, lệ phí Căn cứ pháp lý Theo quy định Sau cắt giảm 19 2.002123 Đăng ký hoạt động chi nhánh, văn phòng đại diện, thông báo địa điểm kinh doanh; Thông báo lập chi nhánh, văn phòng đại diện ở nước ngoài của hợp tác xã, liên hiệp hợp tác xã 03 ngày làm việc 1,5 ngày làm việc - Trung tâm Phục v ụ hành chính công thành phố; - Trung tâm Phục v ụ hành chính công cấp xã."
2026-08-11,3204/QĐ-UBND,2.002635,"Đề nghị thay đổi tên tổ hợp tác, hợp tác xã, liên hiệp hợp tác xã, chi nhánh, văn phòng đại diện, địa điểm kinh doanh của hợp tác xã, liên hiệp hợp tác xã do xâm phạm quyền sở hữu công nghiệp",TÀI CHÍNH,reduced,Có bằng chứng trong phụ lục về nội dung sau cắt giảm,commune,2026-08-11,current,https://cathai.haiphong.gov.vn/linh-vuc-so-tai-chinh/quyet-dinh-so-3204-qd-ubnd-ngay-11-8-2026-cua-ubnd-dac-khu-ve-viec-cong-bo-thu-tuc-hanh-chinh-du-948822,https://cdn.haiphong.gov.vn/gov-hpg/5889/tintuc/2026/8/quyet-dinh-2026-cong-bo-dmtthc-linh-vuc-dkdn-.....signed639222987278176853.pdf,8978695a3439adb36d33449aa4e7e2434e75e48cbd6a4ef9e091073b468a9374,"thực hiện Phí, lệ phí Căn cứ pháp lý Theo quy định Sau cắt giảm LĨNH VỰC THÀNH LẬP VÀ HOẠT ĐỘNG CỦA TỔ HỢP TÁC, HỢP TÁC XÃ, LIÊN HIỆP HỢP TÁC XÃ 1 2.002635 Đề nghị thay đổi tên tổ hợp tác, hợp tác xã, liên hiệp hợp tác xã, chi nhánh, văn phòng đại diện, địa điểm kinh doanh của hợp tác xã, liên hiệp hợp tác xã do xâm phạm quyền sở hữu công nghiệp. 03 ngày làm việc 1,5 ngày làm việc - Trung tâm Phục v ụ hành chính công thành phố; - Trung tâm Phục v ụ hành chính công cấp xã."
2026-08-11,3204/QĐ-UBND,2.002636,"Đề nghị thu hồi Giấy chứng nhận đăng ký tổ hợp tác, hợp tác xã, Giấy chứng nhận đăng ký chi nhánh, văn phòng đại diện đối với trường hợp nội dung kê khai trong hồ sơ đăng",TÀI CHÍNH,modified,Sửa đổi/bổ sung,commune,2026-08-11,current,https://cathai.haiphong.gov.vn/linh-vuc-so-tai-chinh/quyet-dinh-so-3204-qd-ubnd-ngay-11-8-2026-cua-ubnd-dac-khu-ve-viec-cong-bo-thu-tuc-hanh-chinh-du-948822,https://cdn.haiphong.gov.vn/gov-hpg/5889/tintuc/2026/8/quyet-dinh-2026-cong-bo-dmtthc-linh-vuc-dkdn-.....signed639222987278176853.pdf,8978695a3439adb36d33449aa4e7e2434e75e48cbd6a4ef9e091073b468a9374,"hợp tác (Nghị định số 295/2026/NĐ-CP); 2 2.002636 Đề nghị thu hồi Giấy chứng nhận đăng ký tổ hợp tác, hợp tác xã, Giấy chứng nhận đăng ký chi nhánh, văn phòng đại diện đối với trường hợp nội dung kê khai trong hồ sơ đăng 03 ngày làm việc 1,5 ngày làm việc - Trung tâm Phục v ụ hành chính công thành phố; - Trung tâm Phục v ụ hành chính công cấp xã. Mức thu lệ"
2026-08-11,3204/QĐ-UBND,2.002637,"Đăng ký thành lập tổ hợp tác; đăng ký tổ hợp tác trong trường hợp đã được thành lập trước ngày Luật Hợp tác xã có hiệu lực thi hành, thuộc đối tượng phải đăng ký theo quy định",TÀI CHÍNH,modified,Sửa đổi/bổ sung,commune,2026-08-11,current,https://cathai.haiphong.gov.vn/linh-vuc-so-tai-chinh/quyet-dinh-so-3204-qd-ubnd-ngay-11-8-2026-cua-ubnd-dac-khu-ve-viec-cong-bo-thu-tuc-hanh-chinh-du-948822,https://cdn.haiphong.gov.vn/gov-hpg/5889/tintuc/2026/8/quyet-dinh-2026-cong-bo-dmtthc-linh-vuc-dkdn-.....signed639222987278176853.pdf,8978695a3439adb36d33449aa4e7e2434e75e48cbd6a4ef9e091073b468a9374,"hợp tác xã: 0 đ ồng/01 lần cấp 3 2.002637 Đăng ký thành lập tổ hợp tác; đăng ký tổ hợp tác trong trường hợp đã được thành lập trước ngày Luật Hợp tác xã có hiệu lực thi hành, thuộc đối tượng phải đăng ký theo quy định tại khoản 2 Điều 107 Luật Hợp tác xã 2023 02 ngày làm việc 1,5 ngày làm việc - Trung tâm Phục v ụ hành chính công thành phố; - Trung tâm Phục v ụ hành chính"
2026-08-11,3204/QĐ-UBND,2.002638,Cấp lại Giấy chứng nhận đăng ký tổ hợp tác/ Giấy chứng nhận,TÀI CHÍNH,modified,Sửa đổi/bổ sung,commune,2026-08-11,current,https://cathai.haiphong.gov.vn/linh-vuc-so-tai-chinh/quyet-dinh-so-3204-qd-ubnd-ngay-11-8-2026-cua-ubnd-dac-khu-ve-viec-cong-bo-thu-tuc-hanh-chinh-du-948822,https://cdn.haiphong.gov.vn/gov-hpg/5889/tintuc/2026/8/quyet-dinh-2026-cong-bo-dmtthc-linh-vuc-dkdn-.....signed639222987278176853.pdf,8978695a3439adb36d33449aa4e7e2434e75e48cbd6a4ef9e091073b468a9374,- Nghị quyết 12/2026/NQ - HĐND ngày 28/7/2026 của HĐND thành phố Hải Phòng. 15 2.002638 Cấp lại Giấy chứng nhận đăng ký tổ hợp tác/ Giấy chứng nhận 01 ngày làm việc 01 ngày làm việc - Trung tâm Phục v ụ hành chính Mức thu lệ phí đăng ký kinh - Luật Hợp tác xã 2023; - Nghị định số 295/2026/NĐ- CP;
2026-08-11,3204/QĐ-UBND,2.002639,Đăng ký thay đổi nội dung đăng ký tổ hợp tác,TÀI CHÍNH,modified,Sửa đổi/bổ sung,commune,2026-08-11,current,https://cathai.haiphong.gov.vn/linh-vuc-so-tai-chinh/quyet-dinh-so-3204-qd-ubnd-ngay-11-8-2026-cua-ubnd-dac-khu-ve-viec-cong-bo-thu-tuc-hanh-chinh-du-948822,https://cdn.haiphong.gov.vn/gov-hpg/5889/tintuc/2026/8/quyet-dinh-2026-cong-bo-dmtthc-linh-vuc-dkdn-.....signed639222987278176853.pdf,8978695a3439adb36d33449aa4e7e2434e75e48cbd6a4ef9e091073b468a9374,"- Nghị quyết 12/2026/NQ - HĐND ngày 28/7/2026 của HĐND thành phố Hải Phòng. 4 2.002639 Đăng ký thay đổi nội dung đăng ký tổ hợp tác; 02 ngày làm việc 1,5 ngày làm việc - Trung tâm Phục v ụ hành chính công thành phố; - Trung tâm Phục v ụ hành chính công cấp xã. Mức thu lệ phí đăng ký kinh doanh đ ối với h ộ kinh"
2026-08-11,3204/QĐ-UBND,2.002640,"Hiệu đính, cập nhật, bổ sung thông tin đăng ký tổ hợp tác Quyết định số 1998/QĐ-BTC ngày 24/7/2026 của Bộ Tài chính về việc công bố thủ tục hành chính được sửa đổi, bổ sung, bãi bỏ trong lĩnh vực thành lập và hoạt động của tổ hợp tác, hợp tác xã, liên hiệp hợp",TÀI CHÍNH,repealed,Bãi bỏ,commune,2026-08-11,repealed,https://cathai.haiphong.gov.vn/linh-vuc-so-tai-chinh/quyet-dinh-so-3204-qd-ubnd-ngay-11-8-2026-cua-ubnd-dac-khu-ve-viec-cong-bo-thu-tuc-hanh-chinh-du-948822,https://cdn.haiphong.gov.vn/gov-hpg/5889/tintuc/2026/8/quyet-dinh-2026-cong-bo-dmtthc-linh-vuc-dkdn-.....signed639222987278176853.pdf,8978695a3439adb36d33449aa4e7e2434e75e48cbd6a4ef9e091073b468a9374,"hành chính Tên thủ tục hành chính Văn bản quy định bãi bỏ thủ tục hành chính LĨNH VỰC THÀNH LẬP VÀ HOẠT ĐỘNG CỦA TỔ HỢP TÁC 1. 2.002640 Hiệu đính, cập nhật, bổ sung thông tin đăng ký tổ hợp tác Quyết định số 1998/QĐ-BTC ngày 24/7/2026 của Bộ Tài chính về việc công bố thủ tục hành chính được sửa đổi, bổ sung, bãi bỏ trong lĩnh vực thành lập và hoạt động của tổ hợp tác, hợp tác xã, liên hiệp hợp tác xã thuộc phạm vi chức năng quản lý của Bộ Tài chính"
2026-08-11,3204/QĐ-UBND,2.002641,"Thông báo tạm ngừng kinh doanh/ tiếp tục kinh doanh trở lại đối với tổ hợp tác, hợp tác xã, liên hiệp hợp tác xã, chi nhánh, văn phòng đại diện, địa điểm kinh doanh",TÀI CHÍNH,modified,Sửa đổi/bổ sung,commune,2026-08-11,current,https://cathai.haiphong.gov.vn/linh-vuc-so-tai-chinh/quyet-dinh-so-3204-qd-ubnd-ngay-11-8-2026-cua-ubnd-dac-khu-ve-viec-cong-bo-thu-tuc-hanh-chinh-du-948822,https://cdn.haiphong.gov.vn/gov-hpg/5889/tintuc/2026/8/quyet-dinh-2026-cong-bo-dmtthc-linh-vuc-dkdn-.....signed639222987278176853.pdf,8978695a3439adb36d33449aa4e7e2434e75e48cbd6a4ef9e091073b468a9374,"- Nghị quyết 12/2026/NQ - HĐND ngày 28/7/2026 của HĐND thành phố Hải Phòng. 16 2.002641 Thông báo tạm ngừng kinh doanh/ tiếp tục kinh doanh trở lại đối với tổ hợp tác, hợp tác xã, liên hiệp hợp tác xã, chi nhánh, văn phòng đại diện, địa điểm kinh doanh 03 ngày làm việc 1,5 ngày làm việc - Trung tâm Phục v ụ hành chính công thành phố; - Trung tâm Phục v ụ hành chính công cấp xã. Mức thu lệ"
2026-08-11,3204/QĐ-UBND,2.002642,Chấm dứt hoạt động tổ hợp tác - Trường hợp thông báo chấm dứt hoạt động tổ hợp tác: 01 ngày làm việc; - Trường hợp đăng ký chấm dứt hoạt động tổ - Trường hợp thông báo chấm dứt hoạt động tổ hợp tác: 01 ngày làm việc; - Trường hợp,TÀI CHÍNH,modified,Sửa đổi/bổ sung,commune,2026-08-11,current,https://cathai.haiphong.gov.vn/linh-vuc-so-tai-chinh/quyet-dinh-so-3204-qd-ubnd-ngay-11-8-2026-cua-ubnd-dac-khu-ve-viec-cong-bo-thu-tuc-hanh-chinh-du-948822,https://cdn.haiphong.gov.vn/gov-hpg/5889/tintuc/2026/8/quyet-dinh-2026-cong-bo-dmtthc-linh-vuc-dkdn-.....signed639222987278176853.pdf,8978695a3439adb36d33449aa4e7e2434e75e48cbd6a4ef9e091073b468a9374,- Nghị quyết 12 /2026/NQ- HĐND ngày 28/7/2026 của HĐND thành phố Hải Phòng. 5 2.002642 Chấm dứt hoạt động tổ hợp tác - Trường hợp thông báo chấm dứt hoạt động tổ hợp tác: 01 ngày làm việc; - Trường hợp đăng ký chấm dứt hoạt động tổ - Trường hợp thông báo chấm dứt hoạt động tổ hợp tác: 01 ngày làm việc; - Trường hợp đăng ký chấm dứt hoạt động tổ hợp
2026-08-11,3204/QĐ-UBND,2.002643,"Dừng thực hiện thủ tục đăng ký tổ hợp tác, hợp",TÀI CHÍNH,modified,Sửa đổi/bổ sung,commune,2026-08-11,current,https://cathai.haiphong.gov.vn/linh-vuc-so-tai-chinh/quyet-dinh-so-3204-qd-ubnd-ngay-11-8-2026-cua-ubnd-dac-khu-ve-viec-cong-bo-thu-tuc-hanh-chinh-du-948822,https://cdn.haiphong.gov.vn/gov-hpg/5889/tintuc/2026/8/quyet-dinh-2026-cong-bo-dmtthc-linh-vuc-dkdn-.....signed639222987278176853.pdf,8978695a3439adb36d33449aa4e7e2434e75e48cbd6a4ef9e091073b468a9374,"- Nghị quyết 12/2026/NQ - HĐND ngày 28/7/2026 của HĐND thành phố Hải Phòng. 17 2.002643 Dừng thực hiện thủ tục đăng ký tổ hợp tác, hợp 01 ngày làm việc 01 ngày làm việc - Trung tâm Phục v ụ Mức thu lệ phí đăng - Luật Hợp tác xã 2023;"
2026-08-11,3204/QĐ-UBND,2.002648,"Hiệu đính, cập nhật, bổ sung thông tin đăng ký tổ hợp tác, hợp tác xã, liên hiệp hợp tác xã, chi nhánh, văn phòng đại diện, địa điểm kinh doanh của hợp tác xã, liên hiệp hợp tác xã",TÀI CHÍNH,modified,Sửa đổi/bổ sung,commune,2026-08-11,current,https://cathai.haiphong.gov.vn/linh-vuc-so-tai-chinh/quyet-dinh-so-3204-qd-ubnd-ngay-11-8-2026-cua-ubnd-dac-khu-ve-viec-cong-bo-thu-tuc-hanh-chinh-du-948822,https://cdn.haiphong.gov.vn/gov-hpg/5889/tintuc/2026/8/quyet-dinh-2026-cong-bo-dmtthc-linh-vuc-dkdn-.....signed639222987278176853.pdf,8978695a3439adb36d33449aa4e7e2434e75e48cbd6a4ef9e091073b468a9374,"- Nghị quyết 12/2 026/NQ- HĐND ngày 28/7/2026 của HĐND thành phố Hải Phòng. 18 2.002648 Hiệu đính, cập nhật, bổ sung thông tin đăng ký tổ hợp tác, hợp tác xã, liên hiệp hợp tác xã, chi nhánh, văn phòng đại diện, địa điểm kinh doanh của hợp tác xã, liên hiệp hợp tác xã 01 ngày làm việc 01 ngày làm việc - Trung tâm Phục v ụ hành chính công thành phố; - Trung tâm Phục v ụ hành chính"
2026-08-11,3204/QĐ-UBND,2.002649,"Thông báo bổ sung, cập nhật thông tin trong hồ sơ đăng ký hợp tác xã, liên hiệp hợp tác xã",TÀI CHÍNH,modified,Sửa đổi/bổ sung,commune,2026-08-11,current,https://cathai.haiphong.gov.vn/linh-vuc-so-tai-chinh/quyet-dinh-so-3204-qd-ubnd-ngay-11-8-2026-cua-ubnd-dac-khu-ve-viec-cong-bo-thu-tuc-hanh-chinh-du-948822,https://cdn.haiphong.gov.vn/gov-hpg/5889/tintuc/2026/8/quyet-dinh-2026-cong-bo-dmtthc-linh-vuc-dkdn-.....signed639222987278176853.pdf,8978695a3439adb36d33449aa4e7e2434e75e48cbd6a4ef9e091073b468a9374,"- Nghị quyết 12/2026/NQ - HĐND ngày 28/7/2026 của HĐND thành phố Hải Phòng. 6 2.002649 Thông báo bổ sung, cập nhật thông tin trong hồ sơ đăng ký hợp tác xã, liên hiệp hợp tác xã 01 ngày làm việc 01 ngày làm việc - Trung tâm Phục v ụ hành chính công thành phố; - Trung tâm Phục v ụ hành chính công cấp xã. Mức thu lệ phí đăng ký kinh doanh đ ối"
2026-08-14,3249/QĐ-UBND,1.011606,"Công nh ận h ộ nghèo, h ộ cận nghèo, h ộ thoát nghèo, hộ thoát cận nghèo định kỳ hằng năm - Điều 2 Nghị định số 351/2025/NĐ -CP ngày 30/12/2025 của Chính phủ quy định về chuẩn nghèo đa chiều quốc gia giai đoạn 2026-2030 quy định thực hiện trong năm 2026",GIẢM NGHÈO,repealed,Bãi bỏ,commune,2026-09-01,current,https://cathai.haiphong.gov.vn/linh-vuc-giam-ngheo-93737/quyet-dinh-so-3249-qd-ubnd-ngay-14-8-2026-cua-ubnd-thanh-pho-hai-phong-ve-viec-cong-bo-danh-muc--950142,https://cdn.haiphong.gov.vn/gov-hpg/5889/tintuc/2026/8/quyet-dinh-3249-2026-cong-bo-dmtthc-linh-vuc-giam-ngheo-so-nnmt-ttr759-qd3121-.giam-ngheo.signed639226384730507031.pdf,deaad03d7d9faba4bdaf042fb324c582335440181dac591b3579fcadc3518f02,"Tên thủ tục hành chính Tên VBQPPL quy định việc bãi bỏ thủ tục hành chính thu nhập thấp thuộc Chương trình mục tiêu quốc gia giai đoạn 2021 - 2025 hết hiệu lực thi hành từ ngày 01 tháng 01 năm 2027. 4 1.011606 Công nh ận h ộ nghèo, h ộ cận nghèo, h ộ thoát nghèo, hộ thoát cận nghèo định kỳ hằng năm - Điều 2 Nghị định số 351/2025/NĐ -CP ngày 30/12/2025 của Chính phủ quy định về chuẩn nghèo đa chiều quốc gia giai đoạn 2026-2030 quy định thực hiện trong năm 2026. - Khoản 2 Điều 10 Thông tư số 25/20"
2026-08-14,3249/QĐ-UBND,1.011607,"Công nhận hộ nghèo, hộ cận nghèo thường xuyên hằng năm - Điều 2 Nghị định số 351/2025/NĐ -CP ngày 30/12/2025 của Chính phủ quy định về chuẩn nghèo đa chiều quốc gia giai đoạn 2026-2030 quy định thực hiện trong năm 2026. - Khoản 2 Điều 10 Thông tư số 25/2026/TT -BNNMT của Bộ Nông",GIẢM NGHÈO,repealed,Bãi bỏ,commune,2026-09-01,future_effective,https://cathai.haiphong.gov.vn/linh-vuc-giam-ngheo-93737/quyet-dinh-so-3249-qd-ubnd-ngay-14-8-2026-cua-ubnd-thanh-pho-hai-phong-ve-viec-cong-bo-danh-muc--950142,https://cdn.haiphong.gov.vn/gov-hpg/5889/tintuc/2026/8/quyet-dinh-3249-2026-cong-bo-dmtthc-linh-vuc-giam-ngheo-so-nnmt-ttr759-qd3121-.giam-ngheo.signed639226384730507031.pdf,deaad03d7d9faba4bdaf042fb324c582335440181dac591b3579fcadc3518f02,"chính Tên thủ tục hành chính Tên VBQPPL quy định việc bãi bỏ thủ tục hành chính I LĨNH VỰC GIẢM NGHÈO (bị bãi bỏ từ ngày 01/01/2027) 1 1.011607 Công nhận hộ nghèo, hộ cận nghèo thường xuyên hằng năm - Điều 2 Nghị định số 351/2025/NĐ -CP ngày 30/12/2025 của Chính phủ quy định về chuẩn nghèo đa chiều quốc gia giai đoạn 2026-2030 quy định thực hiện trong năm 2026. - Khoản 2 Điều 10 Thông tư số 25/2026/TT -BNNMT của Bộ Nông nghiệp và Môi trường: Hướng dẫn quy trình, phương pháp rà soát, công nhận hộ"
2026-08-14,3249/QĐ-UBND,1.011608,"Công nh ận h ộ thoát nghèo, h ộ thoát c ận nghèo thường xuyên hằng năm - Điều 2 Nghị định số 351/2025/NĐ -CP ngày 30/12/2025 của Chính phủ quy định về chuẩn nghèo đa chiều quốc gia giai đoạn 2026-2030 quy định thực hiện trong năm 2026",GIẢM NGHÈO,repealed,Bãi bỏ,commune,2026-09-01,future_effective,https://cathai.haiphong.gov.vn/linh-vuc-giam-ngheo-93737/quyet-dinh-so-3249-qd-ubnd-ngay-14-8-2026-cua-ubnd-thanh-pho-hai-phong-ve-viec-cong-bo-danh-muc--950142,https://cdn.haiphong.gov.vn/gov-hpg/5889/tintuc/2026/8/quyet-dinh-3249-2026-cong-bo-dmtthc-linh-vuc-giam-ngheo-so-nnmt-ttr759-qd3121-.giam-ngheo.signed639226384730507031.pdf,deaad03d7d9faba4bdaf042fb324c582335440181dac591b3579fcadc3518f02,"đa chiều quốc gia giai đoạn 2027 -2030 từ ngày 01/9/2026 đồng thời thực hiện rà soát hộ nghèo, hộ cận nghèo, hộ thoát nghèo năm 2026 theo chuẩn nghèo đa chiều quốc gia giai đoạn 2027-2030. 2 1.011608 Công nh ận h ộ thoát nghèo, h ộ thoát c ận nghèo thường xuyên hằng năm - Điều 2 Nghị định số 351/2025/NĐ -CP ngày 30/12/2025 của Chính phủ quy định về chuẩn nghèo đa chiều quốc gia giai đoạn 2026-2030 quy định thực hiện trong năm 2026. - Khoản 2 Điều 10 Thông tư số 25/2026/TT -BNNMT của Bộ Nông nghi"
2026-08-14,3249/QĐ-UBND,3.000412,"Công nhận người lao động có thu nhập thấp Khoản 3 Điều 5 Nghị định số 351/2025/NĐ-CP ngày 30/12/2025 của Chính phủ quy định về chuẩn nghèo đa chiều quốc gia giai đoạn 2026- 2030 quy định Tiêu chí, quy trình rà soát, xác định người lao động có",GIẢM NGHÈO,repealed,Bãi bỏ,commune,2026-09-01,future_effective,https://cathai.haiphong.gov.vn/linh-vuc-giam-ngheo-93737/quyet-dinh-so-3249-qd-ubnd-ngay-14-8-2026-cua-ubnd-thanh-pho-hai-phong-ve-viec-cong-bo-danh-muc--950142,https://cdn.haiphong.gov.vn/gov-hpg/5889/tintuc/2026/8/quyet-dinh-3249-2026-cong-bo-dmtthc-linh-vuc-giam-ngheo-so-nnmt-ttr759-qd3121-.giam-ngheo.signed639226384730507031.pdf,deaad03d7d9faba4bdaf042fb324c582335440181dac591b3579fcadc3518f02,"đa chiều quốc gia giai đoạn 2027 -2030 từ ngày 01/9/2026 đồng thời thực hiện rà soát hộ nghèo, hộ cận nghèo, hộ thoát nghèo năm 2026 theo chuẩn nghèo đa chiều quốc gia giai đoạn 2027-2030. 3 3.000412 Công nhận người lao động có thu nhập thấp Khoản 3 Điều 5 Nghị định số 351/2025/NĐ-CP ngày 30/12/2025 của Chính phủ quy định về chuẩn nghèo đa chiều quốc gia giai đoạn 2026- 2030 quy định Tiêu chí, quy trình rà soát, xác định người lao động có"
2026-08-30,3500/QĐ-UBND,1.013337,"Đăng ký công bố hợp quy đối với các sản phẩm, hàng hóa được quản lý bởi các quy chuẩn kỹ thuật quốc gia do Bộ Lao động - Thương binh và Xã hội ban hành - Nghị định số 22/2026/NĐ -CP ngày 16/01/2026 của Chính phủ; - Thông tư số 14/2026/TT -BKHCN ngày",NỘI VỤ,repealed,Bãi bỏ,province,2026-08-30,repealed,https://namsach.haiphong.gov.vn/cong-khai-danh-muc-thu-tuc-hanh-chinh/cong-khai-quyet-dinh-so-3500-qd-ubnd-ngay-30-8-2026-cua-ubnd-thanh-pho-hai-phong-ve-viec-cong-bo-958426,https://cdn.haiphong.gov.vn/gov-hpg/6833/tintuc/2026/9/qd-3500-nv639240495312924587.pdf,25f70374fdb8dd7b03b2f5aee14cd74b5cb09daa2f08e3ed3779c748e6214421,"nhập khẩu Nghị định số 37/2026/NĐ -CP ngày 23/01/2026 của Chính phủ 2. 1.013337 Đăng ký công bố hợp quy đối với các sản phẩm, hàng hóa được quản lý bởi các quy chuẩn kỹ thuật quốc gia do Bộ Lao động - Thương binh và Xã hội ban hành - Nghị định số 22/2026/NĐ -CP ngày 16/01/2026 của Chính phủ; - Thông tư số 14/2026/TT -BKHCN ngày 09/4/2026 của B ộ trưởng Bộ Khoa học và Công nghệ THỦ TỤC HÀNH CHÍNH DÙNG CHUNG (CẤP BỘ, CẤP TỈNH, CẤP XÃ) LĨNH VỰC CÔNG CHỨC 1. 1.014116 Thủ tục tiếp nhận vào công chức "
2026-08-30,3500/QĐ-UBND,1.013723,Thủ tục kiểm tra nhà nước về chất lượng hàng hóa hàng hóa nhóm 2 nhập khẩu Nghị định số 37/2026/NĐ -CP ngày 23/01/2026 của Chính phủ,NỘI VỤ,repealed,Bãi bỏ,province,2026-08-30,repealed,https://namsach.haiphong.gov.vn/cong-khai-danh-muc-thu-tuc-hanh-chinh/cong-khai-quyet-dinh-so-3500-qd-ubnd-ngay-30-8-2026-cua-ubnd-thanh-pho-hai-phong-ve-viec-cong-bo-958426,https://cdn.haiphong.gov.vn/gov-hpg/6833/tintuc/2026/9/qd-3500-nv639240495312924587.pdf,25f70374fdb8dd7b03b2f5aee14cd74b5cb09daa2f08e3ed3779c748e6214421,"TTHC Tên thủ tục hành chính Tên VB QPPL quy định việc bãi bỏ TTHC THỦ TỤC HÀNH CHÍNH CẤP TỈNH LĨNH VỰC AN TOÀN, VỆ SINH LAO ĐỘNG 1. 1.013723 Thủ tục kiểm tra nhà nước về chất lượng hàng hóa hàng hóa nhóm 2 nhập khẩu Nghị định số 37/2026/NĐ -CP ngày 23/01/2026 của Chính phủ 2. 1.013337 Đăng ký công bố hợp quy đối với các sản phẩm, hàng hóa được quản lý bởi các quy chuẩn kỹ thuật quốc gia do Bộ Lao động - Thương binh và Xã hội ban hành - Nghị định số 22/2026/NĐ -CP ngày 16/01/2026 của Chính phủ; -"
2026-08-30,3500/QĐ-UBND,1.014111,Thủ tục thi tuyển công chức,NỘI VỤ,reduced,Có bằng chứng trong phụ lục về nội dung sau cắt giảm,shared_including_commune,2026-08-30,current,https://namsach.haiphong.gov.vn/cong-khai-danh-muc-thu-tuc-hanh-chinh/cong-khai-quyet-dinh-so-3500-qd-ubnd-ngay-30-8-2026-cua-ubnd-thanh-pho-hai-phong-ve-viec-cong-bo-958426,https://cdn.haiphong.gov.vn/gov-hpg/6833/tintuc/2026/9/qd-3500-nv639240495312924587.pdf,25f70374fdb8dd7b03b2f5aee14cd74b5cb09daa2f08e3ed3779c748e6214421,"Theo quy định Sau cắt giảm THỦ TỤC HÀNH CHÍNH DÙNG CHUNG (CẤP BỘ, CẤP TỈNH, CẤP XÃ) LĨNH VỰC CÔNG CHỨC 1. 1.014111 Thủ tục thi tuyển công chức Tối đa 140 ngày kể từ ngày hết thời hạn nhận Phiếu đăng ký dự tuyển cho đến khi người đứng đầu cơ quan có thẩm quyền tuyển dụng ra quyết định tuyển dụng và gửi tới người trúng tuyển (theo Nghị định) Tối đa 70 ngày"
2026-08-30,3500/QĐ-UBND,1.014113,Thủ tục xét tuyển công chức,NỘI VỤ,modified,Sửa đổi/bổ sung,shared_including_commune,2026-08-30,current,https://namsach.haiphong.gov.vn/cong-khai-danh-muc-thu-tuc-hanh-chinh/cong-khai-quyet-dinh-so-3500-qd-ubnd-ngay-30-8-2026-cua-ubnd-thanh-pho-hai-phong-ve-viec-cong-bo-958426,https://cdn.haiphong.gov.vn/gov-hpg/6833/tintuc/2026/9/qd-3500-nv639240495312924587.pdf,25f70374fdb8dd7b03b2f5aee14cd74b5cb09daa2f08e3ed3779c748e6214421,"dụng phí tuyển dụng, dự thi nâng ngạch, thăng hạng viên chức, viên chức. 2. 1.014113 Thủ tục xét tuyển công chức Tối đa 75 ngày kể từ ngày hết thời hạn nhận Phiếu đăng ký dự tuyển đến khi người đứng đầu cơ quan có thẩm quyền tuyển dụng ra quyết định tuyển dụng và gửi tới người trúng tuyển (theo Nghị định). Tối đa 38 ngày"
2026-08-30,3500/QĐ-UBND,1.014116,"Thủ tục tiếp nhận vào công chức không giữ chức vụ lãnh đạo, quản lý Nghị định số 300/2026/NĐ-CP ngày 29 tháng",NỘI VỤ,repealed,Bãi bỏ,shared_including_commune,2026-08-30,repealed,https://namsach.haiphong.gov.vn/cong-khai-danh-muc-thu-tuc-hanh-chinh/cong-khai-quyet-dinh-so-3500-qd-ubnd-ngay-30-8-2026-cua-ubnd-thanh-pho-hai-phong-ve-viec-cong-bo-958426,https://cdn.haiphong.gov.vn/gov-hpg/6833/tintuc/2026/9/qd-3500-nv639240495312924587.pdf,25f70374fdb8dd7b03b2f5aee14cd74b5cb09daa2f08e3ed3779c748e6214421,"Công nghệ THỦ TỤC HÀNH CHÍNH DÙNG CHUNG (CẤP BỘ, CẤP TỈNH, CẤP XÃ) LĨNH VỰC CÔNG CHỨC 1. 1.014116 Thủ tục tiếp nhận vào công chức không giữ chức vụ lãnh đạo, quản lý Nghị định số 300/2026/NĐ-CP ngày 29 tháng 7 năm 2026 của Chính phủ sửa đổi, bổ sung một số điều của Nghị định số 170/2025/NĐ - CP ngày 30 tháng 6 năm 2025 của Chính phủ quy định về tuyển dụng, sử dụng và quản lý công chức."
2026-08-30,3500/QĐ-UBND,1.116316,Kiểm tra chất lượng hàng hóa nhập khẩu có mức độ rủi ro cao thuộc trách nhiệm quản lý nhà nước của Bộ Nội vụ tại Danh mục ban hành kèm theo Thông tư số 16/2026/TT- BNV,NỘI VỤ,new,Ban hành mới,province,2026-08-30,current,https://namsach.haiphong.gov.vn/cong-khai-danh-muc-thu-tuc-hanh-chinh/cong-khai-quyet-dinh-so-3500-qd-ubnd-ngay-30-8-2026-cua-ubnd-thanh-pho-hai-phong-ve-viec-cong-bo-958426,https://cdn.haiphong.gov.vn/gov-hpg/6833/tintuc/2026/9/qd-3500-nv639240495312924587.pdf,25f70374fdb8dd7b03b2f5aee14cd74b5cb09daa2f08e3ed3779c748e6214421,"Theo quy định Sau cắt giảm THỦ TỤC HÀNH CHÍNH CẤP TỈNH LĨNH VỰC AN TOÀN, VỆ SINH LAO ĐỘNG 1. 1.116316 Kiểm tra chất lượng hàng hóa nhập khẩu có mức độ rủi ro cao thuộc trách nhiệm quản lý nhà nước của Bộ Nội vụ tại Danh mục ban hành kèm theo Thông tư số 16/2026/TT- BNV 01 ngày làm việc kể từ ngày hồ sơ đầy đủ, hợp lệ 01 ngày làm"
2026-09-01,3501/QĐ-UBND,1.013860,Cấp gi ấy chứng nhận bị phơi nhi ễm với HIV do tai nạn r ủi ro nghề nghiệp,PHÒNG BỆNH,reduced,Có bằng chứng trong phụ lục về nội dung sau cắt giảm,province,2027-03-01,future_effective,https://namsach.haiphong.gov.vn/cong-khai-danh-muc-thu-tuc-hanh-chinh/cong-khai-quyet-dinh-so-3501-qd-ubnd-ngay-01-9-2026-cua-ubnd-thanh-pho-hai-phong-ve-viec-cong-bo-958422,https://cdn.haiphong.gov.vn/gov-hpg/6833/tintuc/2026/9/qd-3501-yt639240494398182291.pdf,b8ed93fa8f53bb1a902973651f5323a6f7ca0163e164f72ef89ce13b30f88d12,"Sau cắt giảm THỦ TỤC HÀNH CHÍNH CẤP TỈNH (02 TTHC) 1. 1.013860 Cấp gi ấy chứng nhận bị phơi nhi ễm với HIV do tai nạn r ủi ro nghề nghiệp 03 ngày làm việc kể từ ngày ghi trên phi ếu tiếp nh ận hồ sơ 2,5 ngày làm việc kể từ ngày ghi trên phiếu tiếp nhận hồ sơ"
2026-09-01,3501/QĐ-UBND,1.013864,Cấp gi ấy chứng nhận bị phơi nhi ễm với HIV do tai nạn r ủi ro nghề nghiệp,PHÒNG BỆNH,modified,Sửa đổi/bổ sung,province,2027-03-01,future_effective,https://namsach.haiphong.gov.vn/cong-khai-danh-muc-thu-tuc-hanh-chinh/cong-khai-quyet-dinh-so-3501-qd-ubnd-ngay-01-9-2026-cua-ubnd-thanh-pho-hai-phong-ve-viec-cong-bo-958422,https://cdn.haiphong.gov.vn/gov-hpg/6833/tintuc/2026/9/qd-3501-yt639240494398182291.pdf,b8ed93fa8f53bb1a902973651f5323a6f7ca0163e164f72ef89ce13b30f88d12,"nạn rủi ro nghề nghiệp. - Thông tư số 02/2026/TTBYT ngày 05/02/2026 của Bộ trưởng Bộ Y tế 2. 1.013864 Cấp gi ấy chứng nhận bị phơi nhi ễm với HIV do tai nạn r ủi ro nghề nghiệp 03 ngày làm việc kể từ ngày ghi trên phi ếu tiếp nh ận hồ sơ 2,5 ngày làm việc kể từ ngày ghi trên phi ếu tiếp nh ận hồ sơ"
2026-09-03,3508/QĐ-UBND,1.000302,"Cấp, c ấp l ại Giấy phép v ận tải đư ờng b ộ",ĐƯỜNG BỘ,modified,Sửa đổi/bổ sung,,2026-09-03,current,https://namsach.haiphong.gov.vn/cong-khai-danh-muc-thu-tuc-hanh-chinh/cong-khai-quyet-dinh-so-3508-qd-ubnd-ngay-03-9-2026-cua-ubnd-thanh-pho-hai-phong-ve-viec-cong-bo-958460,https://cdn.haiphong.gov.vn/gov-hpg/6833/tintuc/2026/9/qd-3508-xd639240506704881699.pdf,525444c6f7c5736bdb20bcd302536e4f5327eceeeae0a922588dd1cb6dad07a7,"số 158/2024/NĐ-CP ngày 18 tháng 12 năm 2024 c ủa Chính ph ủ quy định về hoạt động vận tải đường bộ. 20 1.000302 Cấp, c ấp l ại Giấy phép v ận tải đư ờng b ộ 01 ngày làm việc kể từ ngày Không thực hi ện cắt giảm - Trung tâm Phục v ụ hành chính công Không quy định - Nghị định s ố 158/2024/NĐ-CP ngày 18/12/2024 c ủa Chính ph ủ quy định về hoạt động vận tải đường bộ;"
2026-09-03,3508/QĐ-UBND,1.000321,"Đăng ký khai thác tuy ến, b ổ",ĐƯỜNG BỘ,modified,Sửa đổi/bổ sung,,2026-09-03,current,https://namsach.haiphong.gov.vn/cong-khai-danh-muc-thu-tuc-hanh-chinh/cong-khai-quyet-dinh-so-3508-qd-ubnd-ngay-03-9-2026-cua-ubnd-thanh-pho-hai-phong-ve-viec-cong-bo-958460,https://cdn.haiphong.gov.vn/gov-hpg/6833/tintuc/2026/9/qd-3508-xd639240506704881699.pdf,525444c6f7c5736bdb20bcd302536e4f5327eceeeae0a922588dd1cb6dad07a7,"số 158/2024/NĐ-CP ngày 18 tháng 12 năm 2024 c ủa Chính ph ủ quy định về hoạt động vận tải đường bộ. 23 1.000321 Đăng ký khai thác tuy ến, b ổ 01 ngày làm việc kể Không thực hi ện - Trung tâm Phục v ụ hành Không quy định - Nghị định s ố 158/2024/NĐ-CP ngày 18/12/2024 c ủa Chính ph ủ quy"
2026-09-03,3508/QĐ-UBND,1.000703,"Cấp Gi ấy phép kinh doanh v ận tải bằng xe ô tô, bằng xe b ốn bánh có g ắn động cơ",ĐƯỜNG BỘ,modified,Sửa đổi/bổ sung,,2026-09-03,current,https://namsach.haiphong.gov.vn/cong-khai-danh-muc-thu-tuc-hanh-chinh/cong-khai-quyet-dinh-so-3508-qd-ubnd-ngay-03-9-2026-cua-ubnd-thanh-pho-hai-phong-ve-viec-cong-bo-958460,https://cdn.haiphong.gov.vn/gov-hpg/6833/tintuc/2026/9/qd-3508-xd639240506704881699.pdf,525444c6f7c5736bdb20bcd302536e4f5327eceeeae0a922588dd1cb6dad07a7,"định Sau khi cắt giảm 1 1.000703 Cấp Gi ấy phép kinh doanh v ận tải bằng xe ô tô, bằng xe b ốn bánh có g ắn động cơ 04 ngày làm việc kể từ ngày nhận đủ hồ sơ đúng theo quy định 2,5 ngày làm việc kể từ ngày nhận đủ hồ sơ đúng"
2026-09-03,3508/QĐ-UBND,1.001023,"Cấp, c ấp l ại Giấy phép liên vận gi ữa Vi ệt Nam và Campuchia",ĐƯỜNG BỘ,modified,Sửa đổi/bổ sung,,2026-09-03,current,https://namsach.haiphong.gov.vn/cong-khai-danh-muc-thu-tuc-hanh-chinh/cong-khai-quyet-dinh-so-3508-qd-ubnd-ngay-03-9-2026-cua-ubnd-thanh-pho-hai-phong-ve-viec-cong-bo-958460,https://cdn.haiphong.gov.vn/gov-hpg/6833/tintuc/2026/9/qd-3508-xd639240506704881699.pdf,525444c6f7c5736bdb20bcd302536e4f5327eceeeae0a922588dd1cb6dad07a7,"số 158/2024/NĐ-CP ngày 18 tháng 12 năm 2024 c ủa Chính ph ủ quy định về hoạt động vận tải đường bộ. 21 1.001023 Cấp, c ấp l ại Giấy phép liên vận gi ữa Vi ệt Nam và Campuchia 01 ngày làm việc kể từ ngày nhận đủ hồ sơ hợp lệ Không thực hi ện cắt giảm - Trung tâm Phục v ụ hành chính công thành phố - Trung tâm"
2026-09-03,3508/QĐ-UBND,1.001577,Gia h ạn th ời gian lưu hành tại Việt Nam cho phương ti ện c ủa Campuchia,ĐƯỜNG BỘ,modified,Sửa đổi/bổ sung,,2026-09-03,current,https://namsach.haiphong.gov.vn/cong-khai-danh-muc-thu-tuc-hanh-chinh/cong-khai-quyet-dinh-so-3508-qd-ubnd-ngay-03-9-2026-cua-ubnd-thanh-pho-hai-phong-ve-viec-cong-bo-958460,https://cdn.haiphong.gov.vn/gov-hpg/6833/tintuc/2026/9/qd-3508-xd639240506704881699.pdf,525444c6f7c5736bdb20bcd302536e4f5327eceeeae0a922588dd1cb6dad07a7,số 158/2024/NĐ-CP ng ày 18 tháng 12 năm 2024 c ủa Chính ph ủ quy định về hoạt động vận tải đường bộ. 22 1.001577 Gia h ạn th ời gian lưu hành tại Việt Nam cho phương ti ện c ủa Campuchia 01 ngày làm việc kể từ ngày nhận đủ hồ sơ hợp lệ Không thực hi ện cắt giảm - Trung tâm Phục v ụ hành chính công thành phố - Trung tâm
2026-09-03,3508/QĐ-UBND,1.001737,Gia h ạn th ời gian lưu hành tại Việt Nam cho phương ti ện c ủa Trung Quốc,ĐƯỜNG BỘ,modified,Sửa đổi/bổ sung,,2026-09-03,current,https://namsach.haiphong.gov.vn/cong-khai-danh-muc-thu-tuc-hanh-chinh/cong-khai-quyet-dinh-so-3508-qd-ubnd-ngay-03-9-2026-cua-ubnd-thanh-pho-hai-phong-ve-viec-cong-bo-958460,https://cdn.haiphong.gov.vn/gov-hpg/6833/tintuc/2026/9/qd-3508-xd639240506704881699.pdf,525444c6f7c5736bdb20bcd302536e4f5327eceeeae0a922588dd1cb6dad07a7,số 158/2024/NĐ-CP ngày 18 tháng 12 năm 2024 c ủa Chính ph ủ quy định về hoạt động vận tải đường bộ. 14 1.001737 Gia h ạn th ời gian lưu hành tại Việt Nam cho phương ti ện c ủa Trung Quốc 01 ngày làm việc kể từ ngày nhận đủ hồ sơ hợp lệ Không thực hi ện cắt giảm - Trung tâm Phục v ụ hành chính công thành phố - Trung tâm
2026-09-03,3508/QĐ-UBND,1.002046,Gia h ạn th ời gian lưu hành tại Việt Nam cho phương ti ện c ủa các nư ớc th ực hiện Hi ệp đ ịnh GMS,ĐƯỜNG BỘ,modified,Sửa đổi/bổ sung,,2026-09-03,current,https://namsach.haiphong.gov.vn/cong-khai-danh-muc-thu-tuc-hanh-chinh/cong-khai-quyet-dinh-so-3508-qd-ubnd-ngay-03-9-2026-cua-ubnd-thanh-pho-hai-phong-ve-viec-cong-bo-958460,https://cdn.haiphong.gov.vn/gov-hpg/6833/tintuc/2026/9/qd-3508-xd639240506704881699.pdf,525444c6f7c5736bdb20bcd302536e4f5327eceeeae0a922588dd1cb6dad07a7,số 158/2024/NĐ-CP ngày 18 tháng 12 năm 2024 c ủa Chính ph ủ quy định về hoạt động vận tải đường bộ. 10 1.002046 Gia h ạn th ời gian lưu hành tại Việt Nam cho phương ti ện c ủa các nư ớc th ực hiện Hi ệp đ ịnh GMS 01 ngày làm việc kể từ ngày nhận đủ hồ sơ hợp lệ Không thực hi ện cắt giảm - Trung tâm Phục v ụ hành chính công
2026-09-03,3508/QĐ-UBND,1.002063,Gia h ạn th ời gian lưu hành tại Việt Nam cho phương ti ện c ủa Lào,ĐƯỜNG BỘ,modified,Sửa đổi/bổ sung,,2026-09-03,current,https://namsach.haiphong.gov.vn/cong-khai-danh-muc-thu-tuc-hanh-chinh/cong-khai-quyet-dinh-so-3508-qd-ubnd-ngay-03-9-2026-cua-ubnd-thanh-pho-hai-phong-ve-viec-cong-bo-958460,https://cdn.haiphong.gov.vn/gov-hpg/6833/tintuc/2026/9/qd-3508-xd639240506704881699.pdf,525444c6f7c5736bdb20bcd302536e4f5327eceeeae0a922588dd1cb6dad07a7,số 158/2024/NĐ-CP ngày 18 tháng 12 năm 2024 c ủa Chính ph ủ quy định về hoạt động vận tải đường bộ. 18 1.002063 Gia h ạn th ời gian lưu hành tại Việt Nam cho phương ti ện c ủa Lào 01 ngày làm việc kể từ ngày nhận đủ hồ sơ hợp lệ Không thực hi ện cắt giảm - Trung tâm Phục v ụ hành chính công thành phố - Trung tâm
2026-09-03,3508/QĐ-UBND,1.002268,"Đăng ký khai thác tuy ến, b ổ sung ho ặc thay thế phương ti ện khai thác tuy ến vận t ải hành khách c ố định giữa Vi ệt Nam, Lào và Campuchia",ĐƯỜNG BỘ,modified,Sửa đổi/bổ sung,,2026-09-03,current,https://namsach.haiphong.gov.vn/cong-khai-danh-muc-thu-tuc-hanh-chinh/cong-khai-quyet-dinh-so-3508-qd-ubnd-ngay-03-9-2026-cua-ubnd-thanh-pho-hai-phong-ve-viec-cong-bo-958460,https://cdn.haiphong.gov.vn/gov-hpg/6833/tintuc/2026/9/qd-3508-xd639240506704881699.pdf,525444c6f7c5736bdb20bcd302536e4f5327eceeeae0a922588dd1cb6dad07a7,"số 158/2024/NĐ-CP ngày 18 tháng 12 năm 2024 c ủa Chính ph ủ quy định về hoạt động vận tải đường bộ. 13 1.002268 Đăng ký khai thác tuy ến, b ổ sung ho ặc thay thế phương ti ện khai thác tuy ến vận t ải hành khách c ố định giữa Vi ệt Nam, Lào và Campuchia 01 ngày làm việc kể từ ngày nhận đủ hồ sơ hợp lệ Không thực hi ện cắt giảm"
2026-09-03,3508/QĐ-UBND,1.002286,"Gia h ạn th ời gian lưu hành tại Việt Nam cho phương ti ện c ủa Lào, Campuchia",ĐƯỜNG BỘ,modified,Sửa đổi/bổ sung,,2026-09-03,current,https://namsach.haiphong.gov.vn/cong-khai-danh-muc-thu-tuc-hanh-chinh/cong-khai-quyet-dinh-so-3508-qd-ubnd-ngay-03-9-2026-cua-ubnd-thanh-pho-hai-phong-ve-viec-cong-bo-958460,https://cdn.haiphong.gov.vn/gov-hpg/6833/tintuc/2026/9/qd-3508-xd639240506704881699.pdf,525444c6f7c5736bdb20bcd302536e4f5327eceeeae0a922588dd1cb6dad07a7,"cắt giảm xã 12 năm 2024 c ủa Chính ph ủ quy định về hoạt động vận tải đường bộ. 12 1.002286 Gia h ạn th ời gian lưu hành tại Việt Nam cho phương ti ện c ủa Lào, Campuchia 01 ngày làm việc kể từ ngày nhận đủ hồ sơ hợp lệ Không thực hi ện cắt giảm - Trung tâm Phục v ụ hành chính công thành phố - Trung tâm"
2026-09-03,3508/QĐ-UBND,1.002334,"Đăng ký khai thác tuy ến, b ổ sung ho ặc thay thế phương ti ện khai thác tuy ến vận t ải hành khách đ ịnh k ỳ giữa Vi ệt Nam và Trung Quốc",ĐƯỜNG BỘ,modified,Sửa đổi/bổ sung,,2026-09-03,current,https://namsach.haiphong.gov.vn/cong-khai-danh-muc-thu-tuc-hanh-chinh/cong-khai-quyet-dinh-so-3508-qd-ubnd-ngay-03-9-2026-cua-ubnd-thanh-pho-hai-phong-ve-viec-cong-bo-958460,https://cdn.haiphong.gov.vn/gov-hpg/6833/tintuc/2026/9/qd-3508-xd639240506704881699.pdf,525444c6f7c5736bdb20bcd302536e4f5327eceeeae0a922588dd1cb6dad07a7,"số 158/2024/NĐ-CP ngày 18 tháng 12 năm 2024 c ủa Chính ph ủ quy định về hoạt động vận tải đường bộ. 15 1.002334 Đăng ký khai thác tuy ến, b ổ sung ho ặc thay thế phương ti ện khai thác tuy ến vận t ải hành khách đ ịnh k ỳ giữa Vi ệt Nam và Trung Quốc 01 ngày làm việc kể từ ngày nhận đủ hồ sơ hợp lệ Không thực hi ện cắt giảm - Trung tâm"
2026-09-03,3508/QĐ-UBND,1.002817,"Cấp, c ấp l ại Giấy phép liên vận GMS ho ặc sổ TAD",ĐƯỜNG BỘ,modified,Sửa đổi/bổ sung,,2026-09-03,current,https://namsach.haiphong.gov.vn/cong-khai-danh-muc-thu-tuc-hanh-chinh/cong-khai-quyet-dinh-so-3508-qd-ubnd-ngay-03-9-2026-cua-ubnd-thanh-pho-hai-phong-ve-viec-cong-bo-958460,https://cdn.haiphong.gov.vn/gov-hpg/6833/tintuc/2026/9/qd-3508-xd639240506704881699.pdf,525444c6f7c5736bdb20bcd302536e4f5327eceeeae0a922588dd1cb6dad07a7,"Sau khi cắt giảm định về hoạt động vận tải đường bộ. 9 1.002817 Cấp, c ấp l ại Giấy phép liên vận GMS ho ặc sổ TAD 01 ngày làm việc kể từ ngày nhận đủ hồ sơ hợp lệ Không thực hi ện cắt giảm - Trung tâm Phục v ụ hành chính công thành phố - Trung tâm Phục v ụ hành"
2026-09-03,3508/QĐ-UBND,1.002829,"Cấp, c ấp l ại Giấy phép v ận tải đư ờng b ộ quốc tế GMS",ĐƯỜNG BỘ,modified,Sửa đổi/bổ sung,,2026-09-03,current,https://namsach.haiphong.gov.vn/cong-khai-danh-muc-thu-tuc-hanh-chinh/cong-khai-quyet-dinh-so-3508-qd-ubnd-ngay-03-9-2026-cua-ubnd-thanh-pho-hai-phong-ve-viec-cong-bo-958460,https://cdn.haiphong.gov.vn/gov-hpg/6833/tintuc/2026/9/qd-3508-xd639240506704881699.pdf,525444c6f7c5736bdb20bcd302536e4f5327eceeeae0a922588dd1cb6dad07a7,"số 158/2024/NĐ-CP ngày 18 tháng 12 năm 2024 c ủa Chính phủ quy định về hoạt động vận tải đường bộ. 8 1.002829 Cấp, c ấp l ại Giấy phép v ận tải đư ờng b ộ quốc tế GMS 01 ngày làm việc kể từ ngày nhận đủ hồ sơ hợp lệ Không thực hi ện cắt giảm - Trung tâm Phục v ụ hành chính công thành phố - Trung tâm Phục v ụ hành"
2026-09-03,3508/QĐ-UBND,1.002847,"Đăng ký khai thác tuy ến, b ổ sung, thay th ế phương tiện khai thác tuy ến v ận tải hành khách cố định gi ữa Việt Nam và Lào",ĐƯỜNG BỘ,modified,Sửa đổi/bổ sung,,2026-09-03,current,https://namsach.haiphong.gov.vn/cong-khai-danh-muc-thu-tuc-hanh-chinh/cong-khai-quyet-dinh-so-3508-qd-ubnd-ngay-03-9-2026-cua-ubnd-thanh-pho-hai-phong-ve-viec-cong-bo-958460,https://cdn.haiphong.gov.vn/gov-hpg/6833/tintuc/2026/9/qd-3508-xd639240506704881699.pdf,525444c6f7c5736bdb20bcd302536e4f5327eceeeae0a922588dd1cb6dad07a7,"số 158/2024/NĐ-CP ngày 18 tháng 12 năm 2024 c ủa Chính ph ủ quy định về hoạt động vận tải đường bộ. 19 1.002847 Đăng ký khai thác tuy ến, b ổ sung, thay th ế phương tiện khai thác tuy ến v ận tải hành khách cố định gi ữa Việt Nam và Lào 01 ngày làm việc kể từ ngày nhận đủ hồ sơ hợp lệ Không thực hi ện cắt giảm - Trung tâm"
2026-09-03,3508/QĐ-UBND,1.002856,"Cấp, c ấp l ại Giấy phép liên vận gi ữa Vi ệt Nam và Lào",ĐƯỜNG BỘ,modified,Sửa đổi/bổ sung,,2026-09-03,current,https://namsach.haiphong.gov.vn/cong-khai-danh-muc-thu-tuc-hanh-chinh/cong-khai-quyet-dinh-so-3508-qd-ubnd-ngay-03-9-2026-cua-ubnd-thanh-pho-hai-phong-ve-viec-cong-bo-958460,https://cdn.haiphong.gov.vn/gov-hpg/6833/tintuc/2026/9/qd-3508-xd639240506704881699.pdf,525444c6f7c5736bdb20bcd302536e4f5327eceeeae0a922588dd1cb6dad07a7,"số 158/2024/NĐ-CP n gày 18 tháng 12 năm 2024 c ủa Chính ph ủ quy định về hoạt động vận tải đường bộ. 17 1.002856 Cấp, c ấp l ại Giấy phép liên vận gi ữa Vi ệt Nam và Lào 01 ngày làm việc kể từ ngày nhận đủ hồ Không thực hi ện cắt giảm - Trung tâm Phục v ụ hành chính công thành phố Không quy định - Nghị định s ố 158/2024/NĐ-CP"
2026-09-03,3508/QĐ-UBND,1.002861,"Cấp, c ấp l ại Giấy phép v ận tải đư ờng b ộ quốc t ế giữa Việt Nam và Lào",ĐƯỜNG BỘ,modified,Sửa đổi/bổ sung,,2026-09-03,current,https://namsach.haiphong.gov.vn/cong-khai-danh-muc-thu-tuc-hanh-chinh/cong-khai-quyet-dinh-so-3508-qd-ubnd-ngay-03-9-2026-cua-ubnd-thanh-pho-hai-phong-ve-viec-cong-bo-958460,https://cdn.haiphong.gov.vn/gov-hpg/6833/tintuc/2026/9/qd-3508-xd639240506704881699.pdf,525444c6f7c5736bdb20bcd302536e4f5327eceeeae0a922588dd1cb6dad07a7,"số 158/2024/NĐ-CP ngày 18 tháng 12 năm 2024 c ủa Chính ph ủ quy định về hoạt động vận tải đường bộ. 16 1.002861 Cấp, c ấp l ại Giấy phép v ận tải đư ờng b ộ quốc t ế giữa Việt Nam và Lào 01 ngày làm việc kể từ ngày nhận đủ hồ sơ hợp lệ Không thực hi ện cắt giảm - Trung tâm Phục v ụ hành chính công thành phố"
2026-09-03,3508/QĐ-UBND,1.002877,"Cấp, c ấp l ại Giấy phép liên vận gi ữa Vi ệt Nam, Lào và Campuchia",ĐƯỜNG BỘ,modified,Sửa đổi/bổ sung,,2026-09-03,current,https://namsach.haiphong.gov.vn/cong-khai-danh-muc-thu-tuc-hanh-chinh/cong-khai-quyet-dinh-so-3508-qd-ubnd-ngay-03-9-2026-cua-ubnd-thanh-pho-hai-phong-ve-viec-cong-bo-958460,https://cdn.haiphong.gov.vn/gov-hpg/6833/tintuc/2026/9/qd-3508-xd639240506704881699.pdf,525444c6f7c5736bdb20bcd302536e4f5327eceeeae0a922588dd1cb6dad07a7,"số 158/2024/NĐ-CP ngày 18 tháng 12 năm 2024 c ủa Chính ph ủ quy định về hoạt động vận tải đường bộ. 11 1.002877 Cấp, c ấp l ại Giấy phép liên vận gi ữa Vi ệt Nam, Lào và Campuchia 01 ngày làm việc kể từ ngày nhận đủ hồ sơ hợp lệ Không thực hi ện cắt giảm - Trung tâm Phục v ụ hành chính công thành phố - Trung tâm"
2026-09-03,3508/QĐ-UBND,1.010702,"Cấp, c ấp l ại Giấy phép v ận tải đư ờng b ộ quốc tế ASEAN",ĐƯỜNG BỘ,modified,Sửa đổi/bổ sung,,2026-09-03,current,https://namsach.haiphong.gov.vn/cong-khai-danh-muc-thu-tuc-hanh-chinh/cong-khai-quyet-dinh-so-3508-qd-ubnd-ngay-03-9-2026-cua-ubnd-thanh-pho-hai-phong-ve-viec-cong-bo-958460,https://cdn.haiphong.gov.vn/gov-hpg/6833/tintuc/2026/9/qd-3508-xd639240506704881699.pdf,525444c6f7c5736bdb20bcd302536e4f5327eceeeae0a922588dd1cb6dad07a7,"số 158/2024/NĐ-CP ngày 18 tháng 12 năm 2024 c ủa Chính ph ủ quy định về hoạt động vận tải đường bộ. 5 1.010702 Cấp, c ấp l ại Giấy phép v ận tải đư ờng b ộ quốc tế ASEAN 01 ngày làm việc kể từ ngày nhận đủ hồ sơ hợp lệ Không thực hi ện cắt giảm - Trung tâm Phục v ụ hành chính công thành phố - Trung tâm Phục v ụ hành"
2026-09-03,3508/QĐ-UBND,1.010704,"Cấp, c ấp l ại Giấy phép liên vận ASEAN",ĐƯỜNG BỘ,modified,Sửa đổi/bổ sung,,2026-09-03,current,https://namsach.haiphong.gov.vn/cong-khai-danh-muc-thu-tuc-hanh-chinh/cong-khai-quyet-dinh-so-3508-qd-ubnd-ngay-03-9-2026-cua-ubnd-thanh-pho-hai-phong-ve-viec-cong-bo-958460,https://cdn.haiphong.gov.vn/gov-hpg/6833/tintuc/2026/9/qd-3508-xd639240506704881699.pdf,525444c6f7c5736bdb20bcd302536e4f5327eceeeae0a922588dd1cb6dad07a7,"định Sau khi cắt giảm 6 1.010704 Cấp, c ấp l ại Giấy phép liên vận ASEAN 01 ngày làm việc kể từ ngày nhận đủ hồ sơ hợp lệ Không thực hi ện cắt giảm - Trung tâm Phục v ụ hành chính công thành phố - Trung tâm Phục v ụ hành chính công c ấp"
2026-09-03,3508/QĐ-UBND,1.010707,Gia h ạn th ời gian lưu hành tại Việt Nam cho phương ti ện c ủa các nư ớc th ực hiện các Hi ệp định khung ASEAN v ề vận tải đường bộ qua biên giới,ĐƯỜNG BỘ,modified,Sửa đổi/bổ sung,,2026-09-03,current,https://namsach.haiphong.gov.vn/cong-khai-danh-muc-thu-tuc-hanh-chinh/cong-khai-quyet-dinh-so-3508-qd-ubnd-ngay-03-9-2026-cua-ubnd-thanh-pho-hai-phong-ve-viec-cong-bo-958460,https://cdn.haiphong.gov.vn/gov-hpg/6833/tintuc/2026/9/qd-3508-xd639240506704881699.pdf,525444c6f7c5736bdb20bcd302536e4f5327eceeeae0a922588dd1cb6dad07a7,"số 158/2024/NĐ-CP ngày 18 tháng 12 năm 2024 c ủa Chính ph ủ quy định về hoạt động vận tải đường bộ, 7 1.010707 Gia h ạn th ời gian lưu hành tại Việt Nam cho phương ti ện c ủa các nư ớc th ực hiện các Hi ệp định khung ASEAN v ề vận tải đường bộ qua biên giới 01 ngày làm việc kể từ ngày nhận đủ hồ sơ hợp lệ Không thực hi ện cắt giảm"
2026-09-03,3508/QĐ-UBND,2.001034,"Cấp Giấy phép vận tải đường bộ quốc tế giữa Việt Nam và Trung Quốc loại A, B, C, E, F, G cho phương tiện của Việt Nam Nghị định số 218/2026/NĐ-CP ngày 19 tháng 6 năm 2026 của Chính phủ sửa đổi, bổ sung một số điều của Nghị định số 158/2024/NĐ-CP ngày 18",ĐƯỜNG BỘ,repealed,Bãi bỏ,,2026-09-03,repealed,https://namsach.haiphong.gov.vn/cong-khai-danh-muc-thu-tuc-hanh-chinh/cong-khai-quyet-dinh-so-3508-qd-ubnd-ngay-03-9-2026-cua-ubnd-thanh-pho-hai-phong-ve-viec-cong-bo-958460,https://cdn.haiphong.gov.vn/gov-hpg/6833/tintuc/2026/9/qd-3508-xd639240506704881699.pdf,525444c6f7c5736bdb20bcd302536e4f5327eceeeae0a922588dd1cb6dad07a7,"tháng 12 năm 2024 c ủa Chính ph ủ quy định về hoạt động vận tải đường bộ. Sở Xây dựng 2 2.001034 Cấp Giấy phép vận tải đường bộ quốc tế giữa Việt Nam và Trung Quốc loại A, B, C, E, F, G cho phương tiện của Việt Nam Nghị định số 218/2026/NĐ-CP ngày 19 tháng 6 năm 2026 của Chính phủ sửa đổi, bổ sung một số điều của Nghị định số 158/2024/NĐ-CP ngày 18 tháng 12 năm 2024 c ủa Chính ph ủ quy định về hoạt động vận tải đường bộ. Sở Xây dựng"
2026-09-03,3508/QĐ-UBND,2.002285,Đăng ký khai thác tuy ến v ận tải hành khách cố định,ĐƯỜNG BỘ,modified,Sửa đổi/bổ sung,,2026-09-03,current,https://namsach.haiphong.gov.vn/cong-khai-danh-muc-thu-tuc-hanh-chinh/cong-khai-quyet-dinh-so-3508-qd-ubnd-ngay-03-9-2026-cua-ubnd-thanh-pho-hai-phong-ve-viec-cong-bo-958460,https://cdn.haiphong.gov.vn/gov-hpg/6833/tintuc/2026/9/qd-3508-xd639240506704881699.pdf,525444c6f7c5736bdb20bcd302536e4f5327eceeeae0a922588dd1cb6dad07a7,"định Sau khi cắt giảm 3 2.002285 Đăng ký khai thác tuy ến v ận tải hành khách cố định 03 ngày làm vi ệc kể từ ngày nhận đủ hồ sơ đúng theo quy định 2,5 ngày làm việc kể từ ngày nhận đủ hồ sơ đúng theo quy định"
2026-09-03,3508/QĐ-UBND,2.002286,"Cấp l ại Gi ấy phép kinh doanh vận t ải b ằng xe ô tô, b ằng xe bốn bánh có g ắn động cơ khi có sự thay đ ổi liên quan đ ến n ội dung c ủa Gi ấy phép kinh doanh hoặc Gi ấy phép kinh doanh b ị thu hồi",ĐƯỜNG BỘ,modified,Sửa đổi/bổ sung,,2026-09-03,current,https://namsach.haiphong.gov.vn/cong-khai-danh-muc-thu-tuc-hanh-chinh/cong-khai-quyet-dinh-so-3508-qd-ubnd-ngay-03-9-2026-cua-ubnd-thanh-pho-hai-phong-ve-viec-cong-bo-958460,https://cdn.haiphong.gov.vn/gov-hpg/6833/tintuc/2026/9/qd-3508-xd639240506704881699.pdf,525444c6f7c5736bdb20bcd302536e4f5327eceeeae0a922588dd1cb6dad07a7,"số 158/2024/NĐ-CP ngày 18 tháng 12 năm 2024 c ủa Chính ph ủ quy định về hoạt động vận tải đường bộ. 2 2.002286 Cấp l ại Gi ấy phép kinh doanh vận t ải b ằng xe ô tô, b ằng xe bốn bánh có g ắn động cơ khi có sự thay đ ổi liên quan đ ến n ội dung c ủa Gi ấy phép kinh doanh hoặc Gi ấy phép kinh doanh b ị thu hồi 04 ngày làm vi ệc kể từ ngày nhận đủ hồ sơ đúng"
2026-09-03,3508/QĐ-UBND,2.002287,"Cấp l ại Gi ấy phép kinh doanh v ận t ải bằng xe ô tô, b ằng xe b ốn bánh có g ắn động cơ trư ờng h ợp Gi ấy phép kinh doanh bị mất, bị hỏng Nghị định số 218/2026/NĐ-CP ngày 19 tháng 6 năm 2026 của Chính phủ sửa đổi, bổ sung một số",ĐƯỜNG BỘ,repealed,Bãi bỏ,,2026-09-03,repealed,https://namsach.haiphong.gov.vn/cong-khai-danh-muc-thu-tuc-hanh-chinh/cong-khai-quyet-dinh-so-3508-qd-ubnd-ngay-03-9-2026-cua-ubnd-thanh-pho-hai-phong-ve-viec-cong-bo-958460,https://cdn.haiphong.gov.vn/gov-hpg/6833/tintuc/2026/9/qd-3508-xd639240506704881699.pdf,525444c6f7c5736bdb20bcd302536e4f5327eceeeae0a922588dd1cb6dad07a7,"STT Mã TTHC Tên thủ tục hành chính Tên VBQPPL quy định nội dung bãi bỏ Cơ quan thực hiện 1 2.002287 Cấp l ại Gi ấy phép kinh doanh v ận t ải bằng xe ô tô, b ằng xe b ốn bánh có g ắn động cơ trư ờng h ợp Gi ấy phép kinh doanh bị mất, bị hỏng Nghị định số 218/2026/NĐ-CP ngày 19 tháng 6 năm 2026 của Chính phủ sửa đổi, bổ sung một số điều của Nghị định số 158/2024/NĐ-CP ngày 18 tháng 12 năm 2024 c ủa Chính ph ủ quy định về hoạt động vận tải đường bộ. Sở Xây dựng 2 2.001034 Cấp Giấy phép vận tải đườn"
2026-09-03,3508/QĐ-UBND,2.002288,"Cấp, cấp lại Phù hiệu cho xe ô tô, xe b ốn bánh có gắn đ ộng cơ kinh doanh v ận tải",ĐƯỜNG BỘ,modified,Sửa đổi/bổ sung,,2026-09-03,current,https://namsach.haiphong.gov.vn/cong-khai-danh-muc-thu-tuc-hanh-chinh/cong-khai-quyet-dinh-so-3508-qd-ubnd-ngay-03-9-2026-cua-ubnd-thanh-pho-hai-phong-ve-viec-cong-bo-958460,https://cdn.haiphong.gov.vn/gov-hpg/6833/tintuc/2026/9/qd-3508-xd639240506704881699.pdf,525444c6f7c5736bdb20bcd302536e4f5327eceeeae0a922588dd1cb6dad07a7,"số 158/2024/NĐ-CP ngày 18 tháng 12 năm 2024 c ủa Chính ph ủ quy định về hoạt động vận tải đường bộ. 4 2.002288 Cấp, cấp lại Phù hiệu cho xe ô tô, xe b ốn bánh có gắn đ ộng cơ kinh doanh v ận tải 02 ngày làm vi ệc kể từ ngày nhận đủ hồ sơ đúng theo quy định 01 ngày làm việc kể từ ngày nhận đủ hồ sơ đúng"
2026-09-03,3509/QĐ-UBND,1.000280,Công nhận trường tiểu học đạt Sở Giáo dục,GIÁO DỤC VÀ ĐÀO TẠO,repealed,Bãi bỏ,province,2026-09-03,repealed,https://namsach.haiphong.gov.vn/cong-khai-danh-muc-thu-tuc-hanh-chinh/cong-khai-quyet-dinh-so-3509-qd-ubnd-ngay-03-9-2026-cua-ubnd-thanh-pho-hai-phong-ve-viec-cong-bo-958459,https://cdn.haiphong.gov.vn/gov-hpg/6833/tintuc/2026/9/qd-3509-gd639240505714779683.pdf,67f6ee5365fd6d824b5f6a575d88e3e048f2571c07d8468d72c1ce4a923bde75,tạo quy đ ịnh về bảo đảm chất lượng giáo d ục đối Sở Giáo dục và Đào tạo 2 1.000280 Công nhận trường tiểu học đạt Sở Giáo dục
2026-09-03,3509/QĐ-UBND,1.000288,Công nh ận trư ờng m ầm non đạt chuẩn Quốc gia Thông tư s ố 57/2026/TT-BGDĐT ngày 07/07/2026 c ủa B ộ trưởng B ộ Giáo d ục và Đào tạo quy đ ịnh về bảo đảm chất lượng giáo d ục đối Sở Giáo dục và Đào tạo,GIÁO DỤC VÀ ĐÀO TẠO,repealed,Bãi bỏ,province,2026-09-03,repealed,https://namsach.haiphong.gov.vn/cong-khai-danh-muc-thu-tuc-hanh-chinh/cong-khai-quyet-dinh-so-3509-qd-ubnd-ngay-03-9-2026-cua-ubnd-thanh-pho-hai-phong-ve-viec-cong-bo-958459,https://cdn.haiphong.gov.vn/gov-hpg/6833/tintuc/2026/9/qd-3509-gd639240505714779683.pdf,67f6ee5365fd6d824b5f6a575d88e3e048f2571c07d8468d72c1ce4a923bde75,Sở Giáo dục và Đào tạo II LĨNH VỰC GIÁO DỤC VÀ ĐÀO TẠO THUỘC HỆ THỐNG GIÁO DỤC QUỐC DÂN 1 1.000288 Công nh ận trư ờng m ầm non đạt chuẩn Quốc gia Thông tư s ố 57/2026/TT-BGDĐT ngày 07/07/2026 c ủa B ộ trưởng B ộ Giáo d ục và Đào tạo quy đ ịnh về bảo đảm chất lượng giáo d ục đối Sở Giáo dục và Đào tạo 2 1.000280 Công nhận trường tiểu học đạt Sở Giáo dục
2026-09-03,3509/QĐ-UBND,1.000691,Công nh ận trư ờng trung học đạt chuẩn Quốc gia Sở Giáo dục và Đào tạo,GIÁO DỤC VÀ ĐÀO TẠO,repealed,Bãi bỏ,province,2026-09-03,repealed,https://namsach.haiphong.gov.vn/cong-khai-danh-muc-thu-tuc-hanh-chinh/cong-khai-quyet-dinh-so-3509-qd-ubnd-ngay-03-9-2026-cua-ubnd-thanh-pho-hai-phong-ve-viec-cong-bo-958459,https://cdn.haiphong.gov.vn/gov-hpg/6833/tintuc/2026/9/qd-3509-gd639240505714779683.pdf,67f6ee5365fd6d824b5f6a575d88e3e048f2571c07d8468d72c1ce4a923bde75,đạt chu ẩn qu ốc gia đ ối v ới trư ờng m ầm non và trường phổ thông và Đào tạo 3 1.000691 Công nh ận trư ờng trung học đạt chuẩn Quốc gia Sở Giáo dục và Đào tạo
2026-09-03,3509/QĐ-UBND,1.000711,Cấp Chứng nhận trường trung học đ ạt ki ểm định ch ất lư ợng giáo dục Sở Giáo dục và Đào tạo II LĨNH VỰC GIÁO DỤC VÀ ĐÀO TẠO THUỘC HỆ THỐNG GIÁO DỤC QUỐC DÂN,GIÁO DỤC VÀ ĐÀO TẠO,repealed,Bãi bỏ,province,2026-09-03,repealed,https://namsach.haiphong.gov.vn/cong-khai-danh-muc-thu-tuc-hanh-chinh/cong-khai-quyet-dinh-so-3509-qd-ubnd-ngay-03-9-2026-cua-ubnd-thanh-pho-hai-phong-ve-viec-cong-bo-958459,https://cdn.haiphong.gov.vn/gov-hpg/6833/tintuc/2026/9/qd-3509-gd639240505714779683.pdf,67f6ee5365fd6d824b5f6a575d88e3e048f2571c07d8468d72c1ce4a923bde75,giáo dục Sở Giáo dục và Đào tạo 3 1.000711 Cấp Chứng nhận trường trung học đ ạt ki ểm định ch ất lư ợng giáo dục Sở Giáo dục và Đào tạo II LĨNH VỰC GIÁO DỤC VÀ ĐÀO TẠO THUỘC HỆ THỐNG GIÁO DỤC QUỐC DÂN 1 1.000288 Công nh ận trư ờng m ầm non đạt chuẩn Quốc gia Thông tư s ố 57/2026/TT-BGDĐT ngày 07/07/2026 c ủa B ộ trưởng B ộ Giáo d ục và Đào tạo quy đ ịnh về bảo đảm chất lượng giáo d ục đối Sở Giáo dục và Đào tạo 2 1.000280 Công nhận trường tiểu học đạt Sở Giáo dục
2026-09-03,3509/QĐ-UBND,1.000713,Cấp Ch ứng nh ận trư ờng ti ểu học đ ạt ki ểm định ch ất lư ợng giáo dục Sở Giáo dục và Đào tạo,GIÁO DỤC VÀ ĐÀO TẠO,repealed,Bãi bỏ,province,2026-09-03,repealed,https://namsach.haiphong.gov.vn/cong-khai-danh-muc-thu-tuc-hanh-chinh/cong-khai-quyet-dinh-so-3509-qd-ubnd-ngay-03-9-2026-cua-ubnd-thanh-pho-hai-phong-ve-viec-cong-bo-958459,https://cdn.haiphong.gov.vn/gov-hpg/6833/tintuc/2026/9/qd-3509-gd639240505714779683.pdf,67f6ee5365fd6d824b5f6a575d88e3e048f2571c07d8468d72c1ce4a923bde75,trường phổ thông Sở Giáo dục và Đào tạo 2 1.000713 Cấp Ch ứng nh ận trư ờng ti ểu học đ ạt ki ểm định ch ất lư ợng giáo dục Sở Giáo dục và Đào tạo 3 1.000711 Cấp Chứng nhận trường trung học đ ạt ki ểm định ch ất lư ợng giáo dục Sở Giáo dục và Đào tạo II LĨNH VỰC GIÁO DỤC VÀ ĐÀO TẠO THUỘC HỆ THỐNG GIÁO DỤC QUỐC DÂN 1 1.000288 Công nh ận trư ờng m ầm non đạt chuẩn Quốc gia Thông tư s ố 57/2026/TT-BGDĐT ngày 07/07/2026 c ủa B ộ trưởng B ộ Giáo d ục và Đào tạo quy đ ịnh về bảo đảm chất lượng giáo d 
2026-09-03,3509/QĐ-UBND,1.000715,"Cấp Chứng nhận trường mầm non đ ạt ki ểm định chất lượng giáo dục Thông tư s ố 57/2026/TT-BGDĐT ngà y 07/07/2026 c ủa B ộ trưởng B ộ Giáo d ục và Đào tạo quy đ ịnh về bảo đảm chất lượng giáo d ục đối với cơ s ở giáo dục mầm non, cơ s ở giáo dục phổ",GIÁO DỤC VÀ ĐÀO TẠO,repealed,Bãi bỏ,province,2026-09-03,repealed,https://namsach.haiphong.gov.vn/cong-khai-danh-muc-thu-tuc-hanh-chinh/cong-khai-quyet-dinh-so-3509-qd-ubnd-ngay-03-9-2026-cua-ubnd-thanh-pho-hai-phong-ve-viec-cong-bo-958459,https://cdn.haiphong.gov.vn/gov-hpg/6833/tintuc/2026/9/qd-3509-gd639240505714779683.pdf,67f6ee5365fd6d824b5f6a575d88e3e048f2571c07d8468d72c1ce4a923bde75,"Cơ quan thực hiện I LĨNH VỰC KIỂM ĐỊNH CHẤT LƯỢNG GIÁO DỤC 1 1.000715 Cấp Chứng nhận trường mầm non đ ạt ki ểm định chất lượng giáo dục Thông tư s ố 57/2026/TT-BGDĐT ngà y 07/07/2026 c ủa B ộ trưởng B ộ Giáo d ục và Đào tạo quy đ ịnh về bảo đảm chất lượng giáo d ục đối với cơ s ở giáo dục mầm non, cơ s ở giáo dục phổ thông, cơ s ở giáo d ục thư ờng xuyên; công nh ận đạt chu ẩn qu ốc gia đ ối v ới trư ờng m ầm non và trường phổ thông Sở Giáo dục và Đào tạo 2 1.000713 Cấp Ch ứng nh ận trư ờng ti ể"
2026-09-03,3517/QĐ-UBND,3.000242,Cấp văn bản đồng ý cho phép sử dụng thẻ ABTC tại địa phương - Đối với doanh nhân quy định,"XUẤT CẢNH, NHẬP CẢNH",reduced,Có bằng chứng trong phụ lục về nội dung sau cắt giảm,province,2026-09-03,current,https://namsach.haiphong.gov.vn/cong-khai-danh-muc-thu-tuc-hanh-chinh/cong-khai-quyet-dinh-so-3517-qd-ubnd-ngay-03-9-2026-cua-ubnd-thanh-pho-hai-phong-ve-viec-cong-bo-959309,https://cdn.haiphong.gov.vn/gov-hpg/6833/tintuc/2026/9/qd-3517-ct639241368528261775.pdf,742e75c024eaebec8794e4d24ac3149ac2c359571a6cfe075751d7248a5c557d,"Theo quy định Sau cắt giảm THỦ TỤC HÀNH CHÍNH CẤP TỈNH (01 TTHC) LĨNH VỰC XUẤT CẢNH, NHẬP CẢNH 1 3.000242 Cấp văn bản đồng ý cho phép sử dụng thẻ ABTC tại địa phương - Đối với doanh nhân quy định tại điểm d khoản 1 Điều 9 Quyết định số 28/2026/QĐ - TTg: 08 ngày làm việc kể từ ngày nhận được hồ sơ hợp lệ; - Đối với doanh nhân quy định tại điểm d, điểm đ khoản 2 Điều 9 Quyết định số 28/2026/QĐ-TTg: 22 ngày làm việc kể từ ngày nhận được hồ sơ hợp lệ. Trường hợp phát sinh phải xác minh nhiều nơi"
2026-09-04,3523/QĐ-UBND,1.009374,Thủ tục c ấp gi ấy phép xuất bản bản tin,BÁO CHÍ,modified,Sửa đổi/bổ sung,province,2026-09-04,current,https://namsach.haiphong.gov.vn/cong-khai-danh-muc-thu-tuc-hanh-chinh/cong-khai-quyet-dinh-so-3523-qd-ubnd-ngay-04-9-2026-cua-ubnd-thanh-pho-hai-phong-ve-viec-cong-bo-959292,https://cdn.haiphong.gov.vn/gov-hpg/6833/tintuc/2026/9/qd-3523-vh639241356960920960.pdf,2827948654cfd3ce324919fc074c7ada05ac0c830eae3965ee6c9c65f62ed664,"BVHTTDL ngày 30 tháng 6 năm 2026 của Bộ trưởng Bộ Văn hóa, Thể thao và Du lịch 7 1.009374 Thủ tục c ấp gi ấy phép xuất bản bản tin 7 ngày làm việc kể ngày h ồ sơ được ti ếp nhận chính thức 7 ngày làm việc kể ngày h ồ sơ được ti ếp nhận chính thức - Trung tâm phục vụ HCC thành phố - Trung tâm phục"
2026-09-04,3523/QĐ-UBND,1.009386,Thủ tục ch ấp thu ận thay đổi nội dung ghi trong giấy phép xuất bản bản tin,BÁO CHÍ,replaced,Thay thế/được thay thế,province,2026-09-04,current,https://namsach.haiphong.gov.vn/cong-khai-danh-muc-thu-tuc-hanh-chinh/cong-khai-quyet-dinh-so-3523-qd-ubnd-ngay-04-9-2026-cua-ubnd-thanh-pho-hai-phong-ve-viec-cong-bo-959292,https://cdn.haiphong.gov.vn/gov-hpg/6833/tintuc/2026/9/qd-3523-vh639241356960920960.pdf,2827948654cfd3ce324919fc074c7ada05ac0c830eae3965ee6c9c65f62ed664,cắt giảm THỦ TỤC HÀNH CHÍNH CẤP TỈNH (01 TTHC) LĨNH VỰC BÁO CHÍ 8 1.009386 Thủ tục ch ấp thu ận thay đổi nội dung ghi trong giấy phép xuất bản bản tin 5 ngày làm việc kể ngày h ồ sơ được ti ếp nhận chính thức 5 ngày làm việc kể ngày h ồ sơ được ti ếp nhận chính thức - Trung tâm phục
2026-09-04,3523/QĐ-UBND,1.013781,"Thủ tục Thủ tục chấp thu ận thay đổi nội dung ghi trong gi ấy phép hoạt đ ộng báo chí đ ối v ới cơ quan báo chí của địa phương Thủ tục ch ấp thuận thay đ ổi nội dung ghi trong giấy phép hoạt đ ộng báo chí in, gi ấy phép ho ạt đ ộng",BÁO CHÍ,replaced,Thay thế/được thay thế,province,2026-09-04,current,https://namsach.haiphong.gov.vn/cong-khai-danh-muc-thu-tuc-hanh-chinh/cong-khai-quyet-dinh-so-3523-qd-ubnd-ngay-04-9-2026-cua-ubnd-thanh-pho-hai-phong-ve-viec-cong-bo-959292,https://cdn.haiphong.gov.vn/gov-hpg/6833/tintuc/2026/9/qd-3523-vh639241356960920960.pdf,2827948654cfd3ce324919fc074c7ada05ac0c830eae3965ee6c9c65f62ed664,"quy định Sau cắt giảm 1 1.013781 Thủ tục Thủ tục chấp thu ận thay đổi nội dung ghi trong gi ấy phép hoạt đ ộng báo chí đ ối v ới cơ quan báo chí của địa phương Thủ tục ch ấp thuận thay đ ổi nội dung ghi trong giấy phép hoạt đ ộng báo chí in, gi ấy phép ho ạt đ ộng báo chí đi ện t ử đối với cơ quan"
2026-09-04,3523/QĐ-UBND,1.013782,Thủ tục cấp gi ấy phép xu ất b ản thêm ấn phẩm báo chí đ ối với cơ quan báo chí của địa phương,BÁO CHÍ,modified,Sửa đổi/bổ sung,province,2026-09-04,current,https://namsach.haiphong.gov.vn/cong-khai-danh-muc-thu-tuc-hanh-chinh/cong-khai-quyet-dinh-so-3523-qd-ubnd-ngay-04-9-2026-cua-ubnd-thanh-pho-hai-phong-ve-viec-cong-bo-959292,https://cdn.haiphong.gov.vn/gov-hpg/6833/tintuc/2026/9/qd-3523-vh639241356960920960.pdf,2827948654cfd3ce324919fc074c7ada05ac0c830eae3965ee6c9c65f62ed664,cắt giảm THỦ TỤC HÀNH CHÍNH CẤP TỈNH (9 TTHC) LĨNH VỰC BÁO CHÍ 1 1.013782 Thủ tục cấp gi ấy phép xu ất b ản thêm ấn phẩm báo chí đ ối với cơ quan báo chí của địa phương 7 ngày làm việc kể ngày h ồ sơ được ti ếp nhận chính thức 5 ngày làm việc kể ngày h ồ sơ được ti ếp nhận chính thức
2026-09-04,3523/QĐ-UBND,1.013784,Thủ tục ch ấp thu ận thay đổi nội dung ghi trong giấy phép xuất bản thêm ấn ph ẩm báo chí đ ối v ới cơ quan báo chí c ủa địa phương,BÁO CHÍ,modified,Sửa đổi/bổ sung,province,2026-09-04,current,https://namsach.haiphong.gov.vn/cong-khai-danh-muc-thu-tuc-hanh-chinh/cong-khai-quyet-dinh-so-3523-qd-ubnd-ngay-04-9-2026-cua-ubnd-thanh-pho-hai-phong-ve-viec-cong-bo-959292,https://cdn.haiphong.gov.vn/gov-hpg/6833/tintuc/2026/9/qd-3523-vh639241356960920960.pdf,2827948654cfd3ce324919fc074c7ada05ac0c830eae3965ee6c9c65f62ed664,"BVHTTDL ngày 30 tháng 6 năm 2026 của Bộ trưởng Bộ Văn hóa, Thể thao và Du lịch 2 1.013784 Thủ tục ch ấp thu ận thay đổi nội dung ghi trong giấy phép xuất bản thêm ấn ph ẩm báo chí đ ối v ới cơ quan báo chí c ủa địa phương 7 ngày làm việc kể ngày h ồ sơ được ti ếp nhận chính thức 5 ngày làm việc kể ngày h ồ sơ được ti ếp"
2026-09-04,3523/QĐ-UBND,1.013785,Thủ tục c ấp gi ấy phép xu ất b ản ph ụ trương đ ối v ới cơ quan báo chí c ủa địa phương,BÁO CHÍ,modified,Sửa đổi/bổ sung,province,2026-09-04,current,https://namsach.haiphong.gov.vn/cong-khai-danh-muc-thu-tuc-hanh-chinh/cong-khai-quyet-dinh-so-3523-qd-ubnd-ngay-04-9-2026-cua-ubnd-thanh-pho-hai-phong-ve-viec-cong-bo-959292,https://cdn.haiphong.gov.vn/gov-hpg/6833/tintuc/2026/9/qd-3523-vh639241356960920960.pdf,2827948654cfd3ce324919fc074c7ada05ac0c830eae3965ee6c9c65f62ed664,"BVHTTDL ngày 30 tháng 6 năm 2026 của Bộ trưởng Bộ Văn hóa, Thể thao và Du lịch 3 1.013785 Thủ tục c ấp gi ấy phép xu ất b ản ph ụ trương đ ối v ới cơ quan báo chí c ủa địa phương 7 ngày làm việc kể ngày h ồ sơ được ti ếp nhận chính thức 5 ngày làm việc kể ngày h ồ sơ được ti ếp nhận chính thức"
2026-09-04,3523/QĐ-UBND,1.013788,"Thủ tục c ấp gi ấy phép xu ất b ản đ ặc san đối với cơ quan, tổ chức, doanh nghiệp c ủa đ ịa phương",BÁO CHÍ,modified,Sửa đổi/bổ sung,province,2026-09-04,current,https://namsach.haiphong.gov.vn/cong-khai-danh-muc-thu-tuc-hanh-chinh/cong-khai-quyet-dinh-so-3523-qd-ubnd-ngay-04-9-2026-cua-ubnd-thanh-pho-hai-phong-ve-viec-cong-bo-959292,https://cdn.haiphong.gov.vn/gov-hpg/6833/tintuc/2026/9/qd-3523-vh639241356960920960.pdf,2827948654cfd3ce324919fc074c7ada05ac0c830eae3965ee6c9c65f62ed664,"BVHTTDL ngày 30 tháng 6 năm 2026 của Bộ trưởng Bộ Văn hóa, Thể thao và Du lịch 5 1.013788 Thủ tục c ấp gi ấy phép xu ất b ản đ ặc san đối với cơ quan, tổ chức, doanh nghiệp c ủa đ ịa phương 7 ngày làm việc kể ngày h ồ sơ được ti ếp nhận chính thức 5 ngày làm việc kể ngày h ồ sơ được ti ếp nhận chính"
2026-09-04,3523/QĐ-UBND,1.013789,"Thủ tục ch ấp thu ận thay đổi nội dung ghi trong giấy phép xuất bản đ ặc san đ ối v ới cơ quan, t ổ chức, doanh nghiệp của địa phương",BÁO CHÍ,modified,Sửa đổi/bổ sung,province,2026-09-04,current,https://namsach.haiphong.gov.vn/cong-khai-danh-muc-thu-tuc-hanh-chinh/cong-khai-quyet-dinh-so-3523-qd-ubnd-ngay-04-9-2026-cua-ubnd-thanh-pho-hai-phong-ve-viec-cong-bo-959292,https://cdn.haiphong.gov.vn/gov-hpg/6833/tintuc/2026/9/qd-3523-vh639241356960920960.pdf,2827948654cfd3ce324919fc074c7ada05ac0c830eae3965ee6c9c65f62ed664,"BVHTTDL ngày 30 tháng 6 năm 2026 của Bộ trưởng Bộ Văn hóa, Thể thao và Du lịch 6 1.013789 Thủ tục ch ấp thu ận thay đổi nội dung ghi trong giấy phép xuất bản đ ặc san đ ối v ới cơ quan, t ổ chức, doanh nghiệp của địa phương 5 ngày làm việc kể ngày h ồ sơ được ti ếp nhận chính thức 3,5 ngày làm việc kể ngày h ồ sơ được ti ếp"
2026-09-04,3523/QĐ-UBND,1.013790,Thủ tục đăng ký danh m ục báo chí nhập khẩu,BÁO CHÍ,replaced,Thay thế/được thay thế,province,2026-09-04,current,https://namsach.haiphong.gov.vn/cong-khai-danh-muc-thu-tuc-hanh-chinh/cong-khai-quyet-dinh-so-3523-qd-ubnd-ngay-04-9-2026-cua-ubnd-thanh-pho-hai-phong-ve-viec-cong-bo-959292,https://cdn.haiphong.gov.vn/gov-hpg/6833/tintuc/2026/9/qd-3523-vh639241356960920960.pdf,2827948654cfd3ce324919fc074c7ada05ac0c830eae3965ee6c9c65f62ed664,"BVHTTDL ngày 30 tháng 6 năm 2026 của Bộ trưởng Bộ Văn hóa, Thể thao và Du lịch 9 1.013790 Thủ tục đăng ký danh m ục báo chí nhập khẩu 7 ngày làm việc kể từ ngày nh ận đủ hồ sơ hợp lệ 7 ngày làm việc kể từ ngày nh ận đủ hồ sơ hợp lệ - Trung tâm phục vụ HCC thành phố - Trung tâm phục"
2026-09-04,3523/QĐ-UBND,1.116487,Thủ tục cấp giấy phép hoạt đ ộng c ủa cơ s ở kinh doanh d ịch v ụ phát hành báo chí nhập khẩu đ ối v ới cơ quan báo chí của địa phương,BÁO CHÍ,replaced,Thay thế/được thay thế,province,2026-09-04,current,https://namsach.haiphong.gov.vn/cong-khai-danh-muc-thu-tuc-hanh-chinh/cong-khai-quyet-dinh-so-3523-qd-ubnd-ngay-04-9-2026-cua-ubnd-thanh-pho-hai-phong-ve-viec-cong-bo-959292,https://cdn.haiphong.gov.vn/gov-hpg/6833/tintuc/2026/9/qd-3523-vh639241356960920960.pdf,2827948654cfd3ce324919fc074c7ada05ac0c830eae3965ee6c9c65f62ed664,"cắt giảm THỦ TỤC HÀNH CHÍNH CẤP TỈNH (01 TTHC) LĨNH VỰC BÁO CHÍ 1 1.116487 Thủ tục cấp giấy phép hoạt đ ộng c ủa cơ s ở kinh doanh d ịch v ụ phát hành báo chí nhập khẩu đ ối v ới cơ quan báo chí của địa phương 15 ngày làm việc kể từ ngày nh ận đủ hồ sơ hợp lệ 7,5 ngày làm việc kể từ ngày nhận đủ hồ sơ hợp lệ - Trung tâm ph ục"
2026-09-04,3523/QĐ-UBND,3.000574,Thủ tục ch ấp thu ận thay đổi nội dung ghi trong gi ấy phép m ở chuyên trang của báo chí điện tử đối với cơ quan báo chí c ủa địa phương,BÁO CHÍ,modified,Sửa đổi/bổ sung,province,2026-09-04,current,https://namsach.haiphong.gov.vn/cong-khai-danh-muc-thu-tuc-hanh-chinh/cong-khai-quyet-dinh-so-3523-qd-ubnd-ngay-04-9-2026-cua-ubnd-thanh-pho-hai-phong-ve-viec-cong-bo-959292,https://cdn.haiphong.gov.vn/gov-hpg/6833/tintuc/2026/9/qd-3523-vh639241356960920960.pdf,2827948654cfd3ce324919fc074c7ada05ac0c830eae3965ee6c9c65f62ed664,"2026 của Bộ trưởng Bộ Văn hóa, Thể thao và Du lịch 4 3.000574 Thủ tục ch ấp thu ận thay đổi nội dung ghi trong gi ấy phép m ở chuyên trang của báo chí điện tử đối với cơ quan báo chí c ủa địa phương 7 ngày làm việc kể ngày h ồ sơ được ti ếp nhận chính thức 5 ngày làm việc kể ngày h ồ sơ được ti ếp"
2026-09-08,3582/QĐ-UBND,2.000986,"Liên thông thủ tục hành chính về đăng ký khai sinh, đăng ký thường trú, cấp thẻ bảo hiểm y tế cho trẻ em dưới 6 tuổi",TƯ PHÁP,repealed,Bãi bỏ,,2026-09-08,repealed,https://namsach.haiphong.gov.vn/cong-khai-danh-muc-thu-tuc-hanh-chinh/cong-khai-quyet-dinh-so-3582-qd-ubnd-ngay-08-9-2026-cua-ubnd-thanh-pho-hai-phong-ve-viec-cong-bo-961697,https://cdn.haiphong.gov.vn/gov-hpg/6833/tintuc/2026/9/qd-3582-tp639245593448950620.pdf,b0a48827fadaeb41597251e626c378a29f0c458bc40c3476b7711aa310ef4b3c,"cấp thẻ bảo hiểm y tế cho tr ẻ em dư ới 6 tuổi 2.000986 Liên thông th ủ tục hành chính v ề đăng ký khai sinh, đăng ký thư ờng trú, c ấp thẻ bảo hi ểm y t ế cho tr ẻ em dư ới 6 tuổi. 2. 2.002622 Đăng ký khai tử, xóa đăng ký thư ờng trú, Liên thông điện tử: đăng ký khai t ử, - Đăng ký khai tử, xóa đăng ký thường trú, giải quyết trợ cấp mai táng, tử tuất đối với Trung tâm Phục v ụ hành chính công"
2026-09-08,3582/QĐ-UBND,2.001023,"Liên thông các thủ tục hành chính về đăng ký khai sinh, cấp Thẻ bảo hiểm y tế cho trẻ em dưới 6 tuổi",TƯ PHÁP,repealed,Bãi bỏ,,2026-09-08,repealed,https://namsach.haiphong.gov.vn/cong-khai-danh-muc-thu-tuc-hanh-chinh/cong-khai-quyet-dinh-so-3582-qd-ubnd-ngay-08-9-2026-cua-ubnd-thanh-pho-hai-phong-ve-viec-cong-bo-961697,https://cdn.haiphong.gov.vn/gov-hpg/6833/tintuc/2026/9/qd-3582-tp639245593448950620.pdf,b0a48827fadaeb41597251e626c378a29f0c458bc40c3476b7711aa310ef4b3c,"thực hiện Phí/lệ phí (nếu có) Căn cứ pháp lý 1. 2.001023 Liên thông các th ủ tục hành chính v ề đăng ký khai sinh, cấp Thẻ bảo hiểm y tế cho trẻ em dưới 6 tuổi Liên thông điện tử: đăng ký khai sinh, đăng ký thường trú, cấp th ẻ bảo hiểm y t ế, cấp th ẻ căn cước cho tr ẻ em dư ới 6 tuổi (Mã TTHC:"
2026-09-08,3582/QĐ-UBND,2.002621,"Đăng ký khai sinh, đăng ký thường trú, cấp thẻ bảo hiểm y tế cho trẻ em dưới 6 tuổi",TƯ PHÁP,repealed,Bãi bỏ,,2026-09-08,repealed,https://namsach.haiphong.gov.vn/cong-khai-danh-muc-thu-tuc-hanh-chinh/cong-khai-quyet-dinh-so-3582-qd-ubnd-ngay-08-9-2026-cua-ubnd-thanh-pho-hai-phong-ve-viec-cong-bo-961697,https://cdn.haiphong.gov.vn/gov-hpg/6833/tintuc/2026/9/qd-3582-tp639245593448950620.pdf,b0a48827fadaeb41597251e626c378a29f0c458bc40c3476b7711aa310ef4b3c,"thường trú, giải quyết mai táng phí, tử tuất. 2.002621 Đăng ký khai sinh, đăng ký thư ờng trú, cấp thẻ bảo hiểm y tế cho tr ẻ em dư ới 6 tuổi 2.000986 Liên thông th ủ tục hành chính v ề đăng ký khai sinh, đăng ký thư ờng trú, c ấp thẻ bảo hi ểm y t ế cho tr ẻ em dư ới 6 tuổi. 2. 2.002622 Đăng ký khai tử, xóa đăng ký thư ờng trú, Liên thông điện tử: đăng ký khai t ử, - Đăng ký khai tử, xóa đăng"
2026-09-08,3582/QĐ-UBND,2.002622,"Đăng ký khai tử, xóa đăng ký thường trú, giải quyết mai táng phí, tử tuất",TƯ PHÁP,repealed,Bãi bỏ,,2026-09-08,repealed,https://namsach.haiphong.gov.vn/cong-khai-danh-muc-thu-tuc-hanh-chinh/cong-khai-quyet-dinh-so-3582-qd-ubnd-ngay-08-9-2026-cua-ubnd-thanh-pho-hai-phong-ve-viec-cong-bo-961697,https://cdn.haiphong.gov.vn/gov-hpg/6833/tintuc/2026/9/qd-3582-tp639245593448950620.pdf,b0a48827fadaeb41597251e626c378a29f0c458bc40c3476b7711aa310ef4b3c,"thẻ bảo hi ểm y t ế cho tr ẻ em dư ới 6 tuổi. 2. 2.002622 Đăng ký khai tử, xóa đăng ký thư ờng trú, Liên thông điện tử: đăng ký khai t ử, - Đăng ký khai tử, xóa đăng ký thường trú, giải quyết trợ cấp mai táng, tử tuất đối với Trung tâm Phục v ụ hành chính công Theo quy định c ủa các Nghị định số 301/2026/NĐ-CP ngày 30 tháng 7 năm 2026 c ủa Chính phủ sửa đổi, bổ sung một"
2026-09-08,3582/QĐ-UBND,2.002913,"Liên thông điện tử: đăng ký khai tử, xóa đăng ký thường trú, giải quyết mai táng phí, tử tuất",TƯ PHÁP,new,Ban hành mới,shared_including_commune,2026-09-08,current,https://namsach.haiphong.gov.vn/cong-khai-danh-muc-thu-tuc-hanh-chinh/cong-khai-quyet-dinh-so-3582-qd-ubnd-ngay-08-9-2026-cua-ubnd-thanh-pho-hai-phong-ve-viec-cong-bo-961697,https://cdn.haiphong.gov.vn/gov-hpg/6833/tintuc/2026/9/qd-3582-tp639245593448950620.pdf,b0a48827fadaeb41597251e626c378a29f0c458bc40c3476b7711aa310ef4b3c,"mai táng phí, tử tuất (Mã TTHC: 2.002913) nhóm Người có công: không quá mười tám (18) ngày làm việc. - Đăng ký khai tử, xóa đăng ký thường trú, giải quyết hỗ trợ chi phí mai táng đ ối với nhóm đối tượng Bảo trợ xã hội: không quá sáu (06) ngày làm vi ệc. Không quá mười m ột (11) ngày làm việc đối với trường hợp đối tượng là người từ đủ 80 tuổi trở lên đang hư ởng tr ợ cấp tuất hằng tháng. - Đăng ký khai tử, xóa đăng ký thư ờng trú, tr ợ cấp mai táng, trợ cấp tử tuất đối với"
2026-09-08,3582/QĐ-UBND,3.000722,"Liên thông điện tử: đăng ký khai sinh, đăng ký thường trú, cấp thẻ bảo hiểm y tế, cấp thẻ căn cước cho trẻ em dưới 6 tuổi",TƯ PHÁP,new,Ban hành mới,shared_including_commune,2026-09-08,current,https://namsach.haiphong.gov.vn/cong-khai-danh-muc-thu-tuc-hanh-chinh/cong-khai-quyet-dinh-so-3582-qd-ubnd-ngay-08-9-2026-cua-ubnd-thanh-pho-hai-phong-ve-viec-cong-bo-961697,https://cdn.haiphong.gov.vn/gov-hpg/6833/tintuc/2026/9/qd-3582-tp639245593448950620.pdf,b0a48827fadaeb41597251e626c378a29f0c458bc40c3476b7711aa310ef4b3c,"em dư ới 6 tuổi (Mã TTHC: 3.000722) Ba (03) ngày làm vi ệc kể từ khi các cơ quan có th ẩm quyền gi ải quy ết nh ận đ ầy đủ hồ sơ theo quy đ ịnh, trường h ợp ph ải xác minh thì không quá năm (05) ngày làm việc. Nếu tiếp nhận hồ sơ sau 15 gi ờ thì th ời gian được tính b ắt đ ầu t ừ ngày làm việc tiếp theo. Trung tâm Phục v ụ hành chính công thành ph ố và cấp xã Theo quy định c ủa các"
2026-09-08,3584/QĐ-UBND,1.000421,"Thủ tục Cấp sửa đổi, bổ sung, cấp lại Giấy phép quá cảnh",XUẤT NHẬP KHẨU,modified,Sửa đổi/bổ sung,province,2026-09-08,current,https://namsach.haiphong.gov.vn/cong-khai-danh-muc-thu-tuc-hanh-chinh/cong-khai-quyet-dinh-so-3584-qd-ubnd-ngay-08-9-2026-cua-ubnd-thanh-pho-hai-phong-ve-viec-cong-bo-961695,https://cdn.haiphong.gov.vn/gov-hpg/6833/tintuc/2026/9/qd-3548-ct639245592166822661.pdf,bb5d42104e2dfc3ead050faeef1662f2e761a61ef814aa19a058ca14f3c50c47,"quy định chi tiết một số điều và biện pháp để tổ chức, hướng dẫn thi hành Luật Quản lý ngoại thương. 2. 1.000421 Thủ tục Cấp sửa đổi, bổ sung, cấp lại Giấy phép quá cảnh 03 ngày làm việc kể từ ngày nhận được hồ sơ 03 ngày làm việc kể từ ngày nhận được hồ sơ - Trung tâm Phục vụ hành chính công thành phố Hải Phòng; Không quy định + Luật Quản lý ngoại thương."
2026-09-08,3584/QĐ-UBND,1.000477,"Thủ tục cấp Giấy phép quá cảnh hàng hóa cấm xuất khẩu, cấm nhập khẩu; hàng hóa tạm ngừng xuất khẩu, tạm ngừng nhập khẩu; hàng hóa cấm kinh doanh theo quy định pháp luật",XUẤT NHẬP KHẨU,modified,Sửa đổi/bổ sung,province,2026-09-08,current,https://namsach.haiphong.gov.vn/cong-khai-danh-muc-thu-tuc-hanh-chinh/cong-khai-quyet-dinh-so-3584-qd-ubnd-ngay-08-9-2026-cua-ubnd-thanh-pho-hai-phong-ve-viec-cong-bo-961695,https://cdn.haiphong.gov.vn/gov-hpg/6833/tintuc/2026/9/qd-3548-ct639245592166822661.pdf,bb5d42104e2dfc3ead050faeef1662f2e761a61ef814aa19a058ca14f3c50c47,"tái nhập; kinh doanh chuyển khẩu 10. 1.000477 Thủ tục cấp Giấy phép quá cảnh hàng hóa cấm xuất khẩu, cấm nhập khẩu; hàng hóa tạm ngừng xuất khẩu, tạm ngừng nhập khẩu; hàng hóa cấm kinh doanh theo quy định pháp luật 05 ngày làm việc, kể từ ngày nhận được hồ sơ đầy đủ, đúng quy định."
2026-09-08,3584/QĐ-UBND,1.000890,Thủ tục cấp Giấy phép kinh doanh chuyển khẩu,XUẤT NHẬP KHẨU,modified,Sửa đổi/bổ sung,province,2026-09-08,current,https://namsach.haiphong.gov.vn/cong-khai-danh-muc-thu-tuc-hanh-chinh/cong-khai-quyet-dinh-so-3584-qd-ubnd-ngay-08-9-2026-cua-ubnd-thanh-pho-hai-phong-ve-viec-cong-bo-961695,https://cdn.haiphong.gov.vn/gov-hpg/6833/tintuc/2026/9/qd-3548-ct639245592166822661.pdf,bb5d42104e2dfc3ead050faeef1662f2e761a61ef814aa19a058ca14f3c50c47,"xã pháp để tổ chức, hướng dẫn thi hành Luật Quản lý ngoại thương. 8. 1.000890 Thủ tục cấp Giấy phép kinh doanh chuyển khẩu 05 ngày làm việc, kể từ ngày nhận được hồ sơ đầy đủ, đúng quy định. 2,5 ngày làm việc, kể từ ngày nhận được hồ sơ đầy đủ, đúng quy định. - Trung tâm Phục vụ hành chính công thành phố Hải Phòng;"
2026-09-08,3584/QĐ-UBND,1.000905,"Thủ tục cấp Giấy phép tạm xuất, tái nhập",XUẤT NHẬP KHẨU,modified,Sửa đổi/bổ sung,province,2026-09-08,current,https://namsach.haiphong.gov.vn/cong-khai-danh-muc-thu-tuc-hanh-chinh/cong-khai-quyet-dinh-so-3584-qd-ubnd-ngay-08-9-2026-cua-ubnd-thanh-pho-hai-phong-ve-viec-cong-bo-961695,https://cdn.haiphong.gov.vn/gov-hpg/6833/tintuc/2026/9/qd-3548-ct639245592166822661.pdf,bb5d42104e2dfc3ead050faeef1662f2e761a61ef814aa19a058ca14f3c50c47,"quy định chi tiết một số điều và biện pháp để tổ chức, hướng dẫn thi hành Luật Quản lý ngoại thương. 7. 1.000905 Thủ tục cấp Giấy phép tạm xuất, tái nhập 13 ngày làm việc kể từ ngày nhận được hồ sơ 11 ngày làm việc kể từ ngày nhận được hồ sơ - Trung tâm Phục vụ hành chính công thành phố Hải Phòng; Không quy định + Luật Quản lý ngoại thương."
2026-09-08,3584/QĐ-UBND,1.000957,"Thủ tục cấp Giấy phép tạm nhập, tái xuất theo hình thức khác",XUẤT NHẬP KHẨU,modified,Sửa đổi/bổ sung,province,2026-09-08,current,https://namsach.haiphong.gov.vn/cong-khai-danh-muc-thu-tuc-hanh-chinh/cong-khai-quyet-dinh-so-3584-qd-ubnd-ngay-08-9-2026-cua-ubnd-thanh-pho-hai-phong-ve-viec-cong-bo-961695,https://cdn.haiphong.gov.vn/gov-hpg/6833/tintuc/2026/9/qd-3548-ct639245592166822661.pdf,bb5d42104e2dfc3ead050faeef1662f2e761a61ef814aa19a058ca14f3c50c47,"quy định chi tiết một số điều và biện pháp để tổ chức, hướng dẫn thi hành Luật Quản lý ngoại thương. 6. 1.000957 Thủ tục cấp Giấy phép tạm nhập, tái xuất theo hình thức khác 13 ngày làm việc kể từ ngày nhận được hồ sơ đầy đủ theo quy định . Trong đó: - 08 ngày làm việc đối với cơ quan cấp phép; - 05 ngày làm việc đối với"
2026-09-08,3584/QĐ-UBND,1.001062,"Thủ tục cấp Giấy phép kinh doanh tạm nhập, tái xuất",XUẤT NHẬP KHẨU,reduced,Có bằng chứng trong phụ lục về nội dung sau cắt giảm,province,2026-09-08,current,https://namsach.haiphong.gov.vn/cong-khai-danh-muc-thu-tuc-hanh-chinh/cong-khai-quyet-dinh-so-3584-qd-ubnd-ngay-08-9-2026-cua-ubnd-thanh-pho-hai-phong-ve-viec-cong-bo-961695,https://cdn.haiphong.gov.vn/gov-hpg/6833/tintuc/2026/9/qd-3548-ct639245592166822661.pdf,bb5d42104e2dfc3ead050faeef1662f2e761a61ef814aa19a058ca14f3c50c47,"Phí, lệ phí Căn cứ pháp lý Theo quy định Sau cắt giảm 5. 1.001062 Thủ tục cấp Giấy phép kinh doanh tạm nhập, tái xuất 05 ngày làm việc kể từ ngày nhận được hồ sơ đầy đủ, đúng quy định. 2,5 ngày làm việc kể từ ngày nhận được hồ sơ đầy đủ, đúng quy định. - Trung tâm Phục vụ hành chính công"
2026-09-08,3584/QĐ-UBND,1.001238,Thủ tục cấp Giấy chứng nhận lưu hành tự do (CFS) đối với hàng hóa xuất khẩu,XUẤT NHẬP KHẨU,modified,Sửa đổi/bổ sung,province,2026-09-08,current,https://namsach.haiphong.gov.vn/cong-khai-danh-muc-thu-tuc-hanh-chinh/cong-khai-quyet-dinh-so-3584-qd-ubnd-ngay-08-9-2026-cua-ubnd-thanh-pho-hai-phong-ve-viec-cong-bo-961695,https://cdn.haiphong.gov.vn/gov-hpg/6833/tintuc/2026/9/qd-3548-ct639245592166822661.pdf,bb5d42104e2dfc3ead050faeef1662f2e761a61ef814aa19a058ca14f3c50c47,"quy định chi tiết một số điều và biện pháp để tổ chức, hướng dẫn thi hành Luật Quản lý ngoại thương. 4. 1.001238 Thủ tục cấp Giấy chứng nhận lưu hành tự do (CFS) đối với hàng hóa xuất khẩu 02 ngày làm việc kể từ ngày nhận được hồ sơ đầy đủ, đúng quy định. 02 ngày làm việc kể từ ngày nhận được hồ sơ đầy đủ, đúng quy định."
2026-09-08,3584/QĐ-UBND,1.002808,"Thủ tục sửa đổi, bổ sung/ cấp lại Giấy phép gia công quân phục và Giấy phép nhập khẩu quân phục để làm mẫu",XUẤT NHẬP KHẨU,modified,Sửa đổi/bổ sung,province,2026-09-08,current,https://namsach.haiphong.gov.vn/cong-khai-danh-muc-thu-tuc-hanh-chinh/cong-khai-quyet-dinh-so-3584-qd-ubnd-ngay-08-9-2026-cua-ubnd-thanh-pho-hai-phong-ve-viec-cong-bo-961695,https://cdn.haiphong.gov.vn/gov-hpg/6833/tintuc/2026/9/qd-3548-ct639245592166822661.pdf,bb5d42104e2dfc3ead050faeef1662f2e761a61ef814aa19a058ca14f3c50c47,"Bộ Quốc phòng, Bộ Công an. 14. 1.002808 Thủ tục sửa đổi, bổ sung/ cấp lại Giấy phép gia công quân phục và Giấy phép nhập khẩu quân phục để làm mẫu 03 ngày làm việc kể từ ngày nhận được hồ sơ đầy đủ theo quy định. 03 ngày làm việc kể từ ngày nhận được hồ sơ đầy đủ theo"
2026-09-08,3584/QĐ-UBND,1.004191,"Thủ tục sửa đổi, bổ sung/cấp lại Giấy phép: kinh doanh tạm nhập, tái xuất; tạm nhập, tái xuất theo hình thức khác; tạm xuất, tái nhập; kinh doanh chuyển khẩu",XUẤT NHẬP KHẨU,modified,Sửa đổi/bổ sung,province,2026-09-08,current,https://namsach.haiphong.gov.vn/cong-khai-danh-muc-thu-tuc-hanh-chinh/cong-khai-quyet-dinh-so-3584-qd-ubnd-ngay-08-9-2026-cua-ubnd-thanh-pho-hai-phong-ve-viec-cong-bo-961695,https://cdn.haiphong.gov.vn/gov-hpg/6833/tintuc/2026/9/qd-3548-ct639245592166822661.pdf,bb5d42104e2dfc3ead050faeef1662f2e761a61ef814aa19a058ca14f3c50c47,"quy định chi tiết một số điều và biện pháp để tổ chức, hướng dẫn thi hành Luật Quản lý ngoại thương. 9. 1.004191 Thủ tục sửa đổi, bổ sung/ cấp lại Giấy phép: kinh doanh tạm nhập, tái xuất; tạm nhập, tái xuất theo hình thức 03 ngày làm việc kể từ ngày nhận được hồ sơ đầy đủ, đúng quy định. 03 ngày làm việc kể từ ngày nh ận được hồ sơ đầy đủ, đúng"
2026-09-08,3584/QĐ-UBND,1.013771,"Thủ tục cấp Giấy phép gia công hàng hóa thuộc diện hàng hóa cấm xuất khẩu, cấm nhập khẩu; hàng hóa tạm ngừng xuất khẩu, tạm ngừng nhập khẩu",XUẤT NHẬP KHẨU,modified,Sửa đổi/bổ sung,province,2026-09-08,current,https://namsach.haiphong.gov.vn/cong-khai-danh-muc-thu-tuc-hanh-chinh/cong-khai-quyet-dinh-so-3584-qd-ubnd-ngay-08-9-2026-cua-ubnd-thanh-pho-hai-phong-ve-viec-cong-bo-961695,https://cdn.haiphong.gov.vn/gov-hpg/6833/tintuc/2026/9/qd-3548-ct639245592166822661.pdf,bb5d42104e2dfc3ead050faeef1662f2e761a61ef814aa19a058ca14f3c50c47,"quy định chi tiết một số điều và biện pháp để tổ chức, hướng dẫn thi hành Luật Quản lý ngoại thương. 11. s 1.013771 Thủ tục cấp Giấy phép gia công hàng hóa thuộc diện hàng hóa cấm xuất khẩu, cấm nhập khẩu; hàng hóa tạm ngừng xuất khẩu, tạm ngừng 05 ngày làm việc, kể từ ngày nhận được hồ sơ đầy đủ, đúng quy định. 05 ngày làm việc, kể từ ngày nhận"
2026-09-08,3584/QĐ-UBND,1.013778,Thủ tục gia hạn thời gian quá cảnh đối với hàng hóa quá cảnh,XUẤT NHẬP KHẨU,modified,Sửa đổi/bổ sung,province,2026-09-08,current,https://namsach.haiphong.gov.vn/cong-khai-danh-muc-thu-tuc-hanh-chinh/cong-khai-quyet-dinh-so-3584-qd-ubnd-ngay-08-9-2026-cua-ubnd-thanh-pho-hai-phong-ve-viec-cong-bo-961695,https://cdn.haiphong.gov.vn/gov-hpg/6833/tintuc/2026/9/qd-3548-ct639245592166822661.pdf,bb5d42104e2dfc3ead050faeef1662f2e761a61ef814aa19a058ca14f3c50c47,"pháp để tổ chức, hướng dẫn thi hành Luật Quản lý ngoại thương. II THỦ TỤC HÀNH CHÍNH ĐƯỢC SỬA ĐỔI, BỔ SUNG (14 TTHC) 1. 1.013778 Thủ tục gia hạn thời gian quá cảnh đối với hàng hóa quá cảnh 07 ngày làm việc, kể từ ngày nhận hồ sơ đầy đủ, đúng quy định. 3,5 ngày làm việc, kể từ ngày nhận hồ sơ đầy đủ, đúng quy định. - Trung tâm Phục vụ"
2026-09-08,3584/QĐ-UBND,1.116351,"Thủ tục sửa đổi, bổ sung/ cấp lại Giấy phép gia công hàng hóa",XUẤT NHẬP KHẨU,reduced,Có bằng chứng trong phụ lục về nội dung sau cắt giảm,province,2026-09-08,current,https://namsach.haiphong.gov.vn/cong-khai-danh-muc-thu-tuc-hanh-chinh/cong-khai-quyet-dinh-so-3584-qd-ubnd-ngay-08-9-2026-cua-ubnd-thanh-pho-hai-phong-ve-viec-cong-bo-961695,https://cdn.haiphong.gov.vn/gov-hpg/6833/tintuc/2026/9/qd-3548-ct639245592166822661.pdf,bb5d42104e2dfc3ead050faeef1662f2e761a61ef814aa19a058ca14f3c50c47,"quy định Sau cắt giảm I THỦ TỤC HÀNH CHÍNH BAN HÀNH MỚI (01 TTHC) 1. 1.116351 Thủ tục sửa đổi, bổ sung/ cấp lại Giấy phép gia công hàng hóa 03 ngày làm việc kể từ ngày nhận được hồ sơ đầy đủ theo quy định. 03 ngày làm việc kể từ ngày nhận được hồ sơ đầy đủ theo quy định. - Trung tâm Phục vụ hành chính công"
2026-09-08,3584/QĐ-UBND,2.001192,Thủ tục cấp Giấy phép gia công quân phục xuất khẩu cho các lực lượng vũ trang nước ngoài,XUẤT NHẬP KHẨU,reduced,Có bằng chứng trong phụ lục về nội dung sau cắt giảm,province,2026-09-08,current,https://namsach.haiphong.gov.vn/cong-khai-danh-muc-thu-tuc-hanh-chinh/cong-khai-quyet-dinh-so-3584-qd-ubnd-ngay-08-9-2026-cua-ubnd-thanh-pho-hai-phong-ve-viec-cong-bo-961695,https://cdn.haiphong.gov.vn/gov-hpg/6833/tintuc/2026/9/qd-3548-ct639245592166822661.pdf,bb5d42104e2dfc3ead050faeef1662f2e761a61ef814aa19a058ca14f3c50c47,lệ phí Căn cứ pháp lý Theo quy định Sau cắt giảm nhập khẩu 12. 2.001192 Thủ tục cấp Giấy phép gia công quân phục xuất khẩu cho các lực lượng vũ trang nước ngoài 19 ngày làm việc kể từ ngày nhận được hồ sơ đầy đủ theo quy định. Trong đó: - 12 ngày làm việc đối với cơ quan cấp phép; - 07 ngày làm
2026-09-08,3584/QĐ-UBND,2.001282,"Thủ tục Cấp Giấy phép xuất khẩu, nhập khẩu hàng hóa thuộc diện áp dụng biện pháp tạm ngừng xuất khẩu, tạm ngừng nhập khẩu",XUẤT NHẬP KHẨU,modified,Sửa đổi/bổ sung,province,2026-09-08,current,https://namsach.haiphong.gov.vn/cong-khai-danh-muc-thu-tuc-hanh-chinh/cong-khai-quyet-dinh-so-3584-qd-ubnd-ngay-08-9-2026-cua-ubnd-thanh-pho-hai-phong-ve-viec-cong-bo-961695,https://cdn.haiphong.gov.vn/gov-hpg/6833/tintuc/2026/9/qd-3548-ct639245592166822661.pdf,bb5d42104e2dfc3ead050faeef1662f2e761a61ef814aa19a058ca14f3c50c47,"xã pháp để tổ chức, hướng dẫn thi hành Luật Quản lý ngoại thương. 3. 2.001282 Thủ tục Cấp Giấy phép xuất khẩu, nhập khẩu hàng hóa thuộc diện áp dụng biện pháp tạm ngừng xuất khẩu, tạm ngừng nhập khẩu 10 ngày làm việc kể từ ngày nhận được hồ sơ đầy đủ theo quy định . Trong đó: - 05 ngày làm việc đối với cơ"
2026-09-08,3584/QĐ-UBND,2.001315,Thủ tục cấp Giấy phép nhập khẩu quân phục để làm mẫu phục vụ hoạt động gia công,XUẤT NHẬP KHẨU,modified,Sửa đổi/bổ sung,province,2026-09-08,current,https://namsach.haiphong.gov.vn/cong-khai-danh-muc-thu-tuc-hanh-chinh/cong-khai-quyet-dinh-so-3584-qd-ubnd-ngay-08-9-2026-cua-ubnd-thanh-pho-hai-phong-ve-viec-cong-bo-961695,https://cdn.haiphong.gov.vn/gov-hpg/6833/tintuc/2026/9/qd-3548-ct639245592166822661.pdf,bb5d42104e2dfc3ead050faeef1662f2e761a61ef814aa19a058ca14f3c50c47,"quy định chi tiết một số điều và biện pháp để tổ chức, hướng dẫn thi hành Luật Quản lý ngoại thương. 13. 2.001315 Thủ tục cấp Giấy phép nhập khẩu quân phục để làm mẫu phục vụ hoạt động gia công 19 ngày làm việc kể từ ngày nhận được hồ sơ đầy đủ theo quy định . Trong đó: 17 ngày làm việc kể từ ngày nhận được hồ sơ đầy đủ theo"
2026-09-09,3603/QĐ-UBND,1.116537,"Thủ tục đăng ký nhu cầu đào tạo của doanh nghiệp về các ngành, nghề ưu tiên hoặc khó xã hội hóa",TÀI CHÍNH,reduced,Có bằng chứng trong phụ lục về nội dung sau cắt giảm,province,2026-09-09,not_in_current_master,https://namsach.haiphong.gov.vn/cong-khai-danh-muc-thu-tuc-hanh-chinh/cong-khai-quyet-dinh-so-3603-qd-ubnd-ngay-09-9-2026-cua-ubnd-thanh-pho-hai-phong-ve-viec-cong-bo-963108,https://cdn.haiphong.gov.vn/gov-hpg/6874/tintuc/2026/9/quyet-dinh-2026-cong-bo-dmtthc-so-tai-chinh-chuan-hoa-qd-2428-2452-ttr397-..signed639246459769567858.pdf,b4cc414184fae92ade736513a60a2e184e6f41980c23f4ee64ec60e2302aae8f,"Sau cắt giảm LĨNH VỰC GIÁO DỤC NGHỀ NGHIỆP, NGÂN SÁCH NHÀ NƯỚC 1 1.116537 Thủ tục đăng ký nhu cầu đào tạo của doanh nghiệp về các ngành, nghề ưu tiên hoặc khó xã hội hóa Không quy định Không quy định - Trung tâm Phục v ụ hành chính công thành phố; - Trung tâm Phục v ụ hành chính công cấp xã."
2026-09-09,3603/QĐ-UBND,2.002603,Công bố dự án đầu tư kinh doanh (gồm dự án đầu tư có sử dụng đ ất) đ ối với d ự án,TÀI CHÍNH,reduced,Có bằng chứng trong phụ lục về nội dung sau cắt giảm,shared,2026-09-09,not_in_current_master,https://namsach.haiphong.gov.vn/cong-khai-danh-muc-thu-tuc-hanh-chinh/cong-khai-quyet-dinh-so-3603-qd-ubnd-ngay-09-9-2026-cua-ubnd-thanh-pho-hai-phong-ve-viec-cong-bo-963108,https://cdn.haiphong.gov.vn/gov-hpg/6874/tintuc/2026/9/quyet-dinh-2026-cong-bo-dmtthc-so-tai-chinh-chuan-hoa-qd-2428-2452-ttr397-..signed639246459769567858.pdf,b4cc414184fae92ade736513a60a2e184e6f41980c23f4ee64ec60e2302aae8f,"phí Căn cứ pháp lý Theo quy định Sau cắt giảm LĨNH VỰC ĐẤU THẦU LỰA CHỌN NHÀ ĐẦU TƯ 1 2.002603 Công bố dự án đầu tư kinh doanh (gồm dự án đầu tư có sử dụng đ ất) đ ối với d ự án không thu ộc diện chấp thuận chủ trương đầu tư do nhà đ ầu tư đề xuất - Thời hạn phê duyệt hoặc không phê duyệt: + Trung tâm Phục vụ hành chính công thành phố báo cáo người có thẩm quyền giao cơ quan, tổ chức, đơn vị tổng hợp,"
2026-09-09,3604/QĐ-UBND,1.001296,"Cấp l ại Gi ấy chứng nh ận đủ điều ki ện hoạt đ ộng kiểm đ ịnh xe cơ giới - 03 ngày làm việc (đối với trường h ợp Giấy ch ứng nhận b ị mất, bị hỏng, thay đổi thông tin địa giới hành chính, gi ảm số lượng dây",XÂY DỰNG,modified,Sửa đổi/bổ sung,province,2026-09-09,not_in_current_master,https://namsach.haiphong.gov.vn/cong-khai-danh-muc-thu-tuc-hanh-chinh/cong-khai-quyet-dinh-so-3604-qd-ubnd-ngay-09-9-2026-cua-ubnd-thanh-pho-hai-phong-ve-viec-cong-bo-963090,https://cdn.haiphong.gov.vn/gov-hpg/6874/tintuc/2026/9/quyet-dinh-2026-cong-bo-dm-tthc-theo-1549-1536-so-xay-dung-ttr316-9.9..signed639246459065860248.pdf,32414e8a22aaa5708e20216e01c2898438b5643afafc9e9791f7145dced2e340,"định Sau khi cắt giảm 2. 1.001296 Cấp l ại Gi ấy chứng nh ận đủ điều ki ện hoạt đ ộng kiểm đ ịnh xe cơ giới - 03 ngày làm việc (đối với trường h ợp Giấy ch ứng nhận b ị mất, bị hỏng, thay đổi thông tin địa giới hành chính, gi ảm số lượng dây chuyền). - Tiếp nh ận"
2026-09-09,3604/QĐ-UBND,1.001322,"Cấp m ới Giấy ch ứng nhận đ ủ điều kiện ho ạt động ki ểm định xe cơ giới - Tiếp nhận hồ sơ: 03 ngày làm việc. - Kiểm tra, đánh giá thực t ế: 08 ngày làm việc",XÂY DỰNG,modified,Sửa đổi/bổ sung,province,2026-09-09,not_in_current_master,https://namsach.haiphong.gov.vn/cong-khai-danh-muc-thu-tuc-hanh-chinh/cong-khai-quyet-dinh-so-3604-qd-ubnd-ngay-09-9-2026-cua-ubnd-thanh-pho-hai-phong-ve-viec-cong-bo-963090,https://cdn.haiphong.gov.vn/gov-hpg/6874/tintuc/2026/9/quyet-dinh-2026-cong-bo-dm-tthc-theo-1549-1536-so-xay-dung-ttr316-9.9..signed639246459065860248.pdf,32414e8a22aaa5708e20216e01c2898438b5643afafc9e9791f7145dced2e340,"Sau khi cắt giảm I. LĨNH VỰC ĐĂNG KIỂM 1. 1.001322 Cấp m ới Giấy ch ứng nhận đ ủ điều kiện ho ạt động ki ểm định xe cơ giới - Tiếp nhận hồ sơ: 03 ngày làm việc. - Kiểm tra, đánh giá thực t ế: 08 ngày làm việc. - Cấp Gi ấy chứng nhận:"
2026-09-09,3604/QĐ-UBND,1.003785,"Tàu bi ển ho ạt động tuy ến n ội địa rời cảng biển và tàu biển Việt Nam đã nh ập cảnh sau đó r ời cảng bi ển khác của Vi ệt Nam (bao gồm cả tàu quân s ự, tàu công v ụ, tàu ngầm, tàu l ặn, kho ch ứa n ổi, giàn d i đ ộng, thủy phi cơ,",XÂY DỰNG,modified,Sửa đổi/bổ sung,province,2026-09-09,not_in_current_master,https://namsach.haiphong.gov.vn/cong-khai-danh-muc-thu-tuc-hanh-chinh/cong-khai-quyet-dinh-so-3604-qd-ubnd-ngay-09-9-2026-cua-ubnd-thanh-pho-hai-phong-ve-viec-cong-bo-963090,https://cdn.haiphong.gov.vn/gov-hpg/6874/tintuc/2026/9/quyet-dinh-2026-cong-bo-dm-tthc-theo-1549-1536-so-xay-dung-ttr316-9.9..signed639246459065860248.pdf,32414e8a22aaa5708e20216e01c2898438b5643afafc9e9791f7145dced2e340,"tháng 11 năm 2016 quy đ ịnh v ề phí, l ệ phí hàng h ải và bi ểu m ức thu phí, l ệ phí hàng hải. 2. 1.003785 Tàu bi ển ho ạt động tuy ến n ội địa rời cảng biển và tàu biển Việt Nam đã nh ập cảnh sau đó r ời cảng bi ển khác của Vi ệt Nam (bao gồm cả tàu quân s ự, tàu công v ụ, tàu ngầm, tàu l ặn, kho ch ứa n ổi, giàn d i đ ộng, thủy phi cơ, phương ti ện Chậm nhất 01 giờ, kể từ"
2026-09-09,3604/QĐ-UBND,1.003829,Tàu bi ển ho ạt động tuy ến n ội địa vào c ảng biển và tàu biển Việt Nam đã nhập c ảnh sau đó vào c ảng biển khác c ủa Việt Nam (bao gồm cả tàu quân Chậm nhất,XÂY DỰNG,modified,Sửa đổi/bổ sung,province,2026-09-09,not_in_current_master,https://namsach.haiphong.gov.vn/cong-khai-danh-muc-thu-tuc-hanh-chinh/cong-khai-quyet-dinh-so-3604-qd-ubnd-ngay-09-9-2026-cua-ubnd-thanh-pho-hai-phong-ve-viec-cong-bo-963090,https://cdn.haiphong.gov.vn/gov-hpg/6874/tintuc/2026/9/quyet-dinh-2026-cong-bo-dm-tthc-theo-1549-1536-so-xay-dung-ttr316-9.9..signed639246459065860248.pdf,32414e8a22aaa5708e20216e01c2898438b5643afafc9e9791f7145dced2e340,"mô tô, xe gắn máy) II. LĨNH VỰC HÀNG HẢI VÀ ĐƯỜNG THỦY NỘI ĐỊA 1. 1.003829 Tàu bi ển ho ạt động tuy ến n ội địa vào c ảng biển và tàu biển Việt Nam đã nhập c ảnh sau đó vào c ảng biển khác c ủa Việt Nam (bao gồm cả tàu quân Chậm nhất 01 giờ, kể từ khi người làm thủ tục đã nộp, xuất trình đủ các giấy tờ theo quy định, các"
2026-09-09,3604/QĐ-UBND,1.009444,"Gia hạn hoạt động cảng, bến thủy nội địa Thông tư số 21/2026/TTBXD ngày 15/5/2026 của Bộ trưởng Bộ Xây dựng quy đ ịnh về quản lý k ết cấu hạ tầng đường thủy nội địa Sở Xây dựng, UBND cấp xã",XÂY DỰNG,repealed,Bãi bỏ,province,2026-09-09,repealed,https://namsach.haiphong.gov.vn/cong-khai-danh-muc-thu-tuc-hanh-chinh/cong-khai-quyet-dinh-so-3604-qd-ubnd-ngay-09-9-2026-cua-ubnd-thanh-pho-hai-phong-ve-viec-cong-bo-963090,https://cdn.haiphong.gov.vn/gov-hpg/6874/tintuc/2026/9/quyet-dinh-2026-cong-bo-dm-tthc-theo-1549-1536-so-xay-dung-ttr316-9.9..signed639246459065860248.pdf,32414e8a22aaa5708e20216e01c2898438b5643afafc9e9791f7145dced2e340,"STT Mã TTHC Tên thủ tục hành chính Tên VBQPPL quy định nội dung bãi bỏ Cơ quan thực hiện 1 1.009444 Gia hạn hoạt động cảng, bến thủy nội địa Thông tư số 21/2026/TTBXD ngày 15/5/2026 của Bộ trưởng Bộ Xây dựng quy đ ịnh về quản lý k ết cấu hạ tầng đường thủy nội địa Sở Xây dựng, UBND cấp xã"
2026-09-09,3604/QĐ-UBND,1.013105,"Cấp m ới Giấy ch ứng nhận đ ủ điều kiện ho ạt động ki ểm định khí th ải xe mô tô, xe gắn máy - Tiếp nh ận hồ sơ: 03 ngày làm việc. - Kiểm tra, đánh giá thực t ế: 08 ngày làm",XÂY DỰNG,modified,Sửa đổi/bổ sung,province,2026-09-09,not_in_current_master,https://namsach.haiphong.gov.vn/cong-khai-danh-muc-thu-tuc-hanh-chinh/cong-khai-quyet-dinh-so-3604-qd-ubnd-ngay-09-9-2026-cua-ubnd-thanh-pho-hai-phong-ve-viec-cong-bo-963090,https://cdn.haiphong.gov.vn/gov-hpg/6874/tintuc/2026/9/quyet-dinh-2026-cong-bo-dm-tthc-theo-1549-1536-so-xay-dung-ttr316-9.9..signed639246459065860248.pdf,32414e8a22aaa5708e20216e01c2898438b5643afafc9e9791f7145dced2e340,"định Sau khi cắt giảm 3. 1.013105 Cấp m ới Giấy ch ứng nhận đ ủ điều kiện ho ạt động ki ểm định khí th ải xe mô tô, xe gắn máy - Tiếp nh ận hồ sơ: 03 ngày làm việc. - Kiểm tra, đánh giá thực t ế: 08 ngày làm viẹc. - Cấp Gi ấy"
2026-09-09,3604/QĐ-UBND,1.013110,"Cấp l ại Gi ấy chứng nh ận đủ điều ki ện hoạt đ ộng kiểm định khí thải xe mô tô, xe gắn máy",XÂY DỰNG,modified,Sửa đổi/bổ sung,province,2026-09-09,not_in_current_master,https://namsach.haiphong.gov.vn/cong-khai-danh-muc-thu-tuc-hanh-chinh/cong-khai-quyet-dinh-so-3604-qd-ubnd-ngay-09-9-2026-cua-ubnd-thanh-pho-hai-phong-ve-viec-cong-bo-963090,https://cdn.haiphong.gov.vn/gov-hpg/6874/tintuc/2026/9/quyet-dinh-2026-cong-bo-dm-tthc-theo-1549-1536-so-xay-dung-ttr316-9.9..signed639246459065860248.pdf,32414e8a22aaa5708e20216e01c2898438b5643afafc9e9791f7145dced2e340,"định Sau khi cắt giảm 4. 1.013110 Cấp l ại Gi ấy chứng nh ận đủ điều ki ện hoạt đ ộng kiểm định khí thải xe mô tô, xe gắn máy 02 ngày làm việc (đối với trư ờng hợp b ị mất, bị hỏng, thay đ ổi thông tin địa gi ới hành chính) - Tiếp nh ận hồ sơ: 03"
2026-09-09,3604/QĐ-UBND,1.115949,"Công b ố đóng c ảng, bến thủy nội địa, khu neo đậu",XÂY DỰNG,modified,Sửa đổi/bổ sung,,2026-09-09,current,https://namsach.haiphong.gov.vn/cong-khai-danh-muc-thu-tuc-hanh-chinh/cong-khai-quyet-dinh-so-3604-qd-ubnd-ngay-09-9-2026-cua-ubnd-thanh-pho-hai-phong-ve-viec-cong-bo-963090,https://cdn.haiphong.gov.vn/gov-hpg/6874/tintuc/2026/9/quyet-dinh-2026-cong-bo-dm-tthc-theo-1549-1536-so-xay-dung-ttr316-9.9..signed639246459065860248.pdf,32414e8a22aaa5708e20216e01c2898438b5643afafc9e9791f7145dced2e340,"Sau khi cắt giảm I. LĨNH VỰC HÀNG HẢI VÀ ĐƯỜNG THỦY NỘI ĐỊA 1 1.115949 Công b ố đóng c ảng, bến thủy nội địa, khu neo đậu 07 ngày làm việc 3,5 ngày làm việc - Trung tâm phục v ụ hành chính công thành phố; - Trung tâm Phục v ụ hành chính công cấp xã."
2026-09-10,3626/QĐ-UBND,1.010943,"Thủ tục tiếp công dân tại cấp tỉnh Trong thời hạn 10 ngày làm việc, k ể từ ngày ti ếp nh ận nội dung khi ếu n ại, tố cáo, kiến ngh ị, ph ản ánh, ngư ời tiếp công dân có trách nhiệm trả lời tr ực tiếp hoặc thông báo bằng văn bản đến người",THANH TRA,published,Công bố/chuẩn hóa,province,2026-09-10,not_in_current_master,https://namsach.haiphong.gov.vn/cong-khai-danh-muc-thu-tuc-hanh-chinh/cong-khai-quyet-dinh-so-3626-qd-ubnd-ngay-10-9-2026-cua-ubnd-thanh-pho-hai-phong-ve-viec-cong-bo-963093,https://cdn.haiphong.gov.vn/gov-hpg/6833/tintuc/2026/9/qd-3626-thanh-tra639247396433436237.pdf,ffdec7c0b9fc75d5fe35f76e03dc7a710080498fa6a1a7770144f9dc9efe662a,"Phí, lệ phí Căn cứ pháp lý I LĨNH VỰC TIẾP CÔNG DÂN 1 1.010943 Thủ tục tiếp công dân tại cấp tỉnh Trong thời hạn 10 ngày làm việc, k ể từ ngày ti ếp nh ận nội dung khi ếu n ại, tố cáo, kiến ngh ị, ph ản ánh, ngư ời tiếp công dân có trách nhiệm trả lời tr ực tiếp hoặc thông báo bằng văn bản đến người đã đến khiếu nại, kiến nghị, phản ánh. Tại tr ụ sở tiếp công dân hoặc đ ịa điểm ti ếp công dân"
2026-09-10,3626/QĐ-UBND,2.001801,Thủ tục xử lý đơn tại cấp xã,THANH TRA,published,Công bố/chuẩn hóa,commune,2026-09-10,current,https://namsach.haiphong.gov.vn/cong-khai-danh-muc-thu-tuc-hanh-chinh/cong-khai-quyet-dinh-so-3626-qd-ubnd-ngay-10-9-2026-cua-ubnd-thanh-pho-hai-phong-ve-viec-cong-bo-963093,https://cdn.haiphong.gov.vn/gov-hpg/6833/tintuc/2026/9/qd-3626-thanh-tra639247396433436237.pdf,ffdec7c0b9fc75d5fe35f76e03dc7a710080498fa6a1a7770144f9dc9efe662a,"Chính phủ quy định quy trình tiếp công dân. II LĨNH VỰC XỬ LÝ ĐƠN 1 2.001801 Thủ tục xử lý đơn t ại cấp xã Trong th ời h ạn 10 ngày, k ể từ ngày nhận được đơn khi ếu nại, tố cáo, kiến nghị, phản ánh. UBND cấp xã Không quy định - Căn c ứ Luật Ti ếp công dân năm 2013; Luật T ố cáo năm 2018 và các văn bản hướng dẫn thi hành; - Thông tư s ố 05/2021/TT- TTCP ngày 01/10/2021 c ủa"
2026-09-10,3626/QĐ-UBND,2.001909,Thủ tục tiếp công dân tại cấp xã,THANH TRA,published,Công bố/chuẩn hóa,commune,2026-09-10,current,https://namsach.haiphong.gov.vn/cong-khai-danh-muc-thu-tuc-hanh-chinh/cong-khai-quyet-dinh-so-3626-qd-ubnd-ngay-10-9-2026-cua-ubnd-thanh-pho-hai-phong-ve-viec-cong-bo-963093,https://cdn.haiphong.gov.vn/gov-hpg/6833/tintuc/2026/9/qd-3626-thanh-tra639247396433436237.pdf,ffdec7c0b9fc75d5fe35f76e03dc7a710080498fa6a1a7770144f9dc9efe662a,"Phí, lệ phí Căn cứ pháp lý I LĨNH VỰC TIẾP CÔNG DÂN 1 2.001909 Thủ tục tiếp công dân tại cấp xã Trong th ời h ạn 10 ngày làm việc, k ể từ ngày ti ếp nh ận n ội dung khi ếu n ại, t ố cáo, ki ến nghị, phản ánh người tiếp công dân có trách nhi ệm trả lời trực tiếp ho ặc thông báo b ằng văn bản đến người đã đến khiếu nại, kiến nghị, phản ánh. UBND cấp xã Không quy định - Luật Tiếp công dân năm 2013; - Nghị định số 64/2014/NĐ-CP ngày 26/6/2014 của Chính phủ"
2026-09-10,3626/QĐ-UBND,2.002394,Giải quyết tố cáo tại cấp tỉnh Thời hạn giải quyết tố cáo là,THANH TRA,published,Công bố/chuẩn hóa,province,2026-09-10,not_in_current_master,https://namsach.haiphong.gov.vn/cong-khai-danh-muc-thu-tuc-hanh-chinh/cong-khai-quyet-dinh-so-3626-qd-ubnd-ngay-10-9-2026-cua-ubnd-thanh-pho-hai-phong-ve-viec-cong-bo-963093,https://cdn.haiphong.gov.vn/gov-hpg/6833/tintuc/2026/9/qd-3626-thanh-tra639247396433436237.pdf,ffdec7c0b9fc75d5fe35f76e03dc7a710080498fa6a1a7770144f9dc9efe662a,"IV LĨNH VỰC TỐ CÁO 1 2.002394 Giải quyết tố cáo tại cấp tỉnh Thời hạn giải quyết tố cáo là không quá 30 ngày k ể từ ngày thụ lý tố cáo. Đối với vụ việc phức tạp thì có th ể gia hạn giải quyết tố cáo một lần nhưng không quá 30 ngày. Đ ối v ới v ụ việc đ ặc biệt phức tạp thì có th ể gia Thanh tra thành ph ố, các cơ quan chuyên môn thuộc UBND thành phố. Không"
2026-09-10,3626/QĐ-UBND,2.002396,Giải quyết tố cáo cấp xã,THANH TRA,published,Công bố/chuẩn hóa,commune,2026-09-10,current,https://namsach.haiphong.gov.vn/cong-khai-danh-muc-thu-tuc-hanh-chinh/cong-khai-quyet-dinh-so-3626-qd-ubnd-ngay-10-9-2026-cua-ubnd-thanh-pho-hai-phong-ve-viec-cong-bo-963093,https://cdn.haiphong.gov.vn/gov-hpg/6833/tintuc/2026/9/qd-3626-thanh-tra639247396433436237.pdf,ffdec7c0b9fc75d5fe35f76e03dc7a710080498fa6a1a7770144f9dc9efe662a,Khiếu nại; IV LĨNH VỰC TỐ CÁO 1 2.002396 Giải quyết tố cáo cấp xã Thời h ạn gi ải quy ết t ố cáo là không quá 30 ngày k ể từ ngày thụ lý t ố cáo. Đ ối v ới v ụ việc phức tạp thì có th ể gia hạn giải quyết t ố cáo m ột l ần nhưng không quá 30 ngày. Đ ối với vụ việc đặc biệt phức tạp thì có thể UBND cấp xã Không quy định Luật Tố cáo số 25/2018/QH14 ngày 12/6/2018; Nghị định s ố 31/2019/NĐ-CP ngày 10/4/2019 của Chính phủ quy định chi tiết một số điều và
2026-09-10,3626/QĐ-UBND,2.002401,"Thủ tục xác minh tài s ản, thu nhập",THANH TRA,published,Công bố/chuẩn hóa,shared,2026-09-10,not_in_current_master,https://namsach.haiphong.gov.vn/cong-khai-danh-muc-thu-tuc-hanh-chinh/cong-khai-quyet-dinh-so-3626-qd-ubnd-ngay-10-9-2026-cua-ubnd-thanh-pho-hai-phong-ve-viec-cong-bo-963093,https://cdn.haiphong.gov.vn/gov-hpg/6833/tintuc/2026/9/qd-3626-thanh-tra639247396433436237.pdf,ffdec7c0b9fc75d5fe35f76e03dc7a710080498fa6a1a7770144f9dc9efe662a,"2018 về việc kê khai đư ợc thực hiện theo quy định của pháp luật về bầu cử 2 2.002401 Thủ tục xác minh tài s ản, thu nhập Không quá 115 ngày (trong đó th ời hạn xác minh là 45 ngày, trường hợp phức tạp thì thời hạn có th ể kéo dài nhưng không quá 90 ngày; th ời hạn ban hành kết luận là 10 ngày, trường hợp ph ức t ạp có th ể kéo dài nhưng không quá 20 ngày, th ời h ạn công khai kết luận là 05 ngày làm việc) Cơ quan ki ểm soát tài sản thu nhập được quy định tại Điều 30 Luật PCTN 2018 Không quy địn"
2026-09-10,3626/QĐ-UBND,2.002403,Thủ tục thực hiện vi ệc gi ải trình Thời hạn ra thông báo tiếp nhận hoặc từ chối giải trình là 05 ngày làm việc kể từ ngày tiếp nhận yêu cầu giải trình Thời h ạn th ực hi ện vi ệc gi ải trình,THANH TRA,published,Công bố/chuẩn hóa,shared,2026-09-10,not_in_current_master,https://namsach.haiphong.gov.vn/cong-khai-danh-muc-thu-tuc-hanh-chinh/cong-khai-quyet-dinh-so-3626-qd-ubnd-ngay-10-9-2026-cua-ubnd-thanh-pho-hai-phong-ve-viec-cong-bo-963093,https://cdn.haiphong.gov.vn/gov-hpg/6833/tintuc/2026/9/qd-3626-thanh-tra639247396433436237.pdf,ffdec7c0b9fc75d5fe35f76e03dc7a710080498fa6a1a7770144f9dc9efe662a,"chức v ụ, quy ền h ạn trong cơ quan, tổ chức, đơn vị. 3 2.002403 Thủ tục thực hiện vi ệc gi ải trình Thời hạn ra thông báo tiếp nhận hoặc từ chối giải trình là 05 ngày làm việc kể từ ngày tiếp nhận yêu cầu giải trình Thời h ạn th ực hi ện vi ệc gi ải trình không quá 15 ngày k ể từ ngày ra thông báo ti ếp nh ận yêu c ầu gi ải Các cơ quan, t ổ chức, đơn vị khu vực Nhà nước Không quy định Luật phòng chống tham nhũng s ố 36/2018/QH14;"
2026-09-10,3626/QĐ-UBND,2.002407,"Thủ tục giải quy ết khiếu n ại lần đầu tại cấp tỉnh Thời gian gi ải quy ết khi ếu nại l ần đ ầu không quá 30 ngày kể từ ngày thụ lý, đối với vụ việc phức tạp thì thời gian gi ải quy ết có th ể kéo dài hơn nhưng không quá 45",THANH TRA,published,Công bố/chuẩn hóa,province,2026-09-10,not_in_current_master,https://namsach.haiphong.gov.vn/cong-khai-danh-muc-thu-tuc-hanh-chinh/cong-khai-quyet-dinh-so-3626-qd-ubnd-ngay-10-9-2026-cua-ubnd-thanh-pho-hai-phong-ve-viec-cong-bo-963093,https://cdn.haiphong.gov.vn/gov-hpg/6833/tintuc/2026/9/qd-3626-thanh-tra639247396433436237.pdf,ffdec7c0b9fc75d5fe35f76e03dc7a710080498fa6a1a7770144f9dc9efe662a,"kiến nghị, phản ánh III LĨNH VỰC GIẢI QUYẾT KHIẾU NẠI 1 2.002407 Thủ tục giải quy ết khiếu n ại lần đầu tại cấp tỉnh Thời gian gi ải quy ết khi ếu nại l ần đ ầu không quá 30 ngày kể từ ngày thụ lý, đối với vụ việc phức tạp thì thời gian gi ải quy ết có th ể kéo dài hơn nhưng không quá 45 ngày, kể từ ngày thụ lý. Ở vùng sâu, vùng xa đi l ại khó khăn, thì th ời h ạn gi ải quyết khi ếu n ại không quá 45 ngày, k ể từ ngày thụ lý; đối với vụ việc phức tạp thì thời gian giải quy ết có th ể"
2026-09-10,3626/QĐ-UBND,2.002409,Thủ tục giải quyết khiếu nại lần đầu tại xã,THANH TRA,published,Công bố/chuẩn hóa,commune,2026-09-10,current,https://namsach.haiphong.gov.vn/cong-khai-danh-muc-thu-tuc-hanh-chinh/cong-khai-quyet-dinh-so-3626-qd-ubnd-ngay-10-9-2026-cua-ubnd-thanh-pho-hai-phong-ve-viec-cong-bo-963093,https://cdn.haiphong.gov.vn/gov-hpg/6833/tintuc/2026/9/qd-3626-thanh-tra639247396433436237.pdf,ffdec7c0b9fc75d5fe35f76e03dc7a710080498fa6a1a7770144f9dc9efe662a,"đơn tố cáo, đơn kiến nghị, phản ánh. III LĨNH VỰC KHIẾU NẠI 1 2.002409 Thủ tục gi ải quy ết khiếu n ại l ần đ ầu t ại xã Thời gian gi ải quy ết khi ếu n ại lần đầu không quá 30 ngày kể từ ngày th ụ lý, đ ối v ới v ụ việc phức tạp thì thời gian giải quyết có thể kéo dài hơn nhưng không quá 45 ngày, kể từ ngày thụ lý. Ở vùng sâu, vùng xa đi l ại khó khăn, thì th ời h ạn gi ải quy ết khiếu nại không quá 45 ngày, kể từ ngày thụ lý; đối với vụ việc phức tạp thì thời gian giải quyết có thể kéo dài hơn"
2026-09-10,3626/QĐ-UBND,2.002411,Thủ tục giải quy ết khiếu n ại lần hai tại cấp tỉnh Thời gian gi ải quy ết khiếu nại lần hai không quá,THANH TRA,published,Công bố/chuẩn hóa,province,2026-09-10,not_in_current_master,https://namsach.haiphong.gov.vn/cong-khai-danh-muc-thu-tuc-hanh-chinh/cong-khai-quyet-dinh-so-3626-qd-ubnd-ngay-10-9-2026-cua-ubnd-thanh-pho-hai-phong-ve-viec-cong-bo-963093,https://cdn.haiphong.gov.vn/gov-hpg/6833/tintuc/2026/9/qd-3626-thanh-tra639247396433436237.pdf,ffdec7c0b9fc75d5fe35f76e03dc7a710080498fa6a1a7770144f9dc9efe662a,"thực hiện Phí, lệ phí Căn cứ pháp lý 2 2.002411 Thủ tục giải quy ết khiếu n ại lần hai tại cấp tỉnh Thời gian gi ải quy ết khiếu nại lần hai không quá 45 ngày k ể từ ngày thụ lý, đối với vụ việc phức tạp thì thời gian gi ải quy ết có th ể kéo dài hơn nhưng không quá 60 ngày, kể từ ngày thụ lý. Ở vùng sâu, vùng xa đi lại khó khăn, thì th ời h ạn gi ải quyết khi ếu n ại không quá 60 ngày, k ể từ ngày thụ lý; đối với vụ việc phức tạp thì"
2026-09-10,3626/QĐ-UBND,2.002499,"Thủ tục xử lý đơn t ại cấp tỉnh Trong thời hạn 10 ngày, k ể từ ngày nh ận đư ợc đơn khiếu nại, tố cáo, kiến nghị, phản ánh. Ban ti ếp công dân thành ph ố, bộ phận x ử lý đơn thu ộc Thanh tra thành phố",THANH TRA,published,Công bố/chuẩn hóa,province,2026-09-10,not_in_current_master,https://namsach.haiphong.gov.vn/cong-khai-danh-muc-thu-tuc-hanh-chinh/cong-khai-quyet-dinh-so-3626-qd-ubnd-ngay-10-9-2026-cua-ubnd-thanh-pho-hai-phong-ve-viec-cong-bo-963093,https://cdn.haiphong.gov.vn/gov-hpg/6833/tintuc/2026/9/qd-3626-thanh-tra639247396433436237.pdf,ffdec7c0b9fc75d5fe35f76e03dc7a710080498fa6a1a7770144f9dc9efe662a,"thực hiện Phí, lệ phí Căn cứ pháp lý 1 2.002499 Thủ tục xử lý đơn t ại cấp tỉnh Trong thời hạn 10 ngày, k ể từ ngày nh ận đư ợc đơn khiếu nại, tố cáo, kiến nghị, phản ánh. Ban ti ếp công dân thành ph ố, bộ phận x ử lý đơn thu ộc Thanh tra thành phố. Không quy định - Căn cứ Luật Tiếp công dân năm 2013; Luật Tố"
2026-09-10,3627/QĐ-UBND,2.002253,"Thủ tục cấp Giấy xác nhận đăng ký hoạt động xét t ặng gi ải thư ởng ch ất lư ợng sản ph ẩm, hàng hóa c ủa t ổ chức, cá nhân",KHOA HỌC VÀ CÔNG NGHỆ,repealed,Bãi bỏ,,2026-09-10,not_in_current_master,https://namsach.haiphong.gov.vn/cong-khai-danh-muc-thu-tuc-hanh-chinh/cong-khai-quyet-dinh-so-3627-qd-ubnd-ngay-10-9-2026-cua-ubnd-thanh-pho-hai-phong-ve-viec-cong-bo-963097,https://cdn.haiphong.gov.vn/gov-hpg/6833/tintuc/2026/9/qd-3627-khcn639247397546280150.pdf,592f23bfe89dfd5113096ba3c1017df00c7cdeb0f87b8811f3cdb733ce87c05d,"trưởng Bộ Khoa học và Công nghệ. 2 2.002253 Thủ tục cấp Giấy xác nhận đăng ký hoạt động xét t ặng gi ải thư ởng ch ất lư ợng sản ph ẩm, hàng hóa c ủa t ổ chức, cá nhân."
2026-09-10,3627/QĐ-UBND,3.000474,"Thủ tục cấp Giấy xác nhận đăng ký hoạt động xét t ặng gi ải thư ởng ch ất lư ợng sản ph ẩm, hàng hóa c ủa t ổ chức, cá nhân (đ ối v ới các gi ải thư ởng do cơ quan nhà nư ớc, t ổ chức chính tr ị, t ổ chức chính trị - xã hội, tổ chức chính trị",KHOA HỌC VÀ CÔNG NGHỆ,repealed,Bãi bỏ,,2026-09-10,not_in_current_master,https://namsach.haiphong.gov.vn/cong-khai-danh-muc-thu-tuc-hanh-chinh/cong-khai-quyet-dinh-so-3627-qd-ubnd-ngay-10-9-2026-cua-ubnd-thanh-pho-hai-phong-ve-viec-cong-bo-963097,https://cdn.haiphong.gov.vn/gov-hpg/6833/tintuc/2026/9/qd-3627-khcn639247397546280150.pdf,592f23bfe89dfd5113096ba3c1017df00c7cdeb0f87b8811f3cdb733ce87c05d,"Tên VBQPPL quy định việc bãi bỏ thủ tục hành chính 1 3.000474 Thủ tục cấp Giấy xác nhận đăng ký hoạt động xét t ặng gi ải thư ởng ch ất lư ợng sản ph ẩm, hàng hóa c ủa t ổ chức, cá nhân (đ ối v ới các gi ải thư ởng do cơ quan nhà nư ớc, t ổ chức chính tr ị, t ổ chức chính trị - xã hội, tổ chức chính trị xã hội - nghề nghiệp, tổ chức xã h ội, tổ chức xã hội - nghề nghiệp, hội, hiệp hội ở Trung ương, S ở Khoa h ọc và Công nghệ các tỉnh, thành phố tổ chức). Thông tư s ố 46/2026/TTBKHCN ngày 31 thán"
2026-09-11,3643/QĐ-UBND,1.001138,Cấp Gi ấy phép ho ạt động đ ối v ới tr ạm sơ cấp cứu chữ thập đỏ,KHÁM CHỮA BỆNH,reduced,Có bằng chứng trong phụ lục về nội dung sau cắt giảm,province,2026-09-11,current,https://namsach.haiphong.gov.vn/cong-khai-danh-muc-thu-tuc-hanh-chinh/cong-khai-quyet-dinh-so-3643-qd-ubnd-ngay-11-9-2026-cua-ubnd-thanh-pho-hai-phong-ve-viec-cong-bo-965145,https://cdn.haiphong.gov.vn/gov-hpg/6833/tintuc/2026/9/3643_2026639250767815599938.pdf,76c330231a3bce18a76f750351e64bff50a192580f282be7e098d1a3db5d5772,"quy định nội dung sửa đổi, bổ sung Theo quy định Sau cắt giảm THỦ TỤC HÀNH CHÍNH CẤP TỈNH (04 TTHC) 1. 1.001138 Cấp Gi ấy phép ho ạt động đ ối v ới tr ạm sơ cấp cứu chữ thập đỏ 30 ngày làm việc k ể từ ngày nhận được đủ hồ sơ hợp lệ 12 ngày làm việc kể từ ngày nhận được đủ hồ sơ hợp lệ - Trung tâm Phục v ụ HCC thành phố - Trung tâm Phục v ụ HCC cấp xã Không quy định - Luật hoạt động chữ thập đỏ ngày"
2026-09-11,3643/QĐ-UBND,1.006780,"Cấp lại Giấy phép hoạt động đối với trạm, điểm sơ cấp cứu chữ thập đỏ do mất, rách, hỏng hoặc sai sót thông tin",KHÁM CHỮA BỆNH,modified,Sửa đổi/bổ sung,province,2026-09-11,current,https://namsach.haiphong.gov.vn/cong-khai-danh-muc-thu-tuc-hanh-chinh/cong-khai-quyet-dinh-so-3643-qd-ubnd-ngay-11-9-2026-cua-ubnd-thanh-pho-hai-phong-ve-viec-cong-bo-965145,https://cdn.haiphong.gov.vn/gov-hpg/6833/tintuc/2026/9/3643_2026639250767815599938.pdf,76c330231a3bce18a76f750351e64bff50a192580f282be7e098d1a3db5d5772,"cấp xã của Thông tư số 17/2014/TT -BYT và Thông tư số 17/2013/TT-BYT 4. 1.006780 Cấp lại Giấy phép hoạt động đ ối v ới tr ạm, điểm sơ c ấp c ứu ch ữ thập đ ỏ do m ất, rách, hỏng ho ặc sai sót thông tin 20 ngày làm việc k ể từ ngày nhận được đủ hồ sơ hợp lệ 10 ngày làm việc kể từ ngày nhận được đủ hồ sơ hợp lệ - Trung tâm Phục v ụ HCC thành phố - Trung tâm"
2026-09-11,3643/QĐ-UBND,2.000552,"Cấp lại Giấy phép hoạt động đối với trạm, điểm sơ cấp cứu chữ thập đỏ khi thay đổi địa điểm",KHÁM CHỮA BỆNH,modified,Sửa đổi/bổ sung,province,2026-09-11,current,https://namsach.haiphong.gov.vn/cong-khai-danh-muc-thu-tuc-hanh-chinh/cong-khai-quyet-dinh-so-3643-qd-ubnd-ngay-11-9-2026-cua-ubnd-thanh-pho-hai-phong-ve-viec-cong-bo-965145,https://cdn.haiphong.gov.vn/gov-hpg/6833/tintuc/2026/9/3643_2026639250767815599938.pdf,76c330231a3bce18a76f750351e64bff50a192580f282be7e098d1a3db5d5772,"Phục v ụ HCC cấp xã Không quy định 3. 2.000552 Cấp lại Giấy phép hoạt động đ ối v ới tr ạm, điểm sơ c ấp c ứu ch ữ 30 ngày làm việc k ể từ ngày nhận được đủ hồ sơ hợp lệ 12 ngày làm việc kể từ ngày nhận được đủ hồ sơ hợp lệ - Trung tâm Phục v ụ HCC thành phố Không quy định"
2026-09-11,3643/QĐ-UBND,2.000559,Cấp Gi ấy phép ho ạt động đ ối v ới đi ểm sơ cấp cứu chữ thập đỏ,KHÁM CHỮA BỆNH,modified,Sửa đổi/bổ sung,province,2026-09-11,current,https://namsach.haiphong.gov.vn/cong-khai-danh-muc-thu-tuc-hanh-chinh/cong-khai-quyet-dinh-so-3643-qd-ubnd-ngay-11-9-2026-cua-ubnd-thanh-pho-hai-phong-ve-viec-cong-bo-965145,https://cdn.haiphong.gov.vn/gov-hpg/6833/tintuc/2026/9/3643_2026639250767815599938.pdf,76c330231a3bce18a76f750351e64bff50a192580f282be7e098d1a3db5d5772,- Thông tư số 20/2026/TT -BYT ngày 11 tháng 6 năm 2026 của Bộ trưởng Bộ Y tế sửa đổi một số điều 2. 2.000559 Cấp Gi ấy phép ho ạt động đ ối v ới đi ểm sơ cấp cứu chữ thập đỏ 30 ngày làm việc k ể từ ngày nhận được đủ hồ sơ hợp lệ 12 ngày làm việc kể từ ngày nhận được đủ hồ sơ hợp lệ - Trung tâm Phục v ụ HCC thành phố - Trung tâm Phục v ụ HCC cấp xã Không quy định
2026-09-15,3726/QĐ-UBND,1.011325,"Cấp, đi ều ch ỉnh, c ấp lại Gi ấy phép nhập khẩu, xuất khẩu thuốc thú y, nguyên liệu làm thuốc thú y có ch ứa chất ma túy, tiền chất Điều 33 Ngh ị định s ố 163/2026/NĐ-CP ngày 15/5/2026 c ủa Chính ph ủ quy đ ịnh chi tiết và hướng dẫn thi hành một số điều",CHĂN NUÔI VÀ THÚ Y,repealed,Bãi bỏ,province,2026-09-15,not_in_current_master,https://vinhbao.haiphong.gov.vn/linh-vuc-nong-nghiep-va-moi-truong/quyet-dinh-so-3726-qd-ubnd-cua-ubnd-thanh-pho-ve-viec-cong-bo-danh-muc-thu-tuc-hanh-chinh-bi-bai-965890,https://cdn.haiphong.gov.vn/gov-hpg/6874/tintuc/2026/9/quyet-dinh-2026-con-bo-dmttc-bi-bai-bo-lvuc-cnty-ttr888-..signed639251548749803396.pdf,df5769c6f97888350439446ac525a9278f234f4dfef6310648f89dfb43d32cfd,"chính Tên VBQPPL quy định việc bãi bỏ thủ tục hành chính 1 1.011325 Cấp, đi ều ch ỉnh, c ấp lại Gi ấy phép nhập khẩu, xuất khẩu thuốc thú y, nguyên liệu làm thuốc thú y có ch ứa chất ma túy, tiền chất Điều 33 Ngh ị định s ố 163/2026/NĐ-CP ngày 15/5/2026 c ủa Chính ph ủ quy đ ịnh chi tiết và hướng dẫn thi hành một số điều của Luật Phòng, ch ống ma túy (vi ết tắt là Nghị định s ố 163/2026/NĐ-CP ngày 15/5/2026) 2 1.013809 Cấp Giấy chứng nhận đủ điều ki ện s ản xu ất thuốc thú y có ch ứa chất ma t"
2026-09-15,3726/QĐ-UBND,1.013809,"Cấp Giấy chứng nhận đủ điều ki ện s ản xu ất thuốc thú y có ch ứa chất ma tuý, ti ền chất (trừ sản xuất thuốc thú y dạng dược phẩm, vắc xin) Điều 30 Ngh ị định s ố 163/2026/NĐ-CP ngày 15/5/2026",CHĂN NUÔI VÀ THÚ Y,repealed,Bãi bỏ,province,2026-09-15,not_in_current_master,https://vinhbao.haiphong.gov.vn/linh-vuc-nong-nghiep-va-moi-truong/quyet-dinh-so-3726-qd-ubnd-cua-ubnd-thanh-pho-ve-viec-cong-bo-danh-muc-thu-tuc-hanh-chinh-bi-bai-965890,https://cdn.haiphong.gov.vn/gov-hpg/6874/tintuc/2026/9/quyet-dinh-2026-con-bo-dmttc-bi-bai-bo-lvuc-cnty-ttr888-..signed639251548749803396.pdf,df5769c6f97888350439446ac525a9278f234f4dfef6310648f89dfb43d32cfd,"của Luật Phòng, ch ống ma túy (vi ết tắt là Nghị định s ố 163/2026/NĐ-CP ngày 15/5/2026) 2 1.013809 Cấp Giấy chứng nhận đủ điều ki ện s ản xu ất thuốc thú y có ch ứa chất ma tuý, ti ền chất (trừ sản xuất thuốc thú y dạng dược phẩm, vắc xin) Điều 30 Ngh ị định s ố 163/2026/NĐ-CP ngày 15/5/2026 3 1.013813 Sửa đ ổi Gi ấy ch ứng nhận đủ điều kiện sản xuất thu ốc thú y có chứa chất ma tuý, ti ền chất (tr ừ sản xu ất thuốc thú y dạng dược phẩm, vắc xin)"
2026-09-15,3726/QĐ-UBND,1.013811,"Cấp l ại Gi ấy ch ứng nhận đủ điều kiện sản xuất thu ốc thú y có chứa chất ma túy, ti ền chất (tr ừ sản xu ất thuốc thú y dạng dược phẩm, vắc-xin) Khoản 2 Đi ều 30 Ngh ị định s ố 163/2026/NĐ-CP ngày 15/5/2026",CHĂN NUÔI VÀ THÚ Y,repealed,Bãi bỏ,province,2026-09-15,not_in_current_master,https://vinhbao.haiphong.gov.vn/linh-vuc-nong-nghiep-va-moi-truong/quyet-dinh-so-3726-qd-ubnd-cua-ubnd-thanh-pho-ve-viec-cong-bo-danh-muc-thu-tuc-hanh-chinh-bi-bai-965890,https://cdn.haiphong.gov.vn/gov-hpg/6874/tintuc/2026/9/quyet-dinh-2026-con-bo-dmttc-bi-bai-bo-lvuc-cnty-ttr888-..signed639251548749803396.pdf,df5769c6f97888350439446ac525a9278f234f4dfef6310648f89dfb43d32cfd,"phẩm, vắc xin) Khoản 2 Đi ều 30 Ngh ị định s ố 163/2026/NĐ-CP ngày 15/5/2026 4 1.013811 Cấp l ại Gi ấy ch ứng nhận đủ điều kiện sản xuất thu ốc thú y có chứa chất ma túy, ti ền chất (tr ừ sản xu ất thuốc thú y dạng dược phẩm, vắc-xin) Khoản 2 Đi ều 30 Ngh ị định s ố 163/2026/NĐ-CP ngày 15/5/2026"
2026-09-15,3726/QĐ-UBND,1.013813,"Sửa đ ổi Gi ấy ch ứng nhận đủ điều kiện sản xuất thu ốc thú y có chứa chất ma tuý, ti ền chất (tr ừ sản xu ất thuốc thú y dạng dược phẩm, vắc xin) Khoản 2 Đi ều 30 Ngh ị định s ố 163/2026/NĐ-CP ngày 15/5/2026",CHĂN NUÔI VÀ THÚ Y,repealed,Bãi bỏ,province,2026-09-15,not_in_current_master,https://vinhbao.haiphong.gov.vn/linh-vuc-nong-nghiep-va-moi-truong/quyet-dinh-so-3726-qd-ubnd-cua-ubnd-thanh-pho-ve-viec-cong-bo-danh-muc-thu-tuc-hanh-chinh-bi-bai-965890,https://cdn.haiphong.gov.vn/gov-hpg/6874/tintuc/2026/9/quyet-dinh-2026-con-bo-dmttc-bi-bai-bo-lvuc-cnty-ttr888-..signed639251548749803396.pdf,df5769c6f97888350439446ac525a9278f234f4dfef6310648f89dfb43d32cfd,"xin) Điều 30 Ngh ị định s ố 163/2026/NĐ-CP ngày 15/5/2026 3 1.013813 Sửa đ ổi Gi ấy ch ứng nhận đủ điều kiện sản xuất thu ốc thú y có chứa chất ma tuý, ti ền chất (tr ừ sản xu ất thuốc thú y dạng dược phẩm, vắc xin) Khoản 2 Đi ều 30 Ngh ị định s ố 163/2026/NĐ-CP ngày 15/5/2026 4 1.013811 Cấp l ại Gi ấy ch ứng nhận đủ điều kiện sản xuất thu ốc thú y có chứa chất ma túy, ti ền chất (tr ừ sản xu ất thuốc thú y dạng dược phẩm, vắc-xin)"
2026-09-15,3727/QĐ-UBND,1.014913,"Kiểm tra ch ất lượng hàng hóa v ật li ệu xây d ựng nhóm 2 nhập khẩu - Nghị định số 37/2026/NĐ-CP ngày 23 tháng 01 năm 2026 c ủa Chính ph ủ quy định chi tiết một số điều và biện pháp để tổ chức, hướng dẫn thi hành Lu ật Chất",VẬT LIỆU XÂY DỰNG,repealed,Bãi bỏ,,2026-09-15,not_in_current_master,https://vinhbao.haiphong.gov.vn/linh-vuc-xay-dung-va-cong-thuong/quyet-dinh-so-3727-qd-ubnd-cua-ubnd-thanh-pho-ve-viec-cong-bo-danh-muc-thu-tuc-hanh-chinh-bi-bai-965897,https://cdn.haiphong.gov.vn/gov-hpg/6874/tintuc/2026/9/quyet-dinh-2026-cong-bo-dmtthc-bi-bai-bo-lv-vat-lieu-xd-so-xd-ttr330-..signed639251555254310110.pdf,8e41298fa3132bf3f30da5c1348de6e952f46afb01cae2817c31a71eaf596010,"bãi bỏ thủ tục hành chính Ghi chú LĨNH VỰC VẬT LIỆU XÂY DỰNG 1 1.014913 Kiểm tra ch ất lượng hàng hóa v ật li ệu xây d ựng nhóm 2 nhập khẩu - Nghị định số 37/2026/NĐ-CP ngày 23 tháng 01 năm 2026 c ủa Chính ph ủ quy định chi tiết một số điều và biện pháp để tổ chức, hướng dẫn thi hành Lu ật Chất lượng sản phẩm, hàng hóa; - Thông tư số 41/2026/TT-BXD ngày 26 tháng 6 năm 2026 c ủa B ộ trưởng B ộ Xây d ựng v ề quản lý ch ất lư ợng s ản phẩm, hàng hóa vật liệu xây dựng."
2026-09-19,3856/QĐ-UBND,1.000658,Thủ tục cấp Giấy chứng nhận KP đối với kim cương thô xuất khẩu theo Quy chế Chứng nhận KP,XUẤT NHẬP KHẨU,reduced,Có bằng chứng trong phụ lục về nội dung sau cắt giảm,province,2026-09-19,current,https://namsach.haiphong.gov.vn/cong-khai-danh-muc-thu-tuc-hanh-chinh/cong-khai-quyet-dinh-so-3856-qd-ubnd-ngay-19-9-2026-cua-ubnd-thanh-pho-hai-phong-ve-viec-cong-bo-968427,https://cdn.haiphong.gov.vn/gov-hpg/6833/tintuc/2026/9/qd-3856-ct-xuat-nhap-khau639256036951182130.pdf,323c61417ef13b5e9478d27e209148d79cd67f31a613bf952f12c2e157d0bdae,lệ phí Căn cứ pháp lý Theo quy định Sau cắt giảm THỦ TỤC HÀNH CHÍNH CẤP TỈNH 1 1.000658 Thủ tục cấp Giấy chứng nhận KP đối với kim cương thô xuất khẩu theo Quy chế Chứng nhận KP. - 02 ngày làm việc kể từ ngày nhận được hồ sơ đầy đủ và đúng quy định. - Trong trường hợp nhận thấy việc kiểm tra trên hồ sơ là chưa đủ căn cứ để cấp Giấy chứng nhận KP
2026-09-19,3856/QĐ-UBND,1.116562,Thủ tục xác nhận nhập khẩu kim cương thô theo Quy chế chứng nhận KP,XUẤT NHẬP KHẨU,new,Ban hành mới,province,2026-09-19,current,https://namsach.haiphong.gov.vn/cong-khai-danh-muc-thu-tuc-hanh-chinh/cong-khai-quyet-dinh-so-3856-qd-ubnd-ngay-19-9-2026-cua-ubnd-thanh-pho-hai-phong-ve-viec-cong-bo-968427,https://cdn.haiphong.gov.vn/gov-hpg/6833/tintuc/2026/9/qd-3856-ct-xuat-nhap-khau639256036951182130.pdf,323c61417ef13b5e9478d27e209148d79cd67f31a613bf952f12c2e157d0bdae,lệ phí Căn cứ pháp lý Theo quy định Sau cắt giảm THỦ TỤC HÀNH CHÍNH CẤP TỈNH 1 1.116562 Thủ tục xác nhận nhập khẩu kim cương thô theo Quy chế chứng nhận KP 02 ngày làm việc kể từ ngày nhận được hồ sơ đầy đủ và đúng quy định 02 ngày làm việc kể từ ngày nhận được hồ sơ đầy đủ và đúng quy định - Trung tâm Phục vụ hành chính công thành phố
2026-09-19,3856/QĐ-UBND,1.116563,"Thủ tục cấp sửa đổi, bổ sung, cấp lại do mất, thất lạc, hư hỏng Giấy chứng nhận KP đối với kim cương thô xuất khẩu theo Quy chế chứng nhận KP",XUẤT NHẬP KHẨU,new,Ban hành mới,province,2026-09-19,current,https://namsach.haiphong.gov.vn/cong-khai-danh-muc-thu-tuc-hanh-chinh/cong-khai-quyet-dinh-so-3856-qd-ubnd-ngay-19-9-2026-cua-ubnd-thanh-pho-hai-phong-ve-viec-cong-bo-968427,https://cdn.haiphong.gov.vn/gov-hpg/6833/tintuc/2026/9/qd-3856-ct-xuat-nhap-khau639256036951182130.pdf,323c61417ef13b5e9478d27e209148d79cd67f31a613bf952f12c2e157d0bdae,"chức, hướng dẫn thi hành Luật Quản lý ngoại thương. 2 1.116563 Thủ tục cấp sửa đổi, bổ sung, cấp lại do mất, thất lạc, hư hỏng Giấy chứng nhận KP đối với kim cương thô xuất khẩu theo Quy chế chứng nhận KP 02 ngày làm việc kể từ ngày nhận được hồ sơ đầy đủ và đúng quy định 02 ngày làm việc kể từ ngày nhận được hồ sơ đầy đủ và"
2026-09-20,3878/QĐ-UBND,1.003785,"Tàu bi ển ho ạt động tuy ến n ội địa rời cảng biển và tàu biển Việt Nam đã nh ập cảnh sau đó r ời cảng bi ển khác của Vi ệt Nam (bao gồm cả tàu quân s ự, tàu công v ụ, tàu ngầm, tàu l ặn, kho ch ứa n ổi, giàn di đ ộng, thủy phi cơ,",HÀNG HẢI VÀ ĐƯỜNG THỦY NỘI ĐỊA,modified,Sửa đổi/bổ sung,province,2026-09-20,not_in_current_master,https://namsach.haiphong.gov.vn/cong-khai-danh-muc-thu-tuc-hanh-chinh/cong-khai-quyet-dinh-so-3878-qd-ubnd-ngay-20-9-2026-cua-ubnd-thanh-pho-hai-phong-ve-viec-cong-bo-968417,https://cdn.haiphong.gov.vn/gov-hpg/6833/tintuc/2026/9/qd-3838-xd-hang-hai-duong-thuy639256032077834970.pdf,5c18d851bc173fa004997580cb857e434c1e1bf868eb23e31eae2306b24433dc,"định Sau khi cắt giảm 2. 1.003785 Tàu bi ển ho ạt động tuy ến n ội địa rời cảng biển và tàu biển Việt Nam đã nh ập cảnh sau đó r ời cảng bi ển khác của Vi ệt Nam (bao gồm cả tàu quân s ự, tàu công v ụ, tàu ngầm, tàu l ặn, kho ch ứa n ổi, giàn di đ ộng, thủy phi cơ, phương ti ện thủy n ội đ ịa mang c ấp VR -"
2026-09-20,3878/QĐ-UBND,1.003829,"Tàu bi ển ho ạt động tuy ến n ội địa vào c ảng biển và tàu biển Việt Nam đã nhập c ảnh sau đó vào c ảng biển khác c ủa Việt Nam (bao gồm cả tàu quân sự, tàu công vụ, tàu ng ầm, tàu lặn, kho ch ứa nổi, giàn di động, th ủy phi",HÀNG HẢI VÀ ĐƯỜNG THỦY NỘI ĐỊA,modified,Sửa đổi/bổ sung,province,2026-09-20,not_in_current_master,https://namsach.haiphong.gov.vn/cong-khai-danh-muc-thu-tuc-hanh-chinh/cong-khai-quyet-dinh-so-3878-qd-ubnd-ngay-20-9-2026-cua-ubnd-thanh-pho-hai-phong-ve-viec-cong-bo-968417,https://cdn.haiphong.gov.vn/gov-hpg/6833/tintuc/2026/9/qd-3838-xd-hang-hai-duong-thuy639256032077834970.pdf,5c18d851bc173fa004997580cb857e434c1e1bf868eb23e31eae2306b24433dc,"Sau khi cắt giảm II. LĨNH VỰC HÀNG HẢI VÀ ĐƯỜNG THỦY NỘI ĐỊA 1. 1.003829 Tàu bi ển ho ạt động tuy ến n ội địa vào c ảng biển và tàu biển Việt Nam đã nhập c ảnh sau đó vào c ảng biển khác c ủa Việt Nam (bao gồm cả tàu quân sự, tàu công vụ, tàu ng ầm, tàu lặn, kho ch ứa nổi, giàn di động, th ủy phi cơ, phương tiện thủy n ội đ ịa mang c ấp VR -"
2026-09-20,3878/QĐ-UBND,1.009444,"Gia hạn hoạt động cảng, bến thủy nội địa Thông tư s ố 21/2026/TTBXD ngày 15/5/2026 của Bộ trưởng Bộ Xây dựng quy đ ịnh v ề quản lý k ết c ấu h ạ tầng đường thủy nội địa",HÀNG HẢI VÀ ĐƯỜNG THỦY NỘI ĐỊA,repealed,Bãi bỏ,province,2026-09-20,repealed,https://namsach.haiphong.gov.vn/cong-khai-danh-muc-thu-tuc-hanh-chinh/cong-khai-quyet-dinh-so-3878-qd-ubnd-ngay-20-9-2026-cua-ubnd-thanh-pho-hai-phong-ve-viec-cong-bo-968417,https://cdn.haiphong.gov.vn/gov-hpg/6833/tintuc/2026/9/qd-3838-xd-hang-hai-duong-thuy639256032077834970.pdf,5c18d851bc173fa004997580cb857e434c1e1bf868eb23e31eae2306b24433dc,"chính Tên thủ tục hành chính Tên VBQPPL quy định bãi bỏ thủ tục hành chính 1 1.009444 Gia hạn hoạt động cảng, bến thủy nội địa Thông tư s ố 21/2026/TTBXD ngày 15/5/2026 của Bộ trưởng Bộ Xây dựng quy đ ịnh v ề quản lý k ết c ấu h ạ tầng đường thủy nội địa"
2026-09-20,3878/QĐ-UBND,1.115949,"Công b ố đóng c ảng, bến thủy nội địa, khu neo đậu",HÀNG HẢI VÀ ĐƯỜNG THỦY NỘI ĐỊA,modified,Sửa đổi/bổ sung,shared,2026-09-20,current,https://namsach.haiphong.gov.vn/cong-khai-danh-muc-thu-tuc-hanh-chinh/cong-khai-quyet-dinh-so-3878-qd-ubnd-ngay-20-9-2026-cua-ubnd-thanh-pho-hai-phong-ve-viec-cong-bo-968417,https://cdn.haiphong.gov.vn/gov-hpg/6833/tintuc/2026/9/qd-3838-xd-hang-hai-duong-thuy639256032077834970.pdf,5c18d851bc173fa004997580cb857e434c1e1bf868eb23e31eae2306b24433dc,"Sau khi cắt giảm I. LĨNH VỰC HÀNG HẢI VÀ ĐƯỜNG THỦY NỘI ĐỊA 1 1.115949 Công b ố đóng c ảng, bến thủy nội địa, khu neo đậu 07 ngày làm việc 3,5 ngày làm việc - Trung tâm phục v ụ hành chính công thành phố; - Trung tâm Phục v ụ hành chính công cấp xã."
2026-09-20,3879/QĐ-UBND,1.004889,"Công nhận bằng tốt nghiệp trung học cơ sở, bằng tốt nghiệp trung học phổ thông, giấy chứng nhận hoàn thành chương trình giáo dục phổ thông do cơ sở giáo dục nước ngoài cấp để sử dụng tại Việt Nam","VĂN BẰNG, CHỨNG CHỈ",reduced,Có bằng chứng trong phụ lục về nội dung sau cắt giảm,province,2026-09-26,current,https://namsach.haiphong.gov.vn/cong-khai-danh-muc-thu-tuc-hanh-chinh/cong-khai-quyet-dinh-3879-qd-ubnd-ngay-20-9-2026-cua-ubnd-thanh-pho-hai-phong-ve-viec-cong-bo-da-968412,https://cdn.haiphong.gov.vn/gov-hpg/6833/tintuc/2026/9/qd-3879-gd-van-bang-chung-chi639256030085386845.pdf,dbc5e80a3f512d93afffa0d9d3226db79bb1dc4f0fd7a0373c7bfeb11cf1aa3c,"Theo quy định Sau cắt giảm LĨNH VỰC VĂN BẰNG CHỨNG CHỈ (Có hiệu lực từ 26/9/2026) 1. 1.004889 Công nh ận bằng tốt nghiệp trung h ọc cơ sở, b ằng t ốt nghiệp trung học phổ thông, giấy ch ứng nhận hoàn thành chương trình giáo d ục phổ thông do cơ sở giáo dục nước ngoài cấp để sử dụng tại Việt Nam 20 ngày làm"
2026-09-21,3904/QĐ-UBND,1.001117,Cấp l ại Gi ấy đăng ký ho ạt động c ủa văn phòng giám định tư pháp trong trư ờng hợp Gi ấy đăng ký hoạt động bị hư hỏng hoặc bị mất,GIÁM ĐỊNH TƯ PHÁP,modified,Sửa đổi/bổ sung,province,2026-09-21,current,https://namsach.haiphong.gov.vn/cong-khai-danh-muc-thu-tuc-hanh-chinh/cong-khai-quyet-dinh-so-3904-qd-ubnd-ngay-21-9-2026-cua-ubnd-thanh-pho-hai-phong-ve-viec-cong-bo-969347,https://cdn.haiphong.gov.vn/gov-hpg/6833/tintuc/2026/9/qd-3904-tp-bai-bo-giam-dinh639256935655766164.pdf,4b23c8ee05c5f63f5d5b337f3b6311225fc83ab7ed8912830389aca497c1a81b,ngày 19/5/2026 của Chính phủ quy định chi tiết một số điều và biện pháp thi hành Luật Giám định tư pháp 5. 1.001117 Cấp l ại Gi ấy đăng ký ho ạt động c ủa văn phòng giám định tư pháp trong trư ờng hợp Gi ấy đăng ký hoạt động bị hư hỏng hoặc bị mất 03 ngày làm việc 02 ngày làm việc Trung tâm Phục vụ hành chính công thành ph ố và cấp xã
2026-09-21,3904/QĐ-UBND,1.001122,Bổ nhiệm và cấp th ẻ giám định viên tư pháp,GIÁM ĐỊNH TƯ PHÁP,reduced,Có bằng chứng trong phụ lục về nội dung sau cắt giảm,province,2026-09-21,current,https://namsach.haiphong.gov.vn/cong-khai-danh-muc-thu-tuc-hanh-chinh/cong-khai-quyet-dinh-so-3904-qd-ubnd-ngay-21-9-2026-cua-ubnd-thanh-pho-hai-phong-ve-viec-cong-bo-969347,https://cdn.haiphong.gov.vn/gov-hpg/6833/tintuc/2026/9/qd-3904-tp-bai-bo-giam-dinh639256935655766164.pdf,4b23c8ee05c5f63f5d5b337f3b6311225fc83ab7ed8912830389aca497c1a81b,Theo quy định Sau cắt giảm THỦ TỤC HÀNH CHÍNH CẤP TỈNH 1. 1.001122 Bổ nhiệm và cấp th ẻ giám định viên tư pháp 08 ngày làm việc Không đề xuất cắt giảm Trung tâm Phục vụ hành chính công thành ph ố và cấp xã Không quy định - Luật giám định tư pháp số 105/2025/QH15; - Nghị định số 177/2026/NĐ -CP ngày 19/5/2026 của Chính phủ quy
2026-09-21,3904/QĐ-UBND,1.001216,Chuyển đổi loại hình văn phòng giám đ ịnh tư pháp,GIÁM ĐỊNH TƯ PHÁP,modified,Sửa đổi/bổ sung,province,2026-09-21,current,https://namsach.haiphong.gov.vn/cong-khai-danh-muc-thu-tuc-hanh-chinh/cong-khai-quyet-dinh-so-3904-qd-ubnd-ngay-21-9-2026-cua-ubnd-thanh-pho-hai-phong-ve-viec-cong-bo-969347,https://cdn.haiphong.gov.vn/gov-hpg/6833/tintuc/2026/9/qd-3904-tp-bai-bo-giam-dinh639256935655766164.pdf,4b23c8ee05c5f63f5d5b337f3b6311225fc83ab7ed8912830389aca497c1a81b,"7. 1.001216 Chuyển đổi loại hình văn phòng giám đ ịnh tư pháp 10 ngày làm việc 8,5 ngày làm việc Trung tâm Phục vụ hành chính công thành ph ố và cấp xã Không quy định - Luật giám định tư pháp số 105/2025/QH15; - Nghị định số 177/2026/NĐ -CP ngày 19/5/2026 của Chính phủ quy"
2026-09-21,3904/QĐ-UBND,1.009832,Cấp lại thẻ giám định viên tư pháp,GIÁM ĐỊNH TƯ PHÁP,modified,Sửa đổi/bổ sung,province,2026-09-21,current,https://namsach.haiphong.gov.vn/cong-khai-danh-muc-thu-tuc-hanh-chinh/cong-khai-quyet-dinh-so-3904-qd-ubnd-ngay-21-9-2026-cua-ubnd-thanh-pho-hai-phong-ve-viec-cong-bo-969347,https://cdn.haiphong.gov.vn/gov-hpg/6833/tintuc/2026/9/qd-3904-tp-bai-bo-giam-dinh639256935655766164.pdf,4b23c8ee05c5f63f5d5b337f3b6311225fc83ab7ed8912830389aca497c1a81b,ngày 19/5/2026 của Chính phủ quy định chi tiết một số điều và biện pháp thi hành Luật Giám định tư pháp. 3. 1.009832 Cấp lại thẻ giám định viên tư pháp 05 ngày làm việc Không đề xuất cắt giảm Trung tâm Phục vụ hành chính công thành ph ố và cấp xã Không quy định - Luật giám định tư pháp số 105/2025/QH15; - Nghị định số 177/2026/NĐ-CP ngày 19/5/2026 của Chính phủ quy định chi tiết một số điều và biện pháp
2026-09-21,3904/QĐ-UBND,1.116546,Bổ nhiệm lại và cấp th ẻ giám định viên tư pháp,GIÁM ĐỊNH TƯ PHÁP,repealed,Bãi bỏ,province,2026-09-21,repealed,https://namsach.haiphong.gov.vn/cong-khai-danh-muc-thu-tuc-hanh-chinh/cong-khai-quyet-dinh-so-3904-qd-ubnd-ngay-21-9-2026-cua-ubnd-thanh-pho-hai-phong-ve-viec-cong-bo-969347,https://cdn.haiphong.gov.vn/gov-hpg/6833/tintuc/2026/9/qd-3904-tp-bai-bo-giam-dinh639256935655766164.pdf,4b23c8ee05c5f63f5d5b337f3b6311225fc83ab7ed8912830389aca497c1a81b,"(nếu có) Căn cứ pháp lý Theo quy định Sau cắt giảm THỦ TỤC HÀNH CHÍNH CẤP TỈNH 1. 1.116546 Bổ nhiệm lại và cấp th ẻ giám định viên tư pháp 05 ngày làm việc 2,5 ngày làm việc Trung tâm Phục vụ hành chính công thành ph ố và cấp xã Không quy định - Luật Giám định tư pháp số 105/2025/QH15; - Nghị định số 177/2026/NĐ -CP ngày 19/5/2026 của Chính phủ quy"
2026-09-21,3904/QĐ-UBND,1.116547,Công nh ận người giám định tư pháp theo vụ việc,GIÁM ĐỊNH TƯ PHÁP,repealed,Bãi bỏ,province,2026-09-21,repealed,https://namsach.haiphong.gov.vn/cong-khai-danh-muc-thu-tuc-hanh-chinh/cong-khai-quyet-dinh-so-3904-qd-ubnd-ngay-21-9-2026-cua-ubnd-thanh-pho-hai-phong-ve-viec-cong-bo-969347,https://cdn.haiphong.gov.vn/gov-hpg/6833/tintuc/2026/9/qd-3904-tp-bai-bo-giam-dinh639256935655766164.pdf,4b23c8ee05c5f63f5d5b337f3b6311225fc83ab7ed8912830389aca497c1a81b,ngày 19/5/2026 của Chính phủ quy định chi tiết một số điều và biện pháp thi hành Luật Giám định tư pháp; 2. 1.116547 Công nh ận người giám định tư pháp theo vụ việc 08 ngày làm việc 04 ngày làm việ c Trung tâm Phục vụ hành chính công thành ph ố và cấp xã Không quy định - Luật Giám định tư pháp số 105/2025/QH15; - Nghị định số 177/2026/NĐ -CP ngày 19/5/2026 của Chính phủ quy
2026-09-21,3904/QĐ-UBND,1.116548,Hủy bỏ công nhận người,GIÁM ĐỊNH TƯ PHÁP,repealed,Bãi bỏ,province,2026-09-21,repealed,https://namsach.haiphong.gov.vn/cong-khai-danh-muc-thu-tuc-hanh-chinh/cong-khai-quyet-dinh-so-3904-qd-ubnd-ngay-21-9-2026-cua-ubnd-thanh-pho-hai-phong-ve-viec-cong-bo-969347,https://cdn.haiphong.gov.vn/gov-hpg/6833/tintuc/2026/9/qd-3904-tp-bai-bo-giam-dinh639256935655766164.pdf,4b23c8ee05c5f63f5d5b337f3b6311225fc83ab7ed8912830389aca497c1a81b,"- Nghị quyết s ố 66.7/2025/NQ-CP quy định cắt giảm, đơn giản hóa thủ tục hành chính dựa trên dữ liệu. 3. 1.116548 Hủy bỏ công nhận người 05 ngày làm việc 2,5 ngày làm việc Trung tâm Phục vụ hành chính Không quy định - Luật Giám định tư pháp số 105/2025/QH15;"
2026-09-21,3904/QĐ-UBND,1.116549,Công nhận tổ chức giám định tư pháp theo vụ việc,GIÁM ĐỊNH TƯ PHÁP,repealed,Bãi bỏ,province,2026-09-21,repealed,https://namsach.haiphong.gov.vn/cong-khai-danh-muc-thu-tuc-hanh-chinh/cong-khai-quyet-dinh-so-3904-qd-ubnd-ngay-21-9-2026-cua-ubnd-thanh-pho-hai-phong-ve-viec-cong-bo-969347,https://cdn.haiphong.gov.vn/gov-hpg/6833/tintuc/2026/9/qd-3904-tp-bai-bo-giam-dinh639256935655766164.pdf,4b23c8ee05c5f63f5d5b337f3b6311225fc83ab7ed8912830389aca497c1a81b,ngày 19/5/2026 c ủa Chính ph ủ quy định chi tiết một số điều và biện pháp thi hành Luật Giám định tư pháp. 4. 1.116549 Công nhận tổ chức giám định tư pháp theo vụ việc 08 ngày làm việc 04 ngày làm việc Trung tâm Phục vụ hành chính công thành ph ố và cấp xã Không quy định - Luật Giám định tư pháp số 105/2025/QH15; - Nghị định s ố 177/2026/NĐ-CP ngày 19/5/2026 c ủa Chính ph ủ quy
2026-09-21,3904/QĐ-UBND,1.116550,Hủy bỏ công nhận tổ chức giám định tư pháp theo vụ việc,GIÁM ĐỊNH TƯ PHÁP,repealed,Bãi bỏ,province,2026-09-21,repealed,https://namsach.haiphong.gov.vn/cong-khai-danh-muc-thu-tuc-hanh-chinh/cong-khai-quyet-dinh-so-3904-qd-ubnd-ngay-21-9-2026-cua-ubnd-thanh-pho-hai-phong-ve-viec-cong-bo-969347,https://cdn.haiphong.gov.vn/gov-hpg/6833/tintuc/2026/9/qd-3904-tp-bai-bo-giam-dinh639256935655766164.pdf,4b23c8ee05c5f63f5d5b337f3b6311225fc83ab7ed8912830389aca497c1a81b,"ngày 19/5/2026 c ủa Chính ph ủ quy định chi tiết một số điều và biện pháp thi hành Luật Giám định tư pháp. 5. 1.116550 Hủy bỏ công nhận tổ chức giám định tư pháp theo vụ việc 05 ngày làm việc 2,5 ngày làm việc Trung tâm Phục vụ hành chính công thành ph ố và cấp xã Không quy định - Luật Giám định tư pháp số 105/2025/QH15; - Nghị định s ố 177/2026/NĐ-CP"
2026-09-21,3904/QĐ-UBND,1.116551,Thành lập và đăng ký hoạt động của văn phòng giám định tư pháp,GIÁM ĐỊNH TƯ PHÁP,repealed,Bãi bỏ,province,2026-09-21,repealed,https://namsach.haiphong.gov.vn/cong-khai-danh-muc-thu-tuc-hanh-chinh/cong-khai-quyet-dinh-so-3904-qd-ubnd-ngay-21-9-2026-cua-ubnd-thanh-pho-hai-phong-ve-viec-cong-bo-969347,https://cdn.haiphong.gov.vn/gov-hpg/6833/tintuc/2026/9/qd-3904-tp-bai-bo-giam-dinh639256935655766164.pdf,4b23c8ee05c5f63f5d5b337f3b6311225fc83ab7ed8912830389aca497c1a81b,ngày 19/5/2026 c ủa Chính ph ủ quy định chi tiết một số điều và biện pháp thi hành Luật Giám định tư pháp. 6. 1.116551 Thành lập và đăng ký hoạt động của văn phòng giám định tư pháp 20 ngày làm việc 10 ngày làm việc Trung tâm Phục vụ hành chính công thành ph ố và cấp xã Không quy định - Luật Giám định tư pháp số 105/2025/QH15; - Nghị định s ố 177/2026/NĐ-CP
2026-09-21,3904/QĐ-UBND,1.116552,Hợp nhất văn phòng giám định tư pháp được tổ chức và hoạt động dưới hình thức công ty hợp,GIÁM ĐỊNH TƯ PHÁP,repealed,Bãi bỏ,province,2026-09-21,repealed,https://namsach.haiphong.gov.vn/cong-khai-danh-muc-thu-tuc-hanh-chinh/cong-khai-quyet-dinh-so-3904-qd-ubnd-ngay-21-9-2026-cua-ubnd-thanh-pho-hai-phong-ve-viec-cong-bo-969347,https://cdn.haiphong.gov.vn/gov-hpg/6833/tintuc/2026/9/qd-3904-tp-bai-bo-giam-dinh639256935655766164.pdf,4b23c8ee05c5f63f5d5b337f3b6311225fc83ab7ed8912830389aca497c1a81b,ngày 19/5/2026 c ủa Chính ph ủ quy định chi tiết một số điều và biện pháp thi hành Luật Giám định tư pháp. 7. 1.116552 Hợp nhất văn phòng giám định tư pháp được tổ chức và hoạt động dưới hình thức công ty hợp 20 ngày làm việc 10 ngày làm việc Trung tâm Phục vụ hành chính công thành ph ố và cấp xã Không quy định - Luật Giám định tư pháp số
2026-09-21,3904/QĐ-UBND,1.116553,Sáp nhập văn phòng giám định tư pháp được tổ chức và hoạt động dưới hình thức công ty hợp danh,GIÁM ĐỊNH TƯ PHÁP,repealed,Bãi bỏ,province,2026-09-21,repealed,https://namsach.haiphong.gov.vn/cong-khai-danh-muc-thu-tuc-hanh-chinh/cong-khai-quyet-dinh-so-3904-qd-ubnd-ngay-21-9-2026-cua-ubnd-thanh-pho-hai-phong-ve-viec-cong-bo-969347,https://cdn.haiphong.gov.vn/gov-hpg/6833/tintuc/2026/9/qd-3904-tp-bai-bo-giam-dinh639256935655766164.pdf,4b23c8ee05c5f63f5d5b337f3b6311225fc83ab7ed8912830389aca497c1a81b,danh 8. 1.116553 Sáp nhập văn phòng giám định tư pháp được tổ chức và hoạt động dưới hình thức công ty hợp danh 20 ngày làm việc 10 ngày làm việc Trung tâm Phục vụ hành chính công thành ph ố và cấp xã Không quy định
2026-09-21,3904/QĐ-UBND,1.116554,Tạm ngừng hoạt động của văn phòng giám định tư pháp,GIÁM ĐỊNH TƯ PHÁP,repealed,Bãi bỏ,province,2026-09-21,repealed,https://namsach.haiphong.gov.vn/cong-khai-danh-muc-thu-tuc-hanh-chinh/cong-khai-quyet-dinh-so-3904-qd-ubnd-ngay-21-9-2026-cua-ubnd-thanh-pho-hai-phong-ve-viec-cong-bo-969347,https://cdn.haiphong.gov.vn/gov-hpg/6833/tintuc/2026/9/qd-3904-tp-bai-bo-giam-dinh639256935655766164.pdf,4b23c8ee05c5f63f5d5b337f3b6311225fc83ab7ed8912830389aca497c1a81b,"ngày 19/5/2026 c ủa Chính ph ủ quy định chi tiết một số điều và biện pháp thi hành Luật Giám định tư pháp. 9. 1.116554 Tạm ngừng hoạt động của văn phòng giám định tư pháp 15 ngày làm việc 7,5 ngày làm việc Trung tâm Phục vụ hành chính công thành ph ố và cấp xã Không quy định - Luật Giám định tư pháp số 105/2025/QH15; - Nghị định s ố 177/2026/NĐ-CP"
2026-09-21,3904/QĐ-UBND,1.116555,Chấm dứt hoạt động văn phòng giám định tư pháp,GIÁM ĐỊNH TƯ PHÁP,repealed,Bãi bỏ,province,2026-09-21,repealed,https://namsach.haiphong.gov.vn/cong-khai-danh-muc-thu-tuc-hanh-chinh/cong-khai-quyet-dinh-so-3904-qd-ubnd-ngay-21-9-2026-cua-ubnd-thanh-pho-hai-phong-ve-viec-cong-bo-969347,https://cdn.haiphong.gov.vn/gov-hpg/6833/tintuc/2026/9/qd-3904-tp-bai-bo-giam-dinh639256935655766164.pdf,4b23c8ee05c5f63f5d5b337f3b6311225fc83ab7ed8912830389aca497c1a81b,ngày 19/5/2026 của Chính ph ủ quy định chi tiết một số điều và biện pháp thi hành Luật Giám định tư pháp. 10. 1.116555 Chấm dứt hoạt động văn phòng giám định tư pháp 10 ngày làm việc 05 ngày làm việc Trung tâm Phục vụ hành chính công thành ph ố và cấp xã Không quy định - Luật Giám định tư pháp số 105/2025/QH15; - Nghị định s ố 177/2026/NĐ-CP ngày 19/5/2026 c ủa Chính ph ủ quy
2026-09-21,3904/QĐ-UBND,2.000555,"Cấp Gi ấy đăng ký hoạt đ ộng của văn phòng giám đ ịnh tư pháp trong trường hợp thay đổi tên g ọi, đ ịa chỉ trụ sở, người đại di ện theo pháp lu ật, danh sách thành viên hợp danh c ủa văn phòng giám định tư pháp",GIÁM ĐỊNH TƯ PHÁP,modified,Sửa đổi/bổ sung,province,2026-09-21,current,https://namsach.haiphong.gov.vn/cong-khai-danh-muc-thu-tuc-hanh-chinh/cong-khai-quyet-dinh-so-3904-qd-ubnd-ngay-21-9-2026-cua-ubnd-thanh-pho-hai-phong-ve-viec-cong-bo-969347,https://cdn.haiphong.gov.vn/gov-hpg/6833/tintuc/2026/9/qd-3904-tp-bai-bo-giam-dinh639256935655766164.pdf,4b23c8ee05c5f63f5d5b337f3b6311225fc83ab7ed8912830389aca497c1a81b,"4. 2.000555 Cấp Gi ấy đăng ký hoạt đ ộng của văn phòng giám đ ịnh tư pháp trong trường hợp thay đổi tên g ọi, đ ịa chỉ trụ sở, người đại di ện theo pháp lu ật, danh sách thành viên hợp danh c ủa văn phòng giám định tư pháp 03 ngày làm việc 02 ngày làm việc"
2026-09-21,3904/QĐ-UBND,2.000568,"Thay đ ổi, b ổ sung lĩnh v ực giám đ ịnh c ủa văn phòng giám định tư pháp",GIÁM ĐỊNH TƯ PHÁP,modified,Sửa đổi/bổ sung,province,2026-09-21,current,https://namsach.haiphong.gov.vn/cong-khai-danh-muc-thu-tuc-hanh-chinh/cong-khai-quyet-dinh-so-3904-qd-ubnd-ngay-21-9-2026-cua-ubnd-thanh-pho-hai-phong-ve-viec-cong-bo-969347,https://cdn.haiphong.gov.vn/gov-hpg/6833/tintuc/2026/9/qd-3904-tp-bai-bo-giam-dinh639256935655766164.pdf,4b23c8ee05c5f63f5d5b337f3b6311225fc83ab7ed8912830389aca497c1a81b,"ngày 19/5/2026 của Chính phủ quy định chi tiết một số điều và biện pháp thi hành Luật Giám định tư pháp 6. 2.000568 Thay đ ổi, b ổ sung lĩnh v ực giám đ ịnh c ủa văn phòng giám định tư pháp 20 ngày làm việc 18 ngày làm việc Trung tâm Phục vụ hành chính công thành ph ố và cấp xã Không quy định - Luật giám định tư pháp số 105/2025/QH15; - Nghị định số 177/2026/NĐ -CP"
2026-09-21,3904/QĐ-UBND,2.000823,Đăng ký ho ạt động văn phòng giám định tư pháp,GIÁM ĐỊNH TƯ PHÁP,modified,Sửa đổi/bổ sung,province,2026-09-21,current,https://namsach.haiphong.gov.vn/cong-khai-danh-muc-thu-tuc-hanh-chinh/cong-khai-quyet-dinh-so-3904-qd-ubnd-ngay-21-9-2026-cua-ubnd-thanh-pho-hai-phong-ve-viec-cong-bo-969347,https://cdn.haiphong.gov.vn/gov-hpg/6833/tintuc/2026/9/qd-3904-tp-bai-bo-giam-dinh639256935655766164.pdf,4b23c8ee05c5f63f5d5b337f3b6311225fc83ab7ed8912830389aca497c1a81b,1. 2.000890 Cấp phép thành lập văn phòng giám định tư pháp - Luật Giám định tư pháp số 105/2025/QH15; - Nghị định số 177/2026/NĐ-CP ngày 19/5/2026 của Chính phủ quy định chi tiết một số điều và biện pháp thi hành Luật Giám định tư pháp. 2. 2.000823 Đăng ký ho ạt động văn phòng giám định tư pháp
2026-09-21,3904/QĐ-UBND,2.000890,Cấp phép thành lập văn phòng giám định tư pháp,GIÁM ĐỊNH TƯ PHÁP,modified,Sửa đổi/bổ sung,province,2026-09-21,current,https://namsach.haiphong.gov.vn/cong-khai-danh-muc-thu-tuc-hanh-chinh/cong-khai-quyet-dinh-so-3904-qd-ubnd-ngay-21-9-2026-cua-ubnd-thanh-pho-hai-phong-ve-viec-cong-bo-969347,https://cdn.haiphong.gov.vn/gov-hpg/6833/tintuc/2026/9/qd-3904-tp-bai-bo-giam-dinh639256935655766164.pdf,4b23c8ee05c5f63f5d5b337f3b6311225fc83ab7ed8912830389aca497c1a81b,"III. THỦ TỤC HÀNH CHÍNH BỊ BÃI BỎ (02 TTHC) STT Mã TTHC Tên TTHC Tên VBQPPL là căn cứ sửa đổi, bổ sung THỦ TỤC HÀNH CHÍNH CẤP TỈNH 1. 2.000890 Cấp phép thành lập văn phòng giám định tư pháp - Luật Giám định tư pháp số 105/2025/QH15; - Nghị định số 177/2026/NĐ-CP ngày 19/5/2026 của Chính phủ quy định chi tiết một số điều và biện pháp thi hành Luật Giám định tư pháp. 2. 2.000823 Đăng ký ho ạt động văn phòng giám định tư pháp"
2026-09-21,3904/QĐ-UBND,2.000894,Miễn nhi ệm và thu hồi thẻ giám định viên tư pháp,GIÁM ĐỊNH TƯ PHÁP,modified,Sửa đổi/bổ sung,province,2026-09-21,current,https://namsach.haiphong.gov.vn/cong-khai-danh-muc-thu-tuc-hanh-chinh/cong-khai-quyet-dinh-so-3904-qd-ubnd-ngay-21-9-2026-cua-ubnd-thanh-pho-hai-phong-ve-viec-cong-bo-969347,https://cdn.haiphong.gov.vn/gov-hpg/6833/tintuc/2026/9/qd-3904-tp-bai-bo-giam-dinh639256935655766164.pdf,4b23c8ee05c5f63f5d5b337f3b6311225fc83ab7ed8912830389aca497c1a81b,"- Nghị quyết số 66.7/2025/NQ -CP quy định cắt giảm, đơn giản hóa thủ tục hành chính dựa trên dữ liệu. 2. 2.000894 Miễn nhi ệm và thu hồi thẻ giám định viên tư pháp 05 ngày làm việc 04 ngày làm việc Trung tâm Phục vụ hành chính công thành ph ố và cấp xã Không quy định - Luật Giám định tư pháp số 105/2025/QH15; - Nghị định số 177/2026/NĐ -CP ngày 19/5/2026 của Chính phủ quy"
2026-09-23,3957/QĐ-UBND,1.116556,Thủ tục cung cấp thông tin theo yêu cầu (dành cho cá nhân),TIẾP CẬN THÔNG TIN,new,Ban hành mới,,2026-09-23,current,https://sotp.haiphong.gov.vn/cong-khai-thu-tuc-hanh-chinh/quyet-dinh-so-3957-qd-ubnd-ngay-23-9-2026-ve-viec-cong-bo-danh-muc-thu-tuc-hanh-chinh-ban-hanh-m-972925,https://cdn.haiphong.gov.vn/gov-hpg/6298/tintuc/2026/9/qd-3957-ve-tiep-can-thong-tin639262157131271814.pdf,85a339d785b9ffc734b96b5108f67b3146afd34467a6bcb8b2195a008ae9467a,"Phí, lệ phí (nếu có) Căn cứ pháp lý Theo quy định Sau cắt giảm 1. 1.116556 Thủ tục cung cấp thông tin theo yêu c ầu (dành cho cá nhân) - - 03 ngày làm vi ệc kể từ ngày nhận được hồ sơ hợp lệ đối với thông tin đơn giản, có sẵn - 12 ngày kể từ ngày nhận được hồ sơ hợp lệ đối với thông tin phức tạp, không có sẵn (có thể thêm tối đa không quá 12 ngày) Không đề xuất cắt giảm Trung tâm Phục vụ hành chính"
2026-09-23,3957/QĐ-UBND,1.116557,"Thủ tục cung cấp thông tin theo yêu cầu (dành cho công dân thông qua tổ chức, đoàn thể, doanh nghiệp)",TIẾP CẬN THÔNG TIN,new,Ban hành mới,,2026-09-23,current,https://sotp.haiphong.gov.vn/cong-khai-thu-tuc-hanh-chinh/quyet-dinh-so-3957-qd-ubnd-ngay-23-9-2026-ve-viec-cong-bo-danh-muc-thu-tuc-hanh-chinh-ban-hanh-m-972925,https://cdn.haiphong.gov.vn/gov-hpg/6298/tintuc/2026/9/qd-3957-ve-tiep-can-thong-tin639262157131271814.pdf,85a339d785b9ffc734b96b5108f67b3146afd34467a6bcb8b2195a008ae9467a,"tin theo quy định tại khoản 2 Điều 25 Luật Tiếp cận thông tin số 01/2026/QH16. 2. 1.116557 Thủ tục cung cấp thông tin theo yêu cầu (dành cho công dân thông qua tổ chức, đoàn thể, doanh nghiệp) - - 03 ngày làm vi ệc kể từ ngày nhận được hồ sơ hợp lệ đối với thông tin đơn giản, có sẵn - 12 ngày kể từ ngày nhận được hồ sơ hợp lệ đối với thông tin phức tạp, không có sẵn (có thể thêm tối đa không quá 12 ngày) Không đề xuất cắt giảm"
2026-09-23,3958/QĐ-UBND,1.013896,Thông báo tiếp nhận hồ sơ công bố hợp quy dựa trên kết quả chứng nhận hợp quy của tổ chức ch ứng nh ận h ợp quy đư ợc ch ỉ định (bên thứ ba) đối với thuốc lá Thông tư số 51/2025/TTBYT ngày 31/12/2025 của Bộ trưởng Bộ Y tế,PHÒNG BỆNH,repealed,Bãi bỏ,province,2026-09-23,repealed,https://nhichieu.haiphong.gov.vn/tra-cuu-thu-tuc-hanh-chinh-90290/so-111-tb-vhxh-ngay-24-thang-9-nam-2026-thong-bao-quyet-dinh-so-3958-qd-ubnd-ve-viec-cong-bo-dan-971224,https://cdn.haiphong.gov.vn/gov-hpg/6843/tintuc/2026/9/tb-so-111-tthc-qd-so-3958-ngay-23.9-tthc.ldsigned639259321271092336.pdf,6bd5dc7093abaf1e278947b357b4fef379f79bca75001a553a2935919b84afdb,STT Mã TTHC Tên TTHC Tên văn bản quy phạm pháp luật quy định việc bãi bỏ TTHC THỦ TỤC HÀNH CHÍNH CẤP TỈNH LĨNH VỰC PHÒNG BỆNH 1 1.013896 Thông báo tiếp nhận hồ sơ công bố hợp quy dựa trên kết quả chứng nhận hợp quy của tổ chức ch ứng nh ận h ợp quy đư ợc ch ỉ định (bên thứ ba) đối với thuốc lá Thông tư số 51/2025/TTBYT ngày 31/12/2025 của Bộ trưởng Bộ Y tế; Thông tư số 14/2026/TTBKHCN ngày 09/4/2026 của Bộ trưởng Bộ Khoa học và Công nghệ 2 1.013898 Thông báo tiếp nhận hồ sơ công bố hợp quy dựa t
2026-09-23,3958/QĐ-UBND,1.013898,"Thông báo tiếp nhận hồ sơ công bố hợp quy dựa trên kết quả tự đánh giá của tổ chức, cá nhân sản xuất, kinh doanh thuốc lá (bên thứ nhất) Thông tư số 51/2025/TTBYT ngày 31/12/2025 của Bộ trưởng Bộ Y tế; Thông tư số 14/2026/TTBKHCN ngày 09/4/2026 của Bộ trưởng",PHÒNG BỆNH,repealed,Bãi bỏ,province,2026-09-23,repealed,https://nhichieu.haiphong.gov.vn/tra-cuu-thu-tuc-hanh-chinh-90290/so-111-tb-vhxh-ngay-24-thang-9-nam-2026-thong-bao-quyet-dinh-so-3958-qd-ubnd-ve-viec-cong-bo-dan-971224,https://cdn.haiphong.gov.vn/gov-hpg/6843/tintuc/2026/9/tb-so-111-tthc-qd-so-3958-ngay-23.9-tthc.ldsigned639259321271092336.pdf,6bd5dc7093abaf1e278947b357b4fef379f79bca75001a553a2935919b84afdb,"Y tế; Thông tư số 14/2026/TTBKHCN ngày 09/4/2026 của Bộ trưởng Bộ Khoa học và Công nghệ 2 1.013898 Thông báo tiếp nhận hồ sơ công bố hợp quy dựa trên kết quả tự đánh giá của tổ chức, cá nhân sản xuất, kinh doanh thuốc lá (bên thứ nhất) Thông tư số 51/2025/TTBYT ngày 31/12/2025 của Bộ trưởng Bộ Y tế; Thông tư số 14/2026/TTBKHCN ngày 09/4/2026 của Bộ trưởng Bộ Khoa học và Công nghệ"
2026-09-24,3965/QĐ-UBND,1.011675,Miễn nhiệm và thu hồi thẻ giám đ ịnh viên tư pháp xây dựng ở địa phương,GIÁM ĐỊNH TƯ PHÁP XÂY DỰNG,repealed,Bãi bỏ,,2026-09-24,not_in_current_master,https://namsach.haiphong.gov.vn/cong-khai-danh-muc-thu-tuc-hanh-chinh/cong-khai-quyet-dinh-so-3965-qd-ubnd-ngay-24-9-2026-cua-ubnd-thanh-pho-hai-phong-ve-viec-cong-bo-970697,https://cdn.haiphong.gov.vn/gov-hpg/6833/tintuc/2026/9/qd-3965-tp-giam-dinh639258642478050859.pdf,a5378b8dfaac14c2aea70783f452d28d2349992db25e087806307cea79ad1ec4,giám định tư pháp trong lĩnh vực chuyên môn thuộc thẩm quyền quản lý của Bộ Xây dựng. 2 1.011675 Miễn nhiệm và thu hồi thẻ giám đ ịnh viên tư pháp xây dựng ở địa phương
2026-09-24,3965/QĐ-UBND,2.001116,Bổ nhiệm và cấp thẻ giám định viên tư pháp xây dựng ở địa phương - Nghị định số 177/2026/NĐ-CP ngày 19/5/2026 của Chính phủ quy định chi ti ết một số điều và bi ện pháp thi hành Lu ật Giám định tư pháp. - Thông tư s ố 15/2026/TT-BXD ngày 29/4/2026 quy đ ịnh v ề,GIÁM ĐỊNH TƯ PHÁP XÂY DỰNG,repealed,Bãi bỏ,,2026-09-24,not_in_current_master,https://namsach.haiphong.gov.vn/cong-khai-danh-muc-thu-tuc-hanh-chinh/cong-khai-quyet-dinh-so-3965-qd-ubnd-ngay-24-9-2026-cua-ubnd-thanh-pho-hai-phong-ve-viec-cong-bo-970697,https://cdn.haiphong.gov.vn/gov-hpg/6833/tintuc/2026/9/qd-3965-tp-giam-dinh639258642478050859.pdf,a5378b8dfaac14c2aea70783f452d28d2349992db25e087806307cea79ad1ec4,Tên thủ tục hành chính Tên VB QPPL quy định bãi bỏ thủ tục hành chính Ghi chú 1 2.001116 Bổ nhiệm và cấp thẻ giám định viên tư pháp xây dựng ở địa phương - Nghị định số 177/2026/NĐ-CP ngày 19/5/2026 của Chính phủ quy định chi ti ết một số điều và bi ện pháp thi hành Lu ật Giám định tư pháp. - Thông tư s ố 15/2026/TT-BXD ngày 29/4/2026 quy đ ịnh v ề giám định tư pháp trong lĩnh vực chuyên môn thuộc thẩm quyền quản lý của Bộ Xây dựng. 2 1.011675 Miễn nhiệm và thu hồi thẻ giám đ ịnh viên tư pháp xâ
2026-09-24,3981/QĐ-UBND,1.012905,"Thủ tục thông báo nhà ở hình thành trong tương lai đ ủ điều kiện đư ợc bán, cho thuê mua",KINH DOANH BẤT ĐỘNG SẢN,modified,Sửa đổi/bổ sung,province,2026-09-24,current,https://giavien.haiphong.gov.vn/so-xay-dung-92283/quyet-dinh-so-3981-qd-ubnd-ngay-24-9-2026-ve-viec-cong-bo-danh-muc-thu-tuc-hanh-chinh-duoc-sua-d-975849,https://cdn.haiphong.gov.vn/gov-hpg/6798/tintuc/2026/10/quyet-dinh-2026-cong-bo-dmtthc-sua-doi-bo-sung-so-xay-dung-ttr346-qdbxd1649-..signed639264604045423969.pdf,7964314a13e058966e050f3828fc4d2871debdc8bb035f8e7fe0d85cb97d1d83,"định Sau khi cắt giảm 1 1.012905 Thủ tục thông báo nhà ở hình thành trong tương lai đ ủ điều kiện đư ợc bán, cho thuê mua 15 ngày 7,5 ngày - Trung tâm phục v ụ hành chính công thành phố - Trung tâm Phục v ụ hành chính công cấp xã Không quy định"
2026-09-28,4016/QĐ-UBND,1.003593,Cấp giấy xác nhận nguyên liệu thủy sản khai thác (theo yêu cầu),THỦY SẢN VÀ KIỂM NGƯ,modified,Sửa đổi/bổ sung,province,2026-09-28,current,https://sonnmt.haiphong.gov.vn/thu-tuc-hanh-chinh/quyet-dinh-so-4016-qd-ubnd-ngay-28-9-2026-cua-uy-ban-nhan-dan-thanh-pho-hai-phong-ve-viec-cong-b-972671,https://cdn.haiphong.gov.vn/gov-hpg/5892/tintuc/2026/9/qd-4016-ngay-28.9.2026-ubnd-hp-cong-bo-dm-tthc-sua-doi-bo-sung-lvuc-tskn639262055665128821.pdf,a6f7538234a56d954f5246453bf6d102662edc3a325ce081e8d2d57c9531dce9,"quyết Địa điểm thực hiện Phí, lệ phí Căn cứ pháp lý 1 1.003593 Cấp gi ấy xác nh ận nguyên li ệu th ủy s ản khai thác (theo yêu cầu)1 01 ngày làm việc kể từ ngày nhận đủ hồ sơ - Trung tâm Phục vụ hành chính công thành phố - Trung tâm Phục vụ hành chính công cấp xã Không quy định - Luật Thủy s ản s ố 18/2017/QH14 được s ửa đ ổi, bổ sung b ởi Lu ật s ố 146/2025/QH15."
2026-09-28,4016/QĐ-UBND,1.003666,"Cấp, cấp lại Giấy chứng nhận ngu ồn g ốc th ủy sản khai thác (theo yêu cầu)",THỦY SẢN VÀ KIỂM NGƯ,modified,Sửa đổi/bổ sung,province,2026-09-28,current,https://sonnmt.haiphong.gov.vn/thu-tuc-hanh-chinh/quyet-dinh-so-4016-qd-ubnd-ngay-28-9-2026-cua-uy-ban-nhan-dan-thanh-pho-hai-phong-ve-viec-cong-b-972671,https://cdn.haiphong.gov.vn/gov-hpg/5892/tintuc/2026/9/qd-4016-ngay-28.9.2026-ubnd-hp-cong-bo-dm-tthc-sua-doi-bo-sung-lvuc-tskn639262055665128821.pdf,a6f7538234a56d954f5246453bf6d102662edc3a325ce081e8d2d57c9531dce9,"quyết Địa điểm thực hiện Phí, lệ phí Căn cứ pháp lý 1 1.003666 Cấp, cấp lại Giấy chứng nhận ngu ồn g ốc th ủy sản khai thác (theo yêu cầu) 02 ngày làm việc kể từ ngày nhận đủ hồ sơ - Trung tâm Phục vụ hành chính công thành phố - Trung tâm Phục vụ hành chính công cấp xã Không quy định - Luật Thủy s ản s ố 18/2017/QH14 được s ửa đ ổi, bổ sung b ởi Lu ật s ố 146/2025/QH15;"
2026-10-01,4123/QĐ-UBND,2.001576,Công nh ận ti ến b ộ kỹ thuật,KHOA HỌC VÀ CÔNG NGHỆ,reduced,Có bằng chứng trong phụ lục về nội dung sau cắt giảm,province,2026-10-01,current,https://sonnmt.haiphong.gov.vn/thu-tuc-hanh-chinh/quyet-dinh-so-4123-qd-ubnd-ngay-01-10-2026-cua-uy-ban-nhan-dan-thanh-pho-hai-phong-ve-viec-cong--976579,https://cdn.haiphong.gov.vn/gov-hpg/5892/tintuc/2026/10/qd-4123-ngay-01.10.2026-ubnd-hp-cong-bo-dm-tthc-sua-doi-bo-sung-lvuc-khcn639265459707126878.pdf,606e9b9365476a363184508768e18aca58bb06c9bea147c2fdc99db442b4f45d,"Địa điểm thực hiện Phí, lệ phí Căn cứ pháp lý Theo quy định Sau cắt giảm 1 2.001576 Công nh ận ti ến b ộ kỹ thuật 20 ngày làm việc 11,5 ngày làm việc - Trung tâm Phục v ụ hành chính công thành phố - Trung tâm Phục v ụ hành chính công cấp xã Không quy định Thông tư s ố 38/2026/TT- BNNMT ngày 10 tháng 9 năm 2026 của B ộ trưởng"
